{
	"left_hip": [
		0.44006606936454773,
		0.6608899831771851,
		0.15787652134895325,
		0.9505899548530579
	],
	"left_knee": [
		0.5165122747421265,
		0.7693924903869629,
		0.18565677106380463,
		0.10807099938392639
	],
	"left_ankle": [
		0.4626520276069641,
		0.896894633769989,
		0.30452457070350647,
		0.22437651455402374
	],
	"right_hip": [
		0.4176747500896454,
		0.6619850993156433,
		-0.15805454552173615,
		0.9224868416786194
	],
	"right_knee": [
		0.49226200580596924,
		0.7824501395225525,
		-0.13815563917160034,
		0.6089550852775574
	],
	"right_ankle": [
		0.44776755571365356,
		0.9203460812568665,
		-0.0017291685799136758,
		0.6482210755348206
	],
	"left_shoulder": [
		0.4599161148071289,
		0.48177042603492737,
		0.07464472204446793,
		0.986585795879364
	],
	"left_elbow": [
		0.5749030709266663,
		0.5226866602897644,
		0.12923024594783783,
		0.09033369272947311
	],
	"left_wrist": [
		0.6961999535560608,
		0.5455299615859985,
		0.05464286729693413,
		0.14153113961219788
	],
	"right_shoulder": [
		0.47779381275177,
		0.48530012369155884,
		-0.43207746744155884,
		0.9946017265319824
	],
	"right_elbow": [
		0.6326680779457092,
		0.5252572894096375,
		-0.48742514848709106,
		0.9512320756912231
	],
	"right_wrist": [
		0.7915165424346924,
		0.5389770269393921,
		-0.4572497010231018,
		0.9160227179527283
	],
	"nose": [
		0.5493307113647461,
		0.44099506735801697,
		-0.19916151463985443,
		0.9269838333129883
	],
	"left_eye": [
		0.5398655533790588,
		0.42537179589271545,
		-0.1913163959980011,
		0.8711153268814087
	],
	"right_eye": [
		0.5366045236587524,
		0.42578572034835815,
		-0.2459908127784729,
		0.9006419777870178
	],
	"left_ear": [
		0.5077961683273315,
		0.42675691843032837,
		-0.09942921251058578,
		0.8052694797515869
	],
	"right_ear": [
		0.5086773633956909,
		0.42848795652389526,
		-0.3477798104286194,
		0.8749760985374451
	]
}