{
	"left_hip": [
		0.43186408281326294,
		0.6649162173271179,
		0.1599532961845398,
		0.954022228717804
	],
	"left_knee": [
		0.5251666307449341,
		0.767034113407135,
		0.24857285618782043,
		0.12199735641479492
	],
	"left_ankle": [
		0.4655528664588928,
		0.8956373929977417,
		0.4362657964229584,
		0.2417411059141159
	],
	"right_hip": [
		0.4091554284095764,
		0.6662166118621826,
		-0.1600712239742279,
		0.9278416633605957
	],
	"right_knee": [
		0.5012357831001282,
		0.7794719338417053,
		-0.0830560252070427,
		0.6399794220924377
	],
	"right_ankle": [
		0.450419545173645,
		0.9201704263687134,
		0.10495267808437347,
		0.6740899682044983
	],
	"left_shoulder": [
		0.4596405625343323,
		0.48557597398757935,
		0.07981666177511215,
		0.9872161746025085
	],
	"left_elbow": [
		0.5465203523635864,
		0.5169885754585266,
		0.19168327748775482,
		0.09057127684354782
	],
	"left_wrist": [
		0.6442285776138306,
		0.5408180952072144,
		0.1837957203388214,
		0.13424551486968994
	],
	"right_shoulder": [
		0.48344501852989197,
		0.4910019338130951,
		-0.43407633900642395,
		0.9949223399162292
	],
	"right_elbow": [
		0.6466767191886902,
		0.5261613130569458,
		-0.4990297853946686,
		0.954511821269989
	],
	"right_wrist": [
		0.7995010614395142,
		0.5381251573562622,
		-0.44286784529685974,
		0.9192904829978943
	],
	"nose": [
		0.5513646602630615,
		0.4451810419559479,
		-0.19874714314937592,
		0.9335935711860657
	],
	"left_eye": [
		0.541373074054718,
		0.42963844537734985,
		-0.1899680197238922,
		0.883152186870575
	],
	"right_eye": [
		0.5379584431648254,
		0.4301176071166992,
		-0.24557678401470184,
		0.9098526835441589
	],
	"left_ear": [
		0.5083164572715759,
		0.43155020475387573,
		-0.10015503317117691,
		0.8239923119544983
	],
	"right_ear": [
		0.5091867446899414,
		0.4334075450897217,
		-0.3485392928123474,
		0.8866050839424133
	]
}