{
	"left_hip": [
		0.4302911162376404,
		0.6697179675102234,
		0.15940658748149872,
		0.9542992115020752
	],
	"left_knee": [
		0.5338671803474426,
		0.7664744853973389,
		0.21479755640029907,
		0.13139155507087708
	],
	"left_ankle": [
		0.4699861407279968,
		0.8930414319038391,
		0.40786388516426086,
		0.24619735777378082
	],
	"right_hip": [
		0.40056177973747253,
		0.6711745262145996,
		-0.15947772562503815,
		0.9302746653556824
	],
	"right_knee": [
		0.5091113448143005,
		0.779471755027771,
		-0.08888205140829086,
		0.666495680809021
	],
	"right_ankle": [
		0.45248255133628845,
		0.920866847038269,
		0.09538255631923676,
		0.6944323182106018
	],
	"left_shoulder": [
		0.4731726050376892,
		0.4995805323123932,
		-0.026757333427667618,
		0.986204206943512
	],
	"left_elbow": [
		0.6053572297096252,
		0.5210028886795044,
		0.014136523008346558,
		0.10179403424263
	],
	"left_wrist": [
		0.7684003114700317,
		0.5425917506217957,
		-0.0919390469789505,
		0.1393156349658966
	],
	"right_shoulder": [
		0.48298394680023193,
		0.4975794851779938,
		-0.5307914018630981,
		0.9942493438720703
	],
	"right_elbow": [
		0.6484043598175049,
		0.5272840857505798,
		-0.6138148903846741,
		0.954461932182312
	],
	"right_wrist": [
		0.802039384841919,
		0.5403627157211304,
		-0.5936872959136963,
		0.9182971715927124
	],
	"nose": [
		0.5533984303474426,
		0.4471958577632904,
		-0.30081138014793396,
		0.939257800579071
	],
	"left_eye": [
		0.5420759916305542,
		0.43200650811195374,
		-0.29322922229766846,
		0.8935179710388184
	],
	"right_eye": [
		0.5382658839225769,
		0.4329226016998291,
		-0.34880807995796204,
		0.9175392389297485
	],
	"left_ear": [
		0.5095611810684204,
		0.4357251226902008,
		-0.20102821290493011,
		0.8406165838241577
	],
	"right_ear": [
		0.5091739892959595,
		0.4383082389831543,
		-0.45111706852912903,
		0.8958193063735962
	]
}