{
	"left_hip": [
		0.41985732316970825,
		0.6738346815109253,
		0.1619880348443985,
		0.9564672112464905
	],
	"left_knee": [
		0.536098837852478,
		0.7657009363174438,
		0.2152262032032013,
		0.14580245316028595
	],
	"left_ankle": [
		0.4764799475669861,
		0.8897441029548645,
		0.4082704186439514,
		0.25953495502471924
	],
	"right_hip": [
		0.39278173446655273,
		0.6762446761131287,
		-0.1619824320077896,
		0.9350388050079346
	],
	"right_knee": [
		0.5138674974441528,
		0.7794352769851685,
		-0.08970813453197479,
		0.6951841711997986
	],
	"right_ankle": [
		0.45539242029190063,
		0.9213048815727234,
		0.09009858965873718,
		0.717821478843689
	],
	"left_shoulder": [
		0.47166651487350464,
		0.500315248966217,
		0.008031828328967094,
		0.9860872626304626
	],
	"left_elbow": [
		0.5596393942832947,
		0.5224133729934692,
		0.08459164947271347,
		0.10140163451433182
	],
	"left_wrist": [
		0.6596287488937378,
		0.5449571013450623,
		0.0077129234559834,
		0.13151335716247559
	],
	"right_shoulder": [
		0.4853893518447876,
		0.5028889179229736,
		-0.5086506605148315,
		0.9944947361946106
	],
	"right_elbow": [
		0.6512995958328247,
		0.5290588736534119,
		-0.5867587924003601,
		0.9574649930000305
	],
	"right_wrist": [
		0.8054133653640747,
		0.5392922163009644,
		-0.5608559846878052,
		0.921385645866394
	],
	"nose": [
		0.5537886023521423,
		0.45340365171432495,
		-0.26762810349464417,
		0.9447529315948486
	],
	"left_eye": [
		0.5424767732620239,
		0.4380558133125305,
		-0.26098009943962097,
		0.9035438895225525
	],
	"right_eye": [
		0.5388140082359314,
		0.4389868676662445,
		-0.3171127736568451,
		0.9251816272735596
	],
	"left_ear": [
		0.5115095376968384,
		0.4419039785861969,
		-0.1732933223247528,
		0.8561248183250427
	],
	"right_ear": [
		0.5102527737617493,
		0.44427189230918884,
		-0.4251655042171478,
		0.905397355556488
	]
}