{
	"left_hip": [
		0.3883937895298004,
		0.7239419221878052,
		0.17879585921764374,
		0.9834306240081787
	],
	"left_knee": [
		0.5629599690437317,
		0.7654580473899841,
		0.2422942966222763,
		0.2952028512954712
	],
	"left_ankle": [
		0.49582454562187195,
		0.8824073076248169,
		0.36239948868751526,
		0.3020232319831848
	],
	"right_hip": [
		0.3571329712867737,
		0.7470827102661133,
		-0.17858999967575073,
		0.981324315071106
	],
	"right_knee": [
		0.5457094311714172,
		0.7931254506111145,
		-0.2196619063615799,
		0.9106906652450562
	],
	"right_ankle": [
		0.48005402088165283,
		0.9213173985481262,
		-0.025950679555535316,
		0.8740459680557251
	],
	"left_shoulder": [
		0.4904581606388092,
		0.5746852159500122,
		0.1137632504105568,
		0.9877490401268005
	],
	"left_elbow": [
		0.634134829044342,
		0.5922592878341675,
		0.19755002856254578,
		0.20779447257518768
	],
	"left_wrist": [
		0.7478621006011963,
		0.5988977551460266,
		0.1347145140171051,
		0.2341803014278412
	],
	"right_shoulder": [
		0.5195749998092651,
		0.5885042548179626,
		-0.4101668894290924,
		0.9962999224662781
	],
	"right_elbow": [
		0.6651401519775391,
		0.5970159769058228,
		-0.5148869156837463,
		0.983364462852478
	],
	"right_wrist": [
		0.8134576678276062,
		0.5918572545051575,
		-0.47266900539398193,
		0.9632461071014404
	],
	"nose": [
		0.5593143105506897,
		0.5348047018051147,
		-0.16033004224300385,
		0.9874987006187439
	],
	"left_eye": [
		0.5475390553474426,
		0.5200995802879333,
		-0.1428249180316925,
		0.9791477918624878
	],
	"right_eye": [
		0.543904721736908,
		0.5216141939163208,
		-0.20202817022800446,
		0.9835363626480103
	],
	"left_ear": [
		0.5224462151527405,
		0.5261319875717163,
		-0.038732219487428665,
		0.9698639512062073
	],
	"right_ear": [
		0.5209066271781921,
		0.5289527773857117,
		-0.30565088987350464,
		0.9791404604911804
	]
}