{
	"left_hip": [
		0.404269814491272,
		0.69976806640625,
		0.17993389070034027,
		0.996484637260437
	],
	"left_knee": [
		0.5560605525970459,
		0.7629082798957825,
		0.3097216784954071,
		0.33162975311279297
	],
	"left_ankle": [
		0.49781763553619385,
		0.8707915544509888,
		0.49461808800697327,
		0.31510797142982483
	],
	"right_hip": [
		0.37933164834976196,
		0.7151857614517212,
		-0.1797351837158203,
		0.9975544810295105
	],
	"right_knee": [
		0.5517619252204895,
		0.7840608358383179,
		-0.20359812676906586,
		0.974093496799469
	],
	"right_ankle": [
		0.48148107528686523,
		0.9148045778274536,
		-0.07230125367641449,
		0.9267075061798096
	],
	"left_shoulder": [
		0.5036022663116455,
		0.5410184264183044,
		0.02496473677456379,
		0.9899813532829285
	],
	"left_elbow": [
		0.6542969346046448,
		0.552428662776947,
		0.08154730498790741,
		0.3203107416629791
	],
	"left_wrist": [
		0.7933250665664673,
		0.5555309653282166,
		-0.02996845729649067,
		0.4341305196285248
	],
	"right_shoulder": [
		0.5177015662193298,
		0.5486565828323364,
		-0.47460439801216125,
		0.9972105026245117
	],
	"right_elbow": [
		0.66640305519104,
		0.5555646419525146,
		-0.573716938495636,
		0.9814094305038452
	],
	"right_wrist": [
		0.8063091039657593,
		0.5531911253929138,
		-0.5363529920578003,
		0.9568957090377808
	],
	"nose": [
		0.5432787537574768,
		0.4946901202201843,
		-0.23169931769371033,
		0.9975664019584656
	],
	"left_eye": [
		0.5286122560501099,
		0.4804072976112366,
		-0.22378665208816528,
		0.9972526431083679
	],
	"right_eye": [
		0.5287294387817383,
		0.4816821217536926,
		-0.2740451991558075,
		0.9975340962409973
	],
	"left_ear": [
		0.5053234696388245,
		0.4862995147705078,
		-0.14581339061260223,
		0.9972258806228638
	],
	"right_ear": [
		0.5085309147834778,
		0.48755842447280884,
		-0.3745538294315338,
		0.996826708316803
	]
}