{
	"left_hip": [
		0.41239315271377563,
		0.6933194994926453,
		0.17417199909687042,
		0.9957290291786194
	],
	"left_knee": [
		0.556743860244751,
		0.7639720439910889,
		0.20451384782791138,
		0.35709115862846375
	],
	"left_ankle": [
		0.496553510427475,
		0.8710096478462219,
		0.33159592747688293,
		0.3423129916191101
	],
	"right_hip": [
		0.38296735286712646,
		0.7048507928848267,
		-0.17387601733207703,
		0.997003972530365
	],
	"right_knee": [
		0.5460015535354614,
		0.7821916341781616,
		-0.19980767369270325,
		0.9757746458053589
	],
	"right_ankle": [
		0.47987085580825806,
		0.9133068919181824,
		-0.05756494775414467,
		0.9312777519226074
	],
	"left_shoulder": [
		0.509537935256958,
		0.5331734418869019,
		-0.0014059129171073437,
		0.9878234267234802
	],
	"left_elbow": [
		0.6540933847427368,
		0.5413403511047363,
		0.05540214851498604,
		0.31871840357780457
	],
	"left_wrist": [
		0.7932188510894775,
		0.5451801419258118,
		-0.0534498430788517,
		0.4244353473186493
	],
	"right_shoulder": [
		0.5124186277389526,
		0.5370419025421143,
		-0.48751914501190186,
		0.9965664148330688
	],
	"right_elbow": [
		0.6623256206512451,
		0.5425791144371033,
		-0.5954698920249939,
		0.9816374778747559
	],
	"right_wrist": [
		0.8015205264091492,
		0.5414940118789673,
		-0.5634488463401794,
		0.9539685845375061
	],
	"nose": [
		0.543366014957428,
		0.4838694930076599,
		-0.2646302878856659,
		0.9974064826965332
	],
	"left_eye": [
		0.5285628437995911,
		0.46907681226730347,
		-0.2526808977127075,
		0.9971374869346619
	],
	"right_eye": [
		0.5278939008712769,
		0.4704030454158783,
		-0.3035437762737274,
		0.9974022507667542
	],
	"left_ear": [
		0.504857063293457,
		0.47559380531311035,
		-0.1631987988948822,
		0.9972840547561646
	],
	"right_ear": [
		0.5060762166976929,
		0.4768637716770172,
		-0.39394789934158325,
		0.9965499043464661
	]
}