{
	"left_hip": [
		0.4515867233276367,
		0.6525284051895142,
		0.1593221127986908,
		0.987217128276825
	],
	"left_knee": [
		0.5196223855018616,
		0.7679209113121033,
		0.10936805605888367,
		0.3581188917160034
	],
	"left_ankle": [
		0.4721379280090332,
		0.8978226780891418,
		0.1902826428413391,
		0.35919609665870667
	],
	"right_hip": [
		0.4215758740901947,
		0.6513608694076538,
		-0.15920209884643555,
		0.9893169403076172
	],
	"right_knee": [
		0.48935210704803467,
		0.7733362317085266,
		-0.20767511427402496,
		0.9620285034179688
	],
	"right_ankle": [
		0.44914352893829346,
		0.9222084879875183,
		-0.14504800736904144,
		0.9182382822036743
	],
	"left_shoulder": [
		0.486040323972702,
		0.48052892088890076,
		0.04478411749005318,
		0.9811627864837646
	],
	"left_elbow": [
		0.5700051188468933,
		0.49486231803894043,
		0.09390880167484283,
		0.23730039596557617
	],
	"left_wrist": [
		0.7199039459228516,
		0.49070054292678833,
		-0.03929794952273369,
		0.29915401339530945
	],
	"right_shoulder": [
		0.4741798937320709,
		0.4672725796699524,
		-0.45622146129608154,
		0.9951854348182678
	],
	"right_elbow": [
		0.6268603801727295,
		0.4839361310005188,
		-0.5877214670181274,
		0.9840125441551208
	],
	"right_wrist": [
		0.7785083055496216,
		0.4801352024078369,
		-0.5862340331077576,
		0.9378262758255005
	],
	"nose": [
		0.5299189686775208,
		0.42468300461769104,
		-0.2550121247768402,
		0.996347188949585
	],
	"left_eye": [
		0.5175645351409912,
		0.40916913747787476,
		-0.23889388144016266,
		0.9955031871795654
	],
	"right_eye": [
		0.5139787197113037,
		0.4094390273094177,
		-0.2923356294631958,
		0.9962614178657532
	],
	"left_ear": [
		0.4911544919013977,
		0.41323965787887573,
		-0.12255097180604935,
		0.9965540766716003
	],
	"right_ear": [
		0.48786890506744385,
		0.4138554632663727,
		-0.36562272906303406,
		0.9950448870658875
	]
}