{
	"left_hip": [
		0.46933713555336,
		0.6474481225013733,
		0.14941377937793732,
		0.9777734875679016
	],
	"left_knee": [
		0.4828987419605255,
		0.7728565335273743,
		0.19933022558689117,
		0.24646703898906708
	],
	"left_ankle": [
		0.45667383074760437,
		0.9088031649589539,
		0.33658963441848755,
		0.27471789717674255
	],
	"right_hip": [
		0.4438536465167999,
		0.6465840339660645,
		-0.14953359961509705,
		0.9766695499420166
	],
	"right_knee": [
		0.4623890221118927,
		0.7796210050582886,
		-0.1069398745894432,
		0.8736288547515869
	],
	"right_ankle": [
		0.4409273564815521,
		0.9283927083015442,
		0.020414741709828377,
		0.833152711391449
	],
	"left_shoulder": [
		0.46603670716285706,
		0.4653760492801666,
		0.012064327485859394,
		0.9808635115623474
	],
	"left_elbow": [
		0.6071041226387024,
		0.4896266460418701,
		0.08216529339551926,
		0.1885034143924713
	],
	"left_wrist": [
		0.7464795708656311,
		0.47908681631088257,
		-0.01221081055700779,
		0.24730104207992554
	],
	"right_shoulder": [
		0.4614519774913788,
		0.45991960167884827,
		-0.47922080755233765,
		0.9946894645690918
	],
	"right_elbow": [
		0.6193046569824219,
		0.4778843820095062,
		-0.5949388742446899,
		0.9702869653701782
	],
	"right_wrist": [
		0.7669651508331299,
		0.4732268452644348,
		-0.582615315914154,
		0.9058156609535217
	],
	"nose": [
		0.5182926058769226,
		0.41868266463279724,
		-0.27261215448379517,
		0.9940594434738159
	],
	"left_eye": [
		0.508054792881012,
		0.40356263518333435,
		-0.2623414099216461,
		0.9901949167251587
	],
	"right_eye": [
		0.5033139586448669,
		0.4037684500217438,
		-0.31506261229515076,
		0.9924664497375488
	],
	"left_ear": [
		0.4825870096683502,
		0.40520983934402466,
		-0.15657059848308563,
		0.9894405603408813
	],
	"right_ear": [
		0.4788147211074829,
		0.4061315953731537,
		-0.3969481587409973,
		0.9912342429161072
	]
}