{
	"left_hip": [
		0.47348448634147644,
		0.6442683339118958,
		0.14853590726852417,
		0.9617345929145813
	],
	"left_knee": [
		0.47053828835487366,
		0.7757762670516968,
		0.19921374320983887,
		0.2142055332660675
	],
	"left_ankle": [
		0.45291051268577576,
		0.9090962409973145,
		0.33830779790878296,
		0.25087249279022217
	],
	"right_hip": [
		0.4489552080631256,
		0.6436624526977539,
		-0.1486373245716095,
		0.9569209814071655
	],
	"right_knee": [
		0.4516458213329315,
		0.7803683876991272,
		-0.13343937695026398,
		0.8183352947235107
	],
	"right_ankle": [
		0.43716683983802795,
		0.9276607632637024,
		-0.0139198312535882,
		0.7848290801048279
	],
	"left_shoulder": [
		0.4667823612689972,
		0.4648509919643402,
		0.08212419599294662,
		0.9767720103263855
	],
	"left_elbow": [
		0.5998111963272095,
		0.4894530773162842,
		0.14393624663352966,
		0.16969577968120575
	],
	"left_wrist": [
		0.7419090270996094,
		0.4817582964897156,
		0.04777168110013008,
		0.22339414060115814
	],
	"right_shoulder": [
		0.45616987347602844,
		0.4575887620449066,
		-0.4051291346549988,
		0.9932242035865784
	],
	"right_elbow": [
		0.6125440001487732,
		0.4782866835594177,
		-0.5158458948135376,
		0.9600917100906372
	],
	"right_wrist": [
		0.7639086246490479,
		0.475283145904541,
		-0.5037177801132202,
		0.8823283314704895
	],
	"nose": [
		0.5156564712524414,
		0.41778454184532166,
		-0.19357657432556152,
		0.9881777763366699
	],
	"left_eye": [
		0.5049878358840942,
		0.4026713967323303,
		-0.1828588992357254,
		0.977604866027832
	],
	"right_eye": [
		0.49970686435699463,
		0.40288129448890686,
		-0.23537574708461761,
		0.9841774702072144
	],
	"left_ear": [
		0.47929733991622925,
		0.4041576385498047,
		-0.07747997343540192,
		0.9718072414398193
	],
	"right_ear": [
		0.4739299714565277,
		0.4053677022457123,
		-0.3186793029308319,
		0.9826380014419556
	]
}