{
	"left_hip": [
		0.4774240255355835,
		0.6464256048202515,
		0.1423153430223465,
		0.9200224876403809
	],
	"left_knee": [
		0.45944079756736755,
		0.7796100378036499,
		0.21023215353488922,
		0.14120039343833923
	],
	"left_ankle": [
		0.4549976885318756,
		0.9030920267105103,
		0.34553053975105286,
		0.19839005172252655
	],
	"right_hip": [
		0.44389528036117554,
		0.6454030275344849,
		-0.14244583249092102,
		0.8975018858909607
	],
	"right_knee": [
		0.4393603503704071,
		0.7826985120773315,
		-0.10770872235298157,
		0.6001760959625244
	],
	"right_ankle": [
		0.4317122995853424,
		0.9199333190917969,
		0.05563877150416374,
		0.588419497013092
	],
	"left_shoulder": [
		0.4454193711280823,
		0.46552881598472595,
		0.12896402180194855,
		0.9732012152671814
	],
	"left_elbow": [
		0.5149100422859192,
		0.49613437056541443,
		0.20779606699943542,
		0.12270845472812653
	],
	"left_wrist": [
		0.6323878765106201,
		0.5021177530288696,
		0.1804227977991104,
		0.1618134081363678
	],
	"right_shoulder": [
		0.43682608008384705,
		0.46016550064086914,
		-0.3420603573322296,
		0.9915825724601746
	],
	"right_elbow": [
		0.600483775138855,
		0.4821762442588806,
		-0.4320777356624603,
		0.9468032121658325
	],
	"right_wrist": [
		0.7561419606208801,
		0.47947582602500916,
		-0.40635791420936584,
		0.8437833189964294
	],
	"nose": [
		0.5098470449447632,
		0.41684213280677795,
		-0.12017575651407242,
		0.9651575684547424
	],
	"left_eye": [
		0.501224160194397,
		0.40287256240844727,
		-0.10989072173833847,
		0.9371311664581299
	],
	"right_eye": [
		0.4952743947505951,
		0.4031960070133209,
		-0.1607731133699417,
		0.95486980676651
	],
	"left_ear": [
		0.4762726128101349,
		0.4048892855644226,
		-0.017008118331432343,
		0.9139446020126343
	],
	"right_ear": [
		0.46724358201026917,
		0.40624165534973145,
		-0.24929164350032806,
		0.9522668719291687
	]
}