{
	"left_hip": [
		0.47449827194213867,
		0.6423407196998596,
		0.14977236092090607,
		0.9141345620155334
	],
	"left_knee": [
		0.4615681767463684,
		0.7723261117935181,
		0.22663059830665588,
		0.11731716245412827
	],
	"left_ankle": [
		0.46102651953697205,
		0.8982184529304504,
		0.3807410001754761,
		0.21314486861228943
	],
	"right_hip": [
		0.43109747767448425,
		0.642279863357544,
		-0.1500253528356552,
		0.8867778182029724
	],
	"right_knee": [
		0.4380725026130676,
		0.7754828333854675,
		-0.11064483225345612,
		0.5650283098220825
	],
	"right_ankle": [
		0.4398725628852844,
		0.9149487614631653,
		0.05488308146595955,
		0.5973168015480042
	],
	"left_shoulder": [
		0.4447524845600128,
		0.46691495180130005,
		0.03350716829299927,
		0.9732632637023926
	],
	"left_elbow": [
		0.528203010559082,
		0.5006008744239807,
		0.12160038948059082,
		0.10032293200492859
	],
	"left_wrist": [
		0.6344611048698425,
		0.5102539658546448,
		0.06907764822244644,
		0.12430563569068909
	],
	"right_shoulder": [
		0.42935851216316223,
		0.4592934250831604,
		-0.45004329085350037,
		0.9913078546524048
	],
	"right_elbow": [
		0.595417320728302,
		0.48272210359573364,
		-0.5548728704452515,
		0.9408252239227295
	],
	"right_wrist": [
		0.7541138529777527,
		0.481334924697876,
		-0.5546548962593079,
		0.8210139870643616
	],
	"nose": [
		0.5073169469833374,
		0.4176211357116699,
		-0.2513204514980316,
		0.9502202272415161
	],
	"left_eye": [
		0.49914413690567017,
		0.40358251333236694,
		-0.2420327067375183,
		0.9139721989631653
	],
	"right_eye": [
		0.49312517046928406,
		0.4039573669433594,
		-0.29389265179634094,
		0.937452495098114
	],
	"left_ear": [
		0.473136305809021,
		0.40535861253738403,
		-0.1372901350259781,
		0.8770447373390198
	],
	"right_ear": [
		0.46484699845314026,
		0.40676313638687134,
		-0.3750412166118622,
		0.9302683472633362
	]
}