{
	"left_hip": [
		0.4665497839450836,
		0.6423942446708679,
		0.157215878367424,
		0.9163984656333923
	],
	"left_knee": [
		0.47954055666923523,
		0.7697578072547913,
		0.24442532658576965,
		0.12662485241889954
	],
	"left_ankle": [
		0.4643261134624481,
		0.8957581520080566,
		0.41541099548339844,
		0.2421029657125473
	],
	"right_hip": [
		0.4216945469379425,
		0.6425971388816833,
		-0.15749508142471313,
		0.8934175968170166
	],
	"right_knee": [
		0.4486827552318573,
		0.7747328281402588,
		-0.14160598814487457,
		0.6142398118972778
	],
	"right_ankle": [
		0.44037896394729614,
		0.9140933156013489,
		0.006859155837446451,
		0.654198408126831
	],
	"left_shoulder": [
		0.44847092032432556,
		0.4678940176963806,
		0.02539079263806343,
		0.9725393056869507
	],
	"left_elbow": [
		0.5269644260406494,
		0.49866145849227905,
		0.1113457903265953,
		0.0994943156838417
	],
	"left_wrist": [
		0.6280645132064819,
		0.5042652487754822,
		0.05327050760388374,
		0.11752349883317947
	],
	"right_shoulder": [
		0.4283190071582794,
		0.45943641662597656,
		-0.47699037194252014,
		0.9913528561592102
	],
	"right_elbow": [
		0.5942354202270508,
		0.4827651381492615,
		-0.6082455515861511,
		0.9440819621086121
	],
	"right_wrist": [
		0.7505505084991455,
		0.4815432131290436,
		-0.636189341545105,
		0.8172580599784851
	],
	"nose": [
		0.5067993402481079,
		0.41740092635154724,
		-0.2713371515274048,
		0.9490731954574585
	],
	"left_eye": [
		0.4986589252948761,
		0.4034431576728821,
		-0.2619726061820984,
		0.9109081029891968
	],
	"right_eye": [
		0.4922465682029724,
		0.4038873314857483,
		-0.3147379159927368,
		0.9371127486228943
	],
	"left_ear": [
		0.4728098213672638,
		0.4053606390953064,
		-0.15415127575397491,
		0.8711199164390564
	],
	"right_ear": [
		0.4642483592033386,
		0.40680965781211853,
		-0.3952767550945282,
		0.9276090264320374
	]
}