{
	"left_hip": [
		0.45780715346336365,
		0.6453243494033813,
		0.16501304507255554,
		0.9218226671218872
	],
	"left_knee": [
		0.49431461095809937,
		0.7693858742713928,
		0.2409946620464325,
		0.14269603788852692
	],
	"left_ankle": [
		0.46435436606407166,
		0.894391655921936,
		0.4085507094860077,
		0.2739741802215576
	],
	"right_hip": [
		0.4195055663585663,
		0.6456664800643921,
		-0.16523167490959167,
		0.9002381563186646
	],
	"right_knee": [
		0.4608381688594818,
		0.7759941220283508,
		-0.10862622410058975,
		0.6584782600402832
	],
	"right_ankle": [
		0.4392562806606293,
		0.9156234860420227,
		0.05726969242095947,
		0.6993153691291809
	],
	"left_shoulder": [
		0.4441278576850891,
		0.46565723419189453,
		0.12184635549783707,
		0.9724187254905701
	],
	"left_elbow": [
		0.4838249385356903,
		0.4904705584049225,
		0.2911657989025116,
		0.0949174240231514
	],
	"left_wrist": [
		0.5651537775993347,
		0.5004289746284485,
		0.3593285381793976,
		0.10777580738067627
	],
	"right_shoulder": [
		0.4347470700740814,
		0.46019548177719116,
		-0.423031210899353,
		0.9917981028556824
	],
	"right_elbow": [
		0.5984708666801453,
		0.4866364002227783,
		-0.5062075257301331,
		0.9493660926818848
	],
	"right_wrist": [
		0.7543875575065613,
		0.4825822710990906,
		-0.4515922963619232,
		0.8296023011207581
	],
	"nose": [
		0.5079677104949951,
		0.4173411428928375,
		-0.17190198600292206,
		0.9519733190536499
	],
	"left_eye": [
		0.49903687834739685,
		0.4033202528953552,
		-0.16108465194702148,
		0.9159218072891235
	],
	"right_eye": [
		0.49327895045280457,
		0.4039883613586426,
		-0.21650482714176178,
		0.9416100978851318
	],
	"left_ear": [
		0.4728410542011261,
		0.4057392179965973,
		-0.06525544822216034,
		0.8793686032295227
	],
	"right_ear": [
		0.4657829701900482,
		0.40744549036026,
		-0.3137314021587372,
		0.9321244955062866
	]
}