{
	"left_hip": [
		0.4381987750530243,
		0.6611000895500183,
		0.16338446736335754,
		0.9407691955566406
	],
	"left_knee": [
		0.526801347732544,
		0.7674611210823059,
		0.21270301938056946,
		0.1779627799987793
	],
	"left_ankle": [
		0.4678247272968292,
		0.8966600298881531,
		0.38244324922561646,
		0.30689308047294617
	],
	"right_hip": [
		0.4015783369541168,
		0.6612748503684998,
		-0.1636044681072235,
		0.9238043427467346
	],
	"right_knee": [
		0.49530643224716187,
		0.7805424332618713,
		-0.09129106998443604,
		0.7513359785079956
	],
	"right_ankle": [
		0.44077637791633606,
		0.9226623773574829,
		0.07595756649971008,
		0.7686091065406799
	],
	"left_shoulder": [
		0.44498130679130554,
		0.4876892566680908,
		0.023556124418973923,
		0.9777026176452637
	],
	"left_elbow": [
		0.5076852440834045,
		0.5060904622077942,
		0.14288800954818726,
		0.0920635312795639
	],
	"left_wrist": [
		0.6007391810417175,
		0.5205250978469849,
		0.11459208279848099,
		0.08845502883195877
	],
	"right_shoulder": [
		0.47034117579460144,
		0.4809744358062744,
		-0.4899769723415375,
		0.9940177202224731
	],
	"right_elbow": [
		0.6199188232421875,
		0.501691460609436,
		-0.5790470242500305,
		0.9657736420631409
	],
	"right_wrist": [
		0.7701353430747986,
		0.4992731511592865,
		-0.5692715048789978,
		0.8774116039276123
	],
	"nose": [
		0.5172787308692932,
		0.435894638299942,
		-0.26017826795578003,
		0.9671352505683899
	],
	"left_eye": [
		0.5063825845718384,
		0.4217870235443115,
		-0.252714604139328,
		0.9435579180717468
	],
	"right_eye": [
		0.5017222762107849,
		0.42336511611938477,
		-0.307782381772995,
		0.961061954498291
	],
	"left_ear": [
		0.47855982184410095,
		0.42550402879714966,
		-0.1566506326198578,
		0.9224660992622375
	],
	"right_ear": [
		0.4752405881881714,
		0.4281739294528961,
		-0.40468740463256836,
		0.9548049569129944
	]
}