{
	"left_hip": [
		0.43094417452812195,
		0.6706017255783081,
		0.16301606595516205,
		0.9477059841156006
	],
	"left_knee": [
		0.5338606238365173,
		0.7670302987098694,
		0.17205029726028442,
		0.19173945486545563
	],
	"left_ankle": [
		0.4688853323459625,
		0.8971731066703796,
		0.3102039694786072,
		0.31579282879829407
	],
	"right_hip": [
		0.3903264105319977,
		0.6707938313484192,
		-0.16310732066631317,
		0.9329929351806641
	],
	"right_knee": [
		0.504413902759552,
		0.7816406488418579,
		-0.11935067921876907,
		0.7846021056175232
	],
	"right_ankle": [
		0.4434201419353485,
		0.9239246249198914,
		0.016799381002783775,
		0.7934368252754211
	],
	"left_shoulder": [
		0.4598366320133209,
		0.5002512335777283,
		-0.02953959070146084,
		0.979127049446106
	],
	"left_elbow": [
		0.57680743932724,
		0.5108472108840942,
		0.014458194375038147,
		0.10779314488172531
	],
	"left_wrist": [
		0.7455630898475647,
		0.5225098729133606,
		-0.09349703788757324,
		0.09580565989017487
	],
	"right_shoulder": [
		0.46411216259002686,
		0.4933212697505951,
		-0.5270488262176514,
		0.9940419793128967
	],
	"right_elbow": [
		0.6227731108665466,
		0.5110495090484619,
		-0.6275402307510376,
		0.967831015586853
	],
	"right_wrist": [
		0.7756847739219666,
		0.5070301294326782,
		-0.6224781274795532,
		0.886580228805542
	],
	"nose": [
		0.5211122035980225,
		0.44603532552719116,
		-0.30586403608322144,
		0.9723901748657227
	],
	"left_eye": [
		0.5107806324958801,
		0.43175870180130005,
		-0.29732635617256165,
		0.9529184103012085
	],
	"right_eye": [
		0.506526529788971,
		0.43321847915649414,
		-0.35245370864868164,
		0.9672297835350037
	],
	"left_ear": [
		0.48369067907333374,
		0.43539494276046753,
		-0.1988869458436966,
		0.9362333416938782
	],
	"right_ear": [
		0.4807453155517578,
		0.43785032629966736,
		-0.4475845396518707,
		0.9617422819137573
	]
}