{
	"left_hip": [
		0.39390695095062256,
		0.7041672468185425,
		0.18679499626159668,
		0.9679197669029236
	],
	"left_knee": [
		0.552456259727478,
		0.7640506029129028,
		0.22884444892406464,
		0.24177023768424988
	],
	"left_ankle": [
		0.48913753032684326,
		0.8987942934036255,
		0.4050357937812805,
		0.33806416392326355
	],
	"right_hip": [
		0.3731403946876526,
		0.7124109864234924,
		-0.1867474466562271,
		0.9624026417732239
	],
	"right_knee": [
		0.5384806394577026,
		0.7864606380462646,
		-0.20191052556037903,
		0.8793021440505981
	],
	"right_ankle": [
		0.47011348605155945,
		0.9328128695487976,
		-0.032706841826438904,
		0.8718349933624268
	],
	"left_shoulder": [
		0.44647499918937683,
		0.5345459580421448,
		0.1430911123752594,
		0.9857291579246521
	],
	"left_elbow": [
		0.5441542267799377,
		0.5362549424171448,
		0.28538426756858826,
		0.15129990875720978
	],
	"left_wrist": [
		0.661091685295105,
		0.5544927716255188,
		0.29662278294563293,
		0.13039390742778778
	],
	"right_shoulder": [
		0.5030834078788757,
		0.542585015296936,
		-0.4209272563457489,
		0.9958651065826416
	],
	"right_elbow": [
		0.6564709544181824,
		0.5556305050849915,
		-0.5040614008903503,
		0.9803285598754883
	],
	"right_wrist": [
		0.7978923320770264,
		0.5537399053573608,
		-0.42543357610702515,
		0.9335312843322754
	],
	"nose": [
		0.5416262149810791,
		0.4988509714603424,
		-0.1463651955127716,
		0.98666912317276
	],
	"left_eye": [
		0.5297747850418091,
		0.48301973938941956,
		-0.13889648020267487,
		0.9781599044799805
	],
	"right_eye": [
		0.5281164646148682,
		0.48374614119529724,
		-0.19648437201976776,
		0.9842442870140076
	],
	"left_ear": [
		0.5029693245887756,
		0.48484379053115845,
		-0.05041668936610222,
		0.9716148972511292
	],
	"right_ear": [
		0.5042827129364014,
		0.486186683177948,
		-0.30952882766723633,
		0.9813727140426636
	]
}