{
	"left_hip": [
		0.38414886593818665,
		0.7424415349960327,
		0.1823030412197113,
		0.9867410659790039
	],
	"left_knee": [
		0.5623863935470581,
		0.7694765329360962,
		0.2857847809791565,
		0.2764187455177307
	],
	"left_ankle": [
		0.4961834251880646,
		0.8822606205940247,
		0.4438925087451935,
		0.2930392324924469
	],
	"right_hip": [
		0.35995373129844666,
		0.7671653628349304,
		-0.182245671749115,
		0.9857704639434814
	],
	"right_knee": [
		0.5572401881217957,
		0.7965302467346191,
		-0.20343762636184692,
		0.9392665028572083
	],
	"right_ankle": [
		0.4881099462509155,
		0.9172991514205933,
		0.045167792588472366,
		0.8925138115882874
	],
	"left_shoulder": [
		0.4852738380432129,
		0.5935014486312866,
		0.10475710779428482,
		0.9863727688789368
	],
	"left_elbow": [
		0.6422830820083618,
		0.6097447872161865,
		0.18530620634555817,
		0.25609415769577026
	],
	"left_wrist": [
		0.7788904905319214,
		0.6020063161849976,
		0.11025180667638779,
		0.3054816722869873
	],
	"right_shoulder": [
		0.528496503829956,
		0.6084324717521667,
		-0.41395995020866394,
		0.9956188201904297
	],
	"right_elbow": [
		0.6724569797515869,
		0.6135508418083191,
		-0.5124489068984985,
		0.9835326671600342
	],
	"right_wrist": [
		0.8184185028076172,
		0.6090505123138428,
		-0.45743805170059204,
		0.9579533338546753
	],
	"nose": [
		0.5673018097877502,
		0.5566912293434143,
		-0.15987974405288696,
		0.994688868522644
	],
	"left_eye": [
		0.5567632913589478,
		0.5413768291473389,
		-0.14550204575061798,
		0.9920893311500549
	],
	"right_eye": [
		0.5550888776779175,
		0.5427008867263794,
		-0.20443905889987946,
		0.9939180612564087
	],
	"left_ear": [
		0.5287310481071472,
		0.5463321208953857,
		-0.045524101704359055,
		0.9906020164489746
	],
	"right_ear": [
		0.5313896536827087,
		0.5484672784805298,
		-0.31156662106513977,
		0.9926954507827759
	]
}