{
	"left_hip": [
		0.3782587945461273,
		0.762363851070404,
		0.182555690407753,
		0.9930208921432495
	],
	"left_knee": [
		0.5490085482597351,
		0.783056914806366,
		0.3594266474246979,
		0.31401559710502625
	],
	"left_ankle": [
		0.5031903982162476,
		0.8763249516487122,
		0.5568075776100159,
		0.3173452317714691
	],
	"right_hip": [
		0.35801202058792114,
		0.7877276539802551,
		-0.1824726015329361,
		0.9928674101829529
	],
	"right_knee": [
		0.5627276301383972,
		0.7982441782951355,
		-0.1751440316438675,
		0.96006840467453
	],
	"right_ankle": [
		0.4906347990036011,
		0.9225808382034302,
		0.08025400340557098,
		0.9091280698776245
	],
	"left_shoulder": [
		0.5008703470230103,
		0.6164058446884155,
		0.06453696638345718,
		0.991245448589325
	],
	"left_elbow": [
		0.6635284423828125,
		0.6285317540168762,
		0.10581837594509125,
		0.31354913115501404
	],
	"left_wrist": [
		0.803686797618866,
		0.6244977712631226,
		-0.026018092408776283,
		0.4195546507835388
	],
	"right_shoulder": [
		0.5314884781837463,
		0.6340848803520203,
		-0.4514199495315552,
		0.9972818493843079
	],
	"right_elbow": [
		0.6804311275482178,
		0.6390913128852844,
		-0.5699085593223572,
		0.9860172867774963
	],
	"right_wrist": [
		0.82387775182724,
		0.6338790059089661,
		-0.540103018283844,
		0.969265341758728
	],
	"nose": [
		0.5756790637969971,
		0.5778669118881226,
		-0.2131366729736328,
		0.997263491153717
	],
	"left_eye": [
		0.5634313225746155,
		0.5630446672439575,
		-0.19571952521800995,
		0.9960575699806213
	],
	"right_eye": [
		0.5611303448677063,
		0.5647181272506714,
		-0.2539658546447754,
		0.9969245791435242
	],
	"left_ear": [
		0.5338695645332336,
		0.5689162015914917,
		-0.08679994940757751,
		0.9954337477684021
	],
	"right_ear": [
		0.5359229445457458,
		0.5718762278556824,
		-0.3515576124191284,
		0.9963157773017883
	]
}