{
	"left_hip": [
		0.37917646765708923,
		0.7508479356765747,
		0.17911383509635925,
		0.9959267377853394
	],
	"left_knee": [
		0.5495747923851013,
		0.7783210277557373,
		0.3298066556453705,
		0.31197527050971985
	],
	"left_ankle": [
		0.4980264902114868,
		0.8830501437187195,
		0.5073825716972351,
		0.31490808725357056
	],
	"right_hip": [
		0.36115124821662903,
		0.7729299068450928,
		-0.17899933457374573,
		0.9961642026901245
	],
	"right_knee": [
		0.5645200610160828,
		0.797559916973114,
		-0.14469176530838013,
		0.9711880683898926
	],
	"right_ankle": [
		0.48931920528411865,
		0.9269019961357117,
		0.055673468858003616,
		0.9267390966415405
	],
	"left_shoulder": [
		0.5132983922958374,
		0.6047486066818237,
		0.07868605107069016,
		0.993409276008606
	],
	"left_elbow": [
		0.6697925329208374,
		0.6186307668685913,
		0.12071970105171204,
		0.3808790147304535
	],
	"left_wrist": [
		0.8034362196922302,
		0.6169378757476807,
		0.008400853723287582,
		0.5257764458656311
	],
	"right_shoulder": [
		0.5351411700248718,
		0.6163872480392456,
		-0.4024657905101776,
		0.9977710247039795
	],
	"right_elbow": [
		0.6840988993644714,
		0.624466061592102,
		-0.5104106664657593,
		0.9841134548187256
	],
	"right_wrist": [
		0.8223438858985901,
		0.6196660995483398,
		-0.4711339771747589,
		0.9661248922348022
	],
	"nose": [
		0.5729700326919556,
		0.5612705945968628,
		-0.1727934032678604,
		0.9985365271568298
	],
	"left_eye": [
		0.5607095956802368,
		0.5481574535369873,
		-0.15601465106010437,
		0.9979965090751648
	],
	"right_eye": [
		0.5605078935623169,
		0.5489733815193176,
		-0.207432359457016,
		0.9983984231948853
	],
	"left_ear": [
		0.5334766507148743,
		0.5553625822067261,
		-0.06114001199603081,
		0.9977661967277527
	],
	"right_ear": [
		0.5356678366661072,
		0.5559584498405457,
		-0.2970212697982788,
		0.9980905652046204
	]
}