{
	"left_hip": [
		0.45176488161087036,
		0.6486707925796509,
		0.1677510291337967,
		0.9868936538696289
	],
	"left_knee": [
		0.48823675513267517,
		0.7729719877243042,
		0.1908901482820511,
		0.2554316222667694
	],
	"left_ankle": [
		0.45574864745140076,
		0.9109028577804565,
		0.294653981924057,
		0.2888346016407013
	],
	"right_hip": [
		0.437099426984787,
		0.6488102674484253,
		-0.16778206825256348,
		0.9874377846717834
	],
	"right_knee": [
		0.4661339223384857,
		0.7839152812957764,
		-0.12331272661685944,
		0.9039084911346436
	],
	"right_ankle": [
		0.44269758462905884,
		0.9316020011901855,
		-0.035230375826358795,
		0.8582171201705933
	],
	"left_shoulder": [
		0.47726091742515564,
		0.470020055770874,
		0.14625471830368042,
		0.9827772974967957
	],
	"left_elbow": [
		0.581598162651062,
		0.49169954657554626,
		0.2484336793422699,
		0.17182569205760956
	],
	"left_wrist": [
		0.7237966060638428,
		0.4897214472293854,
		0.1608130782842636,
		0.23059268295764923
	],
	"right_shoulder": [
		0.495883047580719,
		0.4612027108669281,
		-0.3830418586730957,
		0.9952319264411926
	],
	"right_elbow": [
		0.6422356367111206,
		0.47855228185653687,
		-0.48946842551231384,
		0.981549859046936
	],
	"right_wrist": [
		0.7906844615936279,
		0.4803400933742523,
		-0.4583601653575897,
		0.9318029880523682
	],
	"nose": [
		0.5424872636795044,
		0.4179174304008484,
		-0.13397255539894104,
		0.9955585598945618
	],
	"left_eye": [
		0.5296138525009155,
		0.40221333503723145,
		-0.122938372194767,
		0.9947599172592163
	],
	"right_eye": [
		0.5265786647796631,
		0.4026779234409332,
		-0.17957599461078644,
		0.9954461455345154
	],
	"left_ear": [
		0.5008218288421631,
		0.4061829149723053,
		-0.024247966706752777,
		0.9957356452941895
	],
	"right_ear": [
		0.5009951591491699,
		0.4068628251552582,
		-0.28134214878082275,
		0.9940748810768127
	]
}