{
	"left_hip": [
		0.482584685087204,
		0.649886965751648,
		0.14970538020133972,
		0.9838429093360901
	],
	"left_knee": [
		0.4756593108177185,
		0.7762917876243591,
		0.2140144258737564,
		0.19220685958862305
	],
	"left_ankle": [
		0.4521905779838562,
		0.905580997467041,
		0.3649263381958008,
		0.2338114231824875
	],
	"right_hip": [
		0.4462326765060425,
		0.6460717916488647,
		-0.14972588419914246,
		0.9836558699607849
	],
	"right_knee": [
		0.44738855957984924,
		0.7854738831520081,
		-0.09288349002599716,
		0.8413161039352417
	],
	"right_ankle": [
		0.42793768644332886,
		0.9245777130126953,
		0.06188613548874855,
		0.7845582962036133
	],
	"left_shoulder": [
		0.48747432231903076,
		0.4671083390712738,
		0.033107541501522064,
		0.9833471775054932
	],
	"left_elbow": [
		0.6079085469245911,
		0.4861796498298645,
		0.1073760911822319,
		0.13987238705158234
	],
	"left_wrist": [
		0.7544350028038025,
		0.4833964407444,
		0.011012059636414051,
		0.18849162757396698
	],
	"right_shoulder": [
		0.47219714522361755,
		0.45956987142562866,
		-0.4633517265319824,
		0.9956387877464294
	],
	"right_elbow": [
		0.6279542446136475,
		0.47636842727661133,
		-0.5812737941741943,
		0.9772443771362305
	],
	"right_wrist": [
		0.7787885665893555,
		0.4763577878475189,
		-0.5753411054611206,
		0.9160575270652771
	],
	"nose": [
		0.5322155356407166,
		0.4157312512397766,
		-0.2647402286529541,
		0.9955028295516968
	],
	"left_eye": [
		0.5217537879943848,
		0.40100669860839844,
		-0.2511844336986542,
		0.9935845136642456
	],
	"right_eye": [
		0.5170202851295471,
		0.40152573585510254,
		-0.30486592650413513,
		0.9949432015419006
	],
	"left_ear": [
		0.4945719838142395,
		0.4044613838195801,
		-0.13442803919315338,
		0.993976354598999
	],
	"right_ear": [
		0.49071258306503296,
		0.4054645001888275,
		-0.3792688250541687,
		0.9941996932029724
	]
}