{
	"left_hip": [
		0.4805530905723572,
		0.645917534828186,
		0.14457911252975464,
		0.9661003947257996
	],
	"left_knee": [
		0.4608752131462097,
		0.7802139520645142,
		0.215927854180336,
		0.14819589257240295
	],
	"left_ankle": [
		0.44645369052886963,
		0.9086788296699524,
		0.3417392671108246,
		0.19798418879508972
	],
	"right_hip": [
		0.4582223892211914,
		0.6450120210647583,
		-0.14470121264457703,
		0.9610269069671631
	],
	"right_knee": [
		0.448866069316864,
		0.7847263216972351,
		-0.10059694945812225,
		0.7372346520423889
	],
	"right_ankle": [
		0.43006688356399536,
		0.9232198596000671,
		0.038544390350580215,
		0.6871379613876343
	],
	"left_shoulder": [
		0.47425326704978943,
		0.46381402015686035,
		0.06452535092830658,
		0.979505181312561
	],
	"left_elbow": [
		0.6050909161567688,
		0.48917078971862793,
		0.11464621126651764,
		0.12254548072814941
	],
	"left_wrist": [
		0.7543238401412964,
		0.4852209985256195,
		0.012312964536249638,
		0.1687909960746765
	],
	"right_shoulder": [
		0.4656820595264435,
		0.45935869216918945,
		-0.4203493893146515,
		0.9940584301948547
	],
	"right_elbow": [
		0.6218957304954529,
		0.47862595319747925,
		-0.5334980487823486,
		0.9588344693183899
	],
	"right_wrist": [
		0.771388053894043,
		0.4795153737068176,
		-0.5229029059410095,
		0.8717228770256042
	],
	"nose": [
		0.5268766283988953,
		0.41968464851379395,
		-0.2058485448360443,
		0.9899696707725525
	],
	"left_eye": [
		0.5168315768241882,
		0.40485841035842896,
		-0.19386322796344757,
		0.9816938638687134
	],
	"right_eye": [
		0.5109696388244629,
		0.40499043464660645,
		-0.2464771419763565,
		0.9869099855422974
	],
	"left_ear": [
		0.4907623529434204,
		0.4062379002571106,
		-0.09159254282712936,
		0.9781463146209717
	],
	"right_ear": [
		0.48461732268333435,
		0.40731534361839294,
		-0.33831295371055603,
		0.9868606328964233
	]
}