{
	"left_hip": [
		0.48224782943725586,
		0.6443180441856384,
		0.14183735847473145,
		0.9516459703445435
	],
	"left_knee": [
		0.4585276246070862,
		0.7815262675285339,
		0.18056996166706085,
		0.12122237682342529
	],
	"left_ankle": [
		0.4471147954463959,
		0.9114840626716614,
		0.2956123948097229,
		0.1757565289735794
	],
	"right_hip": [
		0.4568943977355957,
		0.6431475877761841,
		-0.14201568067073822,
		0.9394345879554749
	],
	"right_knee": [
		0.45067542791366577,
		0.7836436033248901,
		-0.12841683626174927,
		0.6099091172218323
	],
	"right_ankle": [
		0.4305504262447357,
		0.9240773320198059,
		0.012543023563921452,
		0.5751639604568481
	],
	"left_shoulder": [
		0.44739845395088196,
		0.4632952809333801,
		0.19926120340824127,
		0.9797622561454773
	],
	"left_elbow": [
		0.4839334785938263,
		0.48199263215065,
		0.3023279309272766,
		0.10567347705364227
	],
	"left_wrist": [
		0.5920898914337158,
		0.4868205487728119,
		0.3279697000980377,
		0.1404901146888733
	],
	"right_shoulder": [
		0.4862915575504303,
		0.45963478088378906,
		-0.25442472100257874,
		0.9936745166778564
	],
	"right_elbow": [
		0.6225566864013672,
		0.47657838463783264,
		-0.3610989451408386,
		0.9529197812080383
	],
	"right_wrist": [
		0.7732772827148438,
		0.4804815649986267,
		-0.35034143924713135,
		0.8644627332687378
	],
	"nose": [
		0.5270513892173767,
		0.4207560420036316,
		-0.016835127025842667,
		0.9838858246803284
	],
	"left_eye": [
		0.5167492032051086,
		0.4058862328529358,
		-0.010344565846025944,
		0.9720933437347412
	],
	"right_eye": [
		0.5120471715927124,
		0.40617290139198303,
		-0.059652701020240784,
		0.9789998531341553
	],
	"left_ear": [
		0.4905848205089569,
		0.4068881869316101,
		0.06552642583847046,
		0.9649484753608704
	],
	"right_ear": [
		0.485389769077301,
		0.408132940530777,
		-0.15848301351070404,
		0.9793495535850525
	]
}