{
	"left_hip": [
		0.47946697473526,
		0.6419158577919006,
		0.13788394629955292,
		0.9586126804351807
	],
	"left_knee": [
		0.4602832794189453,
		0.7779842615127563,
		0.17276081442832947,
		0.11379311233758926
	],
	"left_ankle": [
		0.45103371143341064,
		0.904383659362793,
		0.2967614531517029,
		0.17383329570293427
	],
	"right_hip": [
		0.4583558738231659,
		0.6415248513221741,
		-0.13810215890407562,
		0.9477528929710388
	],
	"right_knee": [
		0.4506320059299469,
		0.780088484287262,
		-0.10748248547315598,
		0.5347432494163513
	],
	"right_ankle": [
		0.4277803301811218,
		0.9178818464279175,
		0.035816024988889694,
		0.5282759666442871
	],
	"left_shoulder": [
		0.4313940703868866,
		0.46127501130104065,
		0.20948944985866547,
		0.9831732511520386
	],
	"left_elbow": [
		0.4052956700325012,
		0.46906065940856934,
		0.48996245861053467,
		0.09574099630117416
	],
	"left_wrist": [
		0.4680739641189575,
		0.4744184911251068,
		0.7531462907791138,
		0.10575682669878006
	],
	"right_shoulder": [
		0.506093442440033,
		0.45851635932922363,
		-0.2430913895368576,
		0.9954367280006409
	],
	"right_elbow": [
		0.6302204728126526,
		0.4768630564212799,
		-0.34908416867256165,
		0.9673115611076355
	],
	"right_wrist": [
		0.7772679924964905,
		0.4798732399940491,
		-0.34892526268959045,
		0.8999996185302734
	],
	"nose": [
		0.5272451043128967,
		0.4209419786930084,
		0.005416826345026493,
		0.9793797135353088
	],
	"left_eye": [
		0.5168892741203308,
		0.40629345178604126,
		0.00978151336312294,
		0.9705572128295898
	],
	"right_eye": [
		0.5133745074272156,
		0.4065846800804138,
		-0.03472524136304855,
		0.9786056876182556
	],
	"left_ear": [
		0.49062380194664,
		0.4068816304206848,
		0.07097651064395905,
		0.9695713520050049
	],
	"right_ear": [
		0.48743343353271484,
		0.40800777077674866,
		-0.13075555860996246,
		0.9798846244812012
	]
}