{
	"left_hip": [
		0.4651605188846588,
		0.6469901204109192,
		0.15298748016357422,
		0.9402538537979126
	],
	"left_knee": [
		0.5116332769393921,
		0.770190417766571,
		0.1521359533071518,
		0.12084410339593887
	],
	"left_ankle": [
		0.45726171135902405,
		0.8944544792175293,
		0.2584002614021301,
		0.20693856477737427
	],
	"right_hip": [
		0.43005287647247314,
		0.6457775831222534,
		-0.15308238565921783,
		0.9215965270996094
	],
	"right_knee": [
		0.4857136905193329,
		0.7800747156143188,
		-0.14562681317329407,
		0.5945993661880493
	],
	"right_ankle": [
		0.435568630695343,
		0.9216901063919067,
		-0.056217893958091736,
		0.5921186804771423
	],
	"left_shoulder": [
		0.46392112970352173,
		0.4663500189781189,
		0.09397398680448532,
		0.9782031774520874
	],
	"left_elbow": [
		0.5093100666999817,
		0.49108371138572693,
		0.27092254161834717,
		0.06914056837558746
	],
	"left_wrist": [
		0.58377605676651,
		0.5049521327018738,
		0.3282731771469116,
		0.07293117046356201
	],
	"right_shoulder": [
		0.4771474599838257,
		0.4612506926059723,
		-0.40000635385513306,
		0.9940720796585083
	],
	"right_elbow": [
		0.6231342554092407,
		0.48290008306503296,
		-0.5133570432662964,
		0.9680964946746826
	],
	"right_wrist": [
		0.7783783078193665,
		0.4819270968437195,
		-0.5181465744972229,
		0.8952540755271912
	],
	"nose": [
		0.5338314771652222,
		0.42015838623046875,
		-0.16136367619037628,
		0.9718508720397949
	],
	"left_eye": [
		0.5243444442749023,
		0.40579915046691895,
		-0.153829887509346,
		0.9577257037162781
	],
	"right_eye": [
		0.5188379883766174,
		0.40656787157058716,
		-0.20615679025650024,
		0.9675313234329224
	],
	"left_ear": [
		0.49813443422317505,
		0.40907496213912964,
		-0.06512272357940674,
		0.9509662389755249
	],
	"right_ear": [
		0.4923378825187683,
		0.41062992811203003,
		-0.3020907938480377,
		0.9654146432876587
	]
}