{
	"left_hip": [
		0.43496376276016235,
		0.6849853992462158,
		0.17232146859169006,
		0.959974467754364
	],
	"left_knee": [
		0.5579213500022888,
		0.7701247334480286,
		0.15591126680374146,
		0.17031653225421906
	],
	"left_ankle": [
		0.48080214858055115,
		0.9002434611320496,
		0.27533039450645447,
		0.25248730182647705
	],
	"right_hip": [
		0.395454466342926,
		0.6865702867507935,
		-0.17246252298355103,
		0.9483045339584351
	],
	"right_knee": [
		0.5322157740592957,
		0.7850620746612549,
		-0.19196416437625885,
		0.7222837805747986
	],
	"right_ankle": [
		0.4553718566894531,
		0.9270957708358765,
		-0.06755586713552475,
		0.7079306840896606
	],
	"left_shoulder": [
		0.4700388014316559,
		0.5104929208755493,
		-0.011385121382772923,
		0.9834136366844177
	],
	"left_elbow": [
		0.5798014402389526,
		0.5162298679351807,
		0.032237160950899124,
		0.09180575609207153
	],
	"left_wrist": [
		0.7202680110931396,
		0.5252838730812073,
		-0.07071887701749802,
		0.07600628584623337
	],
	"right_shoulder": [
		0.49663034081459045,
		0.511602520942688,
		-0.5221844911575317,
		0.9956229329109192
	],
	"right_elbow": [
		0.6529617309570312,
		0.5232375264167786,
		-0.635522186756134,
		0.9790931940078735
	],
	"right_wrist": [
		0.797171413898468,
		0.5133559703826904,
		-0.63239586353302,
		0.9287832379341125
	],
	"nose": [
		0.54366135597229,
		0.46300816535949707,
		-0.2925845980644226,
		0.983795166015625
	],
	"left_eye": [
		0.5315948128700256,
		0.4483484625816345,
		-0.284350723028183,
		0.9759459495544434
	],
	"right_eye": [
		0.5271934866905212,
		0.4497291147708893,
		-0.3401581346988678,
		0.9817244410514832
	],
	"left_ear": [
		0.5045658349990845,
		0.45286399126052856,
		-0.1860014796257019,
		0.97298264503479
	],
	"right_ear": [
		0.5015953779220581,
		0.4558894634246826,
		-0.43893706798553467,
		0.9804059267044067
	]
}