{
	"left_hip": [
		0.4044078588485718,
		0.7211698889732361,
		0.1771395057439804,
		0.9797655344009399
	],
	"left_knee": [
		0.5729668140411377,
		0.7709492444992065,
		0.22062472999095917,
		0.2949293553829193
	],
	"left_ankle": [
		0.497329980134964,
		0.8828595876693726,
		0.3683280944824219,
		0.34348443150520325
	],
	"right_hip": [
		0.3797089755535126,
		0.7371228933334351,
		-0.1770746260881424,
		0.9759837985038757
	],
	"right_knee": [
		0.5584564805030823,
		0.799128532409668,
		-0.1934582144021988,
		0.8691364526748657
	],
	"right_ankle": [
		0.48294416069984436,
		0.9231454730033875,
		-0.008572941645979881,
		0.8438761830329895
	],
	"left_shoulder": [
		0.4750242531299591,
		0.5626074075698853,
		0.11863882839679718,
		0.9881677627563477
	],
	"left_elbow": [
		0.5454052090644836,
		0.5620982050895691,
		0.26516422629356384,
		0.14847399294376373
	],
	"left_wrist": [
		0.6423656940460205,
		0.5667685270309448,
		0.292906790971756,
		0.11540787667036057
	],
	"right_shoulder": [
		0.5186973810195923,
		0.5694115161895752,
		-0.4029674232006073,
		0.9967827200889587
	],
	"right_elbow": [
		0.663053572177887,
		0.5753396153450012,
		-0.484435111284256,
		0.9885289669036865
	],
	"right_wrist": [
		0.8033056259155273,
		0.5687209367752075,
		-0.4137055575847626,
		0.9597458839416504
	],
	"nose": [
		0.5584568381309509,
		0.5199232697486877,
		-0.15550866723060608,
		0.9931219816207886
	],
	"left_eye": [
		0.5433454513549805,
		0.5048213005065918,
		-0.14555580914020538,
		0.9901437163352966
	],
	"right_eye": [
		0.5404661893844604,
		0.5060935020446777,
		-0.2016707807779312,
		0.9923496246337891
	],
	"left_ear": [
		0.5180524587631226,
		0.5110565423965454,
		-0.05250588431954384,
		0.989280641078949
	],
	"right_ear": [
		0.5180572867393494,
		0.5127080678939819,
		-0.3051714599132538,
		0.9916714429855347
	]
}