{
	"left_hip": [
		0.3783644139766693,
		0.7655495405197144,
		0.17068909108638763,
		0.9946548342704773
	],
	"left_knee": [
		0.5508553981781006,
		0.788225531578064,
		0.30278968811035156,
		0.33276623487472534
	],
	"left_ankle": [
		0.49845537543296814,
		0.8795502781867981,
		0.4587133228778839,
		0.34299522638320923
	],
	"right_hip": [
		0.3583344519138336,
		0.7898017764091492,
		-0.1706070899963379,
		0.9943096041679382
	],
	"right_knee": [
		0.5665642619132996,
		0.799953818321228,
		-0.16705696284770966,
		0.9492023587226868
	],
	"right_ankle": [
		0.49107009172439575,
		0.9250453114509583,
		0.04308245703577995,
		0.8846982717514038
	],
	"left_shoulder": [
		0.5006925463676453,
		0.6174664497375488,
		0.043935712426900864,
		0.9932388663291931
	],
	"left_elbow": [
		0.665578305721283,
		0.6235722303390503,
		0.0757012739777565,
		0.3019031286239624
	],
	"left_wrist": [
		0.8013431429862976,
		0.6172519326210022,
		-0.03558366745710373,
		0.3750651478767395
	],
	"right_shoulder": [
		0.5304899215698242,
		0.6340473890304565,
		-0.4260278642177582,
		0.9979581832885742
	],
	"right_elbow": [
		0.6773574352264404,
		0.6316094398498535,
		-0.5429278612136841,
		0.9874899387359619
	],
	"right_wrist": [
		0.8158153891563416,
		0.6220697164535522,
		-0.5044143795967102,
		0.9704907536506653
	],
	"nose": [
		0.5703365206718445,
		0.5763816833496094,
		-0.1992882639169693,
		0.9982064366340637
	],
	"left_eye": [
		0.5562593340873718,
		0.5624622702598572,
		-0.1827557235956192,
		0.9976657032966614
	],
	"right_eye": [
		0.5538310408592224,
		0.5646172165870667,
		-0.23651663959026337,
		0.9981088638305664
	],
	"left_ear": [
		0.528840959072113,
		0.5702572464942932,
		-0.08613763749599457,
		0.9976668357849121
	],
	"right_ear": [
		0.5302834510803223,
		0.5737243890762329,
		-0.3293864130973816,
		0.9978725910186768
	]
}