{
	"left_hip": [
		0.37476322054862976,
		0.7662246227264404,
		0.17896771430969238,
		0.9960871934890747
	],
	"left_knee": [
		0.5432077050209045,
		0.7877888083457947,
		0.3261272609233856,
		0.32241442799568176
	],
	"left_ankle": [
		0.4897245764732361,
		0.8806661367416382,
		0.5026350617408752,
		0.3330446779727936
	],
	"right_hip": [
		0.3568613827228546,
		0.7904046177864075,
		-0.17888344824314117,
		0.9960257411003113
	],
	"right_knee": [
		0.5651357769966125,
		0.7993351221084595,
		-0.15702465176582336,
		0.9603027701377869
	],
	"right_ankle": [
		0.48878559470176697,
		0.9284888505935669,
		0.07291536033153534,
		0.9040000438690186
	],
	"left_shoulder": [
		0.5013364553451538,
		0.618801474571228,
		0.06047326326370239,
		0.9942112565040588
	],
	"left_elbow": [
		0.663193941116333,
		0.6267182230949402,
		0.10747180134057999,
		0.36463144421577454
	],
	"left_wrist": [
		0.799933671951294,
		0.6211987137794495,
		-0.006487287115305662,
		0.46040600538253784
	],
	"right_shoulder": [
		0.529830276966095,
		0.6342408657073975,
		-0.4377402663230896,
		0.9981247782707214
	],
	"right_elbow": [
		0.6784784197807312,
		0.6338237524032593,
		-0.5565492510795593,
		0.9850484132766724
	],
	"right_wrist": [
		0.8158217072486877,
		0.6256097555160522,
		-0.5144208073616028,
		0.964859127998352
	],
	"nose": [
		0.566153347492218,
		0.5761646032333374,
		-0.20301567018032074,
		0.9987630844116211
	],
	"left_eye": [
		0.5515038371086121,
		0.5628923773765564,
		-0.18428058922290802,
		0.9984223246574402
	],
	"right_eye": [
		0.5508278012275696,
		0.5649231672286987,
		-0.24143756926059723,
		0.9987083077430725
	],
	"left_ear": [
		0.5268793106079102,
		0.5708609819412231,
		-0.0795837789773941,
		0.9984510540962219
	],
	"right_ear": [
		0.5291545391082764,
		0.5734032392501831,
		-0.33743640780448914,
		0.9985436201095581
	]
}