{
	"left_hip": [
		0.4421517550945282,
		0.6508254408836365,
		0.16144894063472748,
		0.9934230446815491
	],
	"left_knee": [
		0.5240453481674194,
		0.7659052014350891,
		0.07411005347967148,
		0.3478608727455139
	],
	"left_ankle": [
		0.46495503187179565,
		0.8976362347602844,
		0.11752094328403473,
		0.4149450361728668
	],
	"right_hip": [
		0.40728044509887695,
		0.650291919708252,
		-0.1614363193511963,
		0.9948452115058899
	],
	"right_knee": [
		0.4928295314311981,
		0.7714312672615051,
		-0.2321416437625885,
		0.9694024920463562
	],
	"right_ankle": [
		0.44792813062667847,
		0.9185700416564941,
		-0.17584718763828278,
		0.9334912300109863
	],
	"left_shoulder": [
		0.46074381470680237,
		0.48020243644714355,
		0.17040733993053436,
		0.9891598224639893
	],
	"left_elbow": [
		0.4670259654521942,
		0.4896489083766937,
		0.41452085971832275,
		0.18934395909309387
	],
	"left_wrist": [
		0.49885448813438416,
		0.5006787776947021,
		0.5533630847930908,
		0.22041137516498566
	],
	"right_shoulder": [
		0.48348385095596313,
		0.4744035601615906,
		-0.3356422185897827,
		0.9979996681213379
	],
	"right_elbow": [
		0.6301196217536926,
		0.49611878395080566,
		-0.48802557587623596,
		0.9913845062255859
	],
	"right_wrist": [
		0.7759583592414856,
		0.5008662939071655,
		-0.4780537486076355,
		0.969931960105896
	],
	"nose": [
		0.5372498631477356,
		0.43025174736976624,
		-0.10638020932674408,
		0.9969764351844788
	],
	"left_eye": [
		0.5255619287490845,
		0.4154835641384125,
		-0.09474082291126251,
		0.9971086978912354
	],
	"right_eye": [
		0.5228528380393982,
		0.4159192144870758,
		-0.1491987109184265,
		0.9975849986076355
	],
	"left_ear": [
		0.4998183846473694,
		0.4205598831176758,
		0.019515924155712128,
		0.998264491558075
	],
	"right_ear": [
		0.4983268678188324,
		0.4213677942752838,
		-0.23581351339817047,
		0.9967362284660339
	]
}