{
	"left_hip": [
		0.47381284832954407,
		0.6429362893104553,
		0.14588670432567596,
		0.9686816334724426
	],
	"left_knee": [
		0.46381625533103943,
		0.7771218419075012,
		0.22030512988567352,
		0.177937850356102
	],
	"left_ankle": [
		0.45175886154174805,
		0.9086809158325195,
		0.36509501934051514,
		0.24804207682609558
	],
	"right_hip": [
		0.44423824548721313,
		0.6412855386734009,
		-0.14600679278373718,
		0.9662629961967468
	],
	"right_knee": [
		0.44453495740890503,
		0.7805770635604858,
		-0.09364569187164307,
		0.8005326390266418
	],
	"right_ankle": [
		0.43100646138191223,
		0.9213634729385376,
		0.04828469827771187,
		0.765256941318512
	],
	"left_shoulder": [
		0.46630799770355225,
		0.46467146277427673,
		0.037217412143945694,
		0.9830445647239685
	],
	"left_elbow": [
		0.5987597107887268,
		0.48783621191978455,
		0.09246785193681717,
		0.13424921035766602
	],
	"left_wrist": [
		0.7421360015869141,
		0.48421865701675415,
		-0.024834373965859413,
		0.1726488322019577
	],
	"right_shoulder": [
		0.4551219642162323,
		0.45855170488357544,
		-0.4408724904060364,
		0.9953601956367493
	],
	"right_elbow": [
		0.6118558049201965,
		0.4788399338722229,
		-0.5574190020561218,
		0.9588521718978882
	],
	"right_wrist": [
		0.7608055472373962,
		0.48076924681663513,
		-0.5549647212028503,
		0.8746885657310486
	],
	"nose": [
		0.5202891230583191,
		0.4192887246608734,
		-0.24734066426753998,
		0.992651641368866
	],
	"left_eye": [
		0.5099706053733826,
		0.40465325117111206,
		-0.23654912412166595,
		0.9872848987579346
	],
	"right_eye": [
		0.5042487978935242,
		0.40472403168678284,
		-0.28909602761268616,
		0.9909803867340088
	],
	"left_ear": [
		0.4842035472393036,
		0.4054940342903137,
		-0.12659160792827606,
		0.9852172136306763
	],
	"right_ear": [
		0.4782472848892212,
		0.4064522385597229,
		-0.3676603138446808,
		0.9907100796699524
	]
}