{
	"left_hip": [
		0.4671271741390228,
		0.6408388614654541,
		0.13584527373313904,
		0.970278799533844
	],
	"left_knee": [
		0.45565855503082275,
		0.7741631269454956,
		0.19014544785022736,
		0.15367618203163147
	],
	"left_ankle": [
		0.4523628354072571,
		0.8952322006225586,
		0.3163740932941437,
		0.2795943021774292
	],
	"right_hip": [
		0.4474959671497345,
		0.6393133401870728,
		-0.13606511056423187,
		0.9673867225646973
	],
	"right_knee": [
		0.4443777799606323,
		0.7735404372215271,
		-0.07767932862043381,
		0.7083627581596375
	],
	"right_ankle": [
		0.4315505027770996,
		0.9102185368537903,
		0.0640362948179245,
		0.7387394309043884
	],
	"left_shoulder": [
		0.42069756984710693,
		0.46126794815063477,
		0.2093389332294464,
		0.984335720539093
	],
	"left_elbow": [
		0.416287362575531,
		0.4707311689853668,
		0.46085822582244873,
		0.09486263245344162
	],
	"left_wrist": [
		0.4883890748023987,
		0.47798067331314087,
		0.6828275918960571,
		0.11427111178636551
	],
	"right_shoulder": [
		0.4913419187068939,
		0.45845332741737366,
		-0.23909758031368256,
		0.9961045980453491
	],
	"right_elbow": [
		0.6184523105621338,
		0.4771375060081482,
		-0.3397080600261688,
		0.9644635319709778
	],
	"right_wrist": [
		0.7621933221817017,
		0.4802287518978119,
		-0.32689666748046875,
		0.8973824381828308
	],
	"nose": [
		0.5176831483840942,
		0.42217469215393066,
		0.01061196904629469,
		0.9871496558189392
	],
	"left_eye": [
		0.507609486579895,
		0.40742549300193787,
		0.013416914269328117,
		0.9800319075584412
	],
	"right_eye": [
		0.5051634907722473,
		0.4074704647064209,
		-0.030913863331079483,
		0.9858975410461426
	],
	"left_ear": [
		0.48059776425361633,
		0.40765151381492615,
		0.07053021341562271,
		0.9772073030471802
	],
	"right_ear": [
		0.4788459539413452,
		0.40848979353904724,
		-0.13077804446220398,
		0.985223650932312
	]
}