{
	"left_hip": [
		0.47130951285362244,
		0.641264796257019,
		0.13396596908569336,
		0.9698983430862427
	],
	"left_knee": [
		0.4578612148761749,
		0.7773748636245728,
		0.19841328263282776,
		0.1531933695077896
	],
	"left_ankle": [
		0.4527836740016937,
		0.8982235789299011,
		0.320103257894516,
		0.2939358353614807
	],
	"right_hip": [
		0.4454003572463989,
		0.6398142576217651,
		-0.1341438740491867,
		0.9660352468490601
	],
	"right_knee": [
		0.4413307309150696,
		0.7752676606178284,
		-0.08444468677043915,
		0.6824836134910583
	],
	"right_ankle": [
		0.4315258264541626,
		0.9135368466377258,
		0.05152150243520737,
		0.7196943759918213
	],
	"left_shoulder": [
		0.4332498610019684,
		0.46116358041763306,
		0.1750733107328415,
		0.9862508177757263
	],
	"left_elbow": [
		0.4750412404537201,
		0.4778730273246765,
		0.2723870873451233,
		0.08320552855730057
	],
	"left_wrist": [
		0.5789528489112854,
		0.4886859357357025,
		0.2780917286872864,
		0.09505961835384369
	],
	"right_shoulder": [
		0.4835948944091797,
		0.4592658579349518,
		-0.26248449087142944,
		0.9965377449989319
	],
	"right_elbow": [
		0.6175472140312195,
		0.4769512712955475,
		-0.3463837206363678,
		0.9662309288978577
	],
	"right_wrist": [
		0.7628543972969055,
		0.47957077622413635,
		-0.3134239614009857,
		0.8965416550636292
	],
	"nose": [
		0.517279863357544,
		0.4223341941833496,
		-0.03414984419941902,
		0.9883714914321899
	],
	"left_eye": [
		0.5075163245201111,
		0.4075028896331787,
		-0.028839541599154472,
		0.9827111959457397
	],
	"right_eye": [
		0.5051038861274719,
		0.40760621428489685,
		-0.07555365562438965,
		0.9872711896896362
	],
	"left_ear": [
		0.48073673248291016,
		0.40782874822616577,
		0.0411236472427845,
		0.9801574349403381
	],
	"right_ear": [
		0.4792618155479431,
		0.4087444841861725,
		-0.17173299193382263,
		0.9868146777153015
	]
}