{
	"left_hip": [
		0.39823225140571594,
		0.7161706686019897,
		0.19073724746704102,
		0.987350583076477
	],
	"left_knee": [
		0.5658510327339172,
		0.7698494791984558,
		0.2356099933385849,
		0.2751461863517761
	],
	"left_ankle": [
		0.4910120368003845,
		0.8931365013122559,
		0.3893430531024933,
		0.380796879529953
	],
	"right_hip": [
		0.3825295567512512,
		0.7274311780929565,
		-0.190852552652359,
		0.9861438274383545
	],
	"right_knee": [
		0.5534362196922302,
		0.7919389605522156,
		-0.18242870271205902,
		0.8711403012275696
	],
	"right_ankle": [
		0.4757961630821228,
		0.9274077415466309,
		0.012813367880880833,
		0.8653393387794495
	],
	"left_shoulder": [
		0.4536598026752472,
		0.5501403212547302,
		0.19266930222511292,
		0.9925596117973328
	],
	"left_elbow": [
		0.4804616868495941,
		0.5485919713973999,
		0.46628519892692566,
		0.23715421557426453
	],
	"left_wrist": [
		0.5605221390724182,
		0.5594146847724915,
		0.6525379419326782,
		0.07586401700973511
	],
	"right_shoulder": [
		0.5278615951538086,
		0.5601431131362915,
		-0.39673036336898804,
		0.9987649321556091
	],
	"right_elbow": [
		0.6617718935012817,
		0.5629974603652954,
		-0.48558276891708374,
		0.9925451278686523
	],
	"right_wrist": [
		0.8005912899971008,
		0.5527709722518921,
		-0.4059811532497406,
		0.9719787240028381
	],
	"nose": [
		0.5553000569343567,
		0.5124996900558472,
		-0.1221938356757164,
		0.996634840965271
	],
	"left_eye": [
		0.543170154094696,
		0.49663639068603516,
		-0.11212904751300812,
		0.9954906105995178
	],
	"right_eye": [
		0.541503369808197,
		0.49749860167503357,
		-0.16877394914627075,
		0.9968332052230835
	],
	"left_ear": [
		0.5159659385681152,
		0.4993535876274109,
		-0.020068299025297165,
		0.9955992698669434
	],
	"right_ear": [
		0.5170556306838989,
		0.5012131333351135,
		-0.2728048264980316,
		0.996677577495575
	]
}