{
	"left_hip": [
		0.3878931403160095,
		0.7399656176567078,
		0.18822874128818512,
		0.9906787872314453
	],
	"left_knee": [
		0.5651897192001343,
		0.7732425928115845,
		0.26536116003990173,
		0.2630513310432434
	],
	"left_ankle": [
		0.49654263257980347,
		0.8881832957267761,
		0.41248589754104614,
		0.33805251121520996
	],
	"right_hip": [
		0.36608409881591797,
		0.7575722932815552,
		-0.1883125752210617,
		0.9901556968688965
	],
	"right_knee": [
		0.5539528131484985,
		0.8004563450813293,
		-0.2100260853767395,
		0.8944463729858398
	],
	"right_ankle": [
		0.4917716681957245,
		0.919061541557312,
		0.05226493626832962,
		0.856921911239624
	],
	"left_shoulder": [
		0.4736648499965668,
		0.5851709842681885,
		0.13352833688259125,
		0.9920127391815186
	],
	"left_elbow": [
		0.5725594758987427,
		0.5866995453834534,
		0.2530553340911865,
		0.21462544798851013
	],
	"left_wrist": [
		0.6761159300804138,
		0.5887491703033447,
		0.22834502160549164,
		0.09249317646026611
	],
	"right_shoulder": [
		0.5266076326370239,
		0.5929911136627197,
		-0.42125704884529114,
		0.9986608028411865
	],
	"right_elbow": [
		0.6659490466117859,
		0.5951371192932129,
		-0.5151846408843994,
		0.9931837916374207
	],
	"right_wrist": [
		0.8091546893119812,
		0.5864737629890442,
		-0.4514552354812622,
		0.975334107875824
	],
	"nose": [
		0.5654351115226746,
		0.5441092252731323,
		-0.15086601674556732,
		0.997157096862793
	],
	"left_eye": [
		0.5505202412605286,
		0.5280068516731262,
		-0.1340334266424179,
		0.9965368509292603
	],
	"right_eye": [
		0.5484648942947388,
		0.5287142992019653,
		-0.19662004709243774,
		0.9974756240844727
	],
	"left_ear": [
		0.5241963863372803,
		0.5332767963409424,
		-0.025698550045490265,
		0.9969077706336975
	],
	"right_ear": [
		0.5250086188316345,
		0.5346928834915161,
		-0.3089563548564911,
		0.9972617626190186
	]
}