{
	"left_hip": [
		0.37134355306625366,
		0.7549669742584229,
		0.1773855835199356,
		0.9942653775215149
	],
	"left_knee": [
		0.5425552129745483,
		0.7765683531761169,
		0.3105592429637909,
		0.2827690839767456
	],
	"left_ankle": [
		0.49666374921798706,
		0.8749001622200012,
		0.47391268610954285,
		0.3463909327983856
	],
	"right_hip": [
		0.34806472063064575,
		0.7792721390724182,
		-0.17736591398715973,
		0.994321346282959
	],
	"right_knee": [
		0.5535860061645508,
		0.7997967004776001,
		-0.1879696547985077,
		0.9233391880989075
	],
	"right_ankle": [
		0.4916509687900543,
		0.9208221435546875,
		0.06200207769870758,
		0.865726113319397
	],
	"left_shoulder": [
		0.48803573846817017,
		0.6048439741134644,
		0.11462671309709549,
		0.9931588768959045
	],
	"left_elbow": [
		0.6262317299842834,
		0.6118420362472534,
		0.19505353271961212,
		0.1838754564523697
	],
	"left_wrist": [
		0.7798081040382385,
		0.6132091879844666,
		0.1099833995103836,
		0.13159652054309845
	],
	"right_shoulder": [
		0.5324387550354004,
		0.6239773035049438,
		-0.3858335316181183,
		0.9987582564353943
	],
	"right_elbow": [
		0.6772533655166626,
		0.6214257478713989,
		-0.4922603368759155,
		0.9936520457267761
	],
	"right_wrist": [
		0.8152751326560974,
		0.6129512190818787,
		-0.437075138092041,
		0.9806817173957825
	],
	"nose": [
		0.5701753497123718,
		0.5684074759483337,
		-0.13918884098529816,
		0.9980381727218628
	],
	"left_eye": [
		0.5581824779510498,
		0.5531958341598511,
		-0.12186403572559357,
		0.9978470206260681
	],
	"right_eye": [
		0.5555023550987244,
		0.5552685260772705,
		-0.1803331971168518,
		0.9983264803886414
	],
	"left_ear": [
		0.5312107801437378,
		0.5596571564674377,
		-0.021698694676160812,
		0.9982140064239502
	],
	"right_ear": [
		0.5322396159172058,
		0.5631698966026306,
		-0.28572139143943787,
		0.998094379901886
	]
}