{
	"left_hip": [
		0.37230443954467773,
		0.7612088322639465,
		0.18503278493881226,
		0.9955525398254395
	],
	"left_knee": [
		0.5458428859710693,
		0.7748305201530457,
		0.34923747181892395,
		0.29013755917549133
	],
	"left_ankle": [
		0.4983452558517456,
		0.8757606744766235,
		0.5347737669944763,
		0.3437338173389435
	],
	"right_hip": [
		0.3496105968952179,
		0.7872682213783264,
		-0.1849633902311325,
		0.9957274198532104
	],
	"right_knee": [
		0.5543431639671326,
		0.7974334955215454,
		-0.16614001989364624,
		0.9389283657073975
	],
	"right_ankle": [
		0.4897165894508362,
		0.9228903651237488,
		0.09288390725851059,
		0.8839682340621948
	],
	"left_shoulder": [
		0.4993055462837219,
		0.6131771206855774,
		0.06499246507883072,
		0.9940893054008484
	],
	"left_elbow": [
		0.6693521738052368,
		0.6233019232749939,
		0.11264050006866455,
		0.24317510426044464
	],
	"left_wrist": [
		0.8094282746315002,
		0.6190615296363831,
		-0.013399404473602772,
		0.24970491230487823
	],
	"right_shoulder": [
		0.5313596725463867,
		0.6329541802406311,
		-0.45372286438941956,
		0.9987806677818298
	],
	"right_elbow": [
		0.679099440574646,
		0.6330150365829468,
		-0.5744718909263611,
		0.9915781617164612
	],
	"right_wrist": [
		0.8170652985572815,
		0.6251863837242126,
		-0.5376713275909424,
		0.9783682227134705
	],
	"nose": [
		0.5737344026565552,
		0.5770877599716187,
		-0.2044762521982193,
		0.9984936118125916
	],
	"left_eye": [
		0.5614087581634521,
		0.5618277192115784,
		-0.18654599785804749,
		0.9983713030815125
	],
	"right_eye": [
		0.5584980249404907,
		0.5640740394592285,
		-0.24652603268623352,
		0.9987146258354187
	],
	"left_ear": [
		0.532844603061676,
		0.5682319402694702,
		-0.08093705773353577,
		0.9986709356307983
	],
	"right_ear": [
		0.5337339639663696,
		0.5721887350082397,
		-0.3528140187263489,
		0.9985358119010925
	]
}