{
	"left_hip": [
		0.3774246573448181,
		0.7335790991783142,
		0.18633125722408295,
		0.9980238080024719
	],
	"left_knee": [
		0.5533981323242188,
		0.7748255729675293,
		0.3398513197898865,
		0.3159034848213196
	],
	"left_ankle": [
		0.49548986554145813,
		0.8857978582382202,
		0.5140067338943481,
		0.35385337471961975
	],
	"right_hip": [
		0.3556879460811615,
		0.760879635810852,
		-0.1861860305070877,
		0.998492956161499
	],
	"right_knee": [
		0.5568209290504456,
		0.7981860637664795,
		-0.17321547865867615,
		0.9741127490997314
	],
	"right_ankle": [
		0.47970134019851685,
		0.937942385673523,
		-0.007350893225520849,
		0.9382333755493164
	],
	"left_shoulder": [
		0.5101959109306335,
		0.5828491449356079,
		0.1325453519821167,
		0.9950956106185913
	],
	"left_elbow": [
		0.6602141857147217,
		0.599795937538147,
		0.1961369812488556,
		0.3332972824573517
	],
	"left_wrist": [
		0.7993298172950745,
		0.5993725657463074,
		0.11492050439119339,
		0.4532119333744049
	],
	"right_shoulder": [
		0.5340824127197266,
		0.5986028909683228,
		-0.3507726788520813,
		0.9987640380859375
	],
	"right_elbow": [
		0.6822397112846375,
		0.602050244808197,
		-0.4353860020637512,
		0.9861512780189514
	],
	"right_wrist": [
		0.8184547424316406,
		0.5996532440185547,
		-0.36855557560920715,
		0.9640049934387207
	],
	"nose": [
		0.5630848407745361,
		0.5460378527641296,
		-0.08558699488639832,
		0.9991788268089294
	],
	"left_eye": [
		0.5496843457221985,
		0.5331252813339233,
		-0.07782719284296036,
		0.9992845058441162
	],
	"right_eye": [
		0.5503742098808289,
		0.5346418023109436,
		-0.12690865993499756,
		0.9993278980255127
	],
	"left_ear": [
		0.5224781632423401,
		0.5397814512252808,
		-0.01735186204314232,
		0.9995297789573669
	],
	"right_ear": [
		0.5276919603347778,
		0.5413964986801147,
		-0.24031415581703186,
		0.9992528557777405
	]
}