{
	"left_hip": [
		0.473967969417572,
		0.6429915428161621,
		0.1479649841785431,
		0.9650536775588989
	],
	"left_knee": [
		0.4614633321762085,
		0.773740828037262,
		0.2291417270898819,
		0.14459505677223206
	],
	"left_ankle": [
		0.4546765685081482,
		0.8925825953483582,
		0.3860913813114166,
		0.2501930892467499
	],
	"right_hip": [
		0.4484737813472748,
		0.6393198370933533,
		-0.1481909155845642,
		0.9627819061279297
	],
	"right_knee": [
		0.4431597888469696,
		0.7745178937911987,
		-0.09966138750314713,
		0.7381895780563354
	],
	"right_ankle": [
		0.42917540669441223,
		0.9107473492622375,
		0.05506405606865883,
		0.728848934173584
	],
	"left_shoulder": [
		0.4390031695365906,
		0.46299681067466736,
		0.19994820654392242,
		0.9782519936561584
	],
	"left_elbow": [
		0.4717721939086914,
		0.47650647163391113,
		0.3937720060348511,
		0.12215795367956161
	],
	"left_wrist": [
		0.5547648072242737,
		0.47648829221725464,
		0.5143387317657471,
		0.16662649810314178
	],
	"right_shoulder": [
		0.4835473597049713,
		0.4597848057746887,
		-0.26747649908065796,
		0.9926347732543945
	],
	"right_elbow": [
		0.6169130206108093,
		0.47010213136672974,
		-0.3634389042854309,
		0.9450176358222961
	],
	"right_wrist": [
		0.7557510137557983,
		0.4642423093318939,
		-0.33552396297454834,
		0.8405848145484924
	],
	"nose": [
		0.5195838809013367,
		0.41742339730262756,
		-0.01675688661634922,
		0.9856454730033875
	],
	"left_eye": [
		0.5071743130683899,
		0.40332484245300293,
		-0.011037755757570267,
		0.9750370383262634
	],
	"right_eye": [
		0.5024120807647705,
		0.40366870164871216,
		-0.05847518518567085,
		0.981346607208252
	],
	"left_ear": [
		0.48208725452423096,
		0.40604496002197266,
		0.05617291480302811,
		0.9662705063819885
	],
	"right_ear": [
		0.4774755537509918,
		0.40677013993263245,
		-0.15849395096302032,
		0.9795272946357727
	]
}