{
	"left_hip": [
		0.4634591341018677,
		0.6430400013923645,
		0.13727837800979614,
		0.9751047492027283
	],
	"left_knee": [
		0.46121108531951904,
		0.7739919424057007,
		0.22940601408481598,
		0.15860603749752045
	],
	"left_ankle": [
		0.4516717195510864,
		0.8931554555892944,
		0.38610589504241943,
		0.2861076891422272
	],
	"right_hip": [
		0.45120105147361755,
		0.6412394642829895,
		-0.13759419322013855,
		0.9740908741950989
	],
	"right_knee": [
		0.4464501142501831,
		0.7762803435325623,
		-0.05823977664113045,
		0.6988280415534973
	],
	"right_ankle": [
		0.43075233697891235,
		0.9112483859062195,
		0.10829733312129974,
		0.7370645999908447
	],
	"left_shoulder": [
		0.42898809909820557,
		0.4600524306297302,
		0.1847713440656662,
		0.9837018251419067
	],
	"left_elbow": [
		0.40781158208847046,
		0.4604867398738861,
		0.46228229999542236,
		0.12994325160980225
	],
	"left_wrist": [
		0.47515276074409485,
		0.4653150141239166,
		0.7087089419364929,
		0.11299600452184677
	],
	"right_shoulder": [
		0.5077918767929077,
		0.4594040513038635,
		-0.26413241028785706,
		0.9957419633865356
	],
	"right_elbow": [
		0.6345852613449097,
		0.4692332148551941,
		-0.37293004989624023,
		0.9696303009986877
	],
	"right_wrist": [
		0.776362955570221,
		0.46582770347595215,
		-0.3644612431526184,
		0.9056239724159241
	],
	"nose": [
		0.5231565833091736,
		0.41704076528549194,
		-0.02812408097088337,
		0.9860519170761108
	],
	"left_eye": [
		0.5101554989814758,
		0.4030924439430237,
		-0.02580006793141365,
		0.9784017205238342
	],
	"right_eye": [
		0.5078451037406921,
		0.40348362922668457,
		-0.06844480335712433,
		0.9854089021682739
	],
	"left_ear": [
		0.48378655314445496,
		0.4057908058166504,
		0.03774387016892433,
		0.9765179753303528
	],
	"right_ear": [
		0.4836183190345764,
		0.40648993849754333,
		-0.15506969392299652,
		0.9846950769424438
	]
}