{
	"left_hip": [
		0.4550290107727051,
		0.6631799936294556,
		0.17054462432861328,
		0.9804210066795349
	],
	"left_knee": [
		0.5413019061088562,
		0.7687796354293823,
		0.148367241024971,
		0.19575850665569305
	],
	"left_ankle": [
		0.46839866042137146,
		0.8986690640449524,
		0.24763885140419006,
		0.33917155861854553
	],
	"right_hip": [
		0.41023632884025574,
		0.6600289940834045,
		-0.1706351935863495,
		0.9788862466812134
	],
	"right_knee": [
		0.5064955353736877,
		0.7786606550216675,
		-0.1853538602590561,
		0.7960174679756165
	],
	"right_ankle": [
		0.4426499307155609,
		0.9244881868362427,
		-0.0856870487332344,
		0.820107638835907
	],
	"left_shoulder": [
		0.4650929570198059,
		0.49078837037086487,
		0.11409346759319305,
		0.9875538945198059
	],
	"left_elbow": [
		0.5188744068145752,
		0.4970157742500305,
		0.27073317766189575,
		0.1080932691693306
	],
	"left_wrist": [
		0.6075822710990906,
		0.504887580871582,
		0.2980146110057831,
		0.08474539965391159
	],
	"right_shoulder": [
		0.4755059778690338,
		0.4814632833003998,
		-0.4173571765422821,
		0.997520923614502
	],
	"right_elbow": [
		0.6384578347206116,
		0.4917151927947998,
		-0.5180606842041016,
		0.985007643699646
	],
	"right_wrist": [
		0.7775022387504578,
		0.48199090361595154,
		-0.49718427658081055,
		0.9453044533729553
	],
	"nose": [
		0.5353133678436279,
		0.43644410371780396,
		-0.17549926042556763,
		0.9917742609977722
	],
	"left_eye": [
		0.5244651436805725,
		0.42195168137550354,
		-0.1650211066007614,
		0.9878430962562561
	],
	"right_eye": [
		0.5197849869728088,
		0.42337164282798767,
		-0.22079601883888245,
		0.991917610168457
	],
	"left_ear": [
		0.4993080198764801,
		0.42582863569259644,
		-0.06679532676935196,
		0.9880233407020569
	],
	"right_ear": [
		0.49418550729751587,
		0.4281666874885559,
		-0.3176579177379608,
		0.9916255474090576
	]
}