{
	"left_hip": [
		0.3802911937236786,
		0.7707954049110413,
		0.18183010816574097,
		0.9957101345062256
	],
	"left_knee": [
		0.5570526123046875,
		0.776706337928772,
		0.341967910528183,
		0.3067028522491455
	],
	"left_ankle": [
		0.5000841021537781,
		0.8807306289672852,
		0.49168771505355835,
		0.3365459442138672
	],
	"right_hip": [
		0.3573724627494812,
		0.7960202097892761,
		-0.18158060312271118,
		0.9960500597953796
	],
	"right_knee": [
		0.5646578073501587,
		0.8031204342842102,
		-0.1909455955028534,
		0.9545610547065735
	],
	"right_ankle": [
		0.48615598678588867,
		0.9357921481132507,
		-0.00827859528362751,
		0.897861897945404
	],
	"left_shoulder": [
		0.5184767246246338,
		0.6259106397628784,
		0.042973592877388,
		0.9931804537773132
	],
	"left_elbow": [
		0.6806608438491821,
		0.6340893507003784,
		0.070893295109272,
		0.29875898361206055
	],
	"left_wrist": [
		0.8166677951812744,
		0.6306051015853882,
		-0.04862305894494057,
		0.3851358890533447
	],
	"right_shoulder": [
		0.5345521569252014,
		0.6432070136070251,
		-0.4506143033504486,
		0.9979367852210999
	],
	"right_elbow": [
		0.685630202293396,
		0.6443681716918945,
		-0.5688060522079468,
		0.9886924624443054
	],
	"right_wrist": [
		0.8249507546424866,
		0.6389759182929993,
		-0.5371139645576477,
		0.9723263382911682
	],
	"nose": [
		0.5803191065788269,
		0.5828672051429749,
		-0.22446073591709137,
		0.9985341429710388
	],
	"left_eye": [
		0.5657539963722229,
		0.5694252252578735,
		-0.2052333801984787,
		0.9982896447181702
	],
	"right_eye": [
		0.5631531476974487,
		0.5717407464981079,
		-0.2611967623233795,
		0.9985772371292114
	],
	"left_ear": [
		0.5393354296684265,
		0.5788177251815796,
		-0.09575068205595016,
		0.9986890554428101
	],
	"right_ear": [
		0.538641095161438,
		0.5824921727180481,
		-0.3505120277404785,
		0.9983342885971069
	]
}