{
	"left_hip": [
		0.3911030888557434,
		0.7587019205093384,
		0.18705180287361145,
		0.9975346922874451
	],
	"left_knee": [
		0.566601037979126,
		0.7780715227127075,
		0.32623130083084106,
		0.3232748210430145
	],
	"left_ankle": [
		0.4979189336299896,
		0.8842306137084961,
		0.4796951711177826,
		0.35528773069381714
	],
	"right_hip": [
		0.3549341857433319,
		0.7854869961738586,
		-0.18687179684638977,
		0.9980228543281555
	],
	"right_knee": [
		0.5634666681289673,
		0.8052016496658325,
		-0.18902140855789185,
		0.9744462966918945
	],
	"right_ankle": [
		0.4812897741794586,
		0.9412266612052917,
		-0.02177642099559307,
		0.9359622001647949
	],
	"left_shoulder": [
		0.5273990631103516,
		0.6170428991317749,
		0.07275848090648651,
		0.9950994849205017
	],
	"left_elbow": [
		0.6830533742904663,
		0.6236571073532104,
		0.10450831055641174,
		0.3902997672557831
	],
	"left_wrist": [
		0.8089829683303833,
		0.6236082315444946,
		-0.008514213375747204,
		0.5154260993003845
	],
	"right_shoulder": [
		0.5305132269859314,
		0.628576397895813,
		-0.4377904534339905,
		0.9985933303833008
	],
	"right_elbow": [
		0.6859685778617859,
		0.6309812664985657,
		-0.56370609998703,
		0.9872418642044067
	],
	"right_wrist": [
		0.8222562074661255,
		0.6266893148422241,
		-0.5400360226631165,
		0.9662220478057861
	],
	"nose": [
		0.5746060013771057,
		0.564996063709259,
		-0.19859446585178375,
		0.9992513656616211
	],
	"left_eye": [
		0.5595667958259583,
		0.5551194548606873,
		-0.181136354804039,
		0.9991738796234131
	],
	"right_eye": [
		0.5579119324684143,
		0.5569995641708374,
		-0.23493815958499908,
		0.9992955923080444
	],
	"left_ear": [
		0.5345199108123779,
		0.5650171637535095,
		-0.08177650719881058,
		0.9993992447853088
	],
	"right_ear": [
		0.5340214371681213,
		0.5680853724479675,
		-0.3255181610584259,
		0.9991703033447266
	]
}