{
	"left_hip": [
		0.43621566891670227,
		0.6519947052001953,
		0.16788919270038605,
		0.9924553632736206
	],
	"left_knee": [
		0.5249248147010803,
		0.765095055103302,
		0.09795841574668884,
		0.3807366192340851
	],
	"left_ankle": [
		0.4711366295814514,
		0.8927471041679382,
		0.18987765908241272,
		0.39142847061157227
	],
	"right_hip": [
		0.40281105041503906,
		0.652014970779419,
		-0.16759420931339264,
		0.9934998154640198
	],
	"right_knee": [
		0.4986734390258789,
		0.7759444713592529,
		-0.2114061862230301,
		0.9813200831413269
	],
	"right_ankle": [
		0.4573754668235779,
		0.9178069829940796,
		-0.13963036239147186,
		0.9478139877319336
	],
	"left_shoulder": [
		0.5286729335784912,
		0.4847466051578522,
		0.001776552409864962,
		0.9829293489456177
	],
	"left_elbow": [
		0.6560343503952026,
		0.48820143938064575,
		0.059991009533405304,
		0.34308090806007385
	],
	"left_wrist": [
		0.7835871577262878,
		0.48823362588882446,
		-0.062246955931186676,
		0.4264011085033417
	],
	"right_shoulder": [
		0.5104088187217712,
		0.48467129468917847,
		-0.5045305490493774,
		0.9941354393959045
	],
	"right_elbow": [
		0.6573983430862427,
		0.48462405800819397,
		-0.6354271769523621,
		0.9809707403182983
	],
	"right_wrist": [
		0.7899511456489563,
		0.4858090877532959,
		-0.6159777045249939,
		0.9187869429588318
	],
	"nose": [
		0.5493706464767456,
		0.43353334069252014,
		-0.29747068881988525,
		0.9973464608192444
	],
	"left_eye": [
		0.5338289141654968,
		0.4180280268192291,
		-0.2793513536453247,
		0.9972558617591858
	],
	"right_eye": [
		0.5311111211776733,
		0.41880306601524353,
		-0.3342253565788269,
		0.9973961710929871
	],
	"left_ear": [
		0.5103450417518616,
		0.4240565896034241,
		-0.1675359457731247,
		0.9984272122383118
	],
	"right_ear": [
		0.5066477656364441,
		0.42521852254867554,
		-0.4142821431159973,
		0.9963964223861694
	]
}