{
	"left_hip": [
		0.3679957389831543,
		0.5445248484611511,
		0.2032216340303421,
		0.999352753162384
	],
	"left_knee": [
		0.3905305564403534,
		0.6681646704673767,
		0.6282023787498474,
		0.8471095561981201
	],
	"left_ankle": [
		0.392398864030838,
		0.7804814577102661,
		1.0577212572097778,
		0.9452171325683594
	],
	"right_hip": [
		0.29925721883773804,
		0.5530236959457397,
		-0.2037193775177002,
		0.9999393224716187
	],
	"right_knee": [
		0.26694241166114807,
		0.7033693790435791,
		-0.2597446143627167,
		0.994804859161377
	],
	"right_ankle": [
		0.2414558231830597,
		0.8558428883552551,
		-0.2929951846599579,
		0.9922217726707458
	],
	"left_shoulder": [
		0.35577040910720825,
		0.3360555171966553,
		0.06785601377487183,
		0.9997979998588562
	],
	"left_elbow": [
		0.38183656334877014,
		0.4313574433326721,
		0.24130772054195404,
		0.254885196685791
	],
	"left_wrist": [
		0.4862796664237976,
		0.4939364790916443,
		0.10303580015897751,
		0.5674201846122742
	],
	"right_shoulder": [
		0.25901907682418823,
		0.3406558334827423,
		-0.5890642404556274,
		0.9999944567680359
	],
	"right_elbow": [
		0.3314761519432068,
		0.45497649908065796,
		-0.5939443111419678,
		0.9951568841934204
	],
	"right_wrist": [
		0.47414952516555786,
		0.5102265477180481,
		-0.5133751630783081,
		0.9816582202911377
	],
	"nose": [
		0.3663816750049591,
		0.2645666301250458,
		-0.46029502153396606,
		0.9999822974205017
	],
	"left_eye": [
		0.36306220293045044,
		0.24944300949573517,
		-0.4349384307861328,
		0.9999366402626038
	],
	"right_eye": [
		0.3407219648361206,
		0.24936851859092712,
		-0.4827507734298706,
		0.9999727606773376
	],
	"left_ear": [
		0.35183942317962646,
		0.2548266351222992,
		-0.24893143773078918,
		0.9997349381446838
	],
	"right_ear": [
		0.3059656023979187,
		0.2554629445075989,
		-0.4870564043521881,
		0.9999710321426392
	]
}