{
	"left_hip": [
		0.3673800528049469,
		0.54478520154953,
		0.20381706953048706,
		0.9993677139282227
	],
	"left_knee": [
		0.38954681158065796,
		0.6677153706550598,
		0.6579540967941284,
		0.8295269012451172
	],
	"left_ankle": [
		0.39052319526672363,
		0.7804140448570251,
		1.0748997926712036,
		0.9443020820617676
	],
	"right_hip": [
		0.302055686712265,
		0.5530450344085693,
		-0.20432701706886292,
		0.9999409317970276
	],
	"right_knee": [
		0.2672549784183502,
		0.7052611112594604,
		-0.2834319770336151,
		0.9942503571510315
	],
	"right_ankle": [
		0.2420310378074646,
		0.855850875377655,
		-0.33314433693885803,
		0.9916409254074097
	],
	"left_shoulder": [
		0.35836198925971985,
		0.33775895833969116,
		0.040451016277074814,
		0.9997757077217102
	],
	"left_elbow": [
		0.38855278491973877,
		0.43468642234802246,
		0.22065187990665436,
		0.26432523131370544
	],
	"left_wrist": [
		0.49299463629722595,
		0.501568078994751,
		0.10426746308803558,
		0.5674983263015747
	],
	"right_shoulder": [
		0.2644743025302887,
		0.3413826525211334,
		-0.6168158650398254,
		0.9999940991401672
	],
	"right_elbow": [
		0.33429861068725586,
		0.45782485604286194,
		-0.6300804615020752,
		0.9952267408370972
	],
	"right_wrist": [
		0.4755350649356842,
		0.5171697735786438,
		-0.5672471523284912,
		0.9815806746482849
	],
	"nose": [
		0.36932817101478577,
		0.2670297622680664,
		-0.500957190990448,
		0.9999783635139465
	],
	"left_eye": [
		0.36768579483032227,
		0.2520315945148468,
		-0.48026975989341736,
		0.9999244213104248
	],
	"right_eye": [
		0.3453063368797302,
		0.2518315613269806,
		-0.5278070569038391,
		0.9999670386314392
	],
	"left_ear": [
		0.3582688271999359,
		0.2572574317455292,
		-0.2929011881351471,
		0.9997076988220215
	],
	"right_ear": [
		0.31237417459487915,
		0.2574654221534729,
		-0.5180723667144775,
		0.9999643564224243
	]
}