{
	"left_hip": [
		0.3661877512931824,
		0.544183075428009,
		0.20357537269592285,
		0.9993523955345154
	],
	"left_knee": [
		0.3890051543712616,
		0.6680015325546265,
		0.6491736769676208,
		0.8175008893013
	],
	"left_ankle": [
		0.38956740498542786,
		0.7804819345474243,
		1.0499025583267212,
		0.9420047402381897
	],
	"right_hip": [
		0.30212485790252686,
		0.5522651076316833,
		-0.20408155024051666,
		0.9999402761459351
	],
	"right_knee": [
		0.2677951157093048,
		0.7050682306289673,
		-0.2927585542201996,
		0.9937959313392639
	],
	"right_ankle": [
		0.24202466011047363,
		0.855911374092102,
		-0.35529592633247375,
		0.9910882115364075
	],
	"left_shoulder": [
		0.3577457070350647,
		0.33785536885261536,
		0.03990800306200981,
		0.9997585415840149
	],
	"left_elbow": [
		0.388077050447464,
		0.43478602170944214,
		0.21771521866321564,
		0.2619089186191559
	],
	"left_wrist": [
		0.4936656653881073,
		0.5020463466644287,
		0.09415510296821594,
		0.5563697814941406
	],
	"right_shoulder": [
		0.26571542024612427,
		0.34162870049476624,
		-0.6280361413955688,
		0.9999939799308777
	],
	"right_elbow": [
		0.3359791338443756,
		0.460212767124176,
		-0.6402494311332703,
		0.9952627420425415
	],
	"right_wrist": [
		0.47515058517456055,
		0.5180768370628357,
		-0.574737548828125,
		0.9814284443855286
	],
	"nose": [
		0.37241092324256897,
		0.2672148644924164,
		-0.4931519031524658,
		0.9999765753746033
	],
	"left_eye": [
		0.3698866665363312,
		0.25217628479003906,
		-0.47674039006233215,
		0.9999189972877502
	],
	"right_eye": [
		0.34776780009269714,
		0.2520357072353363,
		-0.5304549932479858,
		0.9999649524688721
	],
	"left_ear": [
		0.3594493865966797,
		0.2573581039905548,
		-0.2984148859977722,
		0.9996969699859619
	],
	"right_ear": [
		0.31379401683807373,
		0.25762537121772766,
		-0.525684654712677,
		0.999962329864502
	]
}