{
	"left_hip": [
		0.3649124503135681,
		0.5510013103485107,
		0.20881862938404083,
		0.9993146061897278
	],
	"left_knee": [
		0.38695624470710754,
		0.6713250279426575,
		0.6781066656112671,
		0.7984462976455688
	],
	"left_ankle": [
		0.38753336668014526,
		0.7808771729469299,
		1.0965652465820312,
		0.9391143918037415
	],
	"right_hip": [
		0.2977210581302643,
		0.5575219392776489,
		-0.20929643511772156,
		0.9999352097511292
	],
	"right_knee": [
		0.26332804560661316,
		0.7074804902076721,
		-0.2581513822078705,
		0.9932978749275208
	],
	"right_ankle": [
		0.24000267684459686,
		0.8567326664924622,
		-0.272988498210907,
		0.9902146458625793
	],
	"left_shoulder": [
		0.36012837290763855,
		0.33717483282089233,
		0.0943278819322586,
		0.9997708201408386
	],
	"left_elbow": [
		0.3871186673641205,
		0.4315566122531891,
		0.26643645763397217,
		0.27674922347068787
	],
	"left_wrist": [
		0.4841154217720032,
		0.48718780279159546,
		0.10378335416316986,
		0.5864206552505493
	],
	"right_shoulder": [
		0.2642613351345062,
		0.3416438698768616,
		-0.5730128288269043,
		0.9999942779541016
	],
	"right_elbow": [
		0.30975550413131714,
		0.460186243057251,
		-0.5864035487174988,
		0.9953975081443787
	],
	"right_wrist": [
		0.4567348062992096,
		0.5159223079681396,
		-0.5176090002059937,
		0.9815224409103394
	],
	"nose": [
		0.37733277678489685,
		0.27031123638153076,
		-0.46431392431259155,
		0.9999798536300659
	],
	"left_eye": [
		0.37456995248794556,
		0.2536921501159668,
		-0.43733927607536316,
		0.9999299049377441
	],
	"right_eye": [
		0.35028889775276184,
		0.25393301248550415,
		-0.4893777072429657,
		0.9999694228172302
	],
	"left_ear": [
		0.3641935884952545,
		0.25825193524360657,
		-0.2305927723646164,
		0.9997504353523254
	],
	"right_ear": [
		0.3142668902873993,
		0.25923681259155273,
		-0.471483439207077,
		0.999968409538269
	]
}