{
	"left_hip": [
		0.3540467917919159,
		0.5589050650596619,
		0.22736746072769165,
		0.9989222288131714
	],
	"left_knee": [
		0.37867462635040283,
		0.676982045173645,
		0.739331066608429,
		0.770101010799408
	],
	"left_ankle": [
		0.379467636346817,
		0.7846678495407104,
		1.2210415601730347,
		0.9243128895759583
	],
	"right_hip": [
		0.29065224528312683,
		0.5667382478713989,
		-0.22756431996822357,
		0.9998637437820435
	],
	"right_knee": [
		0.2560817301273346,
		0.710525393486023,
		-0.17433160543441772,
		0.9906328916549683
	],
	"right_ankle": [
		0.23312488198280334,
		0.857923150062561,
		-0.07699256390333176,
		0.9864160418510437
	],
	"left_shoulder": [
		0.3592867851257324,
		0.34694036841392517,
		0.065730020403862,
		0.9996262192726135
	],
	"left_elbow": [
		0.37929874658584595,
		0.4421338438987732,
		0.22043809294700623,
		0.19123248755931854
	],
	"left_wrist": [
		0.4578714668750763,
		0.5010311007499695,
		0.08758494257926941,
		0.3814697861671448
	],
	"right_shoulder": [
		0.28702065348625183,
		0.34785884618759155,
		-0.7073484659194946,
		0.9999870657920837
	],
	"right_elbow": [
		0.33146244287490845,
		0.46889621019363403,
		-0.7426058650016785,
		0.9886955618858337
	],
	"right_wrist": [
		0.4583444893360138,
		0.5273913145065308,
		-0.6148757338523865,
		0.9480726718902588
	],
	"nose": [
		0.41941723227500916,
		0.27207592129707336,
		-0.4013867974281311,
		0.9999062418937683
	],
	"left_eye": [
		0.4055878520011902,
		0.2548188269138336,
		-0.3796277344226837,
		0.9997733235359192
	],
	"right_eye": [
		0.39596012234687805,
		0.2561970353126526,
		-0.45250433683395386,
		0.9998736381530762
	],
	"left_ear": [
		0.37283724546432495,
		0.2587408423423767,
		-0.21427027881145477,
		0.9994485974311829
	],
	"right_ear": [
		0.35739248991012573,
		0.2617678940296173,
		-0.5717008113861084,
		0.9998797178268433
	]
}