{
	"left_hip": [
		0.35340866446495056,
		0.5600811839103699,
		0.23069150745868683,
		0.9988506436347961
	],
	"left_knee": [
		0.3745212256908417,
		0.6791605949401855,
		0.6879732608795166,
		0.7618947625160217
	],
	"left_ankle": [
		0.376214861869812,
		0.7883061170578003,
		1.1163700819015503,
		0.9192809462547302
	],
	"right_hip": [
		0.2875606119632721,
		0.567874550819397,
		-0.23090723156929016,
		0.9998446702957153
	],
	"right_knee": [
		0.2537383437156677,
		0.7112801671028137,
		-0.20394329726696014,
		0.9899144172668457
	],
	"right_ankle": [
		0.2318985015153885,
		0.8578764796257019,
		-0.13061612844467163,
		0.9854981303215027
	],
	"left_shoulder": [
		0.35999998450279236,
		0.3487255573272705,
		0.12259577959775925,
		0.9996271729469299
	],
	"left_elbow": [
		0.3798084557056427,
		0.4415985941886902,
		0.27006882429122925,
		0.19154568016529083
	],
	"left_wrist": [
		0.45842069387435913,
		0.5018722414970398,
		0.11542629450559616,
		0.37615835666656494
	],
	"right_shoulder": [
		0.2847948968410492,
		0.34837663173675537,
		-0.6413649916648865,
		0.9999853372573853
	],
	"right_elbow": [
		0.32348552346229553,
		0.46873265504837036,
		-0.6772407293319702,
		0.9871355891227722
	],
	"right_wrist": [
		0.45003318786621094,
		0.5257230401039124,
		-0.5529014468193054,
		0.9445467591285706
	],
	"nose": [
		0.4206482768058777,
		0.2767661213874817,
		-0.3364987373352051,
		0.9998763203620911
	],
	"left_eye": [
		0.4070407748222351,
		0.25852710008621216,
		-0.31280025839805603,
		0.9997074007987976
	],
	"right_eye": [
		0.3975299298763275,
		0.2595984935760498,
		-0.38949042558670044,
		0.9998297095298767
	],
	"left_ear": [
		0.3732379972934723,
		0.2616194188594818,
		-0.1471349000930786,
		0.9992868304252625
	],
	"right_ear": [
		0.35829824209213257,
		0.26430705189704895,
		-0.5002323985099792,
		0.9998303055763245
	]
}