{
	"left_hip": [
		0.35060518980026245,
		0.5625537037849426,
		0.23488286137580872,
		0.99843829870224
	],
	"left_knee": [
		0.36751559376716614,
		0.6880546808242798,
		0.6406545639038086,
		0.7468520402908325
	],
	"left_ankle": [
		0.3644658923149109,
		0.800247311592102,
		1.0319246053695679,
		0.9152329564094543
	],
	"right_hip": [
		0.28091561794281006,
		0.5698333978652954,
		-0.23505747318267822,
		0.9998123049736023
	],
	"right_knee": [
		0.24391470849514008,
		0.7209281325340271,
		-0.31337860226631165,
		0.9891708493232727
	],
	"right_ankle": [
		0.21637062728405,
		0.8754180669784546,
		-0.32422205805778503,
		0.9855155944824219
	],
	"left_shoulder": [
		0.3447541296482086,
		0.35551077127456665,
		0.23056641221046448,
		0.9996543526649475
	],
	"left_elbow": [
		0.3814745247364044,
		0.4379018247127533,
		0.3670949637889862,
		0.21923430263996124
	],
	"left_wrist": [
		0.46063074469566345,
		0.4903676509857178,
		0.17189989984035492,
		0.4040796160697937
	],
	"right_shoulder": [
		0.2689797580242157,
		0.35507988929748535,
		-0.5505626201629639,
		0.9999826550483704
	],
	"right_elbow": [
		0.3203798532485962,
		0.46186453104019165,
		-0.5746082663536072,
		0.9838746190071106
	],
	"right_wrist": [
		0.4367000460624695,
		0.5093318223953247,
		-0.40567782521247864,
		0.9430601596832275
	],
	"nose": [
		0.3967791199684143,
		0.2809560298919678,
		-0.23343902826309204,
		0.9998610019683838
	],
	"left_eye": [
		0.38230887055397034,
		0.26372939348220825,
		-0.20866909623146057,
		0.999664843082428
	],
	"right_eye": [
		0.37044546008110046,
		0.2646135985851288,
		-0.28504323959350586,
		0.9997960925102234
	],
	"left_ear": [
		0.3509610891342163,
		0.26795706152915955,
		-0.041402630507946014,
		0.9990735054016113
	],
	"right_ear": [
		0.3292505145072937,
		0.2707015573978424,
		-0.3905579745769501,
		0.9997650384902954
	]
}