{
	"left_hip": [
		0.347602516412735,
		0.5668346285820007,
		0.23604363203048706,
		0.9983223676681519
	],
	"left_knee": [
		0.3631752133369446,
		0.6884832978248596,
		0.7007887363433838,
		0.7474605441093445
	],
	"left_ankle": [
		0.3600788414478302,
		0.8025386929512024,
		1.1482597589492798,
		0.9166063070297241
	],
	"right_hip": [
		0.2807658612728119,
		0.5753058195114136,
		-0.23615919053554535,
		0.9997837543487549
	],
	"right_knee": [
		0.24275489151477814,
		0.7229165434837341,
		-0.2599050998687744,
		0.9887887835502625
	],
	"right_ankle": [
		0.2148025780916214,
		0.8803730010986328,
		-0.22906574606895447,
		0.985465943813324
	],
	"left_shoulder": [
		0.3331875801086426,
		0.3574095666408539,
		0.215006485581398,
		0.9996673464775085
	],
	"left_elbow": [
		0.38138118386268616,
		0.4392758011817932,
		0.3436829149723053,
		0.21632620692253113
	],
	"left_wrist": [
		0.48009389638900757,
		0.4833682179450989,
		0.12837937474250793,
		0.41340792179107666
	],
	"right_shoulder": [
		0.26665738224983215,
		0.36046725511550903,
		-0.5674957036972046,
		0.9999797940254211
	],
	"right_elbow": [
		0.35231369733810425,
		0.4627269208431244,
		-0.597474992275238,
		0.9826756119728088
	],
	"right_wrist": [
		0.4714488685131073,
		0.5023818612098694,
		-0.41396161913871765,
		0.9390543699264526
	],
	"nose": [
		0.39193040132522583,
		0.2819802165031433,
		-0.24601444602012634,
		0.9998570084571838
	],
	"left_eye": [
		0.3756885528564453,
		0.2648163437843323,
		-0.2215019166469574,
		0.9996684789657593
	],
	"right_eye": [
		0.3672119677066803,
		0.26570093631744385,
		-0.29821687936782837,
		0.999798595905304
	],
	"left_ear": [
		0.34053391218185425,
		0.2696775794029236,
		-0.05905398353934288,
		0.9990997314453125
	],
	"right_ear": [
		0.3251035511493683,
		0.27209070324897766,
		-0.40879732370376587,
		0.9997734427452087
	]
}