{
	"left_hip": [
		0.33739057183265686,
		0.580703616142273,
		0.21272991597652435,
		0.9980105757713318
	],
	"left_knee": [
		0.35831302404403687,
		0.699570894241333,
		0.6139470934867859,
		0.7689765691757202
	],
	"left_ankle": [
		0.3556194305419922,
		0.8169596791267395,
		0.998892068862915,
		0.9257789254188538
	],
	"right_hip": [
		0.27621862292289734,
		0.5898538827896118,
		-0.21275340020656586,
		0.9996715188026428
	],
	"right_knee": [
		0.23432113230228424,
		0.7372908592224121,
		-0.20068438351154327,
		0.9883759617805481
	],
	"right_ankle": [
		0.20453067123889923,
		0.8934351205825806,
		-0.2162836343050003,
		0.9863893985748291
	],
	"left_shoulder": [
		0.31026771664619446,
		0.360321044921875,
		0.2565681040287018,
		0.9994269609451294
	],
	"left_elbow": [
		0.40073928236961365,
		0.43397969007492065,
		0.3834588825702667,
		0.171059712767601
	],
	"left_wrist": [
		0.5155508518218994,
		0.45427435636520386,
		0.21411079168319702,
		0.3696073591709137
	],
	"right_shoulder": [
		0.2666195333003998,
		0.362964928150177,
		-0.4703759551048279,
		0.9999333620071411
	],
	"right_elbow": [
		0.3823849856853485,
		0.43790358304977417,
		-0.47245946526527405,
		0.9712219834327698
	],
	"right_wrist": [
		0.49440667033195496,
		0.46031323075294495,
		-0.2183893769979477,
		0.8904902935028076
	],
	"nose": [
		0.3689483106136322,
		0.2871449589729309,
		-0.1402178704738617,
		0.9997867345809937
	],
	"left_eye": [
		0.3550821542739868,
		0.27230891585350037,
		-0.11873840540647507,
		0.9996218681335449
	],
	"right_eye": [
		0.3463684618473053,
		0.2726232409477234,
		-0.18924501538276672,
		0.9997581839561462
	],
	"left_ear": [
		0.3255215585231781,
		0.27833759784698486,
		0.023194637149572372,
		0.999146580696106
	],
	"right_ear": [
		0.3073587417602539,
		0.28113213181495667,
		-0.3007862865924835,
		0.9997767806053162
	]
}