{
	"left_hip": [
		0.33113592863082886,
		0.5893526077270508,
		0.20454491674900055,
		0.9977327585220337
	],
	"left_knee": [
		0.3523991107940674,
		0.7132092714309692,
		0.5638521909713745,
		0.8082544803619385
	],
	"left_ankle": [
		0.35253608226776123,
		0.8305312395095825,
		0.920998215675354,
		0.9364255666732788
	],
	"right_hip": [
		0.26727885007858276,
		0.6008026003837585,
		-0.20450802147388458,
		0.9994111061096191
	],
	"right_knee": [
		0.22669360041618347,
		0.7511878609657288,
		-0.11424403637647629,
		0.989234209060669
	],
	"right_ankle": [
		0.20339474081993103,
		0.9009460210800171,
		-0.021402373909950256,
		0.9887862801551819
	],
	"left_shoulder": [
		0.30696094036102295,
		0.3668655753135681,
		0.15923087298870087,
		0.9992700815200806
	],
	"left_elbow": [
		0.4185635447502136,
		0.41685596108436584,
		0.3198070824146271,
		0.16874989867210388
	],
	"left_wrist": [
		0.5204752087593079,
		0.43043264746665955,
		0.14747022092342377,
		0.3820911645889282
	],
	"right_shoulder": [
		0.26409438252449036,
		0.371289998292923,
		-0.5322381258010864,
		0.999824047088623
	],
	"right_elbow": [
		0.4369587004184723,
		0.42000681161880493,
		-0.4750438630580902,
		0.9640924334526062
	],
	"right_wrist": [
		0.5544810891151428,
		0.40948256850242615,
		-0.07068897038698196,
		0.8199618458747864
	],
	"nose": [
		0.36401495337486267,
		0.2977132797241211,
		-0.3247036635875702,
		0.999796986579895
	],
	"left_eye": [
		0.35376647114753723,
		0.2810690701007843,
		-0.29702261090278625,
		0.9996503591537476
	],
	"right_eye": [
		0.3394123315811157,
		0.2821546792984009,
		-0.36291706562042236,
		0.9997692108154297
	],
	"left_ear": [
		0.3240377604961395,
		0.28661787509918213,
		-0.0971464142203331,
		0.9992712736129761
	],
	"right_ear": [
		0.2946575880050659,
		0.29235464334487915,
		-0.4016610383987427,
		0.9997814893722534
	]
}