{
	"left_hip": [
		0.33300015330314636,
		0.5888897180557251,
		0.20560351014137268,
		0.9977872967720032
	],
	"left_knee": [
		0.35231420397758484,
		0.7135788202285767,
		0.561356246471405,
		0.8196504712104797
	],
	"left_ankle": [
		0.3526546359062195,
		0.8318174481391907,
		0.9000968337059021,
		0.9390239119529724
	],
	"right_hip": [
		0.26700618863105774,
		0.6005282402038574,
		-0.20555108785629272,
		0.9994018077850342
	],
	"right_knee": [
		0.22666679322719574,
		0.7525742650032043,
		-0.12717296183109283,
		0.9891248345375061
	],
	"right_ankle": [
		0.20322570204734802,
		0.9021706581115723,
		-0.02193511836230755,
		0.9882480502128601
	],
	"left_shoulder": [
		0.32281073927879333,
		0.3674473166465759,
		0.1658579707145691,
		0.9992265701293945
	],
	"left_elbow": [
		0.43739330768585205,
		0.410165011882782,
		0.20702888071537018,
		0.15958571434020996
	],
	"left_wrist": [
		0.4773832857608795,
		0.39370566606521606,
		-0.11280994117259979,
		0.337756872177124
	],
	"right_shoulder": [
		0.26388439536094666,
		0.3716031312942505,
		-0.5175229907035828,
		0.9998263716697693
	],
	"right_elbow": [
		0.45927146077156067,
		0.40984487533569336,
		-0.39688941836357117,
		0.962966799736023
	],
	"right_wrist": [
		0.5082918405532837,
		0.39346492290496826,
		0.09663767367601395,
		0.7955425381660461
	],
	"nose": [
		0.3649038076400757,
		0.29854172468185425,
		-0.3004037141799927,
		0.9998276233673096
	],
	"left_eye": [
		0.35672158002853394,
		0.2821268141269684,
		-0.274054616689682,
		0.9997040033340454
	],
	"right_eye": [
		0.33965298533439636,
		0.28342002630233765,
		-0.3419884443283081,
		0.999805212020874
	],
	"left_ear": [
		0.3276579678058624,
		0.28782838582992554,
		-0.08474895358085632,
		0.9993836879730225
	],
	"right_ear": [
		0.295288622379303,
		0.29325568675994873,
		-0.39632758498191833,
		0.9998166561126709
	]
}