{
	"left_hip": [
		0.33369967341423035,
		0.5900827050209045,
		0.20664198696613312,
		0.9977461695671082
	],
	"left_knee": [
		0.35238221287727356,
		0.7150381207466125,
		0.5676578879356384,
		0.8237683773040771
	],
	"left_ankle": [
		0.353085458278656,
		0.8326433897018433,
		0.9071006178855896,
		0.9394656419754028
	],
	"right_hip": [
		0.26707392930984497,
		0.6015855073928833,
		-0.20665134489536285,
		0.9993782639503479
	],
	"right_knee": [
		0.22666335105895996,
		0.7531376481056213,
		-0.11359792202711105,
		0.9892721176147461
	],
	"right_ankle": [
		0.20319752395153046,
		0.902572512626648,
		-0.004621170461177826,
		0.9883856773376465
	],
	"left_shoulder": [
		0.3256010115146637,
		0.36821040511131287,
		0.16851916909217834,
		0.9991809725761414
	],
	"left_elbow": [
		0.446402907371521,
		0.407226026058197,
		0.2994897961616516,
		0.1607125699520111
	],
	"left_wrist": [
		0.5247140526771545,
		0.40546900033950806,
		0.10841281712055206,
		0.3328252136707306
	],
	"right_shoulder": [
		0.26443278789520264,
		0.3714158833026886,
		-0.5214212536811829,
		0.9998149871826172
	],
	"right_elbow": [
		0.4597737193107605,
		0.4051879942417145,
		-0.47710686922073364,
		0.96318119764328
	],
	"right_wrist": [
		0.5127646327018738,
		0.39153704047203064,
		-0.11929743736982346,
		0.7923930883407593
	],
	"nose": [
		0.36589038372039795,
		0.2984958291053772,
		-0.3537331819534302,
		0.9998389482498169
	],
	"left_eye": [
		0.3584885001182556,
		0.282141774892807,
		-0.3184831738471985,
		0.9997212886810303
	],
	"right_eye": [
		0.3399379849433899,
		0.2836173176765442,
		-0.3808844983577728,
		0.9998183846473694
	],
	"left_ear": [
		0.3294141888618469,
		0.28815680742263794,
		-0.09426216781139374,
		0.9994216561317444
	],
	"right_ear": [
		0.29542550444602966,
		0.29352229833602905,
		-0.3924238085746765,
		0.9998287558555603
	]
}