{
	"left_hip": [
		0.3367807865142822,
		0.595872700214386,
		0.20598666369915009,
		0.9974308609962463
	],
	"left_knee": [
		0.3522259593009949,
		0.7244490385055542,
		0.5305454730987549,
		0.8358547687530518
	],
	"left_ankle": [
		0.3524431586265564,
		0.8401011228561401,
		0.8674065470695496,
		0.9415866732597351
	],
	"right_hip": [
		0.26692134141921997,
		0.6064870357513428,
		-0.2060403823852539,
		0.9992614984512329
	],
	"right_knee": [
		0.22640460729599,
		0.7584837675094604,
		-0.10045120120048523,
		0.9899342656135559
	],
	"right_ankle": [
		0.20299972593784332,
		0.9055539965629578,
		-0.022815009579062462,
		0.9888160824775696
	],
	"left_shoulder": [
		0.32999560236930847,
		0.3732709288597107,
		0.17493416368961334,
		0.9986453652381897
	],
	"left_elbow": [
		0.43584582209587097,
		0.4049701690673828,
		0.35314348340034485,
		0.15483754873275757
	],
	"left_wrist": [
		0.45547738671302795,
		0.4149555563926697,
		0.2574547231197357,
		0.2981327772140503
	],
	"right_shoulder": [
		0.2636429965496063,
		0.3711029589176178,
		-0.4860679507255554,
		0.9997265338897705
	],
	"right_elbow": [
		0.4491690695285797,
		0.3853880763053894,
		-0.5429496765136719,
		0.9668930768966675
	],
	"right_wrist": [
		0.5258306860923767,
		0.3777734935283661,
		-0.27308136224746704,
		0.7870889902114868
	],
	"nose": [
		0.368646502494812,
		0.2995872497558594,
		-0.3621002733707428,
		0.9998545050621033
	],
	"left_eye": [
		0.3619835376739502,
		0.2840714752674103,
		-0.32015568017959595,
		0.999733567237854
	],
	"right_eye": [
		0.34215879440307617,
		0.2855948805809021,
		-0.37618881464004517,
		0.9998380541801453
	],
	"left_ear": [
		0.3333895206451416,
		0.2912689447402954,
		-0.09204410761594772,
		0.9994716048240662
	],
	"right_ear": [
		0.2984645664691925,
		0.2956233024597168,
		-0.3404705822467804,
		0.9998440146446228
	]
}