{
	"left_hip": [
		0.34068331122398376,
		0.5958175659179688,
		0.2054247260093689,
		0.9971278309822083
	],
	"left_knee": [
		0.35353294014930725,
		0.7258946895599365,
		0.5305019021034241,
		0.8432978391647339
	],
	"left_ankle": [
		0.35309749841690063,
		0.8437491655349731,
		0.8769832849502563,
		0.9441808462142944
	],
	"right_hip": [
		0.2681306302547455,
		0.6067878007888794,
		-0.20558567345142365,
		0.9991465210914612
	],
	"right_knee": [
		0.22673028707504272,
		0.7597280740737915,
		-0.09006522595882416,
		0.9904341697692871
	],
	"right_ankle": [
		0.20299667119979858,
		0.908444881439209,
		0.01619323343038559,
		0.989412248134613
	],
	"left_shoulder": [
		0.33120468258857727,
		0.37337377667427063,
		0.1574411541223526,
		0.9982268214225769
	],
	"left_elbow": [
		0.4050774872303009,
		0.439042866230011,
		0.3430750072002411,
		0.14058658480644226
	],
	"left_wrist": [
		0.45285749435424805,
		0.4728492200374603,
		0.21684250235557556,
		0.2656978666782379
	],
	"right_shoulder": [
		0.26029860973358154,
		0.37130099534988403,
		-0.5004469752311707,
		0.999661922454834
	],
	"right_elbow": [
		0.44235512614250183,
		0.38407787680625916,
		-0.5972135066986084,
		0.9706767797470093
	],
	"right_wrist": [
		0.5803138613700867,
		0.37844353914260864,
		-0.39366498589515686,
		0.796040952205658
	],
	"nose": [
		0.37034717202186584,
		0.30249953269958496,
		-0.41095811128616333,
		0.999850869178772
	],
	"left_eye": [
		0.3637852072715759,
		0.28749892115592957,
		-0.367522269487381,
		0.9997113347053528
	],
	"right_eye": [
		0.34282180666923523,
		0.28877389430999756,
		-0.42352181673049927,
		0.9998312592506409
	],
	"left_ear": [
		0.33507996797561646,
		0.29442596435546875,
		-0.11798682808876038,
		0.9994221329689026
	],
	"right_ear": [
		0.29913008213043213,
		0.2981894016265869,
		-0.3686051666736603,
		0.9998258352279663
	]
}