{
	"left_hip": [
		0.3491131067276001,
		0.6080132722854614,
		0.22772471606731415,
		0.9976681470870972
	],
	"left_knee": [
		0.36144474148750305,
		0.7392155528068542,
		0.5753670930862427,
		0.8400408625602722
	],
	"left_ankle": [
		0.35633230209350586,
		0.8591891527175903,
		0.9304641485214233,
		0.9349961876869202
	],
	"right_hip": [
		0.27744653820991516,
		0.6186611652374268,
		-0.22773732244968414,
		0.9993516802787781
	],
	"right_knee": [
		0.22867608070373535,
		0.7745602130889893,
		-0.18604975938796997,
		0.9912949204444885
	],
	"right_ankle": [
		0.20225578546524048,
		0.9282536506652832,
		-0.12332040071487427,
		0.9901566505432129
	],
	"left_shoulder": [
		0.3330739438533783,
		0.388073593378067,
		0.21580062806606293,
		0.9967911243438721
	],
	"left_elbow": [
		0.33437660336494446,
		0.484246164560318,
		0.4079737663269043,
		0.17628809809684753
	],
	"left_wrist": [
		0.4075738787651062,
		0.5571884512901306,
		0.22920803725719452,
		0.2561047077178955
	],
	"right_shoulder": [
		0.24608105421066284,
		0.3842414319515228,
		-0.5245043635368347,
		0.999502956867218
	],
	"right_elbow": [
		0.3434668481349945,
		0.38509514927864075,
		-0.6797133088111877,
		0.9822847247123718
	],
	"right_wrist": [
		0.42127346992492676,
		0.3326508700847626,
		-0.4656932055950165,
		0.8650081753730774
	],
	"nose": [
		0.36776870489120483,
		0.3126694858074188,
		-0.22356101870536804,
		0.9996848106384277
	],
	"left_eye": [
		0.36076897382736206,
		0.2993617355823517,
		-0.19483354687690735,
		0.9993472099304199
	],
	"right_eye": [
		0.34399205446243286,
		0.3003145158290863,
		-0.26962950825691223,
		0.9995481371879578
	],
	"left_ear": [
		0.33473631739616394,
		0.30585333704948425,
		-0.017292186617851257,
		0.9989085793495178
	],
	"right_ear": [
		0.3021974265575409,
		0.3095546066761017,
		-0.3680691123008728,
		0.9994795918464661
	]
}