{
	"left_hip": [
		0.3485969305038452,
		0.6097360849380493,
		0.22516782581806183,
		0.9981487393379211
	],
	"left_knee": [
		0.36150139570236206,
		0.7431341409683228,
		0.5694576501846313,
		0.8263062238693237
	],
	"left_ankle": [
		0.36025696992874146,
		0.8638197183609009,
		0.9620652794837952,
		0.9355889558792114
	],
	"right_hip": [
		0.2778114080429077,
		0.6196781992912292,
		-0.22524172067642212,
		0.9995040893554688
	],
	"right_knee": [
		0.22915589809417725,
		0.7762174606323242,
		-0.18399152159690857,
		0.9915195107460022
	],
	"right_ankle": [
		0.2015184462070465,
		0.9322044253349304,
		-0.06991313397884369,
		0.990139901638031
	],
	"left_shoulder": [
		0.3355388343334198,
		0.38843584060668945,
		0.20664837956428528,
		0.9973881840705872
	],
	"left_elbow": [
		0.3385668098926544,
		0.4975664019584656,
		0.34700635075569153,
		0.16072462499141693
	],
	"left_wrist": [
		0.39964061975479126,
		0.5781330466270447,
		0.16786862909793854,
		0.23731443285942078
	],
	"right_shoulder": [
		0.24484676122665405,
		0.3828921616077423,
		-0.4879721701145172,
		0.9995474219322205
	],
	"right_elbow": [
		0.34817051887512207,
		0.34378141164779663,
		-0.6022186875343323,
		0.9854969382286072
	],
	"right_wrist": [
		0.4132745862007141,
		0.31735140085220337,
		-0.28469985723495483,
		0.8750755190849304
	],
	"nose": [
		0.3662507236003876,
		0.3119324743747711,
		-0.21217992901802063,
		0.999710202217102
	],
	"left_eye": [
		0.3584100008010864,
		0.29885134100914,
		-0.18111534416675568,
		0.9994144439697266
	],
	"right_eye": [
		0.34295153617858887,
		0.29987722635269165,
		-0.25100022554397583,
		0.999550998210907
	],
	"left_ear": [
		0.3325551450252533,
		0.30571791529655457,
		0.005354270804673433,
		0.9990400075912476
	],
	"right_ear": [
		0.3041577637195587,
		0.30775734782218933,
		-0.3420189619064331,
		0.9994877576828003
	]
}