{
	"left_hip": [
		0.3485861122608185,
		0.610931396484375,
		0.2237890213727951,
		0.9982467293739319
	],
	"left_knee": [
		0.3611890971660614,
		0.7447749376296997,
		0.5757765769958496,
		0.8222153186798096
	],
	"left_ankle": [
		0.36022457480430603,
		0.8646793365478516,
		0.970685601234436,
		0.935735821723938
	],
	"right_hip": [
		0.2778102457523346,
		0.6209877729415894,
		-0.22390855848789215,
		0.9995342493057251
	],
	"right_knee": [
		0.22916963696479797,
		0.7774427533149719,
		-0.17082343995571136,
		0.9915969967842102
	],
	"right_ankle": [
		0.2014080435037613,
		0.933061957359314,
		-0.048303280025720596,
		0.9902012348175049
	],
	"left_shoulder": [
		0.33553367853164673,
		0.38956114649772644,
		0.17726291716098785,
		0.9974807500839233
	],
	"left_elbow": [
		0.33428701758384705,
		0.4996475279331207,
		0.31014806032180786,
		0.15515530109405518
	],
	"left_wrist": [
		0.38530728220939636,
		0.5906156301498413,
		0.11400830000638962,
		0.2296706885099411
	],
	"right_shoulder": [
		0.24464285373687744,
		0.38281598687171936,
		-0.4874482750892639,
		0.9995406866073608
	],
	"right_elbow": [
		0.34586575627326965,
		0.3365335762500763,
		-0.5683779120445251,
		0.9858630895614624
	],
	"right_wrist": [
		0.4013913571834564,
		0.31600841879844666,
		-0.16903841495513916,
		0.8657644987106323
	],
	"nose": [
		0.36572808027267456,
		0.31298935413360596,
		-0.21697010099887848,
		0.9997063279151917
	],
	"left_eye": [
		0.35836341977119446,
		0.2998846471309662,
		-0.18398752808570862,
		0.9994102120399475
	],
	"right_eye": [
		0.34270235896110535,
		0.30008822679519653,
		-0.2537044882774353,
		0.9995285868644714
	],
	"left_ear": [
		0.3324146270751953,
		0.3067936599254608,
		-0.004486072808504105,
		0.9990460872650146
	],
	"right_ear": [
		0.304446816444397,
		0.30791911482810974,
		-0.3484093248844147,
		0.9994677901268005
	]
}