{
	"left_hip": [
		0.34906864166259766,
		0.6193772554397583,
		0.19479727745056152,
		0.9987188577651978
	],
	"left_knee": [
		0.35951292514801025,
		0.7506973743438721,
		0.5291008353233337,
		0.8389099836349487
	],
	"left_ankle": [
		0.35949674248695374,
		0.8706717491149902,
		0.8368723392486572,
		0.9374808669090271
	],
	"right_hip": [
		0.27873024344444275,
		0.629440426826477,
		-0.19482532143592834,
		0.999662458896637
	],
	"right_knee": [
		0.22959041595458984,
		0.7839030027389526,
		-0.15136870741844177,
		0.9913772940635681
	],
	"right_ankle": [
		0.20134593546390533,
		0.9375826120376587,
		-0.13364537060260773,
		0.9903100728988647
	],
	"left_shoulder": [
		0.33344388008117676,
		0.393226683139801,
		0.2242153435945511,
		0.9977028965950012
	],
	"left_elbow": [
		0.4366772174835205,
		0.37963205575942993,
		0.5198997259140015,
		0.19045977294445038
	],
	"left_wrist": [
		0.4997919201850891,
		0.33254802227020264,
		0.6481010913848877,
		0.2917327880859375
	],
	"right_shoulder": [
		0.2421225905418396,
		0.3893379867076874,
		-0.4460746645927429,
		0.9995383620262146
	],
	"right_elbow": [
		0.3322940170764923,
		0.3854188323020935,
		-0.4176046550273895,
		0.9770808219909668
	],
	"right_wrist": [
		0.38663139939308167,
		0.3367517590522766,
		0.043234486132860184,
		0.8180134296417236
	],
	"nose": [
		0.3491705060005188,
		0.3217712938785553,
		-0.16116023063659668,
		0.9997848272323608
	],
	"left_eye": [
		0.3454432785511017,
		0.30776938796043396,
		-0.13745084404945374,
		0.9995725750923157
	],
	"right_eye": [
		0.3285202383995056,
		0.30806389451026917,
		-0.20832833647727966,
		0.999640941619873
	],
	"left_ear": [
		0.3245285153388977,
		0.31331416964530945,
		0.02560531347990036,
		0.9993497729301453
	],
	"right_ear": [
		0.3004094064235687,
		0.3153771758079529,
		-0.3054094910621643,
		0.999588668346405
	]
}