{
	"left_hip": [
		0.3491053879261017,
		0.6223471164703369,
		0.188477024435997,
		0.9988253712654114
	],
	"left_knee": [
		0.35874319076538086,
		0.7527326941490173,
		0.49400028586387634,
		0.8501623868942261
	],
	"left_ankle": [
		0.3584020435810089,
		0.8736006021499634,
		0.8194253444671631,
		0.9370961785316467
	],
	"right_hip": [
		0.27874934673309326,
		0.6328780651092529,
		-0.18850749731063843,
		0.999675989151001
	],
	"right_knee": [
		0.2295711487531662,
		0.7854681015014648,
		-0.11723314970731735,
		0.9915716052055359
	],
	"right_ankle": [
		0.20116345584392548,
		0.940609335899353,
		-0.08166636526584625,
		0.9903654456138611
	],
	"left_shoulder": [
		0.333017498254776,
		0.39607295393943787,
		0.20041389763355255,
		0.9977018237113953
	],
	"left_elbow": [
		0.4700230062007904,
		0.3625558018684387,
		0.4372606575489044,
		0.23191966116428375
	],
	"left_wrist": [
		0.5783021450042725,
		0.3263545036315918,
		0.4576604664325714,
		0.36651843786239624
	],
	"right_shoulder": [
		0.24103239178657532,
		0.39241594076156616,
		-0.45217832922935486,
		0.9994961619377136
	],
	"right_elbow": [
		0.33261749148368835,
		0.3707796633243561,
		-0.6844248175621033,
		0.9756518602371216
	],
	"right_wrist": [
		0.38778021931648254,
		0.3311876654624939,
		-0.6003570556640625,
		0.8173828721046448
	],
	"nose": [
		0.35301586985588074,
		0.32187598943710327,
		-0.17167851328849792,
		0.9998222589492798
	],
	"left_eye": [
		0.3460945188999176,
		0.3078073561191559,
		-0.14667344093322754,
		0.9996470212936401
	],
	"right_eye": [
		0.33006522059440613,
		0.3081258535385132,
		-0.21790410578250885,
		0.9997058510780334
	],
	"left_ear": [
		0.3226493299007416,
		0.31350818276405334,
		0.021494640037417412,
		0.9994669556617737
	],
	"right_ear": [
		0.3004804849624634,
		0.3155185878276825,
		-0.3074291944503784,
		0.9996639490127563
	]
}