{
	"left_hip": [
		0.35321515798568726,
		0.6324198842048645,
		0.17861683666706085,
		0.9987322688102722
	],
	"left_knee": [
		0.3595544695854187,
		0.7596526145935059,
		0.4639372229576111,
		0.8764892220497131
	],
	"left_ankle": [
		0.3580109775066376,
		0.8812886476516724,
		0.7392575740814209,
		0.945547878742218
	],
	"right_hip": [
		0.2791924774646759,
		0.6425737142562866,
		-0.17850403487682343,
		0.9996223449707031
	],
	"right_knee": [
		0.22953364253044128,
		0.7933196425437927,
		-0.06803440302610397,
		0.9928174614906311
	],
	"right_ankle": [
		0.20468758046627045,
		0.9438835978507996,
		0.012976446188986301,
		0.9924749135971069
	],
	"left_shoulder": [
		0.337437242269516,
		0.4041007459163666,
		0.17114607989788055,
		0.9974612593650818
	],
	"left_elbow": [
		0.47976696491241455,
		0.35731828212738037,
		0.4439318776130676,
		0.31241628527641296
	],
	"left_wrist": [
		0.5448171496391296,
		0.31702494621276855,
		0.5596837997436523,
		0.4398339092731476
	],
	"right_shoulder": [
		0.23374764621257782,
		0.40233778953552246,
		-0.43856287002563477,
		0.9993380308151245
	],
	"right_elbow": [
		0.30140620470046997,
		0.3435860276222229,
		-0.5185796022415161,
		0.9803866744041443
	],
	"right_wrist": [
		0.3731275200843811,
		0.3184497654438019,
		-0.1777307391166687,
		0.8025046586990356
	],
	"nose": [
		0.36283600330352783,
		0.32671433687210083,
		-0.22118055820465088,
		0.9998986124992371
	],
	"left_eye": [
		0.3529803156852722,
		0.3124966025352478,
		-0.19214212894439697,
		0.999794065952301
	],
	"right_eye": [
		0.3370237648487091,
		0.3128724694252014,
		-0.26057547330856323,
		0.9998413324356079
	],
	"left_ear": [
		0.32333287596702576,
		0.3185613453388214,
		-0.012020064517855644,
		0.9997286200523376
	],
	"right_ear": [
		0.2978300154209137,
		0.32107749581336975,
		-0.32400137186050415,
		0.9998228549957275
	]
}