{
	"left_hip": [
		0.3578103482723236,
		0.6326236128807068,
		0.15588253736495972,
		0.9989933371543884
	],
	"left_knee": [
		0.36165449023246765,
		0.7601472735404968,
		0.4424753785133362,
		0.8956174850463867
	],
	"left_ankle": [
		0.36180537939071655,
		0.8815085291862488,
		0.7073514461517334,
		0.9495729804039001
	],
	"right_hip": [
		0.2819076180458069,
		0.6436161398887634,
		-0.15570300817489624,
		0.9997082352638245
	],
	"right_knee": [
		0.23245659470558167,
		0.7948786020278931,
		-0.16119684278964996,
		0.9930863380432129
	],
	"right_ankle": [
		0.2086854875087738,
		0.9440706968307495,
		-0.2027214914560318,
		0.991469144821167
	],
	"left_shoulder": [
		0.3501831591129303,
		0.4027010500431061,
		0.16429145634174347,
		0.9981154203414917
	],
	"left_elbow": [
		0.48788440227508545,
		0.37883540987968445,
		0.37327051162719727,
		0.41233402490615845
	],
	"left_wrist": [
		0.4665752053260803,
		0.33104661107063293,
		0.5052528977394104,
		0.4954867959022522
	],
	"right_shoulder": [
		0.23193754255771637,
		0.4024166166782379,
		-0.35378187894821167,
		0.9995605945587158
	],
	"right_elbow": [
		0.2971130907535553,
		0.3983456492424011,
		-0.4031316041946411,
		0.9793208241462708
	],
	"right_wrist": [
		0.3296186327934265,
		0.3525092303752899,
		-0.0217819195240736,
		0.7663259506225586
	],
	"nose": [
		0.3677372932434082,
		0.3281152844429016,
		-0.21168343722820282,
		0.9999480843544006
	],
	"left_eye": [
		0.35607150197029114,
		0.314181387424469,
		-0.17929242551326752,
		0.9998941421508789
	],
	"right_eye": [
		0.34013640880584717,
		0.31595614552497864,
		-0.23149028420448303,
		0.9999209046363831
	],
	"left_ear": [
		0.3250293433666229,
		0.32102876901626587,
		0.012647440657019615,
		0.9998637437820435
	],
	"right_ear": [
		0.2992609143257141,
		0.32531899213790894,
		-0.25723421573638916,
		0.9999130964279175
	]
}