{
	"left_hip": [
		0.3620443046092987,
		0.632522463798523,
		0.15758825838565826,
		0.9988988041877747
	],
	"left_knee": [
		0.3638461232185364,
		0.7596349120140076,
		0.42753851413726807,
		0.9045668244361877
	],
	"left_ankle": [
		0.3635268211364746,
		0.8817094564437866,
		0.7005887031555176,
		0.9465247988700867
	],
	"right_hip": [
		0.2800776958465576,
		0.6433945894241333,
		-0.1574859470129013,
		0.9996940493583679
	],
	"right_knee": [
		0.2332545965909958,
		0.7950718402862549,
		-0.15923310816287994,
		0.991993248462677
	],
	"right_ankle": [
		0.20993883907794952,
		0.9445818066596985,
		-0.1718737781047821,
		0.9883827567100525
	],
	"left_shoulder": [
		0.36828574538230896,
		0.3994707763195038,
		0.16259357333183289,
		0.9981774687767029
	],
	"left_elbow": [
		0.4842930734157562,
		0.3882220685482025,
		0.38786885142326355,
		0.47645285725593567
	],
	"left_wrist": [
		0.5750516057014465,
		0.35174232721328735,
		0.4893096387386322,
		0.562092661857605
	],
	"right_shoulder": [
		0.2280946969985962,
		0.40507787466049194,
		-0.37075284123420715,
		0.9995895028114319
	],
	"right_elbow": [
		0.2562539279460907,
		0.40805768966674805,
		-0.7986419796943665,
		0.9810737371444702
	],
	"right_wrist": [
		0.32107460498809814,
		0.36198967695236206,
		-0.9633343815803528,
		0.8199700713157654
	],
	"nose": [
		0.37179598212242126,
		0.32994040846824646,
		-0.2433841973543167,
		0.9999648928642273
	],
	"left_eye": [
		0.35999399423599243,
		0.3158171772956848,
		-0.2053271234035492,
		0.9999287724494934
	],
	"right_eye": [
		0.3436517119407654,
		0.31798356771469116,
		-0.2615465521812439,
		0.999952495098114
	],
	"left_ear": [
		0.3287031352519989,
		0.3240742087364197,
		0.008265605196356773,
		0.9999160170555115
	],
	"right_ear": [
		0.30270257592201233,
		0.3291555345058441,
		-0.24786774814128876,
		0.9999490976333618
	]
}