{
	"left_hip": [
		0.3630695343017578,
		0.6328052878379822,
		0.16326004266738892,
		0.9988666772842407
	],
	"left_knee": [
		0.36402755975723267,
		0.7604237794876099,
		0.43590375781059265,
		0.9075320959091187
	],
	"left_ankle": [
		0.36434632539749146,
		0.881753146648407,
		0.7344924211502075,
		0.9465084671974182
	],
	"right_hip": [
		0.28003203868865967,
		0.6437562108039856,
		-0.16326887905597687,
		0.999678909778595
	],
	"right_knee": [
		0.23334231972694397,
		0.7952331304550171,
		-0.14885856211185455,
		0.9918462634086609
	],
	"right_ankle": [
		0.21006013453006744,
		0.9447048902511597,
		-0.10158391296863556,
		0.9879812002182007
	],
	"left_shoulder": [
		0.3727167248725891,
		0.39986011385917664,
		0.15151429176330566,
		0.9981123208999634
	],
	"left_elbow": [
		0.5008482336997986,
		0.38933268189430237,
		0.36285147070884705,
		0.49875447154045105
	],
	"left_wrist": [
		0.5842366814613342,
		0.3507738709449768,
		0.44325464963912964,
		0.5897497534751892
	],
	"right_shoulder": [
		0.22811593115329742,
		0.405813604593277,
		-0.40836894512176514,
		0.9995587468147278
	],
	"right_elbow": [
		0.2590724229812622,
		0.4158773422241211,
		-0.8074777126312256,
		0.9815053939819336
	],
	"right_wrist": [
		0.3223734200000763,
		0.3647076189517975,
		-0.9218086004257202,
		0.8361829519271851
	],
	"nose": [
		0.37261754274368286,
		0.33099544048309326,
		-0.2854287326335907,
		0.9999677538871765
	],
	"left_eye": [
		0.3616698384284973,
		0.3168408274650574,
		-0.24509616196155548,
		0.9999348521232605
	],
	"right_eye": [
		0.34500086307525635,
		0.3190922141075134,
		-0.3030092120170593,
		0.9999589323997498
	],
	"left_ear": [
		0.3320671617984772,
		0.3251822590827942,
		-0.019445152953267097,
		0.9999262690544128
	],
	"right_ear": [
		0.3042587339878082,
		0.3307793438434601,
		-0.2860777676105499,
		0.9999563694000244
	]
}