{
	"left_hip": [
		0.36364394426345825,
		0.6339150667190552,
		0.1650555282831192,
		0.9988685846328735
	],
	"left_knee": [
		0.36422857642173767,
		0.7617105841636658,
		0.4516772925853729,
		0.9116243124008179
	],
	"left_ankle": [
		0.36479488015174866,
		0.8823195695877075,
		0.7420099973678589,
		0.9491091966629028
	],
	"right_hip": [
		0.2798914313316345,
		0.644827663898468,
		-0.16499799489974976,
		0.9996690154075623
	],
	"right_knee": [
		0.23341505229473114,
		0.795391857624054,
		-0.12145426869392395,
		0.991992712020874
	],
	"right_ankle": [
		0.21008506417274475,
		0.9446707963943481,
		-0.033616501837968826,
		0.9881935715675354
	],
	"left_shoulder": [
		0.3728495240211487,
		0.4013345241546631,
		0.1428135484457016,
		0.998007595539093
	],
	"left_elbow": [
		0.5067877769470215,
		0.39056330919265747,
		0.3189474940299988,
		0.505311906337738
	],
	"left_wrist": [
		0.5542497634887695,
		0.34609314799308777,
		0.37937986850738525,
		0.5938925743103027
	],
	"right_shoulder": [
		0.2287672609090805,
		0.40741705894470215,
		-0.42841386795043945,
		0.9995236992835999
	],
	"right_elbow": [
		0.2711086869239807,
		0.4225901663303375,
		-0.7679300904273987,
		0.980217695236206
	],
	"right_wrist": [
		0.32929712533950806,
		0.3725734353065491,
		-0.630192756652832,
		0.8334648013114929
	],
	"nose": [
		0.3740953803062439,
		0.33205386996269226,
		-0.27729007601737976,
		0.9999690055847168
	],
	"left_eye": [
		0.3630562126636505,
		0.3182416558265686,
		-0.2399420440196991,
		0.9999383687973022
	],
	"right_eye": [
		0.34784695506095886,
		0.3202015459537506,
		-0.2993220090866089,
		0.9999634027481079
	],
	"left_ear": [
		0.3337928354740143,
		0.32682928442955017,
		-0.02590666338801384,
		0.999933123588562
	],
	"right_ear": [
		0.30838844180107117,
		0.3319808542728424,
		-0.30550679564476013,
		0.9999620914459229
	]
}