{
	"left_hip": [
		0.3610207438468933,
		0.6341652870178223,
		0.17384126782417297,
		0.9984356760978699
	],
	"left_knee": [
		0.36432093381881714,
		0.7638874053955078,
		0.43428343534469604,
		0.905109167098999
	],
	"left_ankle": [
		0.3671477735042572,
		0.8832379579544067,
		0.6965029239654541,
		0.9479342699050903
	],
	"right_hip": [
		0.27937209606170654,
		0.6449853181838989,
		-0.17360417544841766,
		0.9994336366653442
	],
	"right_knee": [
		0.2346915304660797,
		0.7959154844284058,
		-0.15699981153011322,
		0.9910173416137695
	],
	"right_ankle": [
		0.2102072387933731,
		0.9435613751411438,
		-0.12575066089630127,
		0.9879665374755859
	],
	"left_shoulder": [
		0.35552605986595154,
		0.40195879340171814,
		0.20096436142921448,
		0.99689120054245
	],
	"left_elbow": [
		0.48233315348625183,
		0.38247501850128174,
		0.42992374300956726,
		0.4124176800251007
	],
	"left_wrist": [
		0.5075131058692932,
		0.35600313544273376,
		0.5147001147270203,
		0.47268301248550415
	],
	"right_shoulder": [
		0.23657019436359406,
		0.40559014678001404,
		-0.41291409730911255,
		0.9990926384925842
	],
	"right_elbow": [
		0.30444425344467163,
		0.4315005838871002,
		-0.49212905764579773,
		0.9742328524589539
	],
	"right_wrist": [
		0.34213757514953613,
		0.3840859830379486,
		-0.16987423598766327,
		0.8105100989341736
	],
	"nose": [
		0.37764912843704224,
		0.33649638295173645,
		-0.17194581031799316,
		0.9998939633369446
	],
	"left_eye": [
		0.3659030497074127,
		0.3218020796775818,
		-0.14144958555698395,
		0.9998076558113098
	],
	"right_eye": [
		0.35286518931388855,
		0.32371780276298523,
		-0.20988209545612335,
		0.9999105334281921
	],
	"left_ear": [
		0.3357517421245575,
		0.3297530710697174,
		0.03285545855760574,
		0.9998334050178528
	],
	"right_ear": [
		0.31503623723983765,
		0.33436453342437744,
		-0.2831994593143463,
		0.9999049305915833
	]
}