{
	"left_hip": [
		0.36094191670417786,
		0.6337502002716064,
		0.17392534017562866,
		0.9984592795372009
	],
	"left_knee": [
		0.36432507634162903,
		0.7635282874107361,
		0.4353457987308502,
		0.9035897850990295
	],
	"left_ankle": [
		0.3675798177719116,
		0.8832305669784546,
		0.6992142200469971,
		0.9472033381462097
	],
	"right_hip": [
		0.28040817379951477,
		0.6444626450538635,
		-0.1736988127231598,
		0.9994422197341919
	],
	"right_knee": [
		0.23536698520183563,
		0.7958930730819702,
		-0.16388936340808868,
		0.9907394051551819
	],
	"right_ankle": [
		0.2102123647928238,
		0.943925678730011,
		-0.14189031720161438,
		0.9876840114593506
	],
	"left_shoulder": [
		0.35319027304649353,
		0.40079206228256226,
		0.19874146580696106,
		0.9970317482948303
	],
	"left_elbow": [
		0.48191455006599426,
		0.3828310966491699,
		0.4470149278640747,
		0.4089120030403137
	],
	"left_wrist": [
		0.5184865593910217,
		0.3570626676082611,
		0.5652657151222229,
		0.4702540636062622
	],
	"right_shoulder": [
		0.23810842633247375,
		0.4048922061920166,
		-0.4110642671585083,
		0.9991311430931091
	],
	"right_elbow": [
		0.30529850721359253,
		0.4351668357849121,
		-0.4519631564617157,
		0.9732462167739868
	],
	"right_wrist": [
		0.34263476729393005,
		0.38480931520462036,
		-0.09380214661359787,
		0.8024258017539978
	],
	"nose": [
		0.377328485250473,
		0.3365768492221832,
		-0.1814587265253067,
		0.9999008774757385
	],
	"left_eye": [
		0.36581966280937195,
		0.32179880142211914,
		-0.1505075991153717,
		0.9998201727867126
	],
	"right_eye": [
		0.35263434052467346,
		0.323721319437027,
		-0.21744653582572937,
		0.999916672706604
	],
	"left_ear": [
		0.33567044138908386,
		0.3296104669570923,
		0.02801591530442238,
		0.9998424649238586
	],
	"right_ear": [
		0.3147445321083069,
		0.3342427611351013,
		-0.2832094430923462,
		0.9999119639396667
	]
}