{
	"left_hip": [
		0.36076292395591736,
		0.6278550624847412,
		0.1929064691066742,
		0.9989097714424133
	],
	"left_knee": [
		0.36579105257987976,
		0.7583746314048767,
		0.4559257924556732,
		0.9058281779289246
	],
	"left_ankle": [
		0.3689337968826294,
		0.881251335144043,
		0.750311553478241,
		0.9422506093978882
	],
	"right_hip": [
		0.2864253520965576,
		0.6386209726333618,
		-0.19290733337402344,
		0.9996350407600403
	],
	"right_knee": [
		0.2401532679796219,
		0.7935150265693665,
		-0.18805618584156036,
		0.9916459918022156
	],
	"right_ankle": [
		0.21052449941635132,
		0.944358229637146,
		-0.17806915938854218,
		0.9899798631668091
	],
	"left_shoulder": [
		0.3615325093269348,
		0.39926260709762573,
		0.24842824041843414,
		0.9984150528907776
	],
	"left_elbow": [
		0.5039311647415161,
		0.3949033319950104,
		0.5117588639259338,
		0.5451588034629822
	],
	"left_wrist": [
		0.5831096172332764,
		0.351544588804245,
		0.6174408197402954,
		0.6814501285552979
	],
	"right_shoulder": [
		0.2465590536594391,
		0.3963780105113983,
		-0.41673099994659424,
		0.9996618628501892
	],
	"right_elbow": [
		0.20357975363731384,
		0.36237019300460815,
		-0.691046416759491,
		0.9794048070907593
	],
	"right_wrist": [
		0.3425505459308624,
		0.36666375398635864,
		-0.5787408351898193,
		0.8162071108818054
	],
	"nose": [
		0.3742733895778656,
		0.33529141545295715,
		-0.25357890129089355,
		0.9999764561653137
	],
	"left_eye": [
		0.36674773693084717,
		0.3207557499408722,
		-0.2082269936800003,
		0.9999560117721558
	],
	"right_eye": [
		0.34979358315467834,
		0.3232327103614807,
		-0.27305829524993896,
		0.9999804496765137
	],
	"left_ear": [
		0.33770886063575745,
		0.3272174596786499,
		0.02969999797642231,
		0.9999588131904602
	],
	"right_ear": [
		0.3086552321910858,
		0.3325611352920532,
		-0.27391916513442993,
		0.999981164932251
	]
}