{
	"left_hip": [
		0.35923513770103455,
		0.628193736076355,
		0.20529356598854065,
		0.9987738728523254
	],
	"left_knee": [
		0.36567115783691406,
		0.7599135041236877,
		0.49911969900131226,
		0.894983172416687
	],
	"left_ankle": [
		0.3684122860431671,
		0.8811963796615601,
		0.828372597694397,
		0.9406112432479858
	],
	"right_hip": [
		0.2844184935092926,
		0.6385678052902222,
		-0.205393448472023,
		0.9996537566184998
	],
	"right_knee": [
		0.24078859388828278,
		0.7935614585876465,
		-0.2030147910118103,
		0.9927319884300232
	],
	"right_ankle": [
		0.21089617908000946,
		0.9451063275337219,
		-0.19754278659820557,
		0.9912702441215515
	],
	"left_shoulder": [
		0.36073365807533264,
		0.4011489748954773,
		0.23175662755966187,
		0.9982163906097412
	],
	"left_elbow": [
		0.4422857463359833,
		0.4298783838748932,
		0.5081329941749573,
		0.4993699789047241
	],
	"left_wrist": [
		0.5104090571403503,
		0.4499605596065521,
		0.6243244409561157,
		0.6373539566993713
	],
	"right_shoulder": [
		0.2472117692232132,
		0.3964489996433258,
		-0.45020586252212524,
		0.9996620416641235
	],
	"right_elbow": [
		0.20487333834171295,
		0.36285895109176636,
		-0.8980967998504639,
		0.9868742823600769
	],
	"right_wrist": [
		0.34936049580574036,
		0.3666068911552429,
		-1.0648547410964966,
		0.8684540390968323
	],
	"nose": [
		0.37186750769615173,
		0.33272019028663635,
		-0.3050321042537689,
		0.9999803304672241
	],
	"left_eye": [
		0.36651694774627686,
		0.31895190477371216,
		-0.25718963146209717,
		0.999962568283081
	],
	"right_eye": [
		0.3473292887210846,
		0.3213830590248108,
		-0.31852322816848755,
		0.9999836087226868
	],
	"left_ear": [
		0.3385041058063507,
		0.3253655731678009,
		-0.0012737135402858257,
		0.9999640583992004
	],
	"right_ear": [
		0.30586910247802734,
		0.3309544324874878,
		-0.29103967547416687,
		0.9999841451644897
	]
}