{
	"left_hip": [
		0.35909000039100647,
		0.6294957399368286,
		0.2010410875082016,
		0.9987683296203613
	],
	"left_knee": [
		0.365554541349411,
		0.7611535787582397,
		0.48648130893707275,
		0.8983156681060791
	],
	"left_ankle": [
		0.36849334836006165,
		0.8822336196899414,
		0.7875770330429077,
		0.9416438341140747
	],
	"right_hip": [
		0.28267350792884827,
		0.6394967436790466,
		-0.20107313990592957,
		0.9996623992919922
	],
	"right_knee": [
		0.2408430576324463,
		0.794891893863678,
		-0.16195867955684662,
		0.9931387901306152
	],
	"right_ankle": [
		0.211384117603302,
		0.9469844102859497,
		-0.11517138034105301,
		0.9917119145393372
	],
	"left_shoulder": [
		0.36271458864212036,
		0.4013204574584961,
		0.23144122958183289,
		0.9979583621025085
	],
	"left_elbow": [
		0.47963494062423706,
		0.38873738050460815,
		0.5111314654350281,
		0.47078612446784973
	],
	"left_wrist": [
		0.5625838041305542,
		0.35989344120025635,
		0.6360008716583252,
		0.6239089369773865
	],
	"right_shoulder": [
		0.24658775329589844,
		0.3972685635089874,
		-0.44628506898880005,
		0.9996839761734009
	],
	"right_elbow": [
		0.20441944897174835,
		0.36245959997177124,
		-0.7377384901046753,
		0.9890908002853394
	],
	"right_wrist": [
		0.3472411632537842,
		0.36626535654067993,
		-0.6202585697174072,
		0.8757083415985107
	],
	"nose": [
		0.37209829688072205,
		0.3328390419483185,
		-0.2969916760921478,
		0.9999855756759644
	],
	"left_eye": [
		0.36709505319595337,
		0.31893762946128845,
		-0.2493593692779541,
		0.9999720454216003
	],
	"right_eye": [
		0.34719640016555786,
		0.32153576612472534,
		-0.312144011259079,
		0.9999883770942688
	],
	"left_ear": [
		0.3402012586593628,
		0.32542139291763306,
		-0.000377888121875003,
		0.9999731779098511
	],
	"right_ear": [
		0.30564773082733154,
		0.33152255415916443,
		-0.2938086688518524,
		0.9999893307685852
	]
}