{
	"left_hip": [
		0.3591403067111969,
		0.6297234296798706,
		0.20085453987121582,
		0.9987865686416626
	],
	"left_knee": [
		0.3655725121498108,
		0.7612526416778564,
		0.48320862650871277,
		0.8999778628349304
	],
	"left_ankle": [
		0.3685035705566406,
		0.8825243711471558,
		0.7817994952201843,
		0.9423947930335999
	],
	"right_hip": [
		0.2825877368450165,
		0.6397217512130737,
		-0.20088809728622437,
		0.999664843082428
	],
	"right_knee": [
		0.2406758815050125,
		0.7952592968940735,
		-0.16313059628009796,
		0.9932646751403809
	],
	"right_ankle": [
		0.21141494810581207,
		0.9470550417900085,
		-0.12113496661186218,
		0.9918609261512756
	],
	"left_shoulder": [
		0.3629026710987091,
		0.401277631521225,
		0.2315617948770523,
		0.9979790449142456
	],
	"left_elbow": [
		0.491139680147171,
		0.38968974351882935,
		0.50614994764328,
		0.47440406680107117
	],
	"left_wrist": [
		0.5754528045654297,
		0.3580908179283142,
		0.6071916222572327,
		0.6344784498214722
	],
	"right_shoulder": [
		0.24658845365047455,
		0.39737316966056824,
		-0.4462072253227234,
		0.9996905326843262
	],
	"right_elbow": [
		0.20428089797496796,
		0.36237072944641113,
		-0.7257375717163086,
		0.9894037246704102
	],
	"right_wrist": [
		0.34720084071159363,
		0.36627107858657837,
		-0.6096793413162231,
		0.8768337965011597
	],
	"nose": [
		0.37230736017227173,
		0.33289211988449097,
		-0.2962336242198944,
		0.9999865889549255
	],
	"left_eye": [
		0.36727815866470337,
		0.3189444839954376,
		-0.24873614311218262,
		0.9999738931655884
	],
	"right_eye": [
		0.34723225235939026,
		0.3215905725955963,
		-0.31144917011260986,
		0.9999892115592957
	],
	"left_ear": [
		0.3405131697654724,
		0.3254212737083435,
		-0.00018214488227386028,
		0.9999749064445496
	],
	"right_ear": [
		0.3056500554084778,
		0.3316585421562195,
		-0.29523545503616333,
		0.9999902248382568
	]
}