{
	"left_hip": [
		0.35925161838531494,
		0.6298403739929199,
		0.19095800817012787,
		0.9987322688102722
	],
	"left_knee": [
		0.3667139410972595,
		0.7606010437011719,
		0.4241200387477875,
		0.9053842425346375
	],
	"left_ankle": [
		0.3682801425457001,
		0.8818345069885254,
		0.6872825026512146,
		0.9420433640480042
	],
	"right_hip": [
		0.2833193242549896,
		0.6396240592002869,
		-0.19106407463550568,
		0.999657392501831
	],
	"right_knee": [
		0.24164286255836487,
		0.7952560186386108,
		-0.1711074709892273,
		0.9935332536697388
	],
	"right_ankle": [
		0.21247512102127075,
		0.9469059109687805,
		-0.17218653857707977,
		0.9919949173927307
	],
	"left_shoulder": [
		0.362068772315979,
		0.40017205476760864,
		0.21374626457691193,
		0.9977389574050903
	],
	"left_elbow": [
		0.5006915330886841,
		0.3927736282348633,
		0.4564603269100189,
		0.4817848205566406
	],
	"left_wrist": [
		0.5936663150787354,
		0.3586887717247009,
		0.5433657169342041,
		0.6617752313613892
	],
	"right_shoulder": [
		0.24995553493499756,
		0.399557888507843,
		-0.4063529968261719,
		0.9996914863586426
	],
	"right_elbow": [
		0.2035801112651825,
		0.36271244287490845,
		-0.7846013307571411,
		0.9890868663787842
	],
	"right_wrist": [
		0.3360711634159088,
		0.3658720552921295,
		-0.8629701137542725,
		0.8685510158538818
	],
	"nose": [
		0.37265533208847046,
		0.33476921916007996,
		-0.31411492824554443,
		0.9999921321868896
	],
	"left_eye": [
		0.3683274984359741,
		0.31989896297454834,
		-0.26613849401474,
		0.9999842643737793
	],
	"right_eye": [
		0.34687066078186035,
		0.32343825697898865,
		-0.3214097321033478,
		0.9999939203262329
	],
	"left_ear": [
		0.34354862570762634,
		0.3261343836784363,
		-0.012930171564221382,
		0.9999849796295166
	],
	"right_ear": [
		0.3042888343334198,
		0.33385947346687317,
		-0.27476608753204346,
		0.9999949336051941
	]
}