{
	"left_hip": [
		0.35978400707244873,
		0.6307928562164307,
		0.19255276024341583,
		0.9985937476158142
	],
	"left_knee": [
		0.367307186126709,
		0.7605608701705933,
		0.4482755959033966,
		0.9034187197685242
	],
	"left_ankle": [
		0.36775535345077515,
		0.8812993168830872,
		0.7308980226516724,
		0.94321608543396
	],
	"right_hip": [
		0.2845945954322815,
		0.6400588750839233,
		-0.1927015781402588,
		0.999641478061676
	],
	"right_knee": [
		0.24210412800312042,
		0.7952174544334412,
		-0.18069866299629211,
		0.9936375021934509
	],
	"right_ankle": [
		0.21290814876556396,
		0.9468806385993958,
		-0.18885251879692078,
		0.9923034906387329
	],
	"left_shoulder": [
		0.36170920729637146,
		0.4002353549003601,
		0.20972928404808044,
		0.9975309371948242
	],
	"left_elbow": [
		0.4832519590854645,
		0.39822226762771606,
		0.4594327211380005,
		0.46047264337539673
	],
	"left_wrist": [
		0.5630490183830261,
		0.39073747396469116,
		0.5564826130867004,
		0.6371095180511475
	],
	"right_shoulder": [
		0.25658994913101196,
		0.40098023414611816,
		-0.4139383137226105,
		0.9996734261512756
	],
	"right_elbow": [
		0.20213231444358826,
		0.36246758699417114,
		-0.8134487867355347,
		0.9892219305038452
	],
	"right_wrist": [
		0.3358663022518158,
		0.3657670021057129,
		-0.927518904209137,
		0.8678345084190369
	],
	"nose": [
		0.37254461646080017,
		0.3355872929096222,
		-0.33254989981651306,
		0.9999921917915344
	],
	"left_eye": [
		0.3685808777809143,
		0.3205952048301697,
		-0.28297531604766846,
		0.999984085559845
	],
	"right_eye": [
		0.34638676047325134,
		0.32444387674331665,
		-0.3381918668746948,
		0.9999939799308777
	],
	"left_ear": [
		0.34510043263435364,
		0.32659900188446045,
		-0.02358262799680233,
		0.9999843835830688
	],
	"right_ear": [
		0.3038972020149231,
		0.33457961678504944,
		-0.2826903164386749,
		0.9999950528144836
	]
}