{
	"left_hip": [
		0.35994768142700195,
		0.6307324171066284,
		0.1919446736574173,
		0.998575747013092
	],
	"left_knee": [
		0.3674126863479614,
		0.7608018517494202,
		0.44496798515319824,
		0.9010570049285889
	],
	"left_ankle": [
		0.36722972989082336,
		0.8812559843063354,
		0.7388454675674438,
		0.9417533278465271
	],
	"right_hip": [
		0.28487640619277954,
		0.6395879983901978,
		-0.19210916757583618,
		0.9996574521064758
	],
	"right_knee": [
		0.24263612926006317,
		0.7951579689979553,
		-0.19469477236270905,
		0.9936460852622986
	],
	"right_ankle": [
		0.2131093144416809,
		0.9471880197525024,
		-0.21700292825698853,
		0.9921746253967285
	],
	"left_shoulder": [
		0.3616809844970703,
		0.40032607316970825,
		0.21010489761829376,
		0.9975006580352783
	],
	"left_elbow": [
		0.48903927206993103,
		0.39495399594306946,
		0.44908806681632996,
		0.463600218296051
	],
	"left_wrist": [
		0.5755172967910767,
		0.36180001497268677,
		0.527315080165863,
		0.652266800403595
	],
	"right_shoulder": [
		0.2588288486003876,
		0.40128788352012634,
		-0.4080977141857147,
		0.9996891021728516
	],
	"right_elbow": [
		0.20106111466884613,
		0.36263546347618103,
		-0.8163242936134338,
		0.9897289872169495
	],
	"right_wrist": [
		0.3369969129562378,
		0.3657342791557312,
		-0.927480161190033,
		0.8786275386810303
	],
	"nose": [
		0.3728915750980377,
		0.3357492685317993,
		-0.3281864821910858,
		0.9999931454658508
	],
	"left_eye": [
		0.36934220790863037,
		0.32078367471694946,
		-0.2787805497646332,
		0.9999858736991882
	],
	"right_eye": [
		0.3466242551803589,
		0.3245587646961212,
		-0.3319207429885864,
		0.9999948740005493
	],
	"left_ear": [
		0.3458687365055084,
		0.3267250657081604,
		-0.020781055092811584,
		0.9999860525131226
	],
	"right_ear": [
		0.3039894700050354,
		0.3346381187438965,
		-0.27402007579803467,
		0.9999958276748657
	]
}