{
	"left_hip": [
		0.3601417541503906,
		0.6303408741950989,
		0.19385311007499695,
		0.9985265135765076
	],
	"left_knee": [
		0.36797142028808594,
		0.7604793310165405,
		0.45068609714508057,
		0.9005758762359619
	],
	"left_ankle": [
		0.36726289987564087,
		0.8811632394790649,
		0.7481601238250732,
		0.9419316053390503
	],
	"right_hip": [
		0.28626978397369385,
		0.6390436887741089,
		-0.19401822984218597,
		0.9996570348739624
	],
	"right_knee": [
		0.24320600926876068,
		0.7950096726417542,
		-0.20094473659992218,
		0.9937201738357544
	],
	"right_ankle": [
		0.21327617764472961,
		0.947226881980896,
		-0.22211913764476776,
		0.9922587871551514
	],
	"left_shoulder": [
		0.3615450859069824,
		0.4003843665122986,
		0.21624933183193207,
		0.997421145439148
	],
	"left_elbow": [
		0.4889492392539978,
		0.3953494429588318,
		0.4534508287906647,
		0.4541487991809845
	],
	"left_wrist": [
		0.5806679725646973,
		0.3670360743999481,
		0.5312073826789856,
		0.6458383798599243
	],
	"right_shoulder": [
		0.2609957456588745,
		0.4009721875190735,
		-0.410460501909256,
		0.9996920228004456
	],
	"right_elbow": [
		0.20241008698940277,
		0.36277371644973755,
		-0.7990632653236389,
		0.9900006055831909
	],
	"right_wrist": [
		0.3409067392349243,
		0.3657970130443573,
		-0.8724886775016785,
		0.8823872208595276
	],
	"nose": [
		0.37311431765556335,
		0.3358703553676605,
		-0.3147791028022766,
		0.9999932646751404
	],
	"left_eye": [
		0.3698052763938904,
		0.32091161608695984,
		-0.26621466875076294,
		0.9999860525131226
	],
	"right_eye": [
		0.34692591428756714,
		0.32465463876724243,
		-0.32148173451423645,
		0.9999950528144836
	],
	"left_ear": [
		0.3461623191833496,
		0.32683271169662476,
		-0.012221010401844978,
		0.9999860525131226
	],
	"right_ear": [
		0.3043826222419739,
		0.33463254570961,
		-0.2718353569507599,
		0.9999960660934448
	]
}