{
	"left_hip": [
		0.36064237356185913,
		0.6300090551376343,
		0.19084429740905762,
		0.9985277056694031
	],
	"left_knee": [
		0.36835378408432007,
		0.759704053401947,
		0.42781466245651245,
		0.9018367528915405
	],
	"left_ankle": [
		0.36746761202812195,
		0.8809449076652527,
		0.7051905393600464,
		0.9415302872657776
	],
	"right_hip": [
		0.28779444098472595,
		0.6387916803359985,
		-0.19100366532802582,
		0.9996649026870728
	],
	"right_knee": [
		0.24362434446811676,
		0.7950178980827332,
		-0.19406701624393463,
		0.9937170147895813
	],
	"right_ankle": [
		0.2136635184288025,
		0.947230339050293,
		-0.2167111337184906,
		0.9921631217002869
	],
	"left_shoulder": [
		0.36147934198379517,
		0.4003642499446869,
		0.21947132050991058,
		0.9974063634872437
	],
	"left_elbow": [
		0.4940280616283417,
		0.3909476101398468,
		0.4534974694252014,
		0.4599790573120117
	],
	"left_wrist": [
		0.5907129645347595,
		0.35558757185935974,
		0.5324716567993164,
		0.6520525217056274
	],
	"right_shoulder": [
		0.2597838342189789,
		0.4007808268070221,
		-0.39564070105552673,
		0.9997088313102722
	],
	"right_elbow": [
		0.20359650254249573,
		0.3627881705760956,
		-0.7476009130477905,
		0.9900745153427124
	],
	"right_wrist": [
		0.34064480662345886,
		0.3656659424304962,
		-0.77445387840271,
		0.8817808032035828
	],
	"nose": [
		0.3731713593006134,
		0.3358873128890991,
		-0.3072810769081116,
		0.9999942183494568
	],
	"left_eye": [
		0.3699378967285156,
		0.32094046473503113,
		-0.2591279149055481,
		0.9999878406524658
	],
	"right_eye": [
		0.34696993231773376,
		0.32473224401474,
		-0.3136887550354004,
		0.999995768070221
	],
	"left_ear": [
		0.34626147150993347,
		0.3268682062625885,
		-0.007144012488424778,
		0.9999878406524658
	],
	"right_ear": [
		0.304448664188385,
		0.3346618711948395,
		-0.26256000995635986,
		0.9999967217445374
	]
}