{
	"left_hip": [
		0.36098653078079224,
		0.6298651099205017,
		0.19187891483306885,
		0.9985063076019287
	],
	"left_knee": [
		0.3684653341770172,
		0.7596722841262817,
		0.4561980664730072,
		0.9039488434791565
	],
	"left_ankle": [
		0.3671708405017853,
		0.8806354403495789,
		0.7591845393180847,
		0.9422479867935181
	],
	"right_hip": [
		0.28805455565452576,
		0.6386788487434387,
		-0.19201618432998657,
		0.9996669292449951
	],
	"right_knee": [
		0.24419312179088593,
		0.7949925065040588,
		-0.1912497580051422,
		0.9938719272613525
	],
	"right_ankle": [
		0.2139316350221634,
		0.9472393989562988,
		-0.20296679437160492,
		0.9922845363616943
	],
	"left_shoulder": [
		0.36156976222991943,
		0.4002385139465332,
		0.21832124888896942,
		0.9974108338356018
	],
	"left_elbow": [
		0.4888662099838257,
		0.39135992527008057,
		0.46513697504997253,
		0.4522755742073059
	],
	"left_wrist": [
		0.5871346592903137,
		0.363712877035141,
		0.559048056602478,
		0.6509354114532471
	],
	"right_shoulder": [
		0.26036015152931213,
		0.4008163809776306,
		-0.41356608271598816,
		0.9997177720069885
	],
	"right_elbow": [
		0.20347186923027039,
		0.3628043234348297,
		-0.7818908095359802,
		0.9900766015052795
	],
	"right_wrist": [
		0.3400108218193054,
		0.3656301200389862,
		-0.8269843459129333,
		0.8787036538124084
	],
	"nose": [
		0.3736487030982971,
		0.33573588728904724,
		-0.3249611258506775,
		0.9999948143959045
	],
	"left_eye": [
		0.3705795407295227,
		0.3207690119743347,
		-0.2745819389820099,
		0.9999890923500061
	],
	"right_eye": [
		0.34752267599105835,
		0.3244522213935852,
		-0.33125001192092896,
		0.9999963045120239
	],
	"left_ear": [
		0.34665998816490173,
		0.32666653394699097,
		-0.014264442957937717,
		0.9999889731407166
	],
	"right_ear": [
		0.3048996031284332,
		0.33435410261154175,
		-0.2799282670021057,
		0.9999971389770508
	]
}