{
	"left_hip": [
		0.36191505193710327,
		0.628720223903656,
		0.1911592334508896,
		0.9984986186027527
	],
	"left_knee": [
		0.369001179933548,
		0.7591341733932495,
		0.454020231962204,
		0.9038463830947876
	],
	"left_ankle": [
		0.3680952191352844,
		0.8797112703323364,
		0.7770505547523499,
		0.9403448700904846
	],
	"right_hip": [
		0.28911006450653076,
		0.6373857855796814,
		-0.1913311630487442,
		0.999679446220398
	],
	"right_knee": [
		0.24432598054409027,
		0.7956779599189758,
		-0.22399389743804932,
		0.9940247535705566
	],
	"right_ankle": [
		0.2140432745218277,
		0.9474493265151978,
		-0.2858247458934784,
		0.9921264052391052
	],
	"left_shoulder": [
		0.3642679750919342,
		0.400916188955307,
		0.232322096824646,
		0.9977121353149414
	],
	"left_elbow": [
		0.5072268843650818,
		0.4075693190097809,
		0.426484078168869,
		0.480436772108078
	],
	"left_wrist": [
		0.5858180522918701,
		0.3554553985595703,
		0.47038859128952026,
		0.6765333414077759
	],
	"right_shoulder": [
		0.25719550251960754,
		0.39900916814804077,
		-0.37591561675071716,
		0.9997334480285645
	],
	"right_elbow": [
		0.20248062908649445,
		0.3623780310153961,
		-0.8524795770645142,
		0.991178035736084
	],
	"right_wrist": [
		0.34409967064857483,
		0.3653261959552765,
		-1.0324925184249878,
		0.898371160030365
	],
	"nose": [
		0.37368541955947876,
		0.3353845179080963,
		-0.280665785074234,
		0.9999943971633911
	],
	"left_eye": [
		0.3708351254463196,
		0.3203212320804596,
		-0.23313628137111664,
		0.9999884963035583
	],
	"right_eye": [
		0.3475664258003235,
		0.3236812353134155,
		-0.2862747311592102,
		0.9999959468841553
	],
	"left_ear": [
		0.34699925780296326,
		0.3259733021259308,
		0.017405783757567406,
		0.9999887347221375
	],
	"right_ear": [
		0.3047294318675995,
		0.3332516551017761,
		-0.23465466499328613,
		0.9999967813491821
	]
}