{
	"left_hip": [
		0.3622714877128601,
		0.6284700632095337,
		0.18814991414546967,
		0.9985477328300476
	],
	"left_knee": [
		0.36901983618736267,
		0.7589682340621948,
		0.45070967078208923,
		0.9047479629516602
	],
	"left_ankle": [
		0.3688270151615143,
		0.8795536756515503,
		0.7760468125343323,
		0.9399616718292236
	],
	"right_hip": [
		0.28913354873657227,
		0.6370037794113159,
		-0.1883343607187271,
		0.9996939897537231
	],
	"right_knee": [
		0.2443852722644806,
		0.7956832647323608,
		-0.22658401727676392,
		0.9940371513366699
	],
	"right_ankle": [
		0.21408361196517944,
		0.9474960565567017,
		-0.2980157732963562,
		0.9920129776000977
	],
	"left_shoulder": [
		0.36532294750213623,
		0.4008808135986328,
		0.23210932314395905,
		0.9977988600730896
	],
	"left_elbow": [
		0.5111286044120789,
		0.40624499320983887,
		0.42190852761268616,
		0.49363043904304504
	],
	"left_wrist": [
		0.5889018177986145,
		0.35066625475883484,
		0.4710555970668793,
		0.6876488327980042
	],
	"right_shoulder": [
		0.25614428520202637,
		0.39820554852485657,
		-0.3696557283401489,
		0.9997454285621643
	],
	"right_elbow": [
		0.20183463394641876,
		0.3621458411216736,
		-0.8487847447395325,
		0.9913238286972046
	],
	"right_wrist": [
		0.3443591296672821,
		0.3653143048286438,
		-1.0496156215667725,
		0.900651216506958
	],
	"nose": [
		0.37389838695526123,
		0.33537036180496216,
		-0.26926082372665405,
		0.999994695186615
	],
	"left_eye": [
		0.3710095286369324,
		0.3203186094760895,
		-0.22305192053318024,
		0.9999890923500061
	],
	"right_eye": [
		0.3477926552295685,
		0.32363957166671753,
		-0.2762828469276428,
		0.9999961256980896
	],
	"left_ear": [
		0.34716227650642395,
		0.3259648084640503,
		0.022220948711037636,
		0.9999894499778748
	],
	"right_ear": [
		0.30503809452056885,
		0.3331710994243622,
		-0.22985492646694183,
		0.9999969601631165
	]
}