{
	"left_hip": [
		0.3625054955482483,
		0.6282919049263,
		0.1868935227394104,
		0.9985970854759216
	],
	"left_knee": [
		0.3690575361251831,
		0.7588855028152466,
		0.45041191577911377,
		0.9053643941879272
	],
	"left_ankle": [
		0.3689986765384674,
		0.8795148134231567,
		0.773877739906311,
		0.9396495223045349
	],
	"right_hip": [
		0.28914323449134827,
		0.6368609666824341,
		-0.18708068132400513,
		0.9997075796127319
	],
	"right_knee": [
		0.244461327791214,
		0.7956858277320862,
		-0.2272564321756363,
		0.9940416216850281
	],
	"right_ankle": [
		0.21410034596920013,
		0.9475146532058716,
		-0.2953159213066101,
		0.9919084310531616
	],
	"left_shoulder": [
		0.36566582322120667,
		0.40086111426353455,
		0.2322533130645752,
		0.9978829622268677
	],
	"left_elbow": [
		0.5132350325584412,
		0.4048176407814026,
		0.4216516613960266,
		0.5062540173530579
	],
	"left_wrist": [
		0.5906333327293396,
		0.3490092158317566,
		0.47059500217437744,
		0.6982377767562866
	],
	"right_shoulder": [
		0.2550199627876282,
		0.39792484045028687,
		-0.3696887493133545,
		0.999756932258606
	],
	"right_elbow": [
		0.2014194279909134,
		0.3619895577430725,
		-0.8458651900291443,
		0.991482138633728
	],
	"right_wrist": [
		0.34440097212791443,
		0.36520546674728394,
		-1.0404342412948608,
		0.9030805230140686
	],
	"nose": [
		0.37390565872192383,
		0.3353685736656189,
		-0.2643616199493408,
		0.9999949336051941
	],
	"left_eye": [
		0.3710281252861023,
		0.3203178644180298,
		-0.21866536140441895,
		0.9999896287918091
	],
	"right_eye": [
		0.3478143513202667,
		0.32363611459732056,
		-0.27247855067253113,
		0.9999963045120239
	],
	"left_ear": [
		0.34717968106269836,
		0.32595133781433105,
		0.024499360471963882,
		0.9999900460243225
	],
	"right_ear": [
		0.3050665259361267,
		0.33313843607902527,
		-0.22983266413211823,
		0.9999971389770508
	]
}