{
	"left_hip": [
		0.36284759640693665,
		0.6266075968742371,
		0.18276023864746094,
		0.9987262487411499
	],
	"left_knee": [
		0.3691302537918091,
		0.7583171129226685,
		0.4425545632839203,
		0.9060156345367432
	],
	"left_ankle": [
		0.36965858936309814,
		0.8793720006942749,
		0.7480693459510803,
		0.9364053010940552
	],
	"right_hip": [
		0.2895635962486267,
		0.6352614760398865,
		-0.1829301416873932,
		0.999747097492218
	],
	"right_knee": [
		0.24518436193466187,
		0.795205295085907,
		-0.23442327976226807,
		0.993958592414856
	],
	"right_ankle": [
		0.2141883671283722,
		0.9480606317520142,
		-0.3243972063064575,
		0.9914773106575012
	],
	"left_shoulder": [
		0.3655228912830353,
		0.4007938802242279,
		0.2409883290529251,
		0.9981307983398438
	],
	"left_elbow": [
		0.5089357495307922,
		0.402072012424469,
		0.45397767424583435,
		0.5368417501449585
	],
	"left_wrist": [
		0.5915275812149048,
		0.35029974579811096,
		0.5318558812141418,
		0.7211029529571533
	],
	"right_shoulder": [
		0.2539821267127991,
		0.39721810817718506,
		-0.36002522706985474,
		0.9997923970222473
	],
	"right_elbow": [
		0.20231135189533234,
		0.36150068044662476,
		-0.7971333861351013,
		0.9915059804916382
	],
	"right_wrist": [
		0.34434086084365845,
		0.36491310596466064,
		-0.9458297491073608,
		0.9065020680427551
	],
	"nose": [
		0.3738763928413391,
		0.3356032967567444,
		-0.23272955417633057,
		0.999995768070221
	],
	"left_eye": [
		0.370989054441452,
		0.32053452730178833,
		-0.19037342071533203,
		0.999991238117218
	],
	"right_eye": [
		0.34794169664382935,
		0.3237757682800293,
		-0.2458784282207489,
		0.9999968409538269
	],
	"left_ear": [
		0.34668898582458496,
		0.3259900212287903,
		0.039875999093055725,
		0.9999918341636658
	],
	"right_ear": [
		0.30557236075401306,
		0.3331287205219269,
		-0.2205330729484558,
		0.999997615814209
	]
}