{
	"left_hip": [
		0.36270561814308167,
		0.6215422749519348,
		0.1913289576768875,
		0.997811496257782
	],
	"left_knee": [
		0.36952799558639526,
		0.7539368867874146,
		0.41647249460220337,
		0.8714507222175598
	],
	"left_ankle": [
		0.37170684337615967,
		0.8772627711296082,
		0.6892106533050537,
		0.9256884455680847
	],
	"right_hip": [
		0.29249489307403564,
		0.6311401724815369,
		-0.19124317169189453,
		0.9995982646942139
	],
	"right_knee": [
		0.24695010483264923,
		0.7928654551506042,
		-0.2160627394914627,
		0.9929888844490051
	],
	"right_ankle": [
		0.2147970348596573,
		0.9484663009643555,
		-0.2213088423013687,
		0.9898343682289124
	],
	"left_shoulder": [
		0.3487131595611572,
		0.4045265316963196,
		0.21454715728759766,
		0.9976266622543335
	],
	"left_elbow": [
		0.34834063053131104,
		0.5060914754867554,
		0.3612631857395172,
		0.3553178608417511
	],
	"left_wrist": [
		0.39772355556488037,
		0.6029524207115173,
		0.22833122313022614,
		0.46338731050491333
	],
	"right_shoulder": [
		0.25494974851608276,
		0.3929452896118164,
		-0.36788105964660645,
		0.9996830224990845
	],
	"right_elbow": [
		0.21441234648227692,
		0.36622580885887146,
		-0.6560652256011963,
		0.9897753000259399
	],
	"right_wrist": [
		0.3417642116546631,
		0.3646291196346283,
		-0.6358122229576111,
		0.8563506603240967
	],
	"nose": [
		0.3731338083744049,
		0.33606240153312683,
		-0.1771835833787918,
		0.9998854398727417
	],
	"left_eye": [
		0.3696071207523346,
		0.3208807110786438,
		-0.1432986855506897,
		0.9998076558113098
	],
	"right_eye": [
		0.3485698401927948,
		0.32340553402900696,
		-0.20507371425628662,
		0.9998127222061157
	],
	"left_ear": [
		0.34285345673561096,
		0.3259979784488678,
		0.05244598537683487,
		0.9998002052307129
	],
	"right_ear": [
		0.3091575503349304,
		0.33130037784576416,
		-0.2584035098552704,
		0.999796986579895
	]
}