{
	"left_hip": [
		0.36571741104125977,
		0.6223157048225403,
		0.20025566220283508,
		0.997413694858551
	],
	"left_knee": [
		0.3733854591846466,
		0.7519823312759399,
		0.44777026772499084,
		0.8332251906394958
	],
	"left_ankle": [
		0.374211847782135,
		0.8745527267456055,
		0.733197808265686,
		0.9224323630332947
	],
	"right_hip": [
		0.2920857071876526,
		0.6322625279426575,
		-0.20023053884506226,
		0.9995419383049011
	],
	"right_knee": [
		0.256134957075119,
		0.7892727851867676,
		-0.23171454668045044,
		0.9921309351921082
	],
	"right_ankle": [
		0.21852247416973114,
		0.9477525949478149,
		-0.22988355159759521,
		0.98863285779953
	],
	"left_shoulder": [
		0.35358065366744995,
		0.40609031915664673,
		0.21040195226669312,
		0.9970107674598694
	],
	"left_elbow": [
		0.35910165309906006,
		0.5045794248580933,
		0.36318439245224,
		0.173905149102211
	],
	"left_wrist": [
		0.4032311737537384,
		0.5983216166496277,
		0.24375568330287933,
		0.1969938725233078
	],
	"right_shoulder": [
		0.25734537839889526,
		0.39358001947402954,
		-0.3997977375984192,
		0.9995853304862976
	],
	"right_elbow": [
		0.2097603976726532,
		0.3654794692993164,
		-0.7037317752838135,
		0.9888110756874084
	],
	"right_wrist": [
		0.3378680348396301,
		0.3658354878425598,
		-0.7054800391197205,
		0.7975215911865234
	],
	"nose": [
		0.3741026222705841,
		0.3343302607536316,
		-0.2077677845954895,
		0.9997921586036682
	],
	"left_eye": [
		0.36976686120033264,
		0.3197190463542938,
		-0.17292912304401398,
		0.9996528625488281
	],
	"right_eye": [
		0.35012364387512207,
		0.32207557559013367,
		-0.23747289180755615,
		0.9996510148048401
	],
	"left_ear": [
		0.34310635924339294,
		0.32550495862960815,
		0.030815672129392624,
		0.9996227622032166
	],
	"right_ear": [
		0.31134065985679626,
		0.33018597960472107,
		-0.27577605843544006,
		0.999626100063324
	]
}