{
	"left_hip": [
		0.3688502907752991,
		0.6252520680427551,
		0.17060503363609314,
		0.9962552189826965
	],
	"left_knee": [
		0.37033501267433167,
		0.7574425339698792,
		0.5333203077316284,
		0.7883131504058838
	],
	"left_ankle": [
		0.37227627635002136,
		0.8725511431694031,
		0.8644436597824097,
		0.8984517455101013
	],
	"right_hip": [
		0.28942766785621643,
		0.6352585554122925,
		-0.17078451812267303,
		0.9994845390319824
	],
	"right_knee": [
		0.2574846148490906,
		0.7892330288887024,
		-0.18396608531475067,
		0.9810769557952881
	],
	"right_ankle": [
		0.2222413569688797,
		0.9429872632026672,
		-0.14848388731479645,
		0.9745317697525024
	],
	"left_shoulder": [
		0.3763570487499237,
		0.4038902223110199,
		0.16330325603485107,
		0.9944033622741699
	],
	"left_elbow": [
		0.4763638377189636,
		0.4545595049858093,
		0.6053184270858765,
		0.2930852770805359
	],
	"left_wrist": [
		0.5726647973060608,
		0.4506644606590271,
		0.9159040451049805,
		0.3962245583534241
	],
	"right_shoulder": [
		0.22420525550842285,
		0.4078722596168518,
		-0.38409504294395447,
		0.9997171759605408
	],
	"right_elbow": [
		0.07892897725105286,
		0.4325093626976013,
		-0.8677154779434204,
		0.9894231557846069
	],
	"right_wrist": [
		0.1917961686849594,
		0.3493300974369049,
		-1.220343828201294,
		0.9355338215827942
	],
	"nose": [
		0.3894149363040924,
		0.33549821376800537,
		-0.3790440857410431,
		0.9998499155044556
	],
	"left_eye": [
		0.37945324182510376,
		0.3209688067436218,
		-0.33491724729537964,
		0.9996436238288879
	],
	"right_eye": [
		0.3628745675086975,
		0.3220140337944031,
		-0.3867398202419281,
		0.9998396635055542
	],
	"left_ear": [
		0.3496652841567993,
		0.3278857469558716,
		-0.08304906636476517,
		0.9994637370109558
	],
	"right_ear": [
		0.3204874098300934,
		0.3305123448371887,
		-0.3199068009853363,
		0.9998115301132202
	]
}