{
	"left_hip": [
		0.36989060044288635,
		0.6194226145744324,
		0.17400787770748138,
		0.996630847454071
	],
	"left_knee": [
		0.3749755918979645,
		0.7480488419532776,
		0.5399927496910095,
		0.7770711183547974
	],
	"left_ankle": [
		0.3787953555583954,
		0.8689368367195129,
		0.8927232623100281,
		0.8857035636901855
	],
	"right_hip": [
		0.2902278006076813,
		0.6313594579696655,
		-0.17421533167362213,
		0.999545693397522
	],
	"right_knee": [
		0.25867679715156555,
		0.7881888151168823,
		-0.23615725338459015,
		0.9809847474098206
	],
	"right_ankle": [
		0.22481992840766907,
		0.9428802728652954,
		-0.2730550169944763,
		0.9732840657234192
	],
	"left_shoulder": [
		0.37455376982688904,
		0.3973023295402527,
		0.15547771751880646,
		0.9956702589988708
	],
	"left_elbow": [
		0.49092164635658264,
		0.4076801836490631,
		0.5813312530517578,
		0.41331005096435547
	],
	"left_wrist": [
		0.5887966752052307,
		0.4108285903930664,
		0.8796350359916687,
		0.5250120759010315
	],
	"right_shoulder": [
		0.22483499348163605,
		0.4074910581111908,
		-0.37263938784599304,
		0.9997872710227966
	],
	"right_elbow": [
		0.07781897485256195,
		0.4336978495121002,
		-0.857645571231842,
		0.9919444918632507
	],
	"right_wrist": [
		0.19202464818954468,
		0.3470385670661926,
		-1.1970340013504028,
		0.9575822353363037
	],
	"nose": [
		0.3872443437576294,
		0.3352089524269104,
		-0.3955627977848053,
		0.9999049305915833
	],
	"left_eye": [
		0.37580016255378723,
		0.32049575448036194,
		-0.3472442328929901,
		0.9997605085372925
	],
	"right_eye": [
		0.3585798144340515,
		0.3218475580215454,
		-0.3912288546562195,
		0.9999067187309265
	],
	"left_ear": [
		0.34385716915130615,
		0.3273743987083435,
		-0.0816054567694664,
		0.9996771812438965
	],
	"right_ear": [
		0.31411030888557434,
		0.33067721128463745,
		-0.2973203957080841,
		0.9998933672904968
	]
}