{
	"left_hip": [
		0.37201058864593506,
		0.6203256249427795,
		0.17711517214775085,
		0.9962469339370728
	],
	"left_knee": [
		0.3770170509815216,
		0.7490968704223633,
		0.579795777797699,
		0.7720640301704407
	],
	"left_ankle": [
		0.37885916233062744,
		0.8700820207595825,
		0.9566732048988342,
		0.8850063681602478
	],
	"right_hip": [
		0.290500283241272,
		0.6328780651092529,
		-0.1773836463689804,
		0.9994959235191345
	],
	"right_knee": [
		0.25671276450157166,
		0.789588212966919,
		-0.1840135157108307,
		0.9824719429016113
	],
	"right_ankle": [
		0.22586655616760254,
		0.9427164793014526,
		-0.15677249431610107,
		0.9746358394622803
	],
	"left_shoulder": [
		0.37412384152412415,
		0.39590445160865784,
		0.1236070916056633,
		0.995776891708374
	],
	"left_elbow": [
		0.5224549770355225,
		0.41528114676475525,
		0.46712541580200195,
		0.4495999813079834
	],
	"left_wrist": [
		0.6142760515213013,
		0.4303905963897705,
		0.6326818466186523,
		0.5243461728096008
	],
	"right_shoulder": [
		0.224416583776474,
		0.4096906781196594,
		-0.383228600025177,
		0.9997894167900085
	],
	"right_elbow": [
		0.06844320148229599,
		0.44466471672058105,
		-0.7935678958892822,
		0.9927984476089478
	],
	"right_wrist": [
		0.18464228510856628,
		0.3521844744682312,
		-1.0895702838897705,
		0.965173602104187
	],
	"nose": [
		0.38660693168640137,
		0.3322734236717224,
		-0.4228277802467346,
		0.9998990893363953
	],
	"left_eye": [
		0.374523788690567,
		0.31753355264663696,
		-0.37446966767311096,
		0.9997393488883972
	],
	"right_eye": [
		0.357338547706604,
		0.31970006227493286,
		-0.4229040741920471,
		0.9999045729637146
	],
	"left_ear": [
		0.34124523401260376,
		0.3257446587085724,
		-0.11449044197797775,
		0.9996630549430847
	],
	"right_ear": [
		0.3122791647911072,
		0.329903781414032,
		-0.34334897994995117,
		0.9998937845230103
	]
}