{
	"left_hip": [
		0.37336117029190063,
		0.6210635304450989,
		0.17273902893066406,
		0.9965358972549438
	],
	"left_knee": [
		0.3788169026374817,
		0.7501450181007385,
		0.5680063366889954,
		0.784909725189209
	],
	"left_ankle": [
		0.37857338786125183,
		0.8684686422348022,
		0.9295176267623901,
		0.8887238502502441
	],
	"right_hip": [
		0.29164600372314453,
		0.6348638534545898,
		-0.17307887971401215,
		0.999504029750824
	],
	"right_knee": [
		0.25769612193107605,
		0.7903630137443542,
		-0.12772268056869507,
		0.9834074974060059
	],
	"right_ankle": [
		0.22694970667362213,
		0.9406339526176453,
		-0.04268551245331764,
		0.9759002327919006
	],
	"left_shoulder": [
		0.37533998489379883,
		0.39556455612182617,
		0.12836965918540955,
		0.9959984421730042
	],
	"left_elbow": [
		0.521672248840332,
		0.3947547972202301,
		0.5631394386291504,
		0.5488041639328003
	],
	"left_wrist": [
		0.5982367992401123,
		0.38615843653678894,
		0.8916341066360474,
		0.6149327754974365
	],
	"right_shoulder": [
		0.22410356998443604,
		0.41517290472984314,
		-0.38723763823509216,
		0.9998016357421875
	],
	"right_elbow": [
		0.07272538542747498,
		0.4537106454372406,
		-0.8366928696632385,
		0.9942148923873901
	],
	"right_wrist": [
		0.19172905385494232,
		0.3464198410511017,
		-1.1746182441711426,
		0.9716135859489441
	],
	"nose": [
		0.38600119948387146,
		0.33204469084739685,
		-0.4081866443157196,
		0.9999362230300903
	],
	"left_eye": [
		0.37395748496055603,
		0.3170025944709778,
		-0.3603179454803467,
		0.9998221397399902
	],
	"right_eye": [
		0.35680466890335083,
		0.3194546699523926,
		-0.40921008586883545,
		0.999942421913147
	],
	"left_ear": [
		0.3415727913379669,
		0.32490846514701843,
		-0.10398967564105988,
		0.9997784495353699
	],
	"right_ear": [
		0.31204670667648315,
		0.3299126923084259,
		-0.3324744701385498,
		0.9999372363090515
	]
}