{
	"left_hip": [
		0.3736898601055145,
		0.6213204264640808,
		0.1739790141582489,
		0.9967037439346313
	],
	"left_knee": [
		0.3790731132030487,
		0.7508408427238464,
		0.5965035557746887,
		0.7907257080078125
	],
	"left_ankle": [
		0.3783026337623596,
		0.8685310482978821,
		0.9873599410057068,
		0.8906816244125366
	],
	"right_hip": [
		0.29139697551727295,
		0.6351466178894043,
		-0.17437368631362915,
		0.9995185732841492
	],
	"right_knee": [
		0.2575458288192749,
		0.7906613349914551,
		-0.12421509623527527,
		0.9839752912521362
	],
	"right_ankle": [
		0.22705380618572235,
		0.9406836628913879,
		-0.04450330138206482,
		0.9764562845230103
	],
	"left_shoulder": [
		0.37836700677871704,
		0.39512401819229126,
		0.11838430911302567,
		0.9961629509925842
	],
	"left_elbow": [
		0.5385923981666565,
		0.39127296209335327,
		0.500267744064331,
		0.5944662094116211
	],
	"left_wrist": [
		0.6370989680290222,
		0.3947587311267853,
		0.7644724249839783,
		0.6531609296798706
	],
	"right_shoulder": [
		0.22297291457653046,
		0.4152030944824219,
		-0.3975355923175812,
		0.9998149275779724
	],
	"right_elbow": [
		0.07275383174419403,
		0.4550348222255707,
		-0.8460283279418945,
		0.9948702454566956
	],
	"right_wrist": [
		0.18935590982437134,
		0.34591493010520935,
		-1.1814857721328735,
		0.9748522639274597
	],
	"nose": [
		0.38618743419647217,
		0.3315891921520233,
		-0.4389610290527344,
		0.999945878982544
	],
	"left_eye": [
		0.37413784861564636,
		0.3165891170501709,
		-0.3882350027561188,
		0.9998445510864258
	],
	"right_eye": [
		0.35715141892433167,
		0.318964421749115,
		-0.43653619289398193,
		0.9999517798423767
	],
	"left_ear": [
		0.3417288362979889,
		0.3244803547859192,
		-0.12208522111177444,
		0.9998073577880859
	],
	"right_ear": [
		0.31222081184387207,
		0.3294779062271118,
		-0.346862256526947,
		0.9999477863311768
	]
}