{
	"left_hip": [
		0.3745719790458679,
		0.6205852627754211,
		0.17332853376865387,
		0.9967127442359924
	],
	"left_knee": [
		0.3813573122024536,
		0.7513879537582397,
		0.5553212761878967,
		0.7979722023010254
	],
	"left_ankle": [
		0.3778323829174042,
		0.8670147061347961,
		0.8981903195381165,
		0.8906188607215881
	],
	"right_hip": [
		0.2915228009223938,
		0.6337953805923462,
		-0.1736876368522644,
		0.9995026588439941
	],
	"right_knee": [
		0.25840941071510315,
		0.7899658679962158,
		-0.14881743490695953,
		0.9842003583908081
	],
	"right_ankle": [
		0.22805485129356384,
		0.9403263330459595,
		-0.1014893427491188,
		0.9769127368927002
	],
	"left_shoulder": [
		0.3775871694087982,
		0.3938950002193451,
		0.14886029064655304,
		0.9960877299308777
	],
	"left_elbow": [
		0.5008153915405273,
		0.39367908239364624,
		0.4873463213443756,
		0.6188356876373291
	],
	"left_wrist": [
		0.5517460107803345,
		0.3889044225215912,
		0.7064780592918396,
		0.6676068305969238
	],
	"right_shoulder": [
		0.22284367680549622,
		0.4133223593235016,
		-0.361857146024704,
		0.9998196363449097
	],
	"right_elbow": [
		0.07863689213991165,
		0.45468440651893616,
		-0.7863986492156982,
		0.9952699542045593
	],
	"right_wrist": [
		0.1892230361700058,
		0.3436897397041321,
		-1.0949872732162476,
		0.9767476320266724
	],
	"nose": [
		0.3858276903629303,
		0.32924866676330566,
		-0.3269651532173157,
		0.9999546408653259
	],
	"left_eye": [
		0.3740028738975525,
		0.3141433894634247,
		-0.28473803400993347,
		0.9998635053634644
	],
	"right_eye": [
		0.3570655882358551,
		0.31657785177230835,
		-0.338803231716156,
		0.999962329864502
	],
	"left_ear": [
		0.3417409062385559,
		0.3218793272972107,
		-0.05736279860138893,
		0.9998398423194885
	],
	"right_ear": [
		0.31277814507484436,
		0.32710710167884827,
		-0.31107503175735474,
		0.9999607801437378
	]
}