{
	"left_hip": [
		0.37469401955604553,
		0.6195858120918274,
		0.17341935634613037,
		0.9968441724777222
	],
	"left_knee": [
		0.38264337182044983,
		0.750400722026825,
		0.5769389867782593,
		0.7988652586936951
	],
	"left_ankle": [
		0.3777609169483185,
		0.8656283617019653,
		0.9529138207435608,
		0.8910478949546814
	],
	"right_hip": [
		0.29236429929733276,
		0.6325576901435852,
		-0.1737852692604065,
		0.9995318055152893
	],
	"right_knee": [
		0.2601475417613983,
		0.7889388799667358,
		-0.17929568886756897,
		0.984178900718689
	],
	"right_ankle": [
		0.2296929508447647,
		0.9402765035629272,
		-0.15155738592147827,
		0.9768329858779907
	],
	"left_shoulder": [
		0.3767663240432739,
		0.3939686119556427,
		0.16050322353839874,
		0.9960145950317383
	],
	"left_elbow": [
		0.5085715055465698,
		0.39672309160232544,
		0.6087342500686646,
		0.6011200547218323
	],
	"left_wrist": [
		0.5760678052902222,
		0.38321319222450256,
		0.9650997519493103,
		0.6629686951637268
	],
	"right_shoulder": [
		0.22414392232894897,
		0.4115067422389984,
		-0.3737213611602783,
		0.999829888343811
	],
	"right_elbow": [
		0.08864681422710419,
		0.4532734751701355,
		-0.8466401696205139,
		0.9953338503837585
	],
	"right_wrist": [
		0.18969525396823883,
		0.34535521268844604,
		-1.2049874067306519,
		0.978114902973175
	],
	"nose": [
		0.38470718264579773,
		0.32915884256362915,
		-0.3798087537288666,
		0.9999579787254333
	],
	"left_eye": [
		0.37426507472991943,
		0.3139430582523346,
		-0.33512499928474426,
		0.9998710751533508
	],
	"right_eye": [
		0.35647672414779663,
		0.3163749575614929,
		-0.381203293800354,
		0.9999672174453735
	],
	"left_ear": [
		0.34273841977119446,
		0.3216201961040497,
		-0.08622534573078156,
		0.9998558163642883
	],
	"right_ear": [
		0.31335878372192383,
		0.32649627327919006,
		-0.31416812539100647,
		0.9999667406082153
	]
}