{
	"left_hip": [
		0.37636205554008484,
		0.6119333505630493,
		0.1706077754497528,
		0.9969170093536377
	],
	"left_knee": [
		0.38535308837890625,
		0.7464668154716492,
		0.5285254716873169,
		0.7873501181602478
	],
	"left_ankle": [
		0.37970784306526184,
		0.8653828501701355,
		0.8838205337524414,
		0.8871755599975586
	],
	"right_hip": [
		0.29334214329719543,
		0.6222306489944458,
		-0.1709361970424652,
		0.999579906463623
	],
	"right_knee": [
		0.2623608708381653,
		0.7824181318283081,
		-0.2955077588558197,
		0.983331024646759
	],
	"right_ankle": [
		0.23038221895694733,
		0.938311755657196,
		-0.36970070004463196,
		0.9754766821861267
	],
	"left_shoulder": [
		0.3792562186717987,
		0.39684998989105225,
		0.19823580980300903,
		0.9957513213157654
	],
	"left_elbow": [
		0.48898929357528687,
		0.4312150478363037,
		0.616173267364502,
		0.5630184412002563
	],
	"left_wrist": [
		0.5822682976722717,
		0.42605504393577576,
		0.8937392234802246,
		0.6386057734489441
	],
	"right_shoulder": [
		0.2183377742767334,
		0.40585464239120483,
		-0.3419492244720459,
		0.9998520016670227
	],
	"right_elbow": [
		0.09220761060714722,
		0.44785594940185547,
		-0.8092084527015686,
		0.9956714510917664
	],
	"right_wrist": [
		0.19466620683670044,
		0.34506624937057495,
		-1.1672413349151611,
		0.9810357689857483
	],
	"nose": [
		0.3815571367740631,
		0.33239930868148804,
		-0.3087484836578369,
		0.9999528527259827
	],
	"left_eye": [
		0.3743637502193451,
		0.3169129490852356,
		-0.2677147686481476,
		0.9998485445976257
	],
	"right_eye": [
		0.35448020696640015,
		0.31875738501548767,
		-0.3180043697357178,
		0.9999662041664124
	],
	"left_ear": [
		0.3479354977607727,
		0.32301992177963257,
		-0.037045206874608994,
		0.9998251795768738
	],
	"right_ear": [
		0.3112215995788574,
		0.32646381855010986,
		-0.26941072940826416,
		0.9999669194221497
	]
}