{
	"left_hip": [
		0.38479936122894287,
		0.6152656078338623,
		0.16630327701568604,
		0.9965835213661194
	],
	"left_knee": [
		0.3892369568347931,
		0.7464450001716614,
		0.47911593317985535,
		0.7591274380683899
	],
	"left_ankle": [
		0.3839026987552643,
		0.8653987646102905,
		0.8417497277259827,
		0.8750507831573486
	],
	"right_hip": [
		0.3006146252155304,
		0.6243423819541931,
		-0.16638235747814178,
		0.9995872378349304
	],
	"right_knee": [
		0.2656959593296051,
		0.778999388217926,
		-0.24663680791854858,
		0.9823543429374695
	],
	"right_ankle": [
		0.23215103149414062,
		0.9368446469306946,
		-0.3116336464881897,
		0.972923219203949
	],
	"left_shoulder": [
		0.3708091676235199,
		0.4052700102329254,
		0.1744937151670456,
		0.9962509870529175
	],
	"left_elbow": [
		0.39123833179473877,
		0.49655991792678833,
		0.34380680322647095,
		0.4683838188648224
	],
	"left_wrist": [
		0.46855413913726807,
		0.5843232870101929,
		0.2911779582500458,
		0.48811647295951843
	],
	"right_shoulder": [
		0.2347593754529953,
		0.40504947304725647,
		-0.3119428753852844,
		0.9998281598091125
	],
	"right_elbow": [
		0.13043633103370667,
		0.4340694546699524,
		-0.644698441028595,
		0.9940804243087769
	],
	"right_wrist": [
		0.2347264438867569,
		0.3354731798171997,
		-0.8094187378883362,
		0.9764911532402039
	],
	"nose": [
		0.3850509226322174,
		0.32956403493881226,
		-0.22221024334430695,
		0.9998708367347717
	],
	"left_eye": [
		0.37668299674987793,
		0.3155224919319153,
		-0.18365369737148285,
		0.9996756911277771
	],
	"right_eye": [
		0.359500914812088,
		0.3164359927177429,
		-0.24098987877368927,
		0.9998598694801331
	],
	"left_ear": [
		0.34984728693962097,
		0.3230505585670471,
		0.017872024327516556,
		0.9995144605636597
	],
	"right_ear": [
		0.32036760449409485,
		0.3238503336906433,
		-0.2516106367111206,
		0.9998264908790588
	]
}