{
	"left_hip": [
		0.3790833353996277,
		0.6109896898269653,
		0.16061994433403015,
		0.9963733553886414
	],
	"left_knee": [
		0.3773602843284607,
		0.7422910928726196,
		0.44308143854141235,
		0.7356289625167847
	],
	"left_ankle": [
		0.3860416114330292,
		0.8617219924926758,
		0.7282379865646362,
		0.8542797565460205
	],
	"right_hip": [
		0.304302453994751,
		0.6188881993293762,
		-0.1606062352657318,
		0.9996041655540466
	],
	"right_knee": [
		0.27195921540260315,
		0.7775110006332397,
		-0.2907526195049286,
		0.9820197820663452
	],
	"right_ankle": [
		0.23609521985054016,
		0.9372989535331726,
		-0.3941630423069,
		0.970445454120636
	],
	"left_shoulder": [
		0.36528700590133667,
		0.4040220379829407,
		0.25983700156211853,
		0.9967291355133057
	],
	"left_elbow": [
		0.3904736042022705,
		0.4974713921546936,
		0.39697837829589844,
		0.41231802105903625
	],
	"left_wrist": [
		0.48325878381729126,
		0.5638629198074341,
		0.2938043177127838,
		0.4217531979084015
	],
	"right_shoulder": [
		0.2500544786453247,
		0.3992105722427368,
		-0.22793826460838318,
		0.9998363852500916
	],
	"right_elbow": [
		0.15096797049045563,
		0.4273372292518616,
		-0.5228354930877686,
		0.9935421347618103
	],
	"right_wrist": [
		0.2506146728992462,
		0.3327407240867615,
		-0.6872643828392029,
		0.9751303791999817
	],
	"nose": [
		0.3986259400844574,
		0.32681289315223694,
		-0.09727445989847183,
		0.999862551689148
	],
	"left_eye": [
		0.38796114921569824,
		0.31432947516441345,
		-0.0630452111363411,
		0.9996748566627502
	],
	"right_eye": [
		0.37403908371925354,
		0.31413742899894714,
		-0.11828996986150742,
		0.9998396039009094
	],
	"left_ear": [
		0.3605511486530304,
		0.3213837742805481,
		0.11216450482606888,
		0.9995021820068359
	],
	"right_ear": [
		0.3333445191383362,
		0.3211931586265564,
		-0.1465991884469986,
		0.999793291091919
	]
}