{
	"left_hip": [
		0.3780823051929474,
		0.6128620505332947,
		0.17851640284061432,
		0.9967179298400879
	],
	"left_knee": [
		0.3888928294181824,
		0.7448350191116333,
		0.38087570667266846,
		0.7403718829154968
	],
	"left_ankle": [
		0.3874538540840149,
		0.8633079528808594,
		0.6316758990287781,
		0.852096676826477
	],
	"right_hip": [
		0.31411856412887573,
		0.6199914216995239,
		-0.17859554290771484,
		0.9996091723442078
	],
	"right_knee": [
		0.2735591530799866,
		0.7780289649963379,
		-0.2769371569156647,
		0.9828547835350037
	],
	"right_ankle": [
		0.23765213787555695,
		0.9390335083007812,
		-0.33758240938186646,
		0.9718135595321655
	],
	"left_shoulder": [
		0.36246147751808167,
		0.4073900282382965,
		0.24680615961551666,
		0.9973907470703125
	],
	"left_elbow": [
		0.3869594931602478,
		0.5086302161216736,
		0.3416558802127838,
		0.3719140887260437
	],
	"left_wrist": [
		0.46639543771743774,
		0.5880407094955444,
		0.20885586738586426,
		0.4036431610584259
	],
	"right_shoulder": [
		0.26009562611579895,
		0.3960915207862854,
		-0.2739731967449188,
		0.999807596206665
	],
	"right_elbow": [
		0.2040589600801468,
		0.41698163747787476,
		-0.6441749334335327,
		0.9924662113189697
	],
	"right_wrist": [
		0.2859167456626892,
		0.32900452613830566,
		-0.840374231338501,
		0.9720752835273743
	],
	"nose": [
		0.4036959409713745,
		0.3308335542678833,
		-0.16211214661598206,
		0.9998475909233093
	],
	"left_eye": [
		0.397123247385025,
		0.31649231910705566,
		-0.12065206468105316,
		0.9996821284294128
	],
	"right_eye": [
		0.38061004877090454,
		0.31610584259033203,
		-0.17485825717449188,
		0.9998024106025696
	],
	"left_ear": [
		0.37173110246658325,
		0.32170313596725464,
		0.0891413763165474,
		0.9995273351669312
	],
	"right_ear": [
		0.33863598108291626,
		0.3204675316810608,
		-0.1673170030117035,
		0.9997333884239197
	]
}