{
	"left_hip": [
		0.38423675298690796,
		0.6276201009750366,
		0.18733933568000793,
		0.9951342344284058
	],
	"left_knee": [
		0.3953225314617157,
		0.7473251819610596,
		0.5432116389274597,
		0.7683402895927429
	],
	"left_ankle": [
		0.3860471844673157,
		0.8650954961776733,
		0.908274233341217,
		0.8755755424499512
	],
	"right_hip": [
		0.30855005979537964,
		0.6341127753257751,
		-0.18721455335617065,
		0.9993177056312561
	],
	"right_knee": [
		0.2735747694969177,
		0.7804115414619446,
		-0.1810074746608734,
		0.984988272190094
	],
	"right_ankle": [
		0.23745417594909668,
		0.9387986063957214,
		-0.13241957128047943,
		0.9741840958595276
	],
	"left_shoulder": [
		0.38966014981269836,
		0.4051530361175537,
		0.16110685467720032,
		0.9969245791435242
	],
	"left_elbow": [
		0.36562293767929077,
		0.5109173655509949,
		0.3107937276363373,
		0.2500213086605072
	],
	"left_wrist": [
		0.4572059214115143,
		0.5908478498458862,
		0.15192067623138428,
		0.2578182518482208
	],
	"right_shoulder": [
		0.25766098499298096,
		0.3966999650001526,
		-0.4398841857910156,
		0.9998039603233337
	],
	"right_elbow": [
		0.2298254668712616,
		0.5087618827819824,
		-0.5288331508636475,
		0.9904791712760925
	],
	"right_wrist": [
		0.43606337904930115,
		0.5113297700881958,
		-0.4805975556373596,
		0.9650903940200806
	],
	"nose": [
		0.42102763056755066,
		0.3272487223148346,
		-0.23785148561000824,
		0.9996645450592041
	],
	"left_eye": [
		0.40992265939712524,
		0.31267422437667847,
		-0.2097308486700058,
		0.9993575811386108
	],
	"right_eye": [
		0.39473816752433777,
		0.3132937550544739,
		-0.2748454511165619,
		0.9995278120040894
	],
	"left_ear": [
		0.3796418607234955,
		0.31917861104011536,
		-0.038415439426898956,
		0.9989346265792847
	],
	"right_ear": [
		0.35563135147094727,
		0.3203221261501312,
		-0.34275370836257935,
		0.9994136691093445
	]
}