{
	"left_hip": [
		0.38355767726898193,
		0.627079963684082,
		0.19374580681324005,
		0.9951075315475464
	],
	"left_knee": [
		0.3950848877429962,
		0.7516692280769348,
		0.5500974059104919,
		0.7729772925376892
	],
	"left_ankle": [
		0.38638797402381897,
		0.8657353520393372,
		0.9090834856033325,
		0.8794370293617249
	],
	"right_hip": [
		0.30638357996940613,
		0.6336636543273926,
		-0.19364945590496063,
		0.9993500113487244
	],
	"right_knee": [
		0.2735495865345001,
		0.7826875448226929,
		-0.22299961745738983,
		0.9861082434654236
	],
	"right_ankle": [
		0.23749512434005737,
		0.9395440220832825,
		-0.21678799390792847,
		0.9752939939498901
	],
	"left_shoulder": [
		0.3788456320762634,
		0.40957093238830566,
		0.15022628009319305,
		0.9972623586654663
	],
	"left_elbow": [
		0.3508610725402832,
		0.5187875032424927,
		0.29688096046447754,
		0.2250167280435562
	],
	"left_wrist": [
		0.4558973014354706,
		0.5954774618148804,
		0.15901868045330048,
		0.2510267198085785
	],
	"right_shoulder": [
		0.2579294741153717,
		0.39825043082237244,
		-0.5146796703338623,
		0.9998379945755005
	],
	"right_elbow": [
		0.22994010150432587,
		0.5175343155860901,
		-0.5631335973739624,
		0.9911773800849915
	],
	"right_wrist": [
		0.42856353521347046,
		0.5835695862770081,
		-0.5485062599182129,
		0.9647761583328247
	],
	"nose": [
		0.4228813052177429,
		0.32769328355789185,
		-0.25567641854286194,
		0.9997014999389648
	],
	"left_eye": [
		0.4103069007396698,
		0.3130108118057251,
		-0.2337576150894165,
		0.9994168281555176
	],
	"right_eye": [
		0.39755791425704956,
		0.31342440843582153,
		-0.30241119861602783,
		0.999578595161438
	],
	"left_ear": [
		0.37970390915870667,
		0.31963568925857544,
		-0.07907380163669586,
		0.9990050196647644
	],
	"right_ear": [
		0.35854458808898926,
		0.32054418325424194,
		-0.3985627591609955,
		0.9994961619377136
	]
}