{
	"left_hip": [
		0.38418179750442505,
		0.6226601004600525,
		0.1908450871706009,
		0.995370090007782
	],
	"left_knee": [
		0.39573439955711365,
		0.7457484602928162,
		0.5446525812149048,
		0.7944919466972351
	],
	"left_ankle": [
		0.3895747661590576,
		0.8649343252182007,
		0.9003676772117615,
		0.88913893699646
	],
	"right_hip": [
		0.3074983060359955,
		0.6314295530319214,
		-0.19077041745185852,
		0.9994493722915649
	],
	"right_knee": [
		0.27390214800834656,
		0.7806802988052368,
		-0.24099010229110718,
		0.9879208207130432
	],
	"right_ankle": [
		0.2376677244901657,
		0.9397621154785156,
		-0.261393666267395,
		0.9776439666748047
	],
	"left_shoulder": [
		0.38128724694252014,
		0.4087498188018799,
		0.06516137719154358,
		0.997627317905426
	],
	"left_elbow": [
		0.35127341747283936,
		0.5157015919685364,
		0.22086359560489655,
		0.18987303972244263
	],
	"left_wrist": [
		0.4332611858844757,
		0.5848156213760376,
		0.11906134337186813,
		0.24262557923793793
	],
	"right_shoulder": [
		0.25770506262779236,
		0.40033644437789917,
		-0.5788121819496155,
		0.9998792409896851
	],
	"right_elbow": [
		0.18900088965892792,
		0.5170436501502991,
		-0.6550775170326233,
		0.9928954243659973
	],
	"right_wrist": [
		0.2930501401424408,
		0.6157311797142029,
		-0.5966177582740784,
		0.9683308601379395
	],
	"nose": [
		0.43285423517227173,
		0.3251190185546875,
		-0.35112613439559937,
		0.9997537136077881
	],
	"left_eye": [
		0.41689249873161316,
		0.30984392762184143,
		-0.32931801676750183,
		0.9995108246803284
	],
	"right_eye": [
		0.4077839255332947,
		0.3100571632385254,
		-0.39926838874816895,
		0.9996617436408997
	],
	"left_ear": [
		0.38121363520622253,
		0.31821244955062866,
		-0.1675415337085724,
		0.9991442561149597
	],
	"right_ear": [
		0.36647602915763855,
		0.3179289400577545,
		-0.4920361042022705,
		0.9996117353439331
	]
}