{
	"left_hip": [
		0.3883206248283386,
		0.6078782677650452,
		0.17664188146591187,
		0.9965007305145264
	],
	"left_knee": [
		0.39973288774490356,
		0.7399236559867859,
		0.5929164290428162,
		0.8181735873222351
	],
	"left_ankle": [
		0.3878304362297058,
		0.8612998127937317,
		0.9671434164047241,
		0.9006624817848206
	],
	"right_hip": [
		0.3045995533466339,
		0.6173696517944336,
		-0.17661431431770325,
		0.9996678829193115
	],
	"right_knee": [
		0.27763664722442627,
		0.7734079360961914,
		-0.28898748755455017,
		0.9903091788291931
	],
	"right_ankle": [
		0.2378474622964859,
		0.9369357824325562,
		-0.37032783031463623,
		0.980193555355072
	],
	"left_shoulder": [
		0.3869449198246002,
		0.40520864725112915,
		0.0922715812921524,
		0.9984338879585266
	],
	"left_elbow": [
		0.3593343198299408,
		0.5081700086593628,
		0.24615344405174255,
		0.14176367223262787
	],
	"left_wrist": [
		0.46087127923965454,
		0.5876672267913818,
		0.1605169177055359,
		0.25487855076789856
	],
	"right_shoulder": [
		0.2419525384902954,
		0.395885169506073,
		-0.46737512946128845,
		0.9999396800994873
	],
	"right_elbow": [
		0.14195887744426727,
		0.5010213255882263,
		-0.5725356936454773,
		0.9955449104309082
	],
	"right_wrist": [
		0.16633348166942596,
		0.608623206615448,
		-0.5907770395278931,
		0.9766108989715576
	],
	"nose": [
		0.4290804862976074,
		0.3234573006629944,
		-0.32354646921157837,
		0.9998552203178406
	],
	"left_eye": [
		0.4200475811958313,
		0.30877184867858887,
		-0.2969871461391449,
		0.9997116327285767
	],
	"right_eye": [
		0.4053610563278198,
		0.30866190791130066,
		-0.3587445914745331,
		0.9998143911361694
	],
	"left_ear": [
		0.39749255776405334,
		0.31696099042892456,
		-0.11685775965452194,
		0.9994775652885437
	],
	"right_ear": [
		0.35981789231300354,
		0.31590506434440613,
		-0.4096081554889679,
		0.9997995495796204
	]
}