{
	"left_hip": [
		0.38058051466941833,
		0.6469300985336304,
		0.1606261432170868,
		0.9683077335357666
	],
	"left_knee": [
		0.3765820264816284,
		0.7829577326774597,
		0.26101723313331604,
		0.27841198444366455
	],
	"left_ankle": [
		0.33724409341812134,
		0.9032033681869507,
		0.45356881618499756,
		0.34671589732170105
	],
	"right_hip": [
		0.3386424779891968,
		0.6469729542732239,
		-0.16077284514904022,
		0.9822568893432617
	],
	"right_knee": [
		0.36012357473373413,
		0.7905860543251038,
		-0.10568439960479736,
		0.8906785845756531
	],
	"right_ankle": [
		0.3052719533443451,
		0.9302220344543457,
		0.060196470469236374,
		0.8782544732093811
	],
	"left_shoulder": [
		0.3964768946170807,
		0.45534905791282654,
		0.11948397010564804,
		0.977989137172699
	],
	"left_elbow": [
		0.5298070311546326,
		0.46704691648483276,
		0.1845390647649765,
		0.3148830831050873
	],
	"left_wrist": [
		0.6609901785850525,
		0.44970703125,
		0.09590986371040344,
		0.4885258376598358
	],
	"right_shoulder": [
		0.33093222975730896,
		0.4435582160949707,
		-0.4252946674823761,
		0.9977343678474426
	],
	"right_elbow": [
		0.49548086524009705,
		0.452334463596344,
		-0.5836480855941772,
		0.9920009970664978
	],
	"right_wrist": [
		0.6440449357032776,
		0.43376031517982483,
		-0.5819171071052551,
		0.941400408744812
	],
	"nose": [
		0.404106080532074,
		0.3950284421443939,
		-0.2594147324562073,
		0.9983828663825989
	],
	"left_eye": [
		0.40133431553840637,
		0.38184863328933716,
		-0.23319599032402039,
		0.995702862739563
	],
	"right_eye": [
		0.38750284910202026,
		0.38129058480262756,
		-0.2818965017795563,
		0.9984115362167358
	],
	"left_ear": [
		0.38540753722190857,
		0.38477811217308044,
		-0.07804406434297562,
		0.9927685856819153
	],
	"right_ear": [
		0.3563922345638275,
		0.38486212491989136,
		-0.2847270667552948,
		0.9984115958213806
	]
}