{
	"left_hip": [
		0.3878558576107025,
		0.6387718915939331,
		0.13583038747310638,
		0.9649912118911743
	],
	"left_knee": [
		0.3757019340991974,
		0.7761774063110352,
		0.17559152841567993,
		0.2550223469734192
	],
	"left_ankle": [
		0.34655529260635376,
		0.9067978858947754,
		0.3289906084537506,
		0.3479025661945343
	],
	"right_hip": [
		0.3368908762931824,
		0.6368285417556763,
		-0.1359744668006897,
		0.9786215424537659
	],
	"right_knee": [
		0.341818630695343,
		0.7786340117454529,
		-0.13757815957069397,
		0.875479519367218
	],
	"right_ankle": [
		0.3084988594055176,
		0.9241040945053101,
		-0.01756684109568596,
		0.8674522042274475
	],
	"left_shoulder": [
		0.4058741331100464,
		0.45732030272483826,
		0.02554318681359291,
		0.9776140451431274
	],
	"left_elbow": [
		0.5435865521430969,
		0.4661303460597992,
		0.059609659016132355,
		0.3113522231578827
	],
	"left_wrist": [
		0.6730113625526428,
		0.4482937455177307,
		-0.02647002972662449,
		0.4576123356819153
	],
	"right_shoulder": [
		0.3390667736530304,
		0.441678911447525,
		-0.4466311037540436,
		0.9974329471588135
	],
	"right_elbow": [
		0.5107845664024353,
		0.4514499306678772,
		-0.6066501140594482,
		0.9883406758308411
	],
	"right_wrist": [
		0.6540430784225464,
		0.43388065695762634,
		-0.5914751291275024,
		0.9420416951179504
	],
	"nose": [
		0.41390615701675415,
		0.39272335171699524,
		-0.3794812262058258,
		0.9980453252792358
	],
	"left_eye": [
		0.4110669791698456,
		0.3801799416542053,
		-0.3500097990036011,
		0.9952293634414673
	],
	"right_eye": [
		0.39546626806259155,
		0.37936145067214966,
		-0.38314375281333923,
		0.9979506731033325
	],
	"left_ear": [
		0.39076635241508484,
		0.3823729157447815,
		-0.17647714912891388,
		0.9921639561653137
	],
	"right_ear": [
		0.3636935353279114,
		0.382071316242218,
		-0.32894933223724365,
		0.9980406165122986
	]
}