{
	"left_hip": [
		0.38351964950561523,
		0.6401417255401611,
		0.13374663889408112,
		0.9663934707641602
	],
	"left_knee": [
		0.3773970305919647,
		0.776679277420044,
		0.16998900473117828,
		0.2683902680873871
	],
	"left_ankle": [
		0.3488471806049347,
		0.9059131741523743,
		0.3143504559993744,
		0.37530362606048584
	],
	"right_hip": [
		0.33107900619506836,
		0.6382549405097961,
		-0.13390392065048218,
		0.9796455502510071
	],
	"right_knee": [
		0.3464374244213104,
		0.7801782488822937,
		-0.1265573501586914,
		0.8837076425552368
	],
	"right_ankle": [
		0.30821624398231506,
		0.923943817615509,
		-0.00819461327046156,
		0.8733642101287842
	],
	"left_shoulder": [
		0.41609466075897217,
		0.4563516080379486,
		0.02467327192425728,
		0.9807904958724976
	],
	"left_elbow": [
		0.5549663305282593,
		0.4660511016845703,
		0.044997867196798325,
		0.34106218814849854
	],
	"left_wrist": [
		0.6888203024864197,
		0.44850414991378784,
		-0.057194050401449203,
		0.48687121272087097
	],
	"right_shoulder": [
		0.34143921732902527,
		0.4413560926914215,
		-0.448519229888916,
		0.9976514577865601
	],
	"right_elbow": [
		0.5114723443984985,
		0.45213809609413147,
		-0.6205794215202332,
		0.9893081784248352
	],
	"right_wrist": [
		0.6568743586540222,
		0.4350945055484772,
		-0.5983501672744751,
		0.9449794292449951
	],
	"nose": [
		0.41808462142944336,
		0.39116033911705017,
		-0.4229849874973297,
		0.9985079765319824
	],
	"left_eye": [
		0.41801291704177856,
		0.3785236179828644,
		-0.3878617286682129,
		0.9963465332984924
	],
	"right_eye": [
		0.39704450964927673,
		0.37806907296180725,
		-0.4163952171802521,
		0.9984212517738342
	],
	"left_ear": [
		0.40170416235923767,
		0.3820097744464874,
		-0.19406010210514069,
		0.9939548969268799
	],
	"right_ear": [
		0.36445868015289307,
		0.38210636377334595,
		-0.3248632848262787,
		0.9984951615333557
	]
}