{
	"left_hip": [
		0.3689825236797333,
		0.6464608907699585,
		0.1418011337518692,
		0.9691756963729858
	],
	"left_knee": [
		0.406521737575531,
		0.7793964147567749,
		0.18188610672950745,
		0.27707213163375854
	],
	"left_ankle": [
		0.35665372014045715,
		0.9063927531242371,
		0.3307456076145172,
		0.3916367292404175
	],
	"right_hip": [
		0.32245856523513794,
		0.644567608833313,
		-0.141953244805336,
		0.9809221625328064
	],
	"right_knee": [
		0.3750634491443634,
		0.7910507917404175,
		-0.11708898842334747,
		0.8926962018013
	],
	"right_ankle": [
		0.3145715296268463,
		0.9337980151176453,
		0.012851706705987453,
		0.8803454637527466
	],
	"left_shoulder": [
		0.4158649742603302,
		0.46292930841445923,
		0.03564248979091644,
		0.9824059009552002
	],
	"left_elbow": [
		0.5549313426017761,
		0.4709833264350891,
		0.07694698870182037,
		0.34653207659721375
	],
	"left_wrist": [
		0.6901455521583557,
		0.4538213312625885,
		-0.003502865554764867,
		0.4867994487285614
	],
	"right_shoulder": [
		0.34698083996772766,
		0.44533771276474,
		-0.45407333970069885,
		0.9977509379386902
	],
	"right_elbow": [
		0.5198603272438049,
		0.4567479193210602,
		-0.599216639995575,
		0.9884885549545288
	],
	"right_wrist": [
		0.6621360182762146,
		0.44147610664367676,
		-0.5817116498947144,
		0.9452860951423645
	],
	"nose": [
		0.4288421869277954,
		0.3959164619445801,
		-0.4012833833694458,
		0.9988246560096741
	],
	"left_eye": [
		0.42640143632888794,
		0.38271564245224,
		-0.36618027091026306,
		0.9971163868904114
	],
	"right_eye": [
		0.4092297852039337,
		0.38201525807380676,
		-0.40038245916366577,
		0.9987401962280273
	],
	"left_ear": [
		0.4062628149986267,
		0.3865768611431122,
		-0.17767871916294098,
		0.9951916337013245
	],
	"right_ear": [
		0.3760891854763031,
		0.3868335783481598,
		-0.33232012391090393,
		0.9987990856170654
	]
}