{
	"left_hip": [
		0.35199010372161865,
		0.6652470827102661,
		0.16264858841896057,
		0.9723913669586182
	],
	"left_knee": [
		0.441039115190506,
		0.7785055637359619,
		0.13636153936386108,
		0.2923997640609741
	],
	"left_ankle": [
		0.37036675214767456,
		0.906420111656189,
		0.2778441607952118,
		0.38555851578712463
	],
	"right_hip": [
		0.2982865273952484,
		0.6622979640960693,
		-0.16278652846813202,
		0.9820123910903931
	],
	"right_knee": [
		0.42022597789764404,
		0.7912471890449524,
		-0.20113228261470795,
		0.9050230979919434
	],
	"right_ankle": [
		0.3281518816947937,
		0.9373254776000977,
		-0.07641629129648209,
		0.8853532075881958
	],
	"left_shoulder": [
		0.4236907958984375,
		0.48741602897644043,
		0.08237545192241669,
		0.9846935272216797
	],
	"left_elbow": [
		0.5600727796554565,
		0.4943413734436035,
		0.12931829690933228,
		0.3743782937526703
	],
	"left_wrist": [
		0.6991283297538757,
		0.4741137623786926,
		0.006259274203330278,
		0.5152302980422974
	],
	"right_shoulder": [
		0.3515612483024597,
		0.4649375379085541,
		-0.4611484408378601,
		0.9978022575378418
	],
	"right_elbow": [
		0.5212017297744751,
		0.4749889373779297,
		-0.624829113483429,
		0.989784836769104
	],
	"right_wrist": [
		0.6635412573814392,
		0.4591008126735687,
		-0.5703691840171814,
		0.9526324272155762
	],
	"nose": [
		0.43664348125457764,
		0.41688933968544006,
		-0.4121960699558258,
		0.9991007447242737
	],
	"left_eye": [
		0.43393009901046753,
		0.404294490814209,
		-0.3752536475658417,
		0.9978004097938538
	],
	"right_eye": [
		0.4167385697364807,
		0.4022846221923828,
		-0.41072115302085876,
		0.9990265965461731
	],
	"left_ear": [
		0.4149917662143707,
		0.40965086221694946,
		-0.17111803591251373,
		0.9963551759719849
	],
	"right_ear": [
		0.3819736838340759,
		0.40658074617385864,
		-0.3219207525253296,
		0.9990660548210144
	]
}