{
	"left_hip": [
		0.2701120972633362,
		0.8263329267501831,
		0.1830681711435318,
		0.9946147799491882
	],
	"left_knee": [
		0.4907146692276001,
		0.8091866374015808,
		0.2251395434141159,
		0.412362664937973
	],
	"left_ankle": [
		0.3649223744869232,
		0.905612587928772,
		0.30729421973228455,
		0.3776768147945404
	],
	"right_hip": [
		0.24178700149059296,
		0.8434773683547974,
		-0.18298935890197754,
		0.9956060647964478
	],
	"right_knee": [
		0.4911302924156189,
		0.8226031064987183,
		-0.25591927766799927,
		0.9653276801109314
	],
	"right_ankle": [
		0.3661428391933441,
		0.920569896697998,
		0.08739319443702698,
		0.8362510204315186
	],
	"left_shoulder": [
		0.4350036680698395,
		0.6693552732467651,
		0.15521682798862457,
		0.9909427165985107
	],
	"left_elbow": [
		0.592688262462616,
		0.6640329957008362,
		0.16776300966739655,
		0.4500744640827179
	],
	"left_wrist": [
		0.7371142506599426,
		0.6498294472694397,
		0.012292981147766113,
		0.5261297225952148
	],
	"right_shoulder": [
		0.4103933274745941,
		0.6647626757621765,
		-0.40922483801841736,
		0.9962127208709717
	],
	"right_elbow": [
		0.5850294828414917,
		0.6638043522834778,
		-0.5631412863731384,
		0.9840747117996216
	],
	"right_wrist": [
		0.7483537197113037,
		0.6421341896057129,
		-0.513540506362915,
		0.9759158492088318
	],
	"nose": [
		0.47536805272102356,
		0.6122016310691833,
		-0.1698983609676361,
		0.9995453357696533
	],
	"left_eye": [
		0.46377795934677124,
		0.5963333249092102,
		-0.1392141878604889,
		0.999353289604187
	],
	"right_eye": [
		0.4591851830482483,
		0.59781813621521,
		-0.2000500112771988,
		0.999538242816925
	],
	"left_ear": [
		0.4342193305492401,
		0.6025249361991882,
		0.004816144704818726,
		0.9993492960929871
	],
	"right_ear": [
		0.4291987419128418,
		0.6045072674751282,
		-0.26418495178222656,
		0.9994726777076721
	]
}