{
	"left_hip": [
		0.2727788984775543,
		0.8395010828971863,
		0.16982914507389069,
		0.9957886338233948
	],
	"left_knee": [
		0.49076271057128906,
		0.8056230545043945,
		0.21937134861946106,
		0.4171029329299927
	],
	"left_ankle": [
		0.363389790058136,
		0.9013945460319519,
		0.32385390996932983,
		0.37073177099227905
	],
	"right_hip": [
		0.24424448609352112,
		0.8554312586784363,
		-0.1698358952999115,
		0.9964771866798401
	],
	"right_knee": [
		0.4892567992210388,
		0.8214060664176941,
		-0.2387801706790924,
		0.9659608006477356
	],
	"right_ankle": [
		0.36547547578811646,
		0.916251003742218,
		0.09468458592891693,
		0.8034893870353699
	],
	"left_shoulder": [
		0.4322652220726013,
		0.6780567169189453,
		0.13876627385616302,
		0.9924457669258118
	],
	"left_elbow": [
		0.5904144048690796,
		0.673815906047821,
		0.14721883833408356,
		0.449582040309906
	],
	"left_wrist": [
		0.7346928715705872,
		0.6607825756072998,
		0.005127964075654745,
		0.5471118092536926
	],
	"right_shoulder": [
		0.41171711683273315,
		0.6756616234779358,
		-0.4031456708908081,
		0.9967755675315857
	],
	"right_elbow": [
		0.5860905051231384,
		0.6751347780227661,
		-0.5444049835205078,
		0.9842426776885986
	],
	"right_wrist": [
		0.7460760474205017,
		0.653523325920105,
		-0.5049939751625061,
		0.9786892533302307
	],
	"nose": [
		0.47562044858932495,
		0.6215013265609741,
		-0.17530685663223267,
		0.9996389746665955
	],
	"left_eye": [
		0.46361663937568665,
		0.6064521670341492,
		-0.14560319483280182,
		0.9995023608207703
	],
	"right_eye": [
		0.45903462171554565,
		0.6080278158187866,
		-0.20404434204101562,
		0.9996368288993835
	],
	"left_ear": [
		0.435052752494812,
		0.6135631799697876,
		-0.009542322717607021,
		0.9995140433311462
	],
	"right_ear": [
		0.4304485619068146,
		0.6151645183563232,
		-0.26840347051620483,
		0.9995787739753723
	]
}