{
	"left_hip": [
		0.3088819086551666,
		0.7166693806648254,
		0.1913633495569229,
		0.9976864457130432
	],
	"left_knee": [
		0.4837779104709625,
		0.7872268557548523,
		0.22364088892936707,
		0.4977162182331085
	],
	"left_ankle": [
		0.3798365294933319,
		0.9008944630622864,
		0.38817453384399414,
		0.46394285559654236
	],
	"right_hip": [
		0.26113975048065186,
		0.731671154499054,
		-0.1906566172838211,
		0.9980945587158203
	],
	"right_knee": [
		0.47887328267097473,
		0.8061164617538452,
		-0.2664705514907837,
		0.9822726845741272
	],
	"right_ankle": [
		0.369249552488327,
		0.9336104393005371,
		-0.048631634563207626,
		0.8667089343070984
	],
	"left_shoulder": [
		0.4383847117424011,
		0.5534272789955139,
		0.1025569811463356,
		0.9928245544433594
	],
	"left_elbow": [
		0.5953691601753235,
		0.5521665215492249,
		0.14780956506729126,
		0.4592786729335785
	],
	"left_wrist": [
		0.731931746006012,
		0.5418351292610168,
		0.015423866920173168,
		0.5431162714958191
	],
	"right_shoulder": [
		0.4010893404483795,
		0.5439985990524292,
		-0.4760071039199829,
		0.9976807832717896
	],
	"right_elbow": [
		0.5666024088859558,
		0.5495578050613403,
		-0.6354581117630005,
		0.9871882796287537
	],
	"right_wrist": [
		0.7223264575004578,
		0.5312027931213379,
		-0.6036979556083679,
		0.9780120849609375
	],
	"nose": [
		0.4593830406665802,
		0.48902183771133423,
		-0.2365812361240387,
		0.9994524717330933
	],
	"left_eye": [
		0.44844815135002136,
		0.47569960355758667,
		-0.20896455645561218,
		0.9994814395904541
	],
	"right_eye": [
		0.44184187054634094,
		0.47603192925453186,
		-0.2723959982395172,
		0.9995308518409729
	],
	"left_ear": [
		0.4251684844493866,
		0.48295098543167114,
		-0.07508361339569092,
		0.9997467398643494
	],
	"right_ear": [
		0.4167173206806183,
		0.4831698536872864,
		-0.3318338096141815,
		0.9994707107543945
	]
}