{
	"left_hip": [
		0.31766432523727417,
		0.700405478477478,
		0.18789561092853546,
		0.9977964758872986
	],
	"left_knee": [
		0.48007309436798096,
		0.7856774926185608,
		0.18045300245285034,
		0.5347070693969727
	],
	"left_ankle": [
		0.38139206171035767,
		0.9010464549064636,
		0.3074399530887604,
		0.5099031329154968
	],
	"right_hip": [
		0.2737826108932495,
		0.7106503844261169,
		-0.18720929324626923,
		0.9981447458267212
	],
	"right_knee": [
		0.47065481543540955,
		0.7996929287910461,
		-0.27282950282096863,
		0.9847102165222168
	],
	"right_ankle": [
		0.3702489137649536,
		0.9289718866348267,
		-0.05615966022014618,
		0.887450635433197
	],
	"left_shoulder": [
		0.4368841350078583,
		0.5328879952430725,
		0.13321536779403687,
		0.9928630590438843
	],
	"left_elbow": [
		0.5894424319267273,
		0.5302212834358215,
		0.17440149188041687,
		0.469380646944046
	],
	"left_wrist": [
		0.7244161367416382,
		0.5230934023857117,
		0.036097440868616104,
		0.5442053079605103
	],
	"right_shoulder": [
		0.3993547260761261,
		0.520868718624115,
		-0.46742942929267883,
		0.9977688789367676
	],
	"right_elbow": [
		0.5684909820556641,
		0.5261168479919434,
		-0.6252346038818359,
		0.9886031150817871
	],
	"right_wrist": [
		0.7155741453170776,
		0.5102370977401733,
		-0.5960463881492615,
		0.9793893098831177
	],
	"nose": [
		0.4600684344768524,
		0.4687395989894867,
		-0.20538125932216644,
		0.9994277954101562
	],
	"left_eye": [
		0.44856879115104675,
		0.4542917311191559,
		-0.17550767958164215,
		0.9994344115257263
	],
	"right_eye": [
		0.4425112009048462,
		0.45417705178260803,
		-0.2395918369293213,
		0.9995042681694031
	],
	"left_ear": [
		0.4245210886001587,
		0.46198296546936035,
		-0.03882043808698654,
		0.9997222423553467
	],
	"right_ear": [
		0.4162597358226776,
		0.4617408215999603,
		-0.3206876218318939,
		0.9994282722473145
	]
}