{
	"left_hip": [
		0.37126216292381287,
		0.6449099779129028,
		0.15241950750350952,
		0.994950532913208
	],
	"left_knee": [
		0.3615722358226776,
		0.777281641960144,
		0.1864587515592575,
		0.24499660730361938
	],
	"left_ankle": [
		0.34111908078193665,
		0.9064523577690125,
		0.3453008532524109,
		0.2835109531879425
	],
	"right_hip": [
		0.3263884484767914,
		0.6368927955627441,
		-0.15209314227104187,
		0.9958590269088745
	],
	"right_knee": [
		0.3318484425544739,
		0.7806962728500366,
		-0.1069561317563057,
		0.9334536790847778
	],
	"right_ankle": [
		0.31399229168891907,
		0.9227936863899231,
		0.02738703042268753,
		0.8550136685371399
	],
	"left_shoulder": [
		0.4443728029727936,
		0.46022701263427734,
		0.11062636971473694,
		0.992565929889679
	],
	"left_elbow": [
		0.5702959895133972,
		0.468583345413208,
		0.1586974412202835,
		0.3688296973705292
	],
	"left_wrist": [
		0.6990245580673218,
		0.4488908648490906,
		0.027360403910279274,
		0.5114279985427856
	],
	"right_shoulder": [
		0.37402263283729553,
		0.4340505599975586,
		-0.4385260045528412,
		0.9985162019729614
	],
	"right_elbow": [
		0.536331832408905,
		0.4454640746116638,
		-0.6212087869644165,
		0.9911783933639526
	],
	"right_wrist": [
		0.6776328682899475,
		0.43535366654396057,
		-0.6116231679916382,
		0.970897912979126
	],
	"nose": [
		0.45586666464805603,
		0.3905753493309021,
		-0.24187645316123962,
		0.9991674423217773
	],
	"left_eye": [
		0.4431600570678711,
		0.3753969073295593,
		-0.21285980939865112,
		0.9987176656723022
	],
	"right_eye": [
		0.43531689047813416,
		0.37479037046432495,
		-0.26704540848731995,
		0.9990567564964294
	],
	"left_ear": [
		0.4203492999076843,
		0.3808521330356598,
		-0.06299711018800735,
		0.9990248084068298
	],
	"right_ear": [
		0.40881121158599854,
		0.37974870204925537,
		-0.29386425018310547,
		0.9992358684539795
	]
}