{
	"left_hip": [
		0.3567250072956085,
		0.6486400365829468,
		0.1691693514585495,
		0.9942914247512817
	],
	"left_knee": [
		0.39732101559638977,
		0.7839944362640381,
		0.15192745625972748,
		0.1957859843969345
	],
	"left_ankle": [
		0.3459267020225525,
		0.9120526313781738,
		0.2644621431827545,
		0.23784376680850983
	],
	"right_hip": [
		0.3134125769138336,
		0.6404111385345459,
		-0.16891078650951385,
		0.9953317046165466
	],
	"right_knee": [
		0.37020331621170044,
		0.7966016530990601,
		-0.17299586534500122,
		0.9213985800743103
	],
	"right_ankle": [
		0.31573712825775146,
		0.9398106336593628,
		-0.07846135646104813,
		0.8453183770179749
	],
	"left_shoulder": [
		0.42712798714637756,
		0.46716755628585815,
		0.1861235350370407,
		0.9921550154685974
	],
	"left_elbow": [
		0.562217652797699,
		0.4727877974510193,
		0.2544311285018921,
		0.3265213966369629
	],
	"left_wrist": [
		0.6825817227363586,
		0.4589299261569977,
		0.1483968049287796,
		0.4959903955459595
	],
	"right_shoulder": [
		0.37655994296073914,
		0.4386668801307678,
		-0.3717077672481537,
		0.9985442757606506
	],
	"right_elbow": [
		0.5420370697975159,
		0.45288437604904175,
		-0.5259882807731628,
		0.9871777892112732
	],
	"right_wrist": [
		0.687195360660553,
		0.4433991312980652,
		-0.5206657648086548,
		0.968745231628418
	],
	"nose": [
		0.45387813448905945,
		0.39386656880378723,
		-0.14076533913612366,
		0.9990214109420776
	],
	"left_eye": [
		0.4412956237792969,
		0.37904682755470276,
		-0.1159418374300003,
		0.9984747171401978
	],
	"right_eye": [
		0.4343385696411133,
		0.37795934081077576,
		-0.17254038155078888,
		0.9988449215888977
	],
	"left_ear": [
		0.4164575934410095,
		0.3844870924949646,
		0.01823255605995655,
		0.9987772703170776
	],
	"right_ear": [
		0.40772053599357605,
		0.38298720121383667,
		-0.2321961373090744,
		0.9991217851638794
	]
}