{
	"left_hip": [
		0.29859912395477295,
		0.6890219449996948,
		0.20555295050144196,
		0.9941663146018982
	],
	"left_knee": [
		0.4556616544723511,
		0.7765764594078064,
		0.20477063953876495,
		0.25235557556152344
	],
	"left_ankle": [
		0.37116146087646484,
		0.9055078625679016,
		0.3441319763660431,
		0.2983052432537079
	],
	"right_hip": [
		0.2601046860218048,
		0.6925761103630066,
		-0.20527388155460358,
		0.9934096932411194
	],
	"right_knee": [
		0.44271138310432434,
		0.7881026864051819,
		-0.2682451605796814,
		0.9464649558067322
	],
	"right_ankle": [
		0.3511829376220703,
		0.9398453831672668,
		-0.0928705632686615,
		0.888092577457428
	],
	"left_shoulder": [
		0.41153794527053833,
		0.5184432864189148,
		0.20314855873584747,
		0.9905696511268616
	],
	"left_elbow": [
		0.5575548410415649,
		0.520172655582428,
		0.2602338194847107,
		0.3334241509437561
	],
	"left_wrist": [
		0.6872003078460693,
		0.5090872049331665,
		0.1230483204126358,
		0.45592379570007324
	],
	"right_shoulder": [
		0.3845432996749878,
		0.5053808093070984,
		-0.43209657073020935,
		0.997128963470459
	],
	"right_elbow": [
		0.5465463399887085,
		0.5160689949989319,
		-0.5698468685150146,
		0.9865763783454895
	],
	"right_wrist": [
		0.7049815654754639,
		0.5000112056732178,
		-0.5197678208351135,
		0.9677069783210754
	],
	"nose": [
		0.45264121890068054,
		0.458808958530426,
		-0.13613347709178925,
		0.9990866184234619
	],
	"left_eye": [
		0.4418402910232544,
		0.4435614049434662,
		-0.11026404798030853,
		0.9986368417739868
	],
	"right_eye": [
		0.4361475706100464,
		0.44270649552345276,
		-0.1740994155406952,
		0.9989021420478821
	],
	"left_ear": [
		0.415170282125473,
		0.44732603430747986,
		0.02075178734958172,
		0.9990084767341614
	],
	"right_ear": [
		0.4084632992744446,
		0.44682711362838745,
		-0.2804645895957947,
		0.9989540576934814
	]
}