{
	"left_hip": [
		0.2913191020488739,
		0.7093027830123901,
		0.2040075957775116,
		0.9944022297859192
	],
	"left_knee": [
		0.46598589420318604,
		0.7795434594154358,
		0.19942420721054077,
		0.27393391728401184
	],
	"left_ankle": [
		0.37759339809417725,
		0.9081511497497559,
		0.330905020236969,
		0.3148561120033264
	],
	"right_hip": [
		0.25744542479515076,
		0.7130632996559143,
		-0.203689843416214,
		0.9935756921768188
	],
	"right_knee": [
		0.4573687016963959,
		0.7965326309204102,
		-0.2855684459209442,
		0.953360378742218
	],
	"right_ankle": [
		0.3615977168083191,
		0.9401242136955261,
		-0.07920078933238983,
		0.8991724848747253
	],
	"left_shoulder": [
		0.4083711802959442,
		0.5429472923278809,
		0.20418688654899597,
		0.9899084568023682
	],
	"left_elbow": [
		0.5546044707298279,
		0.5427526831626892,
		0.2507581114768982,
		0.3537362813949585
	],
	"left_wrist": [
		0.6875859498977661,
		0.5292502641677856,
		0.10476132482290268,
		0.45209452509880066
	],
	"right_shoulder": [
		0.38463324308395386,
		0.5293854475021362,
		-0.42363259196281433,
		0.9963876008987427
	],
	"right_elbow": [
		0.5464687347412109,
		0.5379822850227356,
		-0.5653093457221985,
		0.9861783385276794
	],
	"right_wrist": [
		0.7099373936653137,
		0.5200914144515991,
		-0.5144227147102356,
		0.9676978588104248
	],
	"nose": [
		0.45262303948402405,
		0.48135051131248474,
		-0.12293457239866257,
		0.9991374015808105
	],
	"left_eye": [
		0.4421837627887726,
		0.4666883051395416,
		-0.096834696829319,
		0.9987466931343079
	],
	"right_eye": [
		0.4367762506008148,
		0.4656270146369934,
		-0.16247981786727905,
		0.9989597201347351
	],
	"left_ear": [
		0.4152701199054718,
		0.4702286720275879,
		0.03598840907216072,
		0.999133825302124
	],
	"right_ear": [
		0.409233421087265,
		0.4698938727378845,
		-0.27137449383735657,
		0.9989693760871887
	]
}