{
	"left_hip": [
		0.2881063222885132,
		0.7173101902008057,
		0.20316143333911896,
		0.9946439862251282
	],
	"left_knee": [
		0.47130087018013,
		0.7818126678466797,
		0.1986774355173111,
		0.28721219301223755
	],
	"left_ankle": [
		0.3829438388347626,
		0.9082463979721069,
		0.3276173174381256,
		0.321725070476532
	],
	"right_hip": [
		0.2548961043357849,
		0.7231673002243042,
		-0.20283450186252594,
		0.9938601851463318
	],
	"right_knee": [
		0.46208375692367554,
		0.8010671734809875,
		-0.2689466178417206,
		0.9560217261314392
	],
	"right_ankle": [
		0.3682232201099396,
		0.9385392069816589,
		-0.04052475467324257,
		0.9026989936828613
	],
	"left_shoulder": [
		0.4083642363548279,
		0.5544697046279907,
		0.16647352278232574,
		0.9892510771751404
	],
	"left_elbow": [
		0.5548351407051086,
		0.5531574487686157,
		0.20025141537189484,
		0.36393722891807556
	],
	"left_wrist": [
		0.6907670497894287,
		0.537960946559906,
		0.0574774295091629,
		0.44841668009757996
	],
	"right_shoulder": [
		0.3852170407772064,
		0.5424965620040894,
		-0.43143460154533386,
		0.9959961771965027
	],
	"right_elbow": [
		0.5480114817619324,
		0.5487179756164551,
		-0.5764610171318054,
		0.9858996868133545
	],
	"right_wrist": [
		0.7136921286582947,
		0.5297474265098572,
		-0.5315148830413818,
		0.9675589799880981
	],
	"nose": [
		0.4526887834072113,
		0.4939292371273041,
		-0.1496792733669281,
		0.9991394281387329
	],
	"left_eye": [
		0.4424477517604828,
		0.47894224524497986,
		-0.12433691322803497,
		0.9987776875495911
	],
	"right_eye": [
		0.4372175335884094,
		0.47808390855789185,
		-0.18924325704574585,
		0.9989736676216125
	],
	"left_ear": [
		0.41548845171928406,
		0.4828195571899414,
		0.005229732487350702,
		0.9991827607154846
	],
	"right_ear": [
		0.40990012884140015,
		0.4828398823738098,
		-0.28670793771743774,
		0.9989592432975769
	]
}