{
	"left_hip": [
		0.2848448157310486,
		0.7262123823165894,
		0.19694991409778595,
		0.9949110150337219
	],
	"left_knee": [
		0.4761750102043152,
		0.7834168672561646,
		0.1970447152853012,
		0.2952113747596741
	],
	"left_ankle": [
		0.3850730061531067,
		0.9102925062179565,
		0.30981314182281494,
		0.3228078782558441
	],
	"right_hip": [
		0.252725750207901,
		0.7324724197387695,
		-0.19661284983158112,
		0.9941828846931458
	],
	"right_knee": [
		0.46705251932144165,
		0.8029760122299194,
		-0.26276037096977234,
		0.9579492807388306
	],
	"right_ankle": [
		0.37301456928253174,
		0.9417359232902527,
		-0.03635098785161972,
		0.9045780301094055
	],
	"left_shoulder": [
		0.4081176221370697,
		0.5664197206497192,
		0.16037394106388092,
		0.9887650609016418
	],
	"left_elbow": [
		0.5563199520111084,
		0.5647992491722107,
		0.18557395040988922,
		0.3737149238586426
	],
	"left_wrist": [
		0.6961920261383057,
		0.547285795211792,
		0.0445534773170948,
		0.4457463026046753
	],
	"right_shoulder": [
		0.38542959094047546,
		0.5542842745780945,
		-0.4262479543685913,
		0.9956089854240417
	],
	"right_elbow": [
		0.5490178465843201,
		0.5599454045295715,
		-0.5681765675544739,
		0.9853612780570984
	],
	"right_wrist": [
		0.7138392925262451,
		0.5394612550735474,
		-0.5303720831871033,
		0.9673875570297241
	],
	"nose": [
		0.45338180661201477,
		0.5068503022193909,
		-0.14955997467041016,
		0.9991500973701477
	],
	"left_eye": [
		0.44311386346817017,
		0.49136146903038025,
		-0.12428993731737137,
		0.9988238215446472
	],
	"right_eye": [
		0.437985897064209,
		0.4905754625797272,
		-0.18846021592617035,
		0.9989979267120361
	],
	"left_ear": [
		0.41600701212882996,
		0.49558553099632263,
		0.0051913876086473465,
		0.9992362260818481
	],
	"right_ear": [
		0.41059836745262146,
		0.49576759338378906,
		-0.2803109884262085,
		0.9989647269248962
	]
}