{
	"left_hip": [
		0.2652340531349182,
		0.7658387422561646,
		0.19392067193984985,
		0.9962392449378967
	],
	"left_knee": [
		0.48399168252944946,
		0.7906109094619751,
		0.21849554777145386,
		0.3317715525627136
	],
	"left_ankle": [
		0.378177285194397,
		0.9090423583984375,
		0.3229534327983856,
		0.33729448914527893
	],
	"right_hip": [
		0.24517394602298737,
		0.7823640704154968,
		-0.19372807443141937,
		0.9957263469696045
	],
	"right_knee": [
		0.4789893925189972,
		0.8121708631515503,
		-0.2823390066623688,
		0.9645643830299377
	],
	"right_ankle": [
		0.3664099872112274,
		0.9301320910453796,
		0.025338100269436836,
		0.9003264904022217
	],
	"left_shoulder": [
		0.405938982963562,
		0.6055567860603333,
		0.14191611111164093,
		0.9896786212921143
	],
	"left_elbow": [
		0.5613047480583191,
		0.6072373986244202,
		0.16295136511325836,
		0.4188811779022217
	],
	"left_wrist": [
		0.7107449173927307,
		0.5863364934921265,
		0.01740088500082493,
		0.4669063985347748
	],
	"right_shoulder": [
		0.3946806788444519,
		0.6029964685440063,
		-0.4326203465461731,
		0.9957315921783447
	],
	"right_elbow": [
		0.5649276971817017,
		0.605426549911499,
		-0.5807650089263916,
		0.9847422242164612
	],
	"right_wrist": [
		0.7365390658378601,
		0.5796952247619629,
		-0.5439118146896362,
		0.9706860780715942
	],
	"nose": [
		0.4605432450771332,
		0.5565558671951294,
		-0.1782640814781189,
		0.9992973804473877
	],
	"left_eye": [
		0.4498726725578308,
		0.5405457615852356,
		-0.15319183468818665,
		0.9990817904472351
	],
	"right_eye": [
		0.4458724856376648,
		0.5404539108276367,
		-0.21548479795455933,
		0.9991961717605591
	],
	"left_ear": [
		0.4220295548439026,
		0.5443518161773682,
		-0.018358074128627777,
		0.9994406700134277
	],
	"right_ear": [
		0.41932135820388794,
		0.5448155999183655,
		-0.2959161102771759,
		0.9991393089294434
	]
}