{
	"left_hip": [
		0.26726701855659485,
		0.8166685104370117,
		0.18620286881923676,
		0.9980759620666504
	],
	"left_knee": [
		0.4829244315624237,
		0.8002637028694153,
		0.2429196536540985,
		0.43944594264030457
	],
	"left_ankle": [
		0.36670568585395813,
		0.9080670475959778,
		0.36169663071632385,
		0.422242671251297
	],
	"right_hip": [
		0.23507645726203918,
		0.8335757255554199,
		-0.18610236048698425,
		0.9978229403495789
	],
	"right_knee": [
		0.4824567437171936,
		0.8155522346496582,
		-0.2375253289937973,
		0.9763786792755127
	],
	"right_ankle": [
		0.3644736707210541,
		0.9268269538879395,
		0.07635631412267685,
		0.896060585975647
	],
	"left_shoulder": [
		0.43389958143234253,
		0.6671791672706604,
		0.1197512149810791,
		0.9924350380897522
	],
	"left_elbow": [
		0.5907284617424011,
		0.6587846875190735,
		0.1322758048772812,
		0.45692017674446106
	],
	"left_wrist": [
		0.7323328256607056,
		0.6424111127853394,
		-0.020638257265090942,
		0.5288975238800049
	],
	"right_shoulder": [
		0.40502679347991943,
		0.6621376276016235,
		-0.4541660249233246,
		0.996510922908783
	],
	"right_elbow": [
		0.5789769887924194,
		0.659307599067688,
		-0.6031448841094971,
		0.9838535189628601
	],
	"right_wrist": [
		0.7401632070541382,
		0.6352784633636475,
		-0.5653548836708069,
		0.9770148396492004
	],
	"nose": [
		0.47267329692840576,
		0.6122933626174927,
		-0.20991969108581543,
		0.9995986223220825
	],
	"left_eye": [
		0.4607785642147064,
		0.5969148874282837,
		-0.18003104627132416,
		0.9995468854904175
	],
	"right_eye": [
		0.4563623368740082,
		0.5984584093093872,
		-0.24104972183704376,
		0.9995787143707275
	],
	"left_ear": [
		0.4336310625076294,
		0.6018848419189453,
		-0.037472646683454514,
		0.9997457265853882
	],
	"right_ear": [
		0.4281010329723358,
		0.6036005616188049,
		-0.3182920813560486,
		0.9995380640029907
	]
}