{
	"left_hip": [
		0.2709212601184845,
		0.825123131275177,
		0.17569687962532043,
		0.9985538721084595
	],
	"left_knee": [
		0.4834911525249481,
		0.7988407015800476,
		0.22625160217285156,
		0.47511616349220276
	],
	"left_ankle": [
		0.3596200942993164,
		0.9058963060379028,
		0.35237663984298706,
		0.44261232018470764
	],
	"right_hip": [
		0.23663096129894257,
		0.8384156227111816,
		-0.17552320659160614,
		0.9983749389648438
	],
	"right_knee": [
		0.4815639853477478,
		0.8133516311645508,
		-0.22709350287914276,
		0.978909432888031
	],
	"right_ankle": [
		0.3611504137516022,
		0.9226595163345337,
		0.07047950476408005,
		0.8798654079437256
	],
	"left_shoulder": [
		0.4344866871833801,
		0.6751223802566528,
		0.16626277565956116,
		0.9941760897636414
	],
	"left_elbow": [
		0.5916765332221985,
		0.6663123369216919,
		0.18728037178516388,
		0.46769142150878906
	],
	"left_wrist": [
		0.7284573316574097,
		0.6504318118095398,
		0.048575397580862045,
		0.5712838172912598
	],
	"right_shoulder": [
		0.4135497808456421,
		0.667046844959259,
		-0.3765527009963989,
		0.9974491596221924
	],
	"right_elbow": [
		0.5830863118171692,
		0.6637114882469177,
		-0.5289862155914307,
		0.9867540001869202
	],
	"right_wrist": [
		0.7393124103546143,
		0.6383823156356812,
		-0.4922632873058319,
		0.9825181365013123
	],
	"nose": [
		0.47358301281929016,
		0.6144554018974304,
		-0.1457280069589615,
		0.9997043013572693
	],
	"left_eye": [
		0.4614333212375641,
		0.5999829173088074,
		-0.11452947556972504,
		0.9996870160102844
	],
	"right_eye": [
		0.4569959342479706,
		0.6015199422836304,
		-0.17075581848621368,
		0.9997020959854126
	],
	"left_ear": [
		0.43715527653694153,
		0.6071085929870605,
		0.020626509562134743,
		0.9998319149017334
	],
	"right_ear": [
		0.4308335483074188,
		0.60838782787323,
		-0.22850705683231354,
		0.9996715188026428
	]
}