{
	"left_hip": [
		0.27056628465652466,
		0.7917877435684204,
		0.18590842187404633,
		0.9988179206848145
	],
	"left_knee": [
		0.485575407743454,
		0.7977734208106995,
		0.28441259264945984,
		0.4898868799209595
	],
	"left_ankle": [
		0.3685437738895416,
		0.8954146504402161,
		0.44180816411972046,
		0.45339062809944153
	],
	"right_hip": [
		0.23137573897838593,
		0.8084901571273804,
		-0.1855684071779251,
		0.9988102912902832
	],
	"right_knee": [
		0.4801546037197113,
		0.8198992013931274,
		-0.23052158951759338,
		0.983323872089386
	],
	"right_ankle": [
		0.3613329529762268,
		0.9276931881904602,
		0.030341623350977898,
		0.8765206336975098
	],
	"left_shoulder": [
		0.44030851125717163,
		0.6424746513366699,
		0.11318112909793854,
		0.9955773949623108
	],
	"left_elbow": [
		0.5998705625534058,
		0.6392034292221069,
		0.1165463924407959,
		0.470730185508728
	],
	"left_wrist": [
		0.7332174777984619,
		0.6246655583381653,
		-0.038951221853494644,
		0.595020055770874
	],
	"right_shoulder": [
		0.40937793254852295,
		0.6351866126060486,
		-0.4435996115207672,
		0.9982997179031372
	],
	"right_elbow": [
		0.5841357707977295,
		0.6356850266456604,
		-0.613239049911499,
		0.9874009490013123
	],
	"right_wrist": [
		0.7394911050796509,
		0.6169394254684448,
		-0.5951666235923767,
		0.9835494756698608
	],
	"nose": [
		0.46878865361213684,
		0.5769961476325989,
		-0.2162829339504242,
		0.9997866749763489
	],
	"left_eye": [
		0.45778024196624756,
		0.5652336478233337,
		-0.18524408340454102,
		0.9997969269752502
	],
	"right_eye": [
		0.45175930857658386,
		0.5665088891983032,
		-0.24268831312656403,
		0.9997998476028442
	],
	"left_ear": [
		0.43247097730636597,
		0.5707817673683167,
		-0.04092271998524666,
		0.9999006390571594
	],
	"right_ear": [
		0.42562970519065857,
		0.5728759169578552,
		-0.2987329661846161,
		0.9997807741165161
	]
}