{
	"left_hip": [
		0.27093687653541565,
		0.7631425261497498,
		0.20192766189575195,
		0.998701810836792
	],
	"left_knee": [
		0.4860304296016693,
		0.794305682182312,
		0.28209275007247925,
		0.4901444911956787
	],
	"left_ankle": [
		0.37398025393486023,
		0.8997131586074829,
		0.4487227499485016,
		0.4647931456565857
	],
	"right_hip": [
		0.23140433430671692,
		0.780929446220398,
		-0.20149818062782288,
		0.9988002777099609
	],
	"right_knee": [
		0.4815364480018616,
		0.8164190053939819,
		-0.25867292284965515,
		0.9856648445129395
	],
	"right_ankle": [
		0.3611774444580078,
		0.9340574145317078,
		-0.012546331621706486,
		0.8991997838020325
	],
	"left_shoulder": [
		0.4349401891231537,
		0.610238254070282,
		0.16972163319587708,
		0.9948643445968628
	],
	"left_elbow": [
		0.5926864743232727,
		0.6107228398323059,
		0.2000621110200882,
		0.4485488533973694
	],
	"left_wrist": [
		0.731570303440094,
		0.59691321849823,
		0.03905206918716431,
		0.563989520072937
	],
	"right_shoulder": [
		0.40408530831336975,
		0.6037895083427429,
		-0.42500215768814087,
		0.9982422590255737
	],
	"right_elbow": [
		0.5808517932891846,
		0.6070427298545837,
		-0.6053928732872009,
		0.9862381219863892
	],
	"right_wrist": [
		0.7412452101707458,
		0.5893394947052002,
		-0.580981433391571,
		0.9794551134109497
	],
	"nose": [
		0.4679073393344879,
		0.5485866069793701,
		-0.17600582540035248,
		0.9997028708457947
	],
	"left_eye": [
		0.45698073506355286,
		0.5347182750701904,
		-0.14449159801006317,
		0.9997434616088867
	],
	"right_eye": [
		0.4510705769062042,
		0.5354491472244263,
		-0.20670074224472046,
		0.9997425079345703
	],
	"left_ear": [
		0.4299682676792145,
		0.5387014150619507,
		0.001506620435975492,
		0.9998874664306641
	],
	"right_ear": [
		0.42481502890586853,
		0.540125846862793,
		-0.26575320959091187,
		0.9997235536575317
	]
}