{
	"left_hip": [
		0.286540150642395,
		0.7507123351097107,
		0.20103034377098083,
		0.9987067580223083
	],
	"left_knee": [
		0.4860602617263794,
		0.7938851714134216,
		0.2584698796272278,
		0.5011026263237
	],
	"left_ankle": [
		0.3739534914493561,
		0.8997278213500977,
		0.4177640974521637,
		0.47851046919822693
	],
	"right_hip": [
		0.2367725968360901,
		0.7610055208206177,
		-0.20057836174964905,
		0.9988090991973877
	],
	"right_knee": [
		0.48104578256607056,
		0.8158566355705261,
		-0.2628195285797119,
		0.9866679310798645
	],
	"right_ankle": [
		0.3614119291305542,
		0.9298057556152344,
		-0.018196891993284225,
		0.9065961241722107
	],
	"left_shoulder": [
		0.43573909997940063,
		0.5922163128852844,
		0.17619401216506958,
		0.9948692917823792
	],
	"left_elbow": [
		0.5914404392242432,
		0.5932860374450684,
		0.2079354077577591,
		0.45433658361434937
	],
	"left_wrist": [
		0.7265697717666626,
		0.5799814462661743,
		0.06127878278493881,
		0.5633856654167175
	],
	"right_shoulder": [
		0.3998817503452301,
		0.5802043080329895,
		-0.42291560769081116,
		0.9983025193214417
	],
	"right_elbow": [
		0.5724527835845947,
		0.5830414295196533,
		-0.6046775579452515,
		0.9869087934494019
	],
	"right_wrist": [
		0.7276843190193176,
		0.5655772089958191,
		-0.5798389315605164,
		0.9795418977737427
	],
	"nose": [
		0.46586063504219055,
		0.5260134935379028,
		-0.1768321692943573,
		0.9996857643127441
	],
	"left_eye": [
		0.4545648396015167,
		0.5122542977333069,
		-0.14411084353923798,
		0.9997287392616272
	],
	"right_eye": [
		0.44795703887939453,
		0.5126708149909973,
		-0.20453080534934998,
		0.9997312426567078
	],
	"left_ear": [
		0.429569810628891,
		0.518640398979187,
		0.004426400642842054,
		0.9998815059661865
	],
	"right_ear": [
		0.422772079706192,
		0.519797682762146,
		-0.26118144392967224,
		0.9997134804725647
	]
}