{
	"left_hip": [
		0.2929493486881256,
		0.7321887016296387,
		0.19911077618598938,
		0.9984385967254639
	],
	"left_knee": [
		0.4815370440483093,
		0.7912788987159729,
		0.2465556412935257,
		0.5382059216499329
	],
	"left_ankle": [
		0.37571147084236145,
		0.9013653993606567,
		0.42932307720184326,
		0.5146526098251343
	],
	"right_hip": [
		0.23882311582565308,
		0.7437838912010193,
		-0.19849924743175507,
		0.9987127184867859
	],
	"right_knee": [
		0.47666817903518677,
		0.8097739219665527,
		-0.258015900850296,
		0.988480269908905
	],
	"right_ankle": [
		0.3661065399646759,
		0.9379192590713501,
		-0.04383007064461708,
		0.9213193655014038
	],
	"left_shoulder": [
		0.4336123764514923,
		0.5721126198768616,
		0.1273738592863083,
		0.994388997554779
	],
	"left_elbow": [
		0.5865455865859985,
		0.5706267356872559,
		0.15791435539722443,
		0.46675029397010803
	],
	"left_wrist": [
		0.7246196866035461,
		0.5574194192886353,
		0.02351035363972187,
		0.558387041091919
	],
	"right_shoulder": [
		0.3897828459739685,
		0.5593416094779968,
		-0.4668947756290436,
		0.9983532428741455
	],
	"right_elbow": [
		0.5581399202346802,
		0.5655012130737305,
		-0.6471289992332458,
		0.9880548715591431
	],
	"right_wrist": [
		0.7184485793113708,
		0.5458579659461975,
		-0.6077187657356262,
		0.9796030521392822
	],
	"nose": [
		0.4542502462863922,
		0.5082565546035767,
		-0.2647026479244232,
		0.9996293187141418
	],
	"left_eye": [
		0.4456498324871063,
		0.49540409445762634,
		-0.23132391273975372,
		0.9996753334999084
	],
	"right_eye": [
		0.43753674626350403,
		0.49514585733413696,
		-0.2855561375617981,
		0.9996936321258545
	],
	"left_ear": [
		0.4239963889122009,
		0.5009318590164185,
		-0.07202460616827011,
		0.9998540878295898
	],
	"right_ear": [
		0.41129815578460693,
		0.5002740621566772,
		-0.3116050362586975,
		0.9996793270111084
	]
}