{
	"left_hip": [
		0.33285489678382874,
		0.6429845690727234,
		0.17338895797729492,
		0.9941318035125732
	],
	"left_knee": [
		0.36620768904685974,
		0.7772572636604309,
		0.15127986669540405,
		0.4742811918258667
	],
	"left_ankle": [
		0.3339441120624542,
		0.9002963304519653,
		0.26579076051712036,
		0.4485586881637573
	],
	"right_hip": [
		0.30011141300201416,
		0.6366880536079407,
		-0.17302651703357697,
		0.9958998560905457
	],
	"right_knee": [
		0.3534334599971771,
		0.7774727940559387,
		-0.1829158514738083,
		0.9823734760284424
	],
	"right_ankle": [
		0.31464916467666626,
		0.9310212135314941,
		-0.1116386130452156,
		0.9391033053398132
	],
	"left_shoulder": [
		0.42810437083244324,
		0.46299681067466736,
		0.1548163890838623,
		0.9900781512260437
	],
	"left_elbow": [
		0.5538353323936462,
		0.4681113660335541,
		0.2189789116382599,
		0.41598063707351685
	],
	"left_wrist": [
		0.676307737827301,
		0.45980995893478394,
		0.07475727051496506,
		0.49351346492767334
	],
	"right_shoulder": [
		0.36950117349624634,
		0.43629735708236694,
		-0.4192090332508087,
		0.9983128309249878
	],
	"right_elbow": [
		0.5310930013656616,
		0.4504261612892151,
		-0.5863226056098938,
		0.9938755035400391
	],
	"right_wrist": [
		0.6751111149787903,
		0.44446486234664917,
		-0.608479380607605,
		0.9813991785049438
	],
	"nose": [
		0.4445115923881531,
		0.3997601866722107,
		-0.18961496651172638,
		0.9991571307182312
	],
	"left_eye": [
		0.4347549080848694,
		0.3834607005119324,
		-0.16403762996196747,
		0.9988918304443359
	],
	"right_eye": [
		0.42793819308280945,
		0.3822052776813507,
		-0.22005845606327057,
		0.9991791248321533
	],
	"left_ear": [
		0.41181689500808716,
		0.3883405923843384,
		-0.02639668621122837,
		0.9992682933807373
	],
	"right_ear": [
		0.3999152183532715,
		0.38630059361457825,
		-0.27833685278892517,
		0.9991447329521179
	]
}