{
	"left_hip": [
		0.3393773138523102,
		0.6455141305923462,
		0.16857728362083435,
		0.994064211845398
	],
	"left_knee": [
		0.3540687561035156,
		0.7850266695022583,
		0.1896921545267105,
		0.4011256992816925
	],
	"left_ankle": [
		0.3307841718196869,
		0.9071634411811829,
		0.3381673991680145,
		0.3863852024078369
	],
	"right_hip": [
		0.30539020895957947,
		0.6375004053115845,
		-0.1683160811662674,
		0.9957728981971741
	],
	"right_knee": [
		0.32884496450424194,
		0.7873551845550537,
		-0.10755370557308197,
		0.9642943143844604
	],
	"right_ankle": [
		0.31147846579551697,
		0.9294015765190125,
		0.013449485413730145,
		0.9141672849655151
	],
	"left_shoulder": [
		0.4196365475654602,
		0.46089205145835876,
		0.15106448531150818,
		0.9898630380630493
	],
	"left_elbow": [
		0.5490326285362244,
		0.4665098786354065,
		0.21587537229061127,
		0.37922409176826477
	],
	"left_wrist": [
		0.6766072511672974,
		0.45518922805786133,
		0.08699428290128708,
		0.4607185423374176
	],
	"right_shoulder": [
		0.36445629596710205,
		0.4346129894256592,
		-0.41208088397979736,
		0.9983359575271606
	],
	"right_elbow": [
		0.5264390110969543,
		0.4484989643096924,
		-0.5735460519790649,
		0.9910208582878113
	],
	"right_wrist": [
		0.6703411340713501,
		0.4413062036037445,
		-0.59295654296875,
		0.970982551574707
	],
	"nose": [
		0.4408819079399109,
		0.3961946964263916,
		-0.16441482305526733,
		0.9990156292915344
	],
	"left_eye": [
		0.43046748638153076,
		0.38050881028175354,
		-0.14520937204360962,
		0.9985985159873962
	],
	"right_eye": [
		0.4236971139907837,
		0.37941238284111023,
		-0.2026231586933136,
		0.9989883899688721
	],
	"left_ear": [
		0.406169056892395,
		0.38464832305908203,
		-0.013063647784292698,
		0.9990037679672241
	],
	"right_ear": [
		0.395900696516037,
		0.3829614818096161,
		-0.2734728753566742,
		0.9990582466125488
	]
}