{
	"left_hip": [
		0.35168007016181946,
		0.6445209383964539,
		0.15405264496803284,
		0.993766188621521
	],
	"left_knee": [
		0.34794557094573975,
		0.7798024415969849,
		0.14333058893680573,
		0.28030693531036377
	],
	"left_ankle": [
		0.3325590193271637,
		0.911799430847168,
		0.2706426680088043,
		0.2824489176273346
	],
	"right_hip": [
		0.30958810448646545,
		0.637353777885437,
		-0.15373295545578003,
		0.9954901933670044
	],
	"right_knee": [
		0.31756970286369324,
		0.7859336733818054,
		-0.1416163444519043,
		0.9121738076210022
	],
	"right_ankle": [
		0.2971777617931366,
		0.9322080612182617,
		-0.027833128347992897,
		0.8318925499916077
	],
	"left_shoulder": [
		0.41833990812301636,
		0.4616392254829407,
		0.13465826213359833,
		0.9908201098442078
	],
	"left_elbow": [
		0.5433177947998047,
		0.46860137581825256,
		0.1739799827337265,
		0.3556498885154724
	],
	"left_wrist": [
		0.6730318665504456,
		0.4475192129611969,
		0.04361659660935402,
		0.47020629048347473
	],
	"right_shoulder": [
		0.35168981552124023,
		0.4341753423213959,
		-0.4087824523448944,
		0.9984734058380127
	],
	"right_elbow": [
		0.5164847373962402,
		0.4431917071342468,
		-0.5789746642112732,
		0.9900420308113098
	],
	"right_wrist": [
		0.6562284231185913,
		0.4337018132209778,
		-0.567721962928772,
		0.9678066968917847
	],
	"nose": [
		0.431479275226593,
		0.39099037647247314,
		-0.20266422629356384,
		0.9989038705825806
	],
	"left_eye": [
		0.41904181241989136,
		0.3754364550113678,
		-0.17538049817085266,
		0.9983276724815369
	],
	"right_eye": [
		0.412098228931427,
		0.37503427267074585,
		-0.22764429450035095,
		0.9987896680831909
	],
	"left_ear": [
		0.3938208520412445,
		0.3808556795120239,
		-0.0294679943472147,
		0.9986904263496399
	],
	"right_ear": [
		0.38457366824150085,
		0.3799363970756531,
		-0.26771339774131775,
		0.9990347623825073
	]
}