{
	"left_hip": [
		0.3231070935726166,
		0.6503829956054688,
		0.177142933011055,
		0.9939152002334595
	],
	"left_knee": [
		0.3872745931148529,
		0.7826629877090454,
		0.1901300996541977,
		0.19941918551921844
	],
	"left_ankle": [
		0.34393253922462463,
		0.910495400428772,
		0.32839566469192505,
		0.24204117059707642
	],
	"right_hip": [
		0.2838427424430847,
		0.6435789465904236,
		-0.17692360281944275,
		0.9952451586723328
	],
	"right_knee": [
		0.3606695532798767,
		0.7947739958763123,
		-0.1535925418138504,
		0.9130706787109375
	],
	"right_ankle": [
		0.3125896751880646,
		0.9354866743087769,
		-0.03499076887965202,
		0.8484598398208618
	],
	"left_shoulder": [
		0.39745646715164185,
		0.4691322445869446,
		0.20043087005615234,
		0.99112468957901
	],
	"left_elbow": [
		0.5354071855545044,
		0.47158026695251465,
		0.28509074449539185,
		0.2963266372680664
	],
	"left_wrist": [
		0.6616277694702148,
		0.45617443323135376,
		0.19632619619369507,
		0.4566968083381653
	],
	"right_shoulder": [
		0.35540950298309326,
		0.4416216313838959,
		-0.3874044418334961,
		0.9984835386276245
	],
	"right_elbow": [
		0.5203600525856018,
		0.45072928071022034,
		-0.5320771932601929,
		0.9816173315048218
	],
	"right_wrist": [
		0.6676042675971985,
		0.4407394826412201,
		-0.5325332880020142,
		0.9598203897476196
	],
	"nose": [
		0.42493999004364014,
		0.39572542905807495,
		-0.13260945677757263,
		0.9988713264465332
	],
	"left_eye": [
		0.41281622648239136,
		0.3815590739250183,
		-0.10903272777795792,
		0.9981987476348877
	],
	"right_eye": [
		0.4068506956100464,
		0.381080687046051,
		-0.16808156669139862,
		0.998636782169342
	],
	"left_ear": [
		0.38796985149383545,
		0.3875921368598938,
		0.02100045420229435,
		0.9984471797943115
	],
	"right_ear": [
		0.3808489143848419,
		0.3867083191871643,
		-0.2455580234527588,
		0.9989221096038818
	]
}