{
	"left_hip": [
		0.2755296528339386,
		0.71869295835495,
		0.19297145307064056,
		0.9944727420806885
	],
	"left_knee": [
		0.4620884358882904,
		0.78155517578125,
		0.1899372637271881,
		0.274160236120224
	],
	"left_ankle": [
		0.37679001688957214,
		0.915228009223938,
		0.30992433428764343,
		0.29744845628738403
	],
	"right_hip": [
		0.23747499287128448,
		0.7266327738761902,
		-0.1926143318414688,
		0.9938636422157288
	],
	"right_knee": [
		0.4510924220085144,
		0.8025315999984741,
		-0.26815065741539,
		0.9513101577758789
	],
	"right_ankle": [
		0.36563608050346375,
		0.9486654996871948,
		-0.08405590802431107,
		0.8988977670669556
	],
	"left_shoulder": [
		0.40055927634239197,
		0.5596623420715332,
		0.14197392761707306,
		0.989597499370575
	],
	"left_elbow": [
		0.5497534871101379,
		0.5565072894096375,
		0.16126428544521332,
		0.3793938457965851
	],
	"left_wrist": [
		0.6929696202278137,
		0.5388602614402771,
		0.007831417955458164,
		0.4573156237602234
	],
	"right_shoulder": [
		0.3751659095287323,
		0.5473092794418335,
		-0.42456144094467163,
		0.9959966540336609
	],
	"right_elbow": [
		0.5423506498336792,
		0.5498578548431396,
		-0.5826627016067505,
		0.984220027923584
	],
	"right_wrist": [
		0.7079691290855408,
		0.5288214087486267,
		-0.5603911876678467,
		0.9653815031051636
	],
	"nose": [
		0.44467973709106445,
		0.5032307505607605,
		-0.16076599061489105,
		0.9990591406822205
	],
	"left_eye": [
		0.434102326631546,
		0.48812657594680786,
		-0.13671107590198517,
		0.998724639415741
	],
	"right_eye": [
		0.4288516640663147,
		0.48756152391433716,
		-0.19859395921230316,
		0.9988705515861511
	],
	"left_ear": [
		0.40780019760131836,
		0.49194392561912537,
		-0.010487103834748268,
		0.9991174340248108
	],
	"right_ear": [
		0.40198180079460144,
		0.49199971556663513,
		-0.28730520606040955,
		0.9988858699798584
	]
}