{
	"left_hip": [
		0.2628093957901001,
		0.7681829333305359,
		0.19259950518608093,
		0.9962260127067566
	],
	"left_knee": [
		0.4779888093471527,
		0.7887004613876343,
		0.243173748254776,
		0.3452363610267639
	],
	"left_ankle": [
		0.3735571801662445,
		0.9056395292282104,
		0.3649105727672577,
		0.34056878089904785
	],
	"right_hip": [
		0.23795482516288757,
		0.7864912748336792,
		-0.19236165285110474,
		0.9958609342575073
	],
	"right_knee": [
		0.47462472319602966,
		0.8131855726242065,
		-0.27955368161201477,
		0.9630948901176453
	],
	"right_ankle": [
		0.36493590474128723,
		0.9312923550605774,
		0.037563614547252655,
		0.8963909149169922
	],
	"left_shoulder": [
		0.40159422159194946,
		0.6068844199180603,
		0.13425154983997345,
		0.9903242588043213
	],
	"left_elbow": [
		0.5605388283729553,
		0.6075953245162964,
		0.15961149334907532,
		0.43714746832847595
	],
	"left_wrist": [
		0.7092593312263489,
		0.5869869589805603,
		0.01390511728823185,
		0.47631993889808655
	],
	"right_shoulder": [
		0.38938793540000916,
		0.603873610496521,
		-0.45451658964157104,
		0.9961334466934204
	],
	"right_elbow": [
		0.5628550052642822,
		0.6047719717025757,
		-0.6050183176994324,
		0.9852021336555481
	],
	"right_wrist": [
		0.7315216660499573,
		0.580703616142273,
		-0.5650648474693298,
		0.970390260219574
	],
	"nose": [
		0.4504021406173706,
		0.5529349446296692,
		-0.19430390000343323,
		0.9992659687995911
	],
	"left_eye": [
		0.4383032023906708,
		0.539503812789917,
		-0.1684626042842865,
		0.9990760684013367
	],
	"right_eye": [
		0.43441644310951233,
		0.5394628643989563,
		-0.23211993277072906,
		0.999160647392273
	],
	"left_ear": [
		0.4108829200267792,
		0.5441070199012756,
		-0.0323944091796875,
		0.9994111061096191
	],
	"right_ear": [
		0.4077235758304596,
		0.5448328852653503,
		-0.3158176839351654,
		0.9991410374641418
	]
}