{
	"left_hip": [
		0.25932151079177856,
		0.8018831014633179,
		0.19339315593242645,
		0.9973357915878296
	],
	"left_knee": [
		0.47434717416763306,
		0.8130930066108704,
		0.2546066343784332,
		0.38545504212379456
	],
	"left_ankle": [
		0.3659850060939789,
		0.9063563346862793,
		0.3926757574081421,
		0.3689027428627014
	],
	"right_hip": [
		0.23089081048965454,
		0.822270393371582,
		-0.19319936633110046,
		0.9971421957015991
	],
	"right_knee": [
		0.4770480990409851,
		0.8149701952934265,
		-0.2388225644826889,
		0.9711093306541443
	],
	"right_ankle": [
		0.3691932260990143,
		0.932445228099823,
		0.06326214224100113,
		0.8973944783210754
	],
	"left_shoulder": [
		0.4117525517940521,
		0.6444068551063538,
		0.153408944606781,
		0.9912720322608948
	],
	"left_elbow": [
		0.573327362537384,
		0.6433638334274292,
		0.17089465260505676,
		0.45703616738319397
	],
	"left_wrist": [
		0.7206513285636902,
		0.6260948777198792,
		0.023991864174604416,
		0.5074426531791687
	],
	"right_shoulder": [
		0.39403241872787476,
		0.6427866220474243,
		-0.4386213421821594,
		0.9964739680290222
	],
	"right_elbow": [
		0.5680782198905945,
		0.6408991813659668,
		-0.5899630784988403,
		0.9847556352615356
	],
	"right_wrist": [
		0.7306301593780518,
		0.6184517741203308,
		-0.5499566793441772,
		0.9753102660179138
	],
	"nose": [
		0.4584774672985077,
		0.5904218554496765,
		-0.17906369268894196,
		0.9994239211082458
	],
	"left_eye": [
		0.44550004601478577,
		0.5756576061248779,
		-0.15083050727844238,
		0.999344527721405
	],
	"right_eye": [
		0.44158145785331726,
		0.5761561393737793,
		-0.2144664078950882,
		0.9993825554847717
	],
	"left_ear": [
		0.41606464982032776,
		0.5811947584152222,
		-0.01107810065150261,
		0.9996103048324585
	],
	"right_ear": [
		0.4124423563480377,
		0.5828640460968018,
		-0.291999489068985,
		0.9993590116500854
	]
}