{
	"left_hip": [
		0.2576814591884613,
		0.8211690187454224,
		0.17996983230113983,
		0.9980391263961792
	],
	"left_knee": [
		0.47822150588035583,
		0.7993982434272766,
		0.22587274014949799,
		0.43576839566230774
	],
	"left_ankle": [
		0.361465185880661,
		0.9071831703186035,
		0.3409014940261841,
		0.41261425614356995
	],
	"right_hip": [
		0.22894832491874695,
		0.8361712694168091,
		-0.17980627715587616,
		0.9979121088981628
	],
	"right_knee": [
		0.4766073226928711,
		0.8124374151229858,
		-0.23341505229473114,
		0.975718080997467
	],
	"right_ankle": [
		0.36088284850120544,
		0.9305311441421509,
		0.06716784834861755,
		0.8919981718063354
	],
	"left_shoulder": [
		0.42313045263290405,
		0.667859673500061,
		0.12835930287837982,
		0.9925891757011414
	],
	"left_elbow": [
		0.5797206163406372,
		0.6596198081970215,
		0.13605281710624695,
		0.4581057131290436
	],
	"left_wrist": [
		0.7214221954345703,
		0.6430307626724243,
		-0.008750703185796738,
		0.5431241393089294
	],
	"right_shoulder": [
		0.4006786048412323,
		0.6633208990097046,
		-0.42316681146621704,
		0.9968660473823547
	],
	"right_elbow": [
		0.5746894478797913,
		0.6595893502235413,
		-0.5751728415489197,
		0.9842238426208496
	],
	"right_wrist": [
		0.7331365942955017,
		0.6329692602157593,
		-0.5360413789749146,
		0.9791299700737
	],
	"nose": [
		0.46407729387283325,
		0.6128135323524475,
		-0.1952633559703827,
		0.9995899200439453
	],
	"left_eye": [
		0.4509803056716919,
		0.5973828434944153,
		-0.16537800431251526,
		0.9995642304420471
	],
	"right_eye": [
		0.44745495915412903,
		0.5987834930419922,
		-0.22489582002162933,
		0.9995768666267395
	],
	"left_ear": [
		0.42441120743751526,
		0.6031196713447571,
		-0.023651881143450737,
		0.9997502565383911
	],
	"right_ear": [
		0.4197254776954651,
		0.6046154499053955,
		-0.28369930386543274,
		0.9995496273040771
	]
}