{
	"left_hip": [
		0.26131144165992737,
		0.8266310691833496,
		0.1802016943693161,
		0.9983289241790771
	],
	"left_knee": [
		0.47620144486427307,
		0.793320894241333,
		0.2390827089548111,
		0.45021629333496094
	],
	"left_ankle": [
		0.35966020822525024,
		0.9043511152267456,
		0.3719014823436737,
		0.4220312237739563
	],
	"right_hip": [
		0.22771091759204865,
		0.8392375111579895,
		-0.18004581332206726,
		0.9982447624206543
	],
	"right_knee": [
		0.4707309603691101,
		0.805955708026886,
		-0.23176877200603485,
		0.9779241681098938
	],
	"right_ankle": [
		0.3576897084712982,
		0.9235105514526367,
		0.07235348969697952,
		0.8824481964111328
	],
	"left_shoulder": [
		0.42806747555732727,
		0.6740813255310059,
		0.16551564633846283,
		0.9937340617179871
	],
	"left_elbow": [
		0.5820854306221008,
		0.6642730832099915,
		0.17887894809246063,
		0.45609167218208313
	],
	"left_wrist": [
		0.7216057181358337,
		0.6485764384269714,
		0.03596558794379234,
		0.5672617554664612
	],
	"right_shoulder": [
		0.40232113003730774,
		0.6646414995193481,
		-0.39846569299697876,
		0.9974396824836731
	],
	"right_elbow": [
		0.5764945149421692,
		0.660933792591095,
		-0.5553250908851624,
		0.985948383808136
	],
	"right_wrist": [
		0.7334608435630798,
		0.6358434557914734,
		-0.5151726603507996,
		0.982322633266449
	],
	"nose": [
		0.4654899537563324,
		0.613526463508606,
		-0.16456952691078186,
		0.9996692538261414
	],
	"left_eye": [
		0.45296141505241394,
		0.5983739495277405,
		-0.13138392567634583,
		0.999657154083252
	],
	"right_eye": [
		0.44906389713287354,
		0.5996749401092529,
		-0.1904585212469101,
		0.9996635317802429
	],
	"left_ear": [
		0.429243266582489,
		0.6052865982055664,
		0.013371312990784645,
		0.999807596206665
	],
	"right_ear": [
		0.4232562184333801,
		0.606126606464386,
		-0.2481694370508194,
		0.9996405243873596
	]
}