{
	"left_hip": [
		0.2565184235572815,
		0.7954438924789429,
		0.1994214653968811,
		0.9985643625259399
	],
	"left_knee": [
		0.4675332009792328,
		0.7888607382774353,
		0.29710254073143005,
		0.45266586542129517
	],
	"left_ankle": [
		0.35756397247314453,
		0.8962477445602417,
		0.47916164994239807,
		0.4413476884365082
	],
	"right_hip": [
		0.21759533882141113,
		0.8102453947067261,
		-0.19899654388427734,
		0.9986801743507385
	],
	"right_knee": [
		0.46543172001838684,
		0.8132872581481934,
		-0.2514728605747223,
		0.983985185623169
	],
	"right_ankle": [
		0.35442453622817993,
		0.9280678033828735,
		0.027521518990397453,
		0.8960063457489014
	],
	"left_shoulder": [
		0.43722808361053467,
		0.6473283171653748,
		0.08961848169565201,
		0.995136022567749
	],
	"left_elbow": [
		0.597395122051239,
		0.6449006199836731,
		0.10078133642673492,
		0.4608175456523895
	],
	"left_wrist": [
		0.732261061668396,
		0.6285377144813538,
		-0.057896777987480164,
		0.593940794467926
	],
	"right_shoulder": [
		0.40326398611068726,
		0.6422104239463806,
		-0.4955713450908661,
		0.9983027577400208
	],
	"right_elbow": [
		0.5785950422286987,
		0.6417927145957947,
		-0.676156759262085,
		0.987764298915863
	],
	"right_wrist": [
		0.7332554459571838,
		0.6214334964752197,
		-0.6607969403266907,
		0.9834073185920715
	],
	"nose": [
		0.46487337350845337,
		0.5804494619369507,
		-0.2560867965221405,
		0.9997718930244446
	],
	"left_eye": [
		0.45318034291267395,
		0.5694753527641296,
		-0.2234765738248825,
		0.9997843503952026
	],
	"right_eye": [
		0.44807419180870056,
		0.5710344314575195,
		-0.2842431664466858,
		0.9997818470001221
	],
	"left_ear": [
		0.4300798773765564,
		0.5769399404525757,
		-0.07450374215841293,
		0.999888002872467
	],
	"right_ear": [
		0.42198964953422546,
		0.5793445706367493,
		-0.3475605547428131,
		0.9997653365135193
	]
}