{
	"left_hip": [
		0.2599064111709595,
		0.7790278792381287,
		0.20212103426456451,
		0.9985107779502869
	],
	"left_knee": [
		0.46934443712234497,
		0.7883531451225281,
		0.27764376997947693,
		0.4606116712093353
	],
	"left_ankle": [
		0.36443275213241577,
		0.8949724435806274,
		0.42845335602760315,
		0.4491698443889618
	],
	"right_hip": [
		0.2162286937236786,
		0.7904958724975586,
		-0.20164556801319122,
		0.9987115263938904
	],
	"right_knee": [
		0.46411484479904175,
		0.809504508972168,
		-0.2837067246437073,
		0.9856849312782288
	],
	"right_ankle": [
		0.354676216840744,
		0.9334844350814819,
		-0.05050259456038475,
		0.906624436378479
	],
	"left_shoulder": [
		0.43993332982063293,
		0.6358234882354736,
		0.1290653645992279,
		0.9951703548431396
	],
	"left_elbow": [
		0.5965941548347473,
		0.6300695538520813,
		0.11985445022583008,
		0.4635940194129944
	],
	"left_wrist": [
		0.7379943132400513,
		0.6127105951309204,
		-0.04912811145186424,
		0.5938120484352112
	],
	"right_shoulder": [
		0.39593252539634705,
		0.6184307932853699,
		-0.4701143205165863,
		0.9983956217765808
	],
	"right_elbow": [
		0.5694665908813477,
		0.6215946078300476,
		-0.6583112478256226,
		0.9879475235939026
	],
	"right_wrist": [
		0.7334595322608948,
		0.6020027995109558,
		-0.6418269872665405,
		0.982502281665802
	],
	"nose": [
		0.46441739797592163,
		0.5660836100578308,
		-0.23871459066867828,
		0.9997701048851013
	],
	"left_eye": [
		0.4535040259361267,
		0.5547696352005005,
		-0.20226791501045227,
		0.9997974634170532
	],
	"right_eye": [
		0.44736558198928833,
		0.5554918646812439,
		-0.2608684301376343,
		0.9997912645339966
	],
	"left_ear": [
		0.4299268126487732,
		0.5604573488235474,
		-0.04170004278421402,
		0.9998989105224609
	],
	"right_ear": [
		0.42106419801712036,
		0.5610255599021912,
		-0.300174355506897,
		0.9997794032096863
	]
}