{
	"left_hip": [
		0.351447731256485,
		0.6479897499084473,
		0.16470839083194733,
		0.9936345815658569
	],
	"left_knee": [
		0.35093873739242554,
		0.7914917469024658,
		0.20458762347698212,
		0.2391567826271057
	],
	"left_ankle": [
		0.3267887830734253,
		0.9242399334907532,
		0.35529670119285583,
		0.2510570287704468
	],
	"right_hip": [
		0.31485795974731445,
		0.6411923170089722,
		-0.1645178645849228,
		0.9952894449234009
	],
	"right_knee": [
		0.32225272059440613,
		0.7992098331451416,
		-0.1268150955438614,
		0.906880259513855
	],
	"right_ankle": [
		0.29328790307044983,
		0.9476217031478882,
		-0.009049573913216591,
		0.8116273880004883
	],
	"left_shoulder": [
		0.4156436324119568,
		0.45890259742736816,
		0.17038574814796448,
		0.9918838143348694
	],
	"left_elbow": [
		0.5446561574935913,
		0.464171826839447,
		0.22851301729679108,
		0.3445388376712799
	],
	"left_wrist": [
		0.6761125326156616,
		0.44030117988586426,
		0.10707180202007294,
		0.46471598744392395
	],
	"right_shoulder": [
		0.3566889762878418,
		0.4336055815219879,
		-0.4061920940876007,
		0.998565137386322
	],
	"right_elbow": [
		0.5234814882278442,
		0.43976330757141113,
		-0.566234827041626,
		0.9874277710914612
	],
	"right_wrist": [
		0.6720812916755676,
		0.4246290624141693,
		-0.5629903674125671,
		0.9607304930686951
	],
	"nose": [
		0.43500861525535583,
		0.39008739590644836,
		-0.15599718689918518,
		0.9992672204971313
	],
	"left_eye": [
		0.4238588213920593,
		0.37471896409988403,
		-0.12898407876491547,
		0.9988751411437988
	],
	"right_eye": [
		0.4165637791156769,
		0.37388870120048523,
		-0.19098761677742004,
		0.9991692900657654
	],
	"left_ear": [
		0.3984020948410034,
		0.3799043893814087,
		-0.001091578509658575,
		0.9991247057914734
	],
	"right_ear": [
		0.38862496614456177,
		0.3786390423774719,
		-0.2692888379096985,
		0.9993681311607361
	]
}