{
	"left_hip": [
		0.34057754278182983,
		0.6491025686264038,
		0.18218670785427094,
		0.9922361373901367
	],
	"left_knee": [
		0.36610862612724304,
		0.7928157448768616,
		0.22449864447116852,
		0.16629263758659363
	],
	"left_ankle": [
		0.33559954166412354,
		0.9234079122543335,
		0.3872903287410736,
		0.2210492640733719
	],
	"right_hip": [
		0.304446816444397,
		0.6433969736099243,
		-0.18197982013225555,
		0.9940017461776733
	],
	"right_knee": [
		0.33793336153030396,
		0.8034273982048035,
		-0.13847611844539642,
		0.9079836010932922
	],
	"right_ankle": [
		0.2992023527622223,
		0.9523047208786011,
		-0.005382196046411991,
		0.844064474105835
	],
	"left_shoulder": [
		0.4071716070175171,
		0.46249160170555115,
		0.21046067774295807,
		0.9910664558410645
	],
	"left_elbow": [
		0.5463999509811401,
		0.46758443117141724,
		0.27964702248573303,
		0.264874666929245
	],
	"left_wrist": [
		0.6718952655792236,
		0.45140284299850464,
		0.17323626577854156,
		0.42898574471473694
	],
	"right_shoulder": [
		0.36577218770980835,
		0.43587034940719604,
		-0.38891664147377014,
		0.9986225366592407
	],
	"right_elbow": [
		0.5258286595344543,
		0.44573408365249634,
		-0.5405237674713135,
		0.979175329208374
	],
	"right_wrist": [
		0.6764269471168518,
		0.4354521334171295,
		-0.5421314835548401,
		0.9515076279640198
	],
	"nose": [
		0.4439897835254669,
		0.3923586308956146,
		-0.13772054016590118,
		0.9991598129272461
	],
	"left_eye": [
		0.43183135986328125,
		0.37772291898727417,
		-0.11299946904182434,
		0.9985589981079102
	],
	"right_eye": [
		0.4252091944217682,
		0.3766825795173645,
		-0.17377924919128418,
		0.9989713430404663
	],
	"left_ear": [
		0.4070151448249817,
		0.3825264573097229,
		0.024419967085123062,
		0.9986931681632996
	],
	"right_ear": [
		0.3969508707523346,
		0.3810428977012634,
		-0.24421067535877228,
		0.9992407560348511
	]
}