{
	"left_hip": [
		0.31308498978614807,
		0.660953164100647,
		0.19867557287216187,
		0.9924308061599731
	],
	"left_knee": [
		0.41107088327407837,
		0.7897886037826538,
		0.17631138861179352,
		0.15118637681007385
	],
	"left_ankle": [
		0.33150964975357056,
		0.9343689680099487,
		0.27476444840431213,
		0.19767451286315918
	],
	"right_hip": [
		0.2839256227016449,
		0.6576977968215942,
		-0.19840820133686066,
		0.9921759963035583
	],
	"right_knee": [
		0.4007726311683655,
		0.8004622459411621,
		-0.24758921563625336,
		0.9063892364501953
	],
	"right_ankle": [
		0.3148093819618225,
		0.955948531627655,
		-0.12206999212503433,
		0.8305103182792664
	],
	"left_shoulder": [
		0.4098765254020691,
		0.48007941246032715,
		0.22182780504226685,
		0.9916457533836365
	],
	"left_elbow": [
		0.5573607087135315,
		0.4806203246116638,
		0.30082008242607117,
		0.2621251940727234
	],
	"left_wrist": [
		0.6861615777015686,
		0.4680383801460266,
		0.1910209208726883,
		0.4182811379432678
	],
	"right_shoulder": [
		0.38275977969169617,
		0.4615088999271393,
		-0.4206971526145935,
		0.9982079863548279
	],
	"right_elbow": [
		0.54609614610672,
		0.4708395004272461,
		-0.5588653087615967,
		0.9789314270019531
	],
	"right_wrist": [
		0.6951601505279541,
		0.45700836181640625,
		-0.5230699181556702,
		0.9530219435691833
	],
	"nose": [
		0.45831671357154846,
		0.41496044397354126,
		-0.13166876137256622,
		0.9991310238838196
	],
	"left_eye": [
		0.4453454315662384,
		0.398886501789093,
		-0.10717517882585526,
		0.9986002445220947
	],
	"right_eye": [
		0.43939438462257385,
		0.39835426211357117,
		-0.1702975183725357,
		0.9989480376243591
	],
	"left_ear": [
		0.4182100296020508,
		0.40484318137168884,
		0.026198767125606537,
		0.9988062977790833
	],
	"right_ear": [
		0.41102805733680725,
		0.4041207730770111,
		-0.25850480794906616,
		0.9991475939750671
	]
}