{
	"left_hip": [
		0.25249040126800537,
		0.7998408079147339,
		0.20068101584911346,
		0.9966748356819153
	],
	"left_knee": [
		0.47216764092445374,
		0.8142936825752258,
		0.2773289680480957,
		0.35295942425727844
	],
	"left_ankle": [
		0.3650210201740265,
		0.9017273187637329,
		0.44168415665626526,
		0.34510692954063416
	],
	"right_hip": [
		0.2262371927499771,
		0.8171656727790833,
		-0.20047742128372192,
		0.9962626099586487
	],
	"right_knee": [
		0.47580859065055847,
		0.8180001378059387,
		-0.23992736637592316,
		0.9667341113090515
	],
	"right_ankle": [
		0.36195454001426697,
		0.9382157325744629,
		0.04453142732381821,
		0.8978983759880066
	],
	"left_shoulder": [
		0.4204966425895691,
		0.6423031687736511,
		0.16828958690166473,
		0.9917017817497253
	],
	"left_elbow": [
		0.5888389945030212,
		0.6447702050209045,
		0.18787714838981628,
		0.44774189591407776
	],
	"left_wrist": [
		0.7419703602790833,
		0.6320633888244629,
		0.03189830854535103,
		0.5150145292282104
	],
	"right_shoulder": [
		0.40823590755462646,
		0.6412234306335449,
		-0.44345822930336,
		0.996708869934082
	],
	"right_elbow": [
		0.5838272571563721,
		0.6444164514541626,
		-0.6024242043495178,
		0.9848117828369141
	],
	"right_wrist": [
		0.7545213103294373,
		0.6270526647567749,
		-0.5647719502449036,
		0.9739670753479004
	],
	"nose": [
		0.47444838285446167,
		0.5889852046966553,
		-0.18329152464866638,
		0.999477744102478
	],
	"left_eye": [
		0.46155354380607605,
		0.5743969678878784,
		-0.15384773910045624,
		0.9993784427642822
	],
	"right_eye": [
		0.4576963484287262,
		0.5750750303268433,
		-0.22058609127998352,
		0.9994328022003174
	],
	"left_ear": [
		0.43381163477897644,
		0.5797988176345825,
		-0.006938458885997534,
		0.9996227025985718
	],
	"right_ear": [
		0.42999252676963806,
		0.5812593698501587,
		-0.30301859974861145,
		0.9994379281997681
	]
}