{
	"left_hip": [
		0.25595709681510925,
		0.7891550064086914,
		0.1873878836631775,
		0.9984068870544434
	],
	"left_knee": [
		0.472756952047348,
		0.7929607629776001,
		0.2704375684261322,
		0.4394948482513428
	],
	"left_ankle": [
		0.3588486909866333,
		0.9008296728134155,
		0.4370174705982208,
		0.42559096217155457
	],
	"right_hip": [
		0.21461227536201477,
		0.8048523664474487,
		-0.18700939416885376,
		0.9984660148620605
	],
	"right_knee": [
		0.46822917461395264,
		0.8159124255180359,
		-0.23218676447868347,
		0.9834995269775391
	],
	"right_ankle": [
		0.3512170910835266,
		0.9338208436965942,
		0.024751579388976097,
		0.8970986008644104
	],
	"left_shoulder": [
		0.4432922899723053,
		0.6462035179138184,
		0.11661839485168457,
		0.9953632354736328
	],
	"left_elbow": [
		0.6035242080688477,
		0.6519284844398499,
		0.11292384564876556,
		0.44180530309677124
	],
	"left_wrist": [
		0.7448663115501404,
		0.6435102224349976,
		-0.03150336816906929,
		0.5738175511360168
	],
	"right_shoulder": [
		0.41081997752189636,
		0.6384648084640503,
		-0.44055765867233276,
		0.9983983635902405
	],
	"right_elbow": [
		0.5852448344230652,
		0.6474670767784119,
		-0.6130236983299255,
		0.9873179197311401
	],
	"right_wrist": [
		0.7464595437049866,
		0.6349650621414185,
		-0.594444990158081,
		0.9828457236289978
	],
	"nose": [
		0.47484609484672546,
		0.5806625485420227,
		-0.21164853870868683,
		0.9997943639755249
	],
	"left_eye": [
		0.46375423669815063,
		0.5688642263412476,
		-0.17881491780281067,
		0.9997929930686951
	],
	"right_eye": [
		0.4579889178276062,
		0.5700510740280151,
		-0.23702473938465118,
		0.9997991323471069
	],
	"left_ear": [
		0.43957841396331787,
		0.5746147036552429,
		-0.03409276530146599,
		0.9998884797096252
	],
	"right_ear": [
		0.4315425157546997,
		0.5767337083816528,
		-0.2961890995502472,
		0.9997872114181519
	]
}