{
	"left_hip": [
		0.3027386963367462,
		0.6798932552337646,
		0.17789100110530853,
		0.9978471398353577
	],
	"left_knee": [
		0.4472149610519409,
		0.7806664705276489,
		0.14496774971485138,
		0.5862159132957458
	],
	"left_ankle": [
		0.35929539799690247,
		0.8991857767105103,
		0.2882780432701111,
		0.585677981376648
	],
	"right_hip": [
		0.2563819885253906,
		0.6794929504394531,
		-0.1770482361316681,
		0.9983928203582764
	],
	"right_knee": [
		0.43480274081230164,
		0.791182816028595,
		-0.2743319272994995,
		0.9923521280288696
	],
	"right_ankle": [
		0.35184481739997864,
		0.9252470135688782,
		-0.12169265747070312,
		0.9571083188056946
	],
	"left_shoulder": [
		0.4409702718257904,
		0.5135819911956787,
		0.22600272297859192,
		0.9945934414863586
	],
	"left_elbow": [
		0.5915820002555847,
		0.5108749270439148,
		0.24148891866207123,
		0.48118677735328674
	],
	"left_wrist": [
		0.7272253036499023,
		0.5030887126922607,
		0.10226769745349884,
		0.549944281578064
	],
	"right_shoulder": [
		0.39533260464668274,
		0.4888931214809418,
		-0.3397136330604553,
		0.9986541271209717
	],
	"right_elbow": [
		0.5507296919822693,
		0.4972420632839203,
		-0.5298747420310974,
		0.990366518497467
	],
	"right_wrist": [
		0.7069452404975891,
		0.48388299345970154,
		-0.499830424785614,
		0.9793071150779724
	],
	"nose": [
		0.4591940641403198,
		0.4360623359680176,
		-0.1173160970211029,
		0.9996713399887085
	],
	"left_eye": [
		0.4474070370197296,
		0.42494335770606995,
		-0.07746141403913498,
		0.9996999502182007
	],
	"right_eye": [
		0.44025611877441406,
		0.42475634813308716,
		-0.13192042708396912,
		0.9997299313545227
	],
	"left_ear": [
		0.4259839355945587,
		0.43429437279701233,
		0.07562454044818878,
		0.9998592138290405
	],
	"right_ear": [
		0.4132956862449646,
		0.4328293800354004,
		-0.16522172093391418,
		0.9997062683105469
	]
}