{
	"left_hip": [
		0.31213122606277466,
		0.6729428172111511,
		0.16959048807621002,
		0.9975491166114807
	],
	"left_knee": [
		0.44088008999824524,
		0.7806267142295837,
		0.0853852778673172,
		0.5968432426452637
	],
	"left_ankle": [
		0.3582746684551239,
		0.8992089033126831,
		0.2175481766462326,
		0.5892864465713501
	],
	"right_hip": [
		0.2609446048736572,
		0.669467568397522,
		-0.1687207967042923,
		0.998241662979126
	],
	"right_knee": [
		0.4265880584716797,
		0.7888983488082886,
		-0.27198144793510437,
		0.9927046298980713
	],
	"right_ankle": [
		0.3456439971923828,
		0.9261305928230286,
		-0.14486266672611237,
		0.9592499732971191
	],
	"left_shoulder": [
		0.4447070360183716,
		0.5026301145553589,
		0.21287697553634644,
		0.9942961931228638
	],
	"left_elbow": [
		0.5917567014694214,
		0.5029293298721313,
		0.22578860819339752,
		0.48694053292274475
	],
	"left_wrist": [
		0.7259240746498108,
		0.4941631257534027,
		0.08010289818048477,
		0.5526103377342224
	],
	"right_shoulder": [
		0.3911372125148773,
		0.478538453578949,
		-0.33772656321525574,
		0.998663604259491
	],
	"right_elbow": [
		0.5491410493850708,
		0.48734942078590393,
		-0.533512532711029,
		0.9911044836044312
	],
	"right_wrist": [
		0.7002143859863281,
		0.4759756028652191,
		-0.5025153756141663,
		0.9802266955375671
	],
	"nose": [
		0.45748603343963623,
		0.4278123378753662,
		-0.1253363937139511,
		0.999646008014679
	],
	"left_eye": [
		0.44607171416282654,
		0.4157567024230957,
		-0.08724773675203323,
		0.9996621012687683
	],
	"right_eye": [
		0.4385228753089905,
		0.41550999879837036,
		-0.1385420262813568,
		0.9997025728225708
	],
	"left_ear": [
		0.42488160729408264,
		0.4241054058074951,
		0.06335832178592682,
		0.9998387098312378
	],
	"right_ear": [
		0.411771684885025,
		0.4226822257041931,
		-0.16171757876873016,
		0.9996744990348816
	]
}