{
	"left_hip": [
		0.31434836983680725,
		0.6661192774772644,
		0.17281846702098846,
		0.996848464012146
	],
	"left_knee": [
		0.42717307806015015,
		0.7808412909507751,
		0.1042327731847763,
		0.5892792344093323
	],
	"left_ankle": [
		0.34765130281448364,
		0.9064866304397583,
		0.24796484410762787,
		0.5745800137519836
	],
	"right_hip": [
		0.2691997289657593,
		0.6620498895645142,
		-0.17201392352581024,
		0.9977584481239319
	],
	"right_knee": [
		0.41936570405960083,
		0.788357138633728,
		-0.2713124454021454,
		0.9927188158035278
	],
	"right_ankle": [
		0.3420301675796509,
		0.9326906204223633,
		-0.14675261080265045,
		0.9593944549560547
	],
	"left_shoulder": [
		0.444610059261322,
		0.49332040548324585,
		0.22787436842918396,
		0.9939839839935303
	],
	"left_elbow": [
		0.5863208770751953,
		0.49463996291160583,
		0.2610810399055481,
		0.48284775018692017
	],
	"left_wrist": [
		0.7185603976249695,
		0.48768702149391174,
		0.1118282824754715,
		0.5471318364143372
	],
	"right_shoulder": [
		0.3896593451499939,
		0.46959272027015686,
		-0.3445636034011841,
		0.9986411333084106
	],
	"right_elbow": [
		0.5518673658370972,
		0.4797653555870056,
		-0.5349457263946533,
		0.9917213916778564
	],
	"right_wrist": [
		0.6980892419815063,
		0.46887463331222534,
		-0.5086336731910706,
		0.9808279871940613
	],
	"nose": [
		0.4569127857685089,
		0.42214083671569824,
		-0.12161251902580261,
		0.9996077418327332
	],
	"left_eye": [
		0.44582250714302063,
		0.4084658622741699,
		-0.0841430053114891,
		0.9995959997177124
	],
	"right_eye": [
		0.4383043348789215,
		0.40808039903640747,
		-0.13779781758785248,
		0.9996572732925415
	],
	"left_ear": [
		0.42418235540390015,
		0.4157241880893707,
		0.06661724299192429,
		0.9997981190681458
	],
	"right_ear": [
		0.410959929227829,
		0.4141724109649658,
		-0.16983164846897125,
		0.9996218681335449
	]
}