{
	"left_hip": [
		0.327571302652359,
		0.6459027528762817,
		0.1691867858171463,
		0.9947779774665833
	],
	"left_knee": [
		0.37466710805892944,
		0.7812248468399048,
		0.08355209976434708,
		0.4418729841709137
	],
	"left_ankle": [
		0.32090526819229126,
		0.9209000468254089,
		0.19746030867099762,
		0.4185241460800171
	],
	"right_hip": [
		0.2946377098560333,
		0.6390271782875061,
		-0.16846966743469238,
		0.9961981177330017
	],
	"right_knee": [
		0.371142715215683,
		0.7845937013626099,
		-0.2297963947057724,
		0.9778062701225281
	],
	"right_ankle": [
		0.3160777986049652,
		0.9495884776115417,
		-0.16439205408096313,
		0.9045111536979675
	],
	"left_shoulder": [
		0.4395756125450134,
		0.4671565592288971,
		0.23394936323165894,
		0.9936940670013428
	],
	"left_elbow": [
		0.5661513209342957,
		0.46962636709213257,
		0.2856234014034271,
		0.43092986941337585
	],
	"left_wrist": [
		0.6967567205429077,
		0.46286481618881226,
		0.14402036368846893,
		0.4992412328720093
	],
	"right_shoulder": [
		0.3823765516281128,
		0.4403100609779358,
		-0.3391260802745819,
		0.9986941814422607
	],
	"right_elbow": [
		0.5474498271942139,
		0.4532850384712219,
		-0.5121781229972839,
		0.9931935667991638
	],
	"right_wrist": [
		0.6914137601852417,
		0.44529104232788086,
		-0.4999026656150818,
		0.9803462624549866
	],
	"nose": [
		0.45546409487724304,
		0.39786094427108765,
		-0.08658669143915176,
		0.9995330572128296
	],
	"left_eye": [
		0.4438101649284363,
		0.38246190547943115,
		-0.054674744606018066,
		0.9994507431983948
	],
	"right_eye": [
		0.43743816018104553,
		0.380817174911499,
		-0.11393019556999207,
		0.9995639324188232
	],
	"left_ear": [
		0.42104724049568176,
		0.38900312781333923,
		0.08360064774751663,
		0.9997122883796692
	],
	"right_ear": [
		0.40926361083984375,
		0.3864387571811676,
		-0.1598454862833023,
		0.9995434284210205
	]
}