{
	"left_hip": [
		0.3293988108634949,
		0.6453543305397034,
		0.17004649341106415,
		0.9938686490058899
	],
	"left_knee": [
		0.361432820558548,
		0.7835140824317932,
		0.1553443819284439,
		0.3777332603931427
	],
	"left_ankle": [
		0.3161123991012573,
		0.9162055253982544,
		0.28218042850494385,
		0.3578329086303711
	],
	"right_hip": [
		0.3036036491394043,
		0.6388471126556396,
		-0.169298455119133,
		0.9955498576164246
	],
	"right_knee": [
		0.348544180393219,
		0.7854101657867432,
		-0.17985251545906067,
		0.9660045504570007
	],
	"right_ankle": [
		0.30507370829582214,
		0.9461070895195007,
		-0.1060899943113327,
		0.8794068694114685
	],
	"left_shoulder": [
		0.4263213276863098,
		0.4622059464454651,
		0.21536202728748322,
		0.9928639531135559
	],
	"left_elbow": [
		0.5532603859901428,
		0.46622419357299805,
		0.29004397988319397,
		0.39748522639274597
	],
	"left_wrist": [
		0.6864452362060547,
		0.4567985534667969,
		0.1467207968235016,
		0.47248831391334534
	],
	"right_shoulder": [
		0.3799747824668884,
		0.43433013558387756,
		-0.3683093190193176,
		0.9986922740936279
	],
	"right_elbow": [
		0.5424570441246033,
		0.44703108072280884,
		-0.5339469909667969,
		0.9923511743545532
	],
	"right_wrist": [
		0.689684271812439,
		0.43881136178970337,
		-0.5615968108177185,
		0.9757087230682373
	],
	"nose": [
		0.4526563584804535,
		0.39363446831703186,
		-0.10427316278219223,
		0.9994471669197083
	],
	"left_eye": [
		0.4413229525089264,
		0.37779444456100464,
		-0.07700871676206589,
		0.9992949366569519
	],
	"right_eye": [
		0.4360206425189972,
		0.3764306604862213,
		-0.13895462453365326,
		0.999472439289093
	],
	"left_ear": [
		0.4167828857898712,
		0.383547306060791,
		0.05624976381659508,
		0.9995869994163513
	],
	"right_ear": [
		0.40781453251838684,
		0.38102781772613525,
		-0.21263422071933746,
		0.9994839429855347
	]
}