{
	"left_hip": [
		0.3517516553401947,
		0.6516050696372986,
		0.1735902577638626,
		0.9916200041770935
	],
	"left_knee": [
		0.3504469692707062,
		0.7930306792259216,
		0.22130107879638672,
		0.18257243931293488
	],
	"left_ankle": [
		0.32301968336105347,
		0.9260629415512085,
		0.3575427234172821,
		0.20767349004745483
	],
	"right_hip": [
		0.32064712047576904,
		0.645176887512207,
		-0.17343027889728546,
		0.9939216375350952
	],
	"right_knee": [
		0.31726038455963135,
		0.8042647242546082,
		-0.13612766563892365,
		0.8948469758033752
	],
	"right_ankle": [
		0.282734215259552,
		0.9529281854629517,
		-0.03942625969648361,
		0.7953048944473267
	],
	"left_shoulder": [
		0.4108109474182129,
		0.4587180018424988,
		0.18419843912124634,
		0.9910410642623901
	],
	"left_elbow": [
		0.5486530661582947,
		0.4660627245903015,
		0.2586095929145813,
		0.28249433636665344
	],
	"left_wrist": [
		0.6770243048667908,
		0.44799837470054626,
		0.14295315742492676,
		0.432714581489563
	],
	"right_shoulder": [
		0.36681610345840454,
		0.43281039595603943,
		-0.3934844434261322,
		0.998676061630249
	],
	"right_elbow": [
		0.5355026125907898,
		0.4436463415622711,
		-0.5483749508857727,
		0.9820902943611145
	],
	"right_wrist": [
		0.6792206168174744,
		0.4322379529476166,
		-0.558220624923706,
		0.955791711807251
	],
	"nose": [
		0.44195690751075745,
		0.39079079031944275,
		-0.1373860090970993,
		0.9992024898529053
	],
	"left_eye": [
		0.4310011863708496,
		0.37542998790740967,
		-0.11666176468133926,
		0.9986926317214966
	],
	"right_eye": [
		0.424062043428421,
		0.374616801738739,
		-0.17566856741905212,
		0.9990686178207397
	],
	"left_ear": [
		0.40423429012298584,
		0.37927624583244324,
		0.010659504681825638,
		0.9988876581192017
	],
	"right_ear": [
		0.39544910192489624,
		0.3781145215034485,
		-0.25352585315704346,
		0.9993172883987427
	]
}