{
	"left_hip": [
		0.34070491790771484,
		0.650170624256134,
		0.1881779283285141,
		0.9913373589515686
	],
	"left_knee": [
		0.3739987313747406,
		0.7931464910507202,
		0.20123468339443207,
		0.1584503948688507
	],
	"left_ankle": [
		0.32433730363845825,
		0.928197979927063,
		0.32489073276519775,
		0.18860752880573273
	],
	"right_hip": [
		0.3084211051464081,
		0.6443234086036682,
		-0.18796852231025696,
		0.9930014610290527
	],
	"right_knee": [
		0.3517201542854309,
		0.8070271611213684,
		-0.19116780161857605,
		0.8898053765296936
	],
	"right_ankle": [
		0.2931169867515564,
		0.9556728601455688,
		-0.09075494110584259,
		0.7912787199020386
	],
	"left_shoulder": [
		0.40851518511772156,
		0.4606446623802185,
		0.21888157725334167,
		0.9911558628082275
	],
	"left_elbow": [
		0.5476557612419128,
		0.46653780341148376,
		0.2991795539855957,
		0.26623770594596863
	],
	"left_wrist": [
		0.6760210394859314,
		0.45036059617996216,
		0.19328448176383972,
		0.42210882902145386
	],
	"right_shoulder": [
		0.3734642565250397,
		0.43516650795936584,
		-0.40407174825668335,
		0.9986353516578674
	],
	"right_elbow": [
		0.5378516316413879,
		0.4469817578792572,
		-0.541903555393219,
		0.9796184301376343
	],
	"right_wrist": [
		0.6859808564186096,
		0.4345015585422516,
		-0.5537316203117371,
		0.9536120891571045
	],
	"nose": [
		0.4446936845779419,
		0.39183473587036133,
		-0.13116008043289185,
		0.9990894794464111
	],
	"left_eye": [
		0.433236300945282,
		0.3771355152130127,
		-0.10874715447425842,
		0.998455822467804
	],
	"right_eye": [
		0.42732149362564087,
		0.37643566727638245,
		-0.17001867294311523,
		0.998896062374115
	],
	"left_ear": [
		0.4070814251899719,
		0.38194340467453003,
		0.023276545107364655,
		0.9986693859100342
	],
	"right_ear": [
		0.3992964029312134,
		0.3809920847415924,
		-0.25332319736480713,
		0.9991745948791504
	]
}