{
	"left_hip": [
		0.28140029311180115,
		0.6970852017402649,
		0.21220175921916962,
		0.9926280379295349
	],
	"left_knee": [
		0.4471683204174042,
		0.7816001176834106,
		0.2062138170003891,
		0.20425854623317719
	],
	"left_ankle": [
		0.3622298836708069,
		0.9149667620658875,
		0.3318935036659241,
		0.23596270382404327
	],
	"right_hip": [
		0.24772387742996216,
		0.6980827450752258,
		-0.21190734207630157,
		0.9918424487113953
	],
	"right_knee": [
		0.4418201446533203,
		0.7908639311790466,
		-0.2948102056980133,
		0.9312459230422974
	],
	"right_ankle": [
		0.35071277618408203,
		0.9435455203056335,
		-0.11159136146306992,
		0.8568755984306335
	],
	"left_shoulder": [
		0.4079446792602539,
		0.531531572341919,
		0.2359827309846878,
		0.9900957942008972
	],
	"left_elbow": [
		0.5553066730499268,
		0.5262784957885742,
		0.2866396903991699,
		0.3218453526496887
	],
	"left_wrist": [
		0.6907100081443787,
		0.5075088143348694,
		0.13879553973674774,
		0.4269019663333893
	],
	"right_shoulder": [
		0.38219088315963745,
		0.5110739469528198,
		-0.3933754563331604,
		0.996837317943573
	],
	"right_elbow": [
		0.5483520030975342,
		0.5167312622070312,
		-0.5424853563308716,
		0.981740415096283
	],
	"right_wrist": [
		0.7081934213638306,
		0.49723854660987854,
		-0.4936114549636841,
		0.9591631293296814
	],
	"nose": [
		0.45189350843429565,
		0.46703189611434937,
		-0.09901276230812073,
		0.9990658164024353
	],
	"left_eye": [
		0.44006723165512085,
		0.45108652114868164,
		-0.07260806113481522,
		0.9986301064491272
	],
	"right_eye": [
		0.4346826374530792,
		0.45030879974365234,
		-0.1379510909318924,
		0.9988792538642883
	],
	"left_ear": [
		0.41437169909477234,
		0.4567061960697174,
		0.06164342910051346,
		0.9990185499191284
	],
	"right_ear": [
		0.4079107344150543,
		0.4563818871974945,
		-0.23142902553081512,
		0.998934805393219
	]
}