{
	"left_hip": [
		0.25924912095069885,
		0.7514340877532959,
		0.19648027420043945,
		0.9943228960037231
	],
	"left_knee": [
		0.4742830693721771,
		0.7881845831871033,
		0.2043701559305191,
		0.2857063412666321
	],
	"left_ankle": [
		0.36882174015045166,
		0.9053757786750793,
		0.29383528232574463,
		0.2669440805912018
	],
	"right_hip": [
		0.23295123875141144,
		0.7677449584007263,
		-0.1962297558784485,
		0.9939016699790955
	],
	"right_knee": [
		0.4653570353984833,
		0.8151038885116577,
		-0.2960939109325409,
		0.9518210887908936
	],
	"right_ankle": [
		0.35993245244026184,
		0.9430719614028931,
		-0.0028191683813929558,
		0.8706024885177612
	],
	"left_shoulder": [
		0.40565231442451477,
		0.590469241142273,
		0.17859478294849396,
		0.9887972474098206
	],
	"left_elbow": [
		0.5619074702262878,
		0.5913761854171753,
		0.19840195775032043,
		0.398490309715271
	],
	"left_wrist": [
		0.706535279750824,
		0.5698463916778564,
		0.049514997750520706,
		0.4425300657749176
	],
	"right_shoulder": [
		0.38056960701942444,
		0.5845516920089722,
		-0.4094890058040619,
		0.9954754710197449
	],
	"right_elbow": [
		0.5524120926856995,
		0.5870794057846069,
		-0.5675634741783142,
		0.9833080172538757
	],
	"right_wrist": [
		0.7226139903068542,
		0.5622259378433228,
		-0.5191004276275635,
		0.9648796319961548
	],
	"nose": [
		0.4546354413032532,
		0.5364207029342651,
		-0.14392337203025818,
		0.9991490840911865
	],
	"left_eye": [
		0.4446335732936859,
		0.5231897830963135,
		-0.11717097461223602,
		0.9989287257194519
	],
	"right_eye": [
		0.43926766514778137,
		0.5229910016059875,
		-0.1794547289609909,
		0.999030351638794
	],
	"left_ear": [
		0.4191834330558777,
		0.5285046696662903,
		0.021215882152318954,
		0.9993515610694885
	],
	"right_ear": [
		0.41227051615715027,
		0.5283170938491821,
		-0.25652751326560974,
		0.9990373849868774
	]
}