{
	"left_hip": [
		0.25013619661331177,
		0.8262189030647278,
		0.17812477052211761,
		0.9973511695861816
	],
	"left_knee": [
		0.47417253255844116,
		0.8033959269523621,
		0.22274082899093628,
		0.4098004698753357
	],
	"left_ankle": [
		0.35166671872138977,
		0.9098396301269531,
		0.3180769681930542,
		0.36832690238952637
	],
	"right_hip": [
		0.22094497084617615,
		0.8422196507453918,
		-0.17800945043563843,
		0.997185230255127
	],
	"right_knee": [
		0.4725883901119232,
		0.8151178359985352,
		-0.24419066309928894,
		0.9704100489616394
	],
	"right_ankle": [
		0.3525223433971405,
		0.929509162902832,
		0.04971419274806976,
		0.8676206469535828
	],
	"left_shoulder": [
		0.4086317718029022,
		0.6677056550979614,
		0.14148062467575073,
		0.9911261796951294
	],
	"left_elbow": [
		0.5709472894668579,
		0.6624554395675659,
		0.15540561079978943,
		0.43206122517585754
	],
	"left_wrist": [
		0.7145172953605652,
		0.6471313238143921,
		0.009637301787734032,
		0.5037011504173279
	],
	"right_shoulder": [
		0.3889712989330292,
		0.6665534377098083,
		-0.4093523621559143,
		0.9959146976470947
	],
	"right_elbow": [
		0.5637267231941223,
		0.6643275618553162,
		-0.5503264665603638,
		0.9822134971618652
	],
	"right_wrist": [
		0.7279072999954224,
		0.6397181153297424,
		-0.5084865689277649,
		0.9756959676742554
	],
	"nose": [
		0.4565432369709015,
		0.6137784123420715,
		-0.1728677898645401,
		0.9995368123054504
	],
	"left_eye": [
		0.44500166177749634,
		0.5983797311782837,
		-0.14472512900829315,
		0.999515175819397
	],
	"right_eye": [
		0.44066736102104187,
		0.5995875000953674,
		-0.20741303265094757,
		0.9995300769805908
	],
	"left_ear": [
		0.41626375913619995,
		0.6045833826065063,
		-0.005202739033848047,
		0.9997380375862122
	],
	"right_ear": [
		0.4115597903728485,
		0.6066399812698364,
		-0.2763214111328125,
		0.9995055198669434
	]
}