{
	"left_hip": [
		0.2503260672092438,
		0.8354843854904175,
		0.17053422331809998,
		0.9977912902832031
	],
	"left_knee": [
		0.4697737395763397,
		0.7977746725082397,
		0.21971766650676727,
		0.4123084247112274
	],
	"left_ankle": [
		0.3460920751094818,
		0.906948447227478,
		0.34096089005470276,
		0.367069810628891
	],
	"right_hip": [
		0.22023721039295197,
		0.8452229499816895,
		-0.17039348185062408,
		0.997732400894165
	],
	"right_knee": [
		0.4613296389579773,
		0.8041359782218933,
		-0.23077216744422913,
		0.9713570475578308
	],
	"right_ankle": [
		0.34552234411239624,
		0.9223877787590027,
		0.06130852922797203,
		0.831985354423523
	],
	"left_shoulder": [
		0.4097735285758972,
		0.6795009970664978,
		0.16584564745426178,
		0.9928718209266663
	],
	"left_elbow": [
		0.5655163526535034,
		0.670021116733551,
		0.18657304346561432,
		0.4189738631248474
	],
	"left_wrist": [
		0.7082062363624573,
		0.6540806293487549,
		0.05048675835132599,
		0.5324460864067078
	],
	"right_shoulder": [
		0.38909462094306946,
		0.6692441701889038,
		-0.3819054067134857,
		0.9968867897987366
	],
	"right_elbow": [
		0.5661478638648987,
		0.6676560640335083,
		-0.529622495174408,
		0.9843952059745789
	],
	"right_wrist": [
		0.7274904251098633,
		0.6419281363487244,
		-0.48650309443473816,
		0.9812494516372681
	],
	"nose": [
		0.4566778242588043,
		0.6221297979354858,
		-0.14872950315475464,
		0.9996497631072998
	],
	"left_eye": [
		0.44475647807121277,
		0.6066233515739441,
		-0.11890019476413727,
		0.9996502995491028
	],
	"right_eye": [
		0.4408561587333679,
		0.6074549555778503,
		-0.17828121781349182,
		0.9996559023857117
	],
	"left_ear": [
		0.41873475909233093,
		0.6121968626976013,
		0.020927488803863525,
		0.9998186230659485
	],
	"right_ear": [
		0.41273021697998047,
		0.6129787564277649,
		-0.24110479652881622,
		0.9996305704116821
	]
}