{
	"left_hip": [
		0.24867859482765198,
		0.815234363079071,
		0.17810742557048798,
		0.9982237219810486
	],
	"left_knee": [
		0.4671812653541565,
		0.8003005981445312,
		0.24201591312885284,
		0.4190064072608948
	],
	"left_ankle": [
		0.3482559621334076,
		0.9068306684494019,
		0.3900269865989685,
		0.37796732783317566
	],
	"right_hip": [
		0.21418553590774536,
		0.8242863416671753,
		-0.17776493728160858,
		0.9982298016548157
	],
	"right_knee": [
		0.45675718784332275,
		0.809657871723175,
		-0.22230982780456543,
		0.9755651950836182
	],
	"right_ankle": [
		0.3481217324733734,
		0.9233724474906921,
		0.08870736509561539,
		0.8322101831436157
	],
	"left_shoulder": [
		0.4214153289794922,
		0.6689624786376953,
		0.10221391171216965,
		0.9943674206733704
	],
	"left_elbow": [
		0.583863377571106,
		0.6614130735397339,
		0.10352949798107147,
		0.4338448643684387
	],
	"left_wrist": [
		0.7202474474906921,
		0.6468747854232788,
		-0.05033017694950104,
		0.5631709694862366
	],
	"right_shoulder": [
		0.38723650574684143,
		0.6552481055259705,
		-0.4556078314781189,
		0.997697651386261
	],
	"right_elbow": [
		0.5677211880683899,
		0.6575133204460144,
		-0.6254298686981201,
		0.9869266748428345
	],
	"right_wrist": [
		0.7245416641235352,
		0.6333810091018677,
		-0.5969905853271484,
		0.9849699139595032
	],
	"nose": [
		0.4559871554374695,
		0.6042442917823792,
		-0.2308678925037384,
		0.9997377991676331
	],
	"left_eye": [
		0.4443613886833191,
		0.590369462966919,
		-0.19961972534656525,
		0.9997557997703552
	],
	"right_eye": [
		0.4394991099834442,
		0.5909211039543152,
		-0.2573978900909424,
		0.9997523427009583
	],
	"left_ear": [
		0.4202505350112915,
		0.5974313616752625,
		-0.05387461557984352,
		0.9998804926872253
	],
	"right_ear": [
		0.41227808594703674,
		0.5970817804336548,
		-0.3113560378551483,
		0.9997321367263794
	]
}