{
	"left_hip": [
		0.24606657028198242,
		0.7935454845428467,
		0.1826094090938568,
		0.9981215596199036
	],
	"left_knee": [
		0.46171295642852783,
		0.7877510786056519,
		0.2575233280658722,
		0.4138346016407013
	],
	"left_ankle": [
		0.35273125767707825,
		0.9052910804748535,
		0.40625736117362976,
		0.3831581473350525
	],
	"right_hip": [
		0.20848946273326874,
		0.8094609379768372,
		-0.1821296364068985,
		0.9982767105102539
	],
	"right_knee": [
		0.4554334580898285,
		0.8106034994125366,
		-0.23038321733474731,
		0.9780430793762207
	],
	"right_ankle": [
		0.34843918681144714,
		0.9362848997116089,
		0.012484058737754822,
		0.8515052199363708
	],
	"left_shoulder": [
		0.4201609492301941,
		0.6449482440948486,
		0.11519050598144531,
		0.994050145149231
	],
	"left_elbow": [
		0.5828241109848022,
		0.6447713375091553,
		0.12013581395149231,
		0.4221559166908264
	],
	"left_wrist": [
		0.7206538915634155,
		0.6323113441467285,
		-0.022735506296157837,
		0.5469311475753784
	],
	"right_shoulder": [
		0.3858981132507324,
		0.6370629668235779,
		-0.4456882178783417,
		0.9977775812149048
	],
	"right_elbow": [
		0.564537763595581,
		0.6405680179595947,
		-0.6095688343048096,
		0.9864394664764404
	],
	"right_wrist": [
		0.7239726185798645,
		0.6219743490219116,
		-0.5742641687393188,
		0.9828832745552063
	],
	"nose": [
		0.45591673254966736,
		0.5817068815231323,
		-0.21134811639785767,
		0.9997391104698181
	],
	"left_eye": [
		0.444426029920578,
		0.5700260996818542,
		-0.18123801052570343,
		0.9997663497924805
	],
	"right_eye": [
		0.43961194157600403,
		0.5703950524330139,
		-0.23998944461345673,
		0.9997581243515015
	],
	"left_ear": [
		0.4198951721191406,
		0.5779353976249695,
		-0.03895873203873634,
		0.9998898506164551
	],
	"right_ear": [
		0.4122849106788635,
		0.5781667828559875,
		-0.29989340901374817,
		0.9997346997261047
	]
}