{
	"left_hip": [
		0.2650041878223419,
		0.7379778623580933,
		0.1990412175655365,
		0.9978784918785095
	],
	"left_knee": [
		0.4605933129787445,
		0.7868596315383911,
		0.2591079771518707,
		0.4543099105358124
	],
	"left_ankle": [
		0.36776599287986755,
		0.8949970006942749,
		0.4257417917251587,
		0.44609880447387695
	],
	"right_hip": [
		0.21165378391742706,
		0.7551640868186951,
		-0.19859303534030914,
		0.9983171820640564
	],
	"right_knee": [
		0.4627365171909332,
		0.8126803636550903,
		-0.2547527551651001,
		0.9850542545318604
	],
	"right_ankle": [
		0.35463032126426697,
		0.9436568021774292,
		-0.05030129477381706,
		0.908257782459259
	],
	"left_shoulder": [
		0.41844356060028076,
		0.585486650466919,
		0.15999452769756317,
		0.9932430982589722
	],
	"left_elbow": [
		0.5815927386283875,
		0.5849504470825195,
		0.18193891644477844,
		0.4241606295108795
	],
	"left_wrist": [
		0.7239366173744202,
		0.5759220719337463,
		0.03819530829787254,
		0.5203730463981628
	],
	"right_shoulder": [
		0.3818640410900116,
		0.5708748698234558,
		-0.43829432129859924,
		0.9978653192520142
	],
	"right_elbow": [
		0.5579773783683777,
		0.5778031945228577,
		-0.6147022247314453,
		0.9868453741073608
	],
	"right_wrist": [
		0.7226930856704712,
		0.5625194311141968,
		-0.5828311443328857,
		0.977982223033905
	],
	"nose": [
		0.45155903697013855,
		0.51862633228302,
		-0.18566694855690002,
		0.999660313129425
	],
	"left_eye": [
		0.44102710485458374,
		0.5059040784835815,
		-0.15292035043239594,
		0.9997147917747498
	],
	"right_eye": [
		0.43454277515411377,
		0.5063725709915161,
		-0.2142845094203949,
		0.9997059106826782
	],
	"left_ear": [
		0.41631266474723816,
		0.5132178068161011,
		-0.00699198292568326,
		0.9998838305473328
	],
	"right_ear": [
		0.40683117508888245,
		0.5134619474411011,
		-0.28019535541534424,
		0.9996830224990845
	]
}