{
	"left_hip": [
		0.2736029326915741,
		0.7211379408836365,
		0.18687257170677185,
		0.9977778792381287
	],
	"left_knee": [
		0.4591262936592102,
		0.7854665517807007,
		0.2105085253715515,
		0.4946068823337555
	],
	"left_ankle": [
		0.3667396903038025,
		0.8956729769706726,
		0.35291337966918945,
		0.48295074701309204
	],
	"right_hip": [
		0.21807512640953064,
		0.7323923707008362,
		-0.18602830171585083,
		0.9983386397361755
	],
	"right_knee": [
		0.456766813993454,
		0.8073475956916809,
		-0.25948354601860046,
		0.9873437881469727
	],
	"right_ankle": [
		0.35970744490623474,
		0.9429532885551453,
		-0.1090213805437088,
		0.9230228662490845
	],
	"left_shoulder": [
		0.41908568143844604,
		0.5642775297164917,
		0.17350821197032928,
		0.9931853413581848
	],
	"left_elbow": [
		0.5822265148162842,
		0.5619061589241028,
		0.1921244114637375,
		0.44292953610420227
	],
	"left_wrist": [
		0.723594605922699,
		0.5530878305435181,
		0.06520291417837143,
		0.5258089900016785
	],
	"right_shoulder": [
		0.3791515529155731,
		0.5449703335762024,
		-0.39353951811790466,
		0.9980177879333496
	],
	"right_elbow": [
		0.5511327981948853,
		0.5524717569351196,
		-0.5692346096038818,
		0.9880960583686829
	],
	"right_wrist": [
		0.7096538543701172,
		0.5383058786392212,
		-0.533826470375061,
		0.9783735275268555
	],
	"nose": [
		0.445136696100235,
		0.4946841299533844,
		-0.16010229289531708,
		0.9996545910835266
	],
	"left_eye": [
		0.435272753238678,
		0.4833126962184906,
		-0.12719027698040009,
		0.9997115135192871
	],
	"right_eye": [
		0.4274539053440094,
		0.48294171690940857,
		-0.1835182160139084,
		0.9997093081474304
	],
	"left_ear": [
		0.4128168821334839,
		0.4909735321998596,
		0.016373537480831146,
		0.9998838901519775
	],
	"right_ear": [
		0.40079545974731445,
		0.4896519184112549,
		-0.23285721242427826,
		0.9996891617774963
	]
}