{
	"left_hip": [
		0.2823241353034973,
		0.7013553380966187,
		0.18038354814052582,
		0.9976636171340942
	],
	"left_knee": [
		0.4540311396121979,
		0.7812909483909607,
		0.16403217613697052,
		0.5275146961212158
	],
	"left_ankle": [
		0.36324542760849,
		0.8965729475021362,
		0.2888226807117462,
		0.5137286186218262
	],
	"right_hip": [
		0.22777137160301208,
		0.7116175889968872,
		-0.17956246435642242,
		0.9982339143753052
	],
	"right_knee": [
		0.44895070791244507,
		0.7984315156936646,
		-0.27279898524284363,
		0.988868236541748
	],
	"right_ankle": [
		0.35921919345855713,
		0.9361016154289246,
		-0.10571089386940002,
		0.9336098432540894
	],
	"left_shoulder": [
		0.41880497336387634,
		0.5404736995697021,
		0.17378529906272888,
		0.9932059049606323
	],
	"left_elbow": [
		0.5782793760299683,
		0.537011981010437,
		0.20052582025527954,
		0.4538736641407013
	],
	"left_wrist": [
		0.7206806540489197,
		0.5293267965316772,
		0.06952931731939316,
		0.5240991115570068
	],
	"right_shoulder": [
		0.37733301520347595,
		0.5216625332832336,
		-0.4008823037147522,
		0.9980584979057312
	],
	"right_elbow": [
		0.5509326457977295,
		0.5297021865844727,
		-0.570114016532898,
		0.989260196685791
	],
	"right_wrist": [
		0.7084997892379761,
		0.5161815881729126,
		-0.5349109172821045,
		0.9794603586196899
	],
	"nose": [
		0.4437173902988434,
		0.47237586975097656,
		-0.15970224142074585,
		0.9996395707130432
	],
	"left_eye": [
		0.43424972891807556,
		0.459646999835968,
		-0.1270483285188675,
		0.9996932744979858
	],
	"right_eye": [
		0.4262765645980835,
		0.45925816893577576,
		-0.1860543191432953,
		0.9996960163116455
	],
	"left_ear": [
		0.41158750653266907,
		0.46695780754089355,
		0.01640544831752777,
		0.9998764991760254
	],
	"right_ear": [
		0.3988649249076843,
		0.4656543731689453,
		-0.24572964012622833,
		0.9996744990348816
	]
}