{
	"left_hip": [
		0.29475685954093933,
		0.6866282224655151,
		0.1789601892232895,
		0.9975712299346924
	],
	"left_knee": [
		0.44728410243988037,
		0.7800584435462952,
		0.1385498344898224,
		0.5598806738853455
	],
	"left_ankle": [
		0.363320916891098,
		0.8976742029190063,
		0.2581422030925751,
		0.5412994027137756
	],
	"right_hip": [
		0.24016939103603363,
		0.6902081370353699,
		-0.17818522453308105,
		0.9980529546737671
	],
	"right_knee": [
		0.4305320084095001,
		0.7950435876846313,
		-0.28182682394981384,
		0.9901440739631653
	],
	"right_ankle": [
		0.35499364137649536,
		0.9250799417495728,
		-0.09518032521009445,
		0.9406422972679138
	],
	"left_shoulder": [
		0.4209987223148346,
		0.5184186697006226,
		0.19795146584510803,
		0.9931643009185791
	],
	"left_elbow": [
		0.5746735334396362,
		0.5164211988449097,
		0.22998777031898499,
		0.46558958292007446
	],
	"left_wrist": [
		0.7125288248062134,
		0.5116971135139465,
		0.08703672885894775,
		0.5312135815620422
	],
	"right_shoulder": [
		0.37517985701560974,
		0.4980434775352478,
		-0.3892166018486023,
		0.9980694055557251
	],
	"right_elbow": [
		0.550750732421875,
		0.5074078440666199,
		-0.561954140663147,
		0.9905803203582764
	],
	"right_wrist": [
		0.6993799805641174,
		0.4960087835788727,
		-0.5314218401908875,
		0.9810007810592651
	],
	"nose": [
		0.44351544976234436,
		0.4497707486152649,
		-0.13270358741283417,
		0.9996098875999451
	],
	"left_eye": [
		0.43329742550849915,
		0.4361957013607025,
		-0.09881515800952911,
		0.999649703502655
	],
	"right_eye": [
		0.4258800446987152,
		0.43564265966415405,
		-0.1601250171661377,
		0.9996644854545593
	],
	"left_ear": [
		0.4105178713798523,
		0.443805456161499,
		0.04342784732580185,
		0.9998503923416138
	],
	"right_ear": [
		0.39815324544906616,
		0.4424263834953308,
		-0.22917833924293518,
		0.9996371269226074
	]
}