{
	"left_hip": [
		0.343849778175354,
		0.6483340263366699,
		0.16382081806659698,
		0.9917922019958496
	],
	"left_knee": [
		0.34204205870628357,
		0.7871454954147339,
		0.23567327857017517,
		0.21326985955238342
	],
	"left_ankle": [
		0.32906338572502136,
		0.9166679382324219,
		0.4066776633262634,
		0.2368505895137787
	],
	"right_hip": [
		0.3108004331588745,
		0.642341673374176,
		-0.16360004246234894,
		0.9945387840270996
	],
	"right_knee": [
		0.3093099296092987,
		0.7956974506378174,
		-0.102991983294487,
		0.9075467586517334
	],
	"right_ankle": [
		0.2890178859233856,
		0.941312313079834,
		0.045722562819719315,
		0.8390385508537292
	],
	"left_shoulder": [
		0.39430156350135803,
		0.46077075600624084,
		0.14495564997196198,
		0.9909124970436096
	],
	"left_elbow": [
		0.5279266238212585,
		0.4725535809993744,
		0.2121361792087555,
		0.28238385915756226
	],
	"left_wrist": [
		0.6572429537773132,
		0.459430992603302,
		0.08633486181497574,
		0.4204998016357422
	],
	"right_shoulder": [
		0.33890876173973083,
		0.43034711480140686,
		-0.40992316603660583,
		0.9986688494682312
	],
	"right_elbow": [
		0.5084655284881592,
		0.44655904173851013,
		-0.5771846771240234,
		0.9834182858467102
	],
	"right_wrist": [
		0.6555073261260986,
		0.4433779716491699,
		-0.5693728923797607,
		0.9548904895782471
	],
	"nose": [
		0.41559669375419617,
		0.393206924200058,
		-0.22873134911060333,
		0.9991140365600586
	],
	"left_eye": [
		0.4099043309688568,
		0.3789052665233612,
		-0.20278874039649963,
		0.9984713196754456
	],
	"right_eye": [
		0.40067821741104126,
		0.3775322735309601,
		-0.2522696554660797,
		0.998938798904419
	],
	"left_ear": [
		0.38561248779296875,
		0.3815208077430725,
		-0.04782058298587799,
		0.9985385537147522
	],
	"right_ear": [
		0.3687747120857239,
		0.3794669508934021,
		-0.27331018447875977,
		0.9991786479949951
	]
}