{
	"left_hip": [
		0.3671984374523163,
		0.6464916467666626,
		0.14789952337741852,
		0.9697748422622681
	],
	"left_knee": [
		0.3612718880176544,
		0.7925506234169006,
		0.2637694180011749,
		0.244532972574234
	],
	"left_ankle": [
		0.33206260204315186,
		0.9145674705505371,
		0.4301418960094452,
		0.3350182771682739
	],
	"right_hip": [
		0.33614876866340637,
		0.6444131135940552,
		-0.14826378226280212,
		0.9784899353981018
	],
	"right_knee": [
		0.3177811801433563,
		0.8036599159240723,
		-0.05004170164465904,
		0.8849595785140991
	],
	"right_ankle": [
		0.2891386151313782,
		0.9424033164978027,
		0.11283423751592636,
		0.845956563949585
	],
	"left_shoulder": [
		0.3666473925113678,
		0.4548304080963135,
		0.06539668142795563,
		0.9917528629302979
	],
	"left_elbow": [
		0.4209497570991516,
		0.5378932952880859,
		0.15401683747768402,
		0.25382760167121887
	],
	"left_wrist": [
		0.5105124115943909,
		0.592205286026001,
		0.04672272130846977,
		0.41373109817504883
	],
	"right_shoulder": [
		0.32140281796455383,
		0.44610151648521423,
		-0.41323530673980713,
		0.9988347887992859
	],
	"right_elbow": [
		0.44484809041023254,
		0.5296432375907898,
		-0.4542907178401947,
		0.9842797517776489
	],
	"right_wrist": [
		0.5896982550621033,
		0.5728036165237427,
		-0.43485313653945923,
		0.9488744139671326
	],
	"nose": [
		0.3999510407447815,
		0.39191263914108276,
		-0.3644561469554901,
		0.9977510571479797
	],
	"left_eye": [
		0.3997769057750702,
		0.3774906396865845,
		-0.3378452658653259,
		0.9937683939933777
	],
	"right_eye": [
		0.38026076555252075,
		0.3763473629951477,
		-0.3715158998966217,
		0.9965993762016296
	],
	"left_ear": [
		0.38204580545425415,
		0.3802688419818878,
		-0.16759036481380463,
		0.988609790802002
	],
	"right_ear": [
		0.3445100784301758,
		0.38004812598228455,
		-0.3313954174518585,
		0.9964179992675781
	]
}