{
	"left_hip": [
		0.4225359261035919,
		0.7341565489768982,
		0.04079117253422737,
		0.9996697902679443
	],
	"left_knee": [
		0.5254012942314148,
		0.762763500213623,
		-0.23118697106838226,
		0.7159528136253357
	],
	"left_ankle": [
		0.5665934681892395,
		0.9501702189445496,
		-0.10808179527521133,
		0.3622790277004242
	],
	"right_hip": [
		0.34416958689689636,
		0.7971817255020142,
		-0.04075620323419571,
		0.9985467195510864
	],
	"right_knee": [
		0.3881238102912903,
		1.0141390562057495,
		0.038078293204307556,
		0.4186447262763977
	],
	"right_ankle": [
		0.3377222716808319,
		1.0359958410263062,
		0.5076566338539124,
		0.04957696422934532
	],
	"left_shoulder": [
		0.44307249784469604,
		0.44248053431510925,
		-0.24744781851768494,
		0.9998649954795837
	],
	"left_elbow": [
		0.48563024401664734,
		0.6541670560836792,
		-0.25160929560661316,
		0.8882246017456055
	],
	"left_wrist": [
		0.546894371509552,
		0.8730972409248352,
		-0.3526664972305298,
		0.7713809609413147
	],
	"right_shoulder": [
		0.30106550455093384,
		0.5085936188697815,
		-0.48972824215888977,
		0.9997596740722656
	],
	"right_elbow": [
		0.3387554883956909,
		0.7711000442504883,
		-0.529354453086853,
		0.9973976612091064
	],
	"right_wrist": [
		0.4583885073661804,
		0.9088550806045532,
		-0.5541918873786926,
		0.9872450828552246
	],
	"nose": [
		0.4413382112979889,
		0.37144339084625244,
		-0.5177114605903625,
		0.9997469782829285
	],
	"left_eye": [
		0.4431721270084381,
		0.3342815041542053,
		-0.49674147367477417,
		0.999343991279602
	],
	"right_eye": [
		0.43107032775878906,
		0.33769136667251587,
		-0.5274378061294556,
		0.9992886781692505
	],
	"left_ear": [
		0.42359092831611633,
		0.32852309942245483,
		-0.36922910809516907,
		0.9988007545471191
	],
	"right_ear": [
		0.39407503604888916,
		0.3299260437488556,
		-0.5052976012229919,
		0.9991034865379333
	]
}