{
	"left_hip": [
		0.42250922322273254,
		0.7336816191673279,
		0.038980863988399506,
		0.9996659755706787
	],
	"left_knee": [
		0.5164273381233215,
		0.6489823460578918,
		-0.3274487853050232,
		0.736327588558197
	],
	"left_ankle": [
		0.5580283403396606,
		0.9378230571746826,
		-0.23450583219528198,
		0.40266668796539307
	],
	"right_hip": [
		0.3439461886882782,
		0.7970880270004272,
		-0.03897758945822716,
		0.9985138177871704
	],
	"right_knee": [
		0.386292040348053,
		0.9675323367118835,
		0.007892345078289509,
		0.45339667797088623
	],
	"right_ankle": [
		0.3322352468967438,
		1.0162736177444458,
		0.4576295018196106,
		0.05463684722781181
	],
	"left_shoulder": [
		0.4430379569530487,
		0.44247356057167053,
		-0.20793113112449646,
		0.9998644590377808
	],
	"left_elbow": [
		0.48554930090904236,
		0.6529524922370911,
		-0.22264152765274048,
		0.8870904445648193
	],
	"left_wrist": [
		0.5481309294700623,
		0.873405396938324,
		-0.32440680265426636,
		0.762667179107666
	],
	"right_shoulder": [
		0.3011568784713745,
		0.5104631781578064,
		-0.4387543797492981,
		0.9997601509094238
	],
	"right_elbow": [
		0.33756542205810547,
		0.7723416090011597,
		-0.4882108271121979,
		0.9973054528236389
	],
	"right_wrist": [
		0.45751869678497314,
		0.9088564515113831,
		-0.5119845867156982,
		0.9858354926109314
	],
	"nose": [
		0.4413434565067291,
		0.3714660704135895,
		-0.460394024848938,
		0.9997459053993225
	],
	"left_eye": [
		0.4431602656841278,
		0.3344123363494873,
		-0.4387302100658417,
		0.9993554949760437
	],
	"right_eye": [
		0.4311074912548065,
		0.3378399908542633,
		-0.4695669412612915,
		0.9992926716804504
	],
	"left_ear": [
		0.42349857091903687,
		0.3285531997680664,
		-0.31676048040390015,
		0.9988071918487549
	],
	"right_ear": [
		0.39409685134887695,
		0.3299209773540497,
		-0.4528178870677948,
		0.9990936517715454
	]
}