{
	"left_hip": [
		0.42209693789482117,
		0.7337852120399475,
		0.06218475475907326,
		0.9996514916419983
	],
	"left_knee": [
		0.5052269697189331,
		0.6029203534126282,
		-0.3187987208366394,
		0.782582700252533
	],
	"left_ankle": [
		0.5468980073928833,
		0.9236345887184143,
		-0.22544336318969727,
		0.4938714802265167
	],
	"right_hip": [
		0.34383532404899597,
		0.8010051846504211,
		-0.06201998516917229,
		0.998642086982727
	],
	"right_knee": [
		0.40811774134635925,
		0.9317960739135742,
		-0.30725130438804626,
		0.5497375726699829
	],
	"right_ankle": [
		0.36616334319114685,
		1.0526548624038696,
		0.004167367238551378,
		0.11250926554203033
	],
	"left_shoulder": [
		0.4431009292602539,
		0.44061771035194397,
		-0.08826430886983871,
		0.9998827576637268
	],
	"left_elbow": [
		0.48463624715805054,
		0.6323351860046387,
		-0.08571695536375046,
		0.8855376243591309
	],
	"left_wrist": [
		0.5357241034507751,
		0.7675227522850037,
		-0.1880396008491516,
		0.76324462890625
	],
	"right_shoulder": [
		0.3016180992126465,
		0.5041020512580872,
		-0.3608868420124054,
		0.9998018741607666
	],
	"right_elbow": [
		0.33036261796951294,
		0.7646823525428772,
		-0.41642072796821594,
		0.9971984624862671
	],
	"right_wrist": [
		0.4492504298686981,
		0.9089988470077515,
		-0.45320695638656616,
		0.9845640063285828
	],
	"nose": [
		0.4413664937019348,
		0.370002806186676,
		-0.36162886023521423,
		0.9997894167900085
	],
	"left_eye": [
		0.4431382119655609,
		0.3340199589729309,
		-0.33799344301223755,
		0.9994666576385498
	],
	"right_eye": [
		0.4309242367744446,
		0.33687520027160645,
		-0.3691714107990265,
		0.9994168281555176
	],
	"left_ear": [
		0.423460990190506,
		0.32838210463523865,
		-0.2092311829328537,
		0.9990121722221375
	],
	"right_ear": [
		0.39347395300865173,
		0.3297545909881592,
		-0.34845203161239624,
		0.9992573261260986
	]
}