{
	"left_hip": [
		0.4213409721851349,
		0.7394306063652039,
		0.046393219381570816,
		0.999336838722229
	],
	"left_knee": [
		0.492352694272995,
		0.5783439874649048,
		-0.32938259840011597,
		0.8656113743782043
	],
	"left_ankle": [
		0.537017285823822,
		0.9261524081230164,
		-0.25156348943710327,
		0.6287755966186523
	],
	"right_hip": [
		0.3414577543735504,
		0.8064252734184265,
		-0.04636840894818306,
		0.997970700263977
	],
	"right_knee": [
		0.3640277683734894,
		0.9662255048751831,
		-0.06687081605195999,
		0.7155038714408875
	],
	"right_ankle": [
		0.3328964412212372,
		1.1262439489364624,
		0.2550148665904999,
		0.1521284282207489
	],
	"left_shoulder": [
		0.4486876130104065,
		0.42669951915740967,
		-0.12408531457185745,
		0.9999291300773621
	],
	"left_elbow": [
		0.4909857511520386,
		0.6146399974822998,
		-0.11972504109144211,
		0.9094598293304443
	],
	"left_wrist": [
		0.5472034215927124,
		0.768586277961731,
		-0.2898787558078766,
		0.8324133157730103
	],
	"right_shoulder": [
		0.2976776957511902,
		0.4980844557285309,
		-0.3392888605594635,
		0.999889612197876
	],
	"right_elbow": [
		0.30296552181243896,
		0.7554477453231812,
		-0.3971257507801056,
		0.9973465204238892
	],
	"right_wrist": [
		0.4197250008583069,
		0.9053201079368591,
		-0.47605782747268677,
		0.9858510494232178
	],
	"nose": [
		0.4411666989326477,
		0.36449670791625977,
		-0.38447779417037964,
		0.999845564365387
	],
	"left_eye": [
		0.4422248303890228,
		0.32679036259651184,
		-0.36444368958473206,
		0.9995958209037781
	],
	"right_eye": [
		0.4297031760215759,
		0.3300671875476837,
		-0.3929115831851959,
		0.9995706081390381
	],
	"left_ear": [
		0.4217846691608429,
		0.31985026597976685,
		-0.23956359922885895,
		0.9992543458938599
	],
	"right_ear": [
		0.3929993212223053,
		0.32326027750968933,
		-0.3646742105484009,
		0.9994766116142273
	]
}