{
	"left_hip": [
		0.42965635657310486,
		0.8267279863357544,
		0.061452388763427734,
		0.9967325925827026
	],
	"left_knee": [
		0.5008406043052673,
		0.8238967061042786,
		-0.25959399342536926,
		0.9181506633758545
	],
	"left_ankle": [
		0.5327684283256531,
		1.139091968536377,
		-0.07788233458995819,
		0.660831093788147
	],
	"right_hip": [
		0.33798888325691223,
		0.8935647010803223,
		-0.0610511377453804,
		0.9948335886001587
	],
	"right_knee": [
		0.35330718755722046,
		1.1475237607955933,
		-0.014585481025278568,
		0.8024143576622009
	],
	"right_ankle": [
		0.34995904564857483,
		1.4146283864974976,
		0.288551390171051,
		0.22065579891204834
	],
	"left_shoulder": [
		0.4519635736942291,
		0.4398516118526459,
		0.00019188485748600215,
		0.9999492168426514
	],
	"left_elbow": [
		0.49545297026634216,
		0.6377091407775879,
		0.02052910253405571,
		0.9434499144554138
	],
	"left_wrist": [
		0.5535862445831299,
		0.8072719573974609,
		-0.16430598497390747,
		0.9122421145439148
	],
	"right_shoulder": [
		0.27742618322372437,
		0.505974531173706,
		-0.2847440838813782,
		0.9999146461486816
	],
	"right_elbow": [
		0.2785838842391968,
		0.7744626998901367,
		-0.3500613868236542,
		0.9970775246620178
	],
	"right_wrist": [
		0.40888792276382446,
		0.9112242460250854,
		-0.4200468063354492,
		0.9887115359306335
	],
	"nose": [
		0.4374571442604065,
		0.32748690247535706,
		-0.27719345688819885,
		0.9998644590377808
	],
	"left_eye": [
		0.43375328183174133,
		0.292495995759964,
		-0.24657206237316132,
		0.999655544757843
	],
	"right_eye": [
		0.4201415777206421,
		0.29996156692504883,
		-0.28938862681388855,
		0.9996458888053894
	],
	"left_ear": [
		0.4077256917953491,
		0.2970602810382843,
		-0.09769029915332794,
		0.9994907379150391
	],
	"right_ear": [
		0.3838024139404297,
		0.3026200532913208,
		-0.2905295491218567,
		0.9996551275253296
	]
}