{
	"left_hip": [
		0.43371036648750305,
		0.8379433155059814,
		0.05553283169865608,
		0.9959243535995483
	],
	"left_knee": [
		0.5018417835235596,
		0.9162106513977051,
		-0.3266635835170746,
		0.9212316274642944
	],
	"left_ankle": [
		0.513405442237854,
		1.2595080137252808,
		-0.09391297399997711,
		0.6339871883392334
	],
	"right_hip": [
		0.3381861448287964,
		0.8959905505180359,
		-0.05457393825054169,
		0.9922998547554016
	],
	"right_knee": [
		0.3507016599178314,
		1.1343492269515991,
		0.015765268355607986,
		0.7959893941879272
	],
	"right_ankle": [
		0.35523906350135803,
		1.4062631130218506,
		0.31825876235961914,
		0.21309222280979156
	],
	"left_shoulder": [
		0.4531194269657135,
		0.4415879547595978,
		0.010802224278450012,
		0.9999318718910217
	],
	"left_elbow": [
		0.49453720450401306,
		0.6521374583244324,
		0.042894765734672546,
		0.943619966506958
	],
	"left_wrist": [
		0.5563019514083862,
		0.8510608673095703,
		-0.13491462171077728,
		0.913891077041626
	],
	"right_shoulder": [
		0.2784164845943451,
		0.5077938437461853,
		-0.24538923799991608,
		0.9998647570610046
	],
	"right_elbow": [
		0.2808179259300232,
		0.7777028679847717,
		-0.3105599582195282,
		0.9970836043357849
	],
	"right_wrist": [
		0.4098030626773834,
		0.9055432677268982,
		-0.3797076642513275,
		0.9890255331993103
	],
	"nose": [
		0.43607771396636963,
		0.32253769040107727,
		-0.24106179177761078,
		0.999829888343811
	],
	"left_eye": [
		0.43131324648857117,
		0.2864390015602112,
		-0.21399550139904022,
		0.9995872974395752
	],
	"right_eye": [
		0.416322261095047,
		0.2942921221256256,
		-0.2523565888404846,
		0.9995819926261902
	],
	"left_ear": [
		0.4052271842956543,
		0.29351145029067993,
		-0.08146623522043228,
		0.9994498491287231
	],
	"right_ear": [
		0.3794364333152771,
		0.3010791838169098,
		-0.25143635272979736,
		0.9996176362037659
	]
}