{
	"left_hip": [
		0.43562760949134827,
		0.9073691368103027,
		0.04169465973973274,
		0.9536329507827759
	],
	"left_knee": [
		0.4612791836261749,
		1.2475829124450684,
		0.0311798807233572,
		0.6630393862724304
	],
	"left_ankle": [
		0.4683619439601898,
		1.5354276895523071,
		0.3486478924751282,
		0.4214935898780823
	],
	"right_hip": [
		0.33504465222358704,
		0.9432656168937683,
		-0.040129005908966064,
		0.9286719560623169
	],
	"right_knee": [
		0.35128214955329895,
		1.277817726135254,
		0.10083027929067612,
		0.5369724035263062
	],
	"right_ankle": [
		0.36126649379730225,
		1.5589848756790161,
		0.4356875717639923,
		0.14244431257247925
	],
	"left_shoulder": [
		0.45854610204696655,
		0.4577026963233948,
		-0.0616525299847126,
		0.999876856803894
	],
	"left_elbow": [
		0.5101974010467529,
		0.6917545199394226,
		0.0012848640326410532,
		0.956510066986084
	],
	"left_wrist": [
		0.5913528203964233,
		0.9326669573783875,
		-0.15830406546592712,
		0.9249860644340515
	],
	"right_shoulder": [
		0.27772256731987,
		0.5061230659484863,
		-0.3446606993675232,
		0.999677300453186
	],
	"right_elbow": [
		0.2840617299079895,
		0.7705731987953186,
		-0.4800530970096588,
		0.9942089319229126
	],
	"right_wrist": [
		0.43266335129737854,
		0.8549341559410095,
		-0.6423567533493042,
		0.9732112884521484
	],
	"nose": [
		0.42926082015037537,
		0.31641528010368347,
		-0.3970637023448944,
		0.9993422031402588
	],
	"left_eye": [
		0.4225750267505646,
		0.2826455235481262,
		-0.36690524220466614,
		0.9984498023986816
	],
	"right_eye": [
		0.4047727882862091,
		0.28570103645324707,
		-0.40343090891838074,
		0.9987547993659973
	],
	"left_ear": [
		0.39694416522979736,
		0.28857356309890747,
		-0.19488875567913055,
		0.998293936252594
	],
	"right_ear": [
		0.36759912967681885,
		0.296676903963089,
		-0.40274545550346375,
		0.9990025162696838
	]
}