{
	"left_hip": [
		0.4185467064380646,
		0.943744957447052,
		0.08869192749261856,
		0.9129151701927185
	],
	"left_knee": [
		0.4359268546104431,
		1.2660601139068604,
		0.09421680122613907,
		0.23142455518245697
	],
	"left_ankle": [
		0.4322190582752228,
		1.594299077987671,
		0.32187017798423767,
		0.12384448200464249
	],
	"right_hip": [
		0.32459956407546997,
		0.9549357295036316,
		-0.0874871239066124,
		0.8641020655632019
	],
	"right_knee": [
		0.3297789692878723,
		1.2935503721237183,
		-0.02198479324579239,
		0.1828182190656662
	],
	"right_ankle": [
		0.3232264518737793,
		1.625401258468628,
		0.17885245382785797,
		0.043996039777994156
	],
	"left_shoulder": [
		0.4490398168563843,
		0.4458935260772705,
		0.09091462194919586,
		0.9997752904891968
	],
	"left_elbow": [
		0.5414323806762695,
		0.6113288402557373,
		0.19310948252677917,
		0.9754173159599304
	],
	"left_wrist": [
		0.6750882863998413,
		0.7296352386474609,
		0.09223856031894684,
		0.9650959968566895
	],
	"right_shoulder": [
		0.28355032205581665,
		0.47223299741744995,
		-0.348101407289505,
		0.9989610314369202
	],
	"right_elbow": [
		0.375652939081192,
		0.6915141344070435,
		-0.5376936197280884,
		0.9879120588302612
	],
	"right_wrist": [
		0.526289701461792,
		0.6699976921081543,
		-0.5729261040687561,
		0.9601471424102783
	],
	"nose": [
		0.41642752289772034,
		0.305751234292984,
		-0.2644962966442108,
		0.9965106248855591
	],
	"left_eye": [
		0.40930330753326416,
		0.2697892189025879,
		-0.23425890505313873,
		0.9960963726043701
	],
	"right_eye": [
		0.39016643166542053,
		0.27241069078445435,
		-0.278324156999588,
		0.9962567090988159
	],
	"left_ear": [
		0.388971209526062,
		0.2797721028327942,
		-0.06714431941509247,
		0.9967568516731262
	],
	"right_ear": [
		0.3514457046985626,
		0.29131075739860535,
		-0.2548750042915344,
		0.9972474575042725
	]
}