{
	"left_hip": [
		0.4198683500289917,
		0.9426804184913635,
		0.08795645087957382,
		0.9201577305793762
	],
	"left_knee": [
		0.43902644515037537,
		1.2538576126098633,
		0.07345854490995407,
		0.2082625925540924
	],
	"left_ankle": [
		0.4362870752811432,
		1.5786826610565186,
		0.2997971475124359,
		0.10220456123352051
	],
	"right_hip": [
		0.32733261585235596,
		0.9514477849006653,
		-0.08695454150438309,
		0.8756911158561707
	],
	"right_knee": [
		0.33049264550209045,
		1.2892241477966309,
		-0.02666044607758522,
		0.17243114113807678
	],
	"right_ankle": [
		0.33366256952285767,
		1.613613247871399,
		0.17139865458011627,
		0.039152998477220535
	],
	"left_shoulder": [
		0.44341692328453064,
		0.4429681897163391,
		0.13496290147304535,
		0.9997072219848633
	],
	"left_elbow": [
		0.5447176098823547,
		0.6055408120155334,
		0.23117436468601227,
		0.9751765727996826
	],
	"left_wrist": [
		0.6873975992202759,
		0.6895613670349121,
		0.12770472466945648,
		0.9705828428268433
	],
	"right_shoulder": [
		0.2880367040634155,
		0.4692930281162262,
		-0.3210143744945526,
		0.9986535906791687
	],
	"right_elbow": [
		0.37656933069229126,
		0.6610676646232605,
		-0.5256276726722717,
		0.9889676570892334
	],
	"right_wrist": [
		0.5271324515342712,
		0.6329845786094666,
		-0.5781347751617432,
		0.9664456844329834
	],
	"nose": [
		0.4143325090408325,
		0.2974924147129059,
		-0.20663662254810333,
		0.995985746383667
	],
	"left_eye": [
		0.40621650218963623,
		0.2624996602535248,
		-0.17608961462974548,
		0.995675802230835
	],
	"right_eye": [
		0.3871839642524719,
		0.26730963587760925,
		-0.2220931202173233,
		0.9959676861763
	],
	"left_ear": [
		0.38560396432876587,
		0.2761957049369812,
		-0.015001901425421238,
		0.9963861703872681
	],
	"right_ear": [
		0.34827154874801636,
		0.2907998263835907,
		-0.21361476182937622,
		0.997008204460144
	]
}