{
	"left_hip": [
		0.4187568724155426,
		0.9511415958404541,
		0.09193510562181473,
		0.9382957220077515
	],
	"left_knee": [
		0.4390680193901062,
		1.272538185119629,
		0.08863561600446701,
		0.1506013572216034
	],
	"left_ankle": [
		0.4429788887500763,
		1.6109421253204346,
		0.31983423233032227,
		0.062198832631111145
	],
	"right_hip": [
		0.33326104283332825,
		0.9590355753898621,
		-0.0909074991941452,
		0.9069473147392273
	],
	"right_knee": [
		0.3302280306816101,
		1.298749566078186,
		-0.0182720385491848,
		0.14390306174755096
	],
	"right_ankle": [
		0.3400762677192688,
		1.6429396867752075,
		0.1967737227678299,
		0.027217695489525795
	],
	"left_shoulder": [
		0.4220724403858185,
		0.4368723928928375,
		0.15940207242965698,
		0.9994897842407227
	],
	"left_elbow": [
		0.5276239514350891,
		0.5648487210273743,
		0.2917098104953766,
		0.9746808409690857
	],
	"left_wrist": [
		0.6371870636940002,
		0.5689640045166016,
		0.2444475144147873,
		0.9792951941490173
	],
	"right_shoulder": [
		0.2912399470806122,
		0.46169960498809814,
		-0.3203648626804352,
		0.9986095428466797
	],
	"right_elbow": [
		0.37622687220573425,
		0.6021662354469299,
		-0.5526641011238098,
		0.9925830364227295
	],
	"right_wrist": [
		0.5436081290245056,
		0.54994136095047,
		-0.5314916372299194,
		0.9789532423019409
	],
	"nose": [
		0.40920814871788025,
		0.2925173342227936,
		-0.16299019753932953,
		0.9957927465438843
	],
	"left_eye": [
		0.40087905526161194,
		0.2591954171657562,
		-0.1347637176513672,
		0.9957109689712524
	],
	"right_eye": [
		0.3836243748664856,
		0.26151761412620544,
		-0.18499866127967834,
		0.9964283108711243
	],
	"left_ear": [
		0.37835511565208435,
		0.2738942801952362,
		0.018011702224612236,
		0.9965811371803284
	],
	"right_ear": [
		0.3443356454372406,
		0.28652313351631165,
		-0.1992175430059433,
		0.9973748326301575
	]
}