{
	"left_hip": [
		0.41803112626075745,
		0.9447001218795776,
		0.09692077338695526,
		0.9449803233146667
	],
	"left_knee": [
		0.4402359426021576,
		1.2688583135604858,
		0.04957752302289009,
		0.1280827820301056
	],
	"left_ankle": [
		0.4454907178878784,
		1.6039905548095703,
		0.2299257218837738,
		0.04643356800079346
	],
	"right_hip": [
		0.33648213744163513,
		0.9571043848991394,
		-0.09577932953834534,
		0.9187295436859131
	],
	"right_knee": [
		0.33358943462371826,
		1.2930066585540771,
		-0.05759396404027939,
		0.13227996230125427
	],
	"right_ankle": [
		0.342961847782135,
		1.638338327407837,
		0.11712370812892914,
		0.02206209860742092
	],
	"left_shoulder": [
		0.4207307994365692,
		0.4321412742137909,
		0.17457082867622375,
		0.9994738698005676
	],
	"left_elbow": [
		0.5347243547439575,
		0.5265316367149353,
		0.286542147397995,
		0.9764350056648254
	],
	"left_wrist": [
		0.7030474543571472,
		0.5752457976341248,
		0.22146108746528625,
		0.9831186532974243
	],
	"right_shoulder": [
		0.2935883402824402,
		0.4583743214607239,
		-0.32169225811958313,
		0.9987627863883972
	],
	"right_elbow": [
		0.37965551018714905,
		0.5841122269630432,
		-0.6045655608177185,
		0.994295060634613
	],
	"right_wrist": [
		0.5474985241889954,
		0.5104698538780212,
		-0.6690880656242371,
		0.9840386509895325
	],
	"nose": [
		0.4072902500629425,
		0.2865336835384369,
		-0.16769972443580627,
		0.9965215921401978
	],
	"left_eye": [
		0.3985619843006134,
		0.2560047209262848,
		-0.1352769285440445,
		0.9964432716369629
	],
	"right_eye": [
		0.3816286623477936,
		0.25816038250923157,
		-0.1837405115365982,
		0.9971358180046082
	],
	"left_ear": [
		0.3768159747123718,
		0.27310410141944885,
		0.029691660776734352,
		0.9971875548362732
	],
	"right_ear": [
		0.3426859676837921,
		0.28622403740882874,
		-0.18529078364372253,
		0.9979153871536255
	]
}