{
	"left_hip": [
		0.4237886965274811,
		0.9410836696624756,
		0.09698478132486343,
		0.9461908936500549
	],
	"left_knee": [
		0.44929227232933044,
		1.2719060182571411,
		0.056503914296627045,
		0.11058633774518967
	],
	"left_ankle": [
		0.4536871612071991,
		1.6068789958953857,
		0.2528056502342224,
		0.035274438560009
	],
	"right_hip": [
		0.34173449873924255,
		0.9543704390525818,
		-0.09583873301744461,
		0.9225512742996216
	],
	"right_knee": [
		0.3438805043697357,
		1.295729160308838,
		-0.09765508025884628,
		0.1213543564081192
	],
	"right_ankle": [
		0.3522595465183258,
		1.6483070850372314,
		0.03588230535387993,
		0.018871385604143143
	],
	"left_shoulder": [
		0.4236522912979126,
		0.43468108773231506,
		0.1712002009153366,
		0.9995374083518982
	],
	"left_elbow": [
		0.5668679475784302,
		0.49469655752182007,
		0.2399960458278656,
		0.9805676937103271
	],
	"left_wrist": [
		0.7274152040481567,
		0.5164623260498047,
		0.12398605793714523,
		0.9869106411933899
	],
	"right_shoulder": [
		0.2940424680709839,
		0.45298051834106445,
		-0.32529202103614807,
		0.9988793134689331
	],
	"right_elbow": [
		0.3782784044742584,
		0.5454931259155273,
		-0.6277400851249695,
		0.9955243468284607
	],
	"right_wrist": [
		0.5465236306190491,
		0.4634062349796295,
		-0.6913450956344604,
		0.9873583912849426
	],
	"nose": [
		0.4068993031978607,
		0.2871744930744171,
		-0.18367622792720795,
		0.9972347021102905
	],
	"left_eye": [
		0.39872363209724426,
		0.256259948015213,
		-0.14557893574237823,
		0.9971489310264587
	],
	"right_eye": [
		0.38057994842529297,
		0.258560448884964,
		-0.19433516263961792,
		0.9977452754974365
	],
	"left_ear": [
		0.3770144581794739,
		0.2739343047142029,
		0.03280963376164436,
		0.9977874159812927
	],
	"right_ear": [
		0.34158581495285034,
		0.28905731439590454,
		-0.17541398108005524,
		0.9983733892440796
	]
}