{
	"left_hip": [
		0.42457520961761475,
		0.9399670958518982,
		0.08381166309118271,
		0.955894947052002
	],
	"left_knee": [
		0.44176924228668213,
		1.2890156507492065,
		0.05188177898526192,
		0.1499296873807907
	],
	"left_ankle": [
		0.439370721578598,
		1.6206042766571045,
		0.2636356055736542,
		0.03011148050427437
	],
	"right_hip": [
		0.3347359001636505,
		0.9484443068504333,
		-0.08261693269014359,
		0.9455593824386597
	],
	"right_knee": [
		0.3331831097602844,
		1.3051127195358276,
		-0.0063423216342926025,
		0.17217522859573364
	],
	"right_ankle": [
		0.33521711826324463,
		1.6423155069351196,
		0.20867988467216492,
		0.03169316425919533
	],
	"left_shoulder": [
		0.43187272548675537,
		0.44603604078292847,
		0.13839693367481232,
		0.9993453025817871
	],
	"left_elbow": [
		0.5335286855697632,
		0.5684390664100647,
		0.20036271214485168,
		0.9665643572807312
	],
	"left_wrist": [
		0.580743670463562,
		0.63234943151474,
		0.1255997121334076,
		0.9736290574073792
	],
	"right_shoulder": [
		0.2961249053478241,
		0.44498616456985474,
		-0.319764107465744,
		0.9990378022193909
	],
	"right_elbow": [
		0.39544808864593506,
		0.44463467597961426,
		-0.6354325413703918,
		0.9979592561721802
	],
	"right_wrist": [
		0.5375329256057739,
		0.3993195593357086,
		-0.6627503037452698,
		0.9915913343429565
	],
	"nose": [
		0.40278226137161255,
		0.28619134426116943,
		-0.26246923208236694,
		0.9987469911575317
	],
	"left_eye": [
		0.3938866853713989,
		0.25532612204551697,
		-0.22287620604038239,
		0.9986868500709534
	],
	"right_eye": [
		0.3725486695766449,
		0.26071780920028687,
		-0.2602713108062744,
		0.9990347027778625
	],
	"left_ear": [
		0.37823665142059326,
		0.275226354598999,
		-0.01316008623689413,
		0.9990148544311523
	],
	"right_ear": [
		0.33508267998695374,
		0.2959584593772888,
		-0.17604674398899078,
		0.9993531107902527
	]
}