{
	"left_hip": [
		0.42369142174720764,
		0.9366746544837952,
		0.0823807418346405,
		0.9572930335998535
	],
	"left_knee": [
		0.441505491733551,
		1.286712884902954,
		0.04358932003378868,
		0.16783738136291504
	],
	"left_ankle": [
		0.4396839737892151,
		1.616118311882019,
		0.22135140001773834,
		0.029255812987685204
	],
	"right_hip": [
		0.3347451388835907,
		0.9481745958328247,
		-0.08128183335065842,
		0.946577787399292
	],
	"right_knee": [
		0.3342939019203186,
		1.30455482006073,
		0.0010729088680818677,
		0.17807698249816895
	],
	"right_ankle": [
		0.33489754796028137,
		1.6409951448440552,
		0.21368063986301422,
		0.03163379058241844
	],
	"left_shoulder": [
		0.4318651854991913,
		0.4497070014476776,
		0.12460661679506302,
		0.9993487596511841
	],
	"left_elbow": [
		0.539047122001648,
		0.5403360724449158,
		0.15849709510803223,
		0.9658252000808716
	],
	"left_wrist": [
		0.6166688799858093,
		0.5802789926528931,
		0.04572586342692375,
		0.9737276434898376
	],
	"right_shoulder": [
		0.29357606172561646,
		0.4452348053455353,
		-0.30387213826179504,
		0.9989046454429626
	],
	"right_elbow": [
		0.3969700038433075,
		0.4368230402469635,
		-0.629856526851654,
		0.9981279969215393
	],
	"right_wrist": [
		0.5363519787788391,
		0.3900015950202942,
		-0.6950001120567322,
		0.9915243983268738
	],
	"nose": [
		0.4022108316421509,
		0.2885041832923889,
		-0.26451635360717773,
		0.9988464713096619
	],
	"left_eye": [
		0.3937104344367981,
		0.2581466734409332,
		-0.23080392181873322,
		0.9987878799438477
	],
	"right_eye": [
		0.37240734696388245,
		0.2632147967815399,
		-0.2630958557128906,
		0.9991174340248108
	],
	"left_ear": [
		0.3777020275592804,
		0.27695268392562866,
		-0.025150397792458534,
		0.9990979433059692
	],
	"right_ear": [
		0.3351813554763794,
		0.2963864505290985,
		-0.17916156351566315,
		0.9994044899940491
	]
}