{
	"left_hip": [
		0.4253152906894684,
		0.9305111169815063,
		0.06375103443861008,
		0.9594292640686035
	],
	"left_knee": [
		0.4422374665737152,
		1.2813009023666382,
		-0.004914901684969664,
		0.19366496801376343
	],
	"left_ankle": [
		0.44114038348197937,
		1.6062155961990356,
		0.16716061532497406,
		0.027654055505990982
	],
	"right_hip": [
		0.3292790949344635,
		0.9458145499229431,
		-0.06272444874048233,
		0.9462020993232727
	],
	"right_knee": [
		0.3350348472595215,
		1.3014979362487793,
		0.12423273175954819,
		0.15467879176139832
	],
	"right_ankle": [
		0.33614131808280945,
		1.627135157585144,
		0.41419172286987305,
		0.02689524181187153
	],
	"left_shoulder": [
		0.4334556758403778,
		0.4442402720451355,
		0.017336824908852577,
		0.9994053840637207
	],
	"left_elbow": [
		0.5179687142372131,
		0.5801922678947449,
		0.048605840653181076,
		0.9664461016654968
	],
	"left_wrist": [
		0.5358216762542725,
		0.7874006628990173,
		-0.04322228580713272,
		0.9724286794662476
	],
	"right_shoulder": [
		0.2892187237739563,
		0.4476633667945862,
		-0.35141029953956604,
		0.9983435869216919
	],
	"right_elbow": [
		0.3976821005344391,
		0.41586196422576904,
		-0.688938558101654,
		0.9980850219726562
	],
	"right_wrist": [
		0.5345482230186462,
		0.3696358799934387,
		-0.7746947407722473,
		0.9906623363494873
	],
	"nose": [
		0.40008530020713806,
		0.28832635283470154,
		-0.37901580333709717,
		0.9988787770271301
	],
	"left_eye": [
		0.39209920167922974,
		0.2588408589363098,
		-0.34262731671333313,
		0.9988220930099487
	],
	"right_eye": [
		0.3704758882522583,
		0.2635088562965393,
		-0.37574273347854614,
		0.9991133809089661
	],
	"left_ear": [
		0.37574055790901184,
		0.2769938111305237,
		-0.12231149524450302,
		0.9991322159767151
	],
	"right_ear": [
		0.3345552086830139,
		0.2962181568145752,
		-0.27117860317230225,
		0.9992856383323669
	]
}