{
	"left_hip": [
		0.4034707844257355,
		0.8493685722351074,
		0.08631010353565216,
		0.9648061394691467
	],
	"left_knee": [
		0.47334784269332886,
		0.8690316081047058,
		0.08164216578006744,
		0.2821292281150818
	],
	"left_ankle": [
		0.5166057348251343,
		1.123643398284912,
		0.20916737616062164,
		0.055104613304138184
	],
	"right_hip": [
		0.3440566062927246,
		0.8891759514808655,
		-0.08617745339870453,
		0.9538131952285767
	],
	"right_knee": [
		0.3448420763015747,
		1.2019832134246826,
		-0.13076116144657135,
		0.24434813857078552
	],
	"right_ankle": [
		0.36887219548225403,
		1.5269023180007935,
		-0.19124473631381989,
		0.10222573578357697
	],
	"left_shoulder": [
		0.3834823668003082,
		0.43696874380111694,
		0.030500734224915504,
		0.9994361400604248
	],
	"left_elbow": [
		0.4635630249977112,
		0.5216988921165466,
		0.08314095437526703,
		0.9472398161888123
	],
	"left_wrist": [
		0.5525209307670593,
		0.6839481592178345,
		0.005208608228713274,
		0.9444920420646667
	],
	"right_shoulder": [
		0.30190616846084595,
		0.40975919365882874,
		-0.3381538689136505,
		0.9978002309799194
	],
	"right_elbow": [
		0.3957059979438782,
		0.3336585462093353,
		-0.6441707015037537,
		0.9974511861801147
	],
	"right_wrist": [
		0.5115188360214233,
		0.31621959805488586,
		-0.7936351299285889,
		0.9872021079063416
	],
	"nose": [
		0.38931989669799805,
		0.30230745673179626,
		-0.2850787937641144,
		0.9988779425621033
	],
	"left_eye": [
		0.38339126110076904,
		0.2708340883255005,
		-0.26519522070884705,
		0.9987791776657104
	],
	"right_eye": [
		0.3627496063709259,
		0.2755683362483978,
		-0.2929772436618805,
		0.9990728497505188
	],
	"left_ear": [
		0.365629106760025,
		0.27708467841148376,
		-0.1055317297577858,
		0.9991974234580994
	],
	"right_ear": [
		0.33417844772338867,
		0.2965141236782074,
		-0.24975551664829254,
		0.9991413950920105
	]
}