{
	"left_hip": [
		0.3903188705444336,
		0.6788973808288574,
		0.08210580796003342,
		0.9816250205039978
	],
	"left_knee": [
		0.5123672485351562,
		0.4486992061138153,
		0.037256188690662384,
		0.43554428219795227
	],
	"left_ankle": [
		0.6693512797355652,
		0.38040244579315186,
		-0.017883960157632828,
		0.37923744320869446
	],
	"right_hip": [
		0.34855201840400696,
		0.7465545535087585,
		-0.08198638260364532,
		0.9818419814109802
	],
	"right_knee": [
		0.4337015450000763,
		0.6795018315315247,
		-0.1496097594499588,
		0.6881608963012695
	],
	"right_ankle": [
		0.5111079812049866,
		0.7741483449935913,
		-0.11100651323795319,
		0.5104918479919434
	],
	"left_shoulder": [
		0.3592405617237091,
		0.36497464776039124,
		0.05574234575033188,
		0.9996551871299744
	],
	"left_elbow": [
		0.4255461096763611,
		0.39168781042099,
		-0.016757439821958542,
		0.608476459980011
	],
	"left_wrist": [
		0.4909323751926422,
		0.3574899435043335,
		-0.19864211976528168,
		0.6492975950241089
	],
	"right_shoulder": [
		0.2936025559902191,
		0.38030582666397095,
		-0.18895547091960907,
		0.9991852641105652
	],
	"right_elbow": [
		0.3638860881328583,
		0.32442983984947205,
		-0.3599684536457062,
		0.9724178910255432
	],
	"right_wrist": [
		0.488349974155426,
		0.3188205361366272,
		-0.3831386864185333,
		0.8943382501602173
	],
	"nose": [
		0.36547428369522095,
		0.2957369387149811,
		-0.12691494822502136,
		0.999504029750824
	],
	"left_eye": [
		0.36433348059654236,
		0.270821213722229,
		-0.10781216621398926,
		0.9994499683380127
	],
	"right_eye": [
		0.34957826137542725,
		0.27065280079841614,
		-0.13464859127998352,
		0.9994534850120544
	],
	"left_ear": [
		0.35430908203125,
		0.27449920773506165,
		0.0036351357121020555,
		0.9996170997619629
	],
	"right_ear": [
		0.32645052671432495,
		0.28594279289245605,
		-0.1199537143111229,
		0.9995384812355042
	]
}