{
	"left_hip": [
		0.391037255525589,
		0.6640793681144714,
		0.07801052182912827,
		0.9894720911979675
	],
	"left_knee": [
		0.4924246370792389,
		0.45214903354644775,
		0.035206835716962814,
		0.5309669971466064
	],
	"left_ankle": [
		0.6246675848960876,
		0.5233398079872131,
		-0.01856061816215515,
		0.4765833914279938
	],
	"right_hip": [
		0.35189858078956604,
		0.7185178399085999,
		-0.0780629813671112,
		0.9895082712173462
	],
	"right_knee": [
		0.43805238604545593,
		0.5204716324806213,
		-0.11451708525419235,
		0.7758401036262512
	],
	"right_ankle": [
		0.5827500820159912,
		0.5790055990219116,
		-0.09654521942138672,
		0.6282933950424194
	],
	"left_shoulder": [
		0.36068350076675415,
		0.3608355224132538,
		0.10077717155218124,
		0.9996457099914551
	],
	"left_elbow": [
		0.42189523577690125,
		0.34313368797302246,
		-0.06395672261714935,
		0.4353277087211609
	],
	"left_wrist": [
		0.4918822944164276,
		0.3488974869251251,
		-0.22656013071537018,
		0.5241489410400391
	],
	"right_shoulder": [
		0.28680866956710815,
		0.3747537434101105,
		-0.12206272780895233,
		0.9994235038757324
	],
	"right_elbow": [
		0.35518017411231995,
		0.31378939747810364,
		-0.2923581898212433,
		0.9568740129470825
	],
	"right_wrist": [
		0.4656178057193756,
		0.31922778487205505,
		-0.3000541925430298,
		0.8593733310699463
	],
	"nose": [
		0.350125253200531,
		0.28711989521980286,
		-0.13426293432712555,
		0.9995889067649841
	],
	"left_eye": [
		0.37337052822113037,
		0.27430325746536255,
		-0.1083729937672615,
		0.9996116757392883
	],
	"right_eye": [
		0.3472587764263153,
		0.2682465612888336,
		-0.12660440802574158,
		0.9995205402374268
	],
	"left_ear": [
		0.3639541566371918,
		0.2799423933029175,
		0.02988494001328945,
		0.9997186064720154
	],
	"right_ear": [
		0.3223007321357727,
		0.27544155716896057,
		-0.05185893923044205,
		0.9995903372764587
	]
}