{
	"left_hip": [
		0.3927316665649414,
		0.6568557024002075,
		0.07914911210536957,
		0.9912806153297424
	],
	"left_knee": [
		0.4933607876300812,
		0.42927420139312744,
		0.047690507024526596,
		0.5391647815704346
	],
	"left_ankle": [
		0.6348689794540405,
		0.5213713645935059,
		-0.016592497006058693,
		0.4991227984428406
	],
	"right_hip": [
		0.35650089383125305,
		0.702232301235199,
		-0.07923702895641327,
		0.9912631511688232
	],
	"right_knee": [
		0.44227564334869385,
		0.48064881563186646,
		-0.11504591256380081,
		0.7939533591270447
	],
	"right_ankle": [
		0.5815600752830505,
		0.5175139307975769,
		-0.13834945857524872,
		0.6613306403160095
	],
	"left_shoulder": [
		0.36190882325172424,
		0.3638582229614258,
		0.10286310315132141,
		0.9996607899665833
	],
	"left_elbow": [
		0.42227989435195923,
		0.38235604763031006,
		0.0019220850663259625,
		0.37820449471473694
	],
	"left_wrist": [
		0.47818443179130554,
		0.49421244859695435,
		-0.18092142045497894,
		0.4671296775341034
	],
	"right_shoulder": [
		0.28676095604896545,
		0.3678065836429596,
		-0.1255778670310974,
		0.9994999766349792
	],
	"right_elbow": [
		0.35996028780937195,
		0.3029899597167969,
		-0.29585379362106323,
		0.9517697691917419
	],
	"right_wrist": [
		0.46973761916160583,
		0.31800737977027893,
		-0.32334721088409424,
		0.8469309210777283
	],
	"nose": [
		0.37129873037338257,
		0.29809901118278503,
		-0.11341223120689392,
		0.9995836019515991
	],
	"left_eye": [
		0.37751877307891846,
		0.2796213924884796,
		-0.0969080701470375,
		0.9996322393417358
	],
	"right_eye": [
		0.35337188839912415,
		0.270298570394516,
		-0.11775331944227219,
		0.9994954466819763
	],
	"left_ear": [
		0.36697718501091003,
		0.2840900421142578,
		0.02730545960366726,
		0.9997341632843018
	],
	"right_ear": [
		0.32632339000701904,
		0.2760929465293884,
		-0.06882116943597794,
		0.9995463490486145
	]
}