{
	"left_hip": [
		0.45254412293434143,
		0.4352537989616394,
		0.05873297154903412,
		0.9960333108901978
	],
	"left_knee": [
		0.5694407224655151,
		0.43909066915512085,
		-0.048622772097587585,
		0.6740145087242126
	],
	"left_ankle": [
		0.6588285565376282,
		0.5070505738258362,
		-0.015765050426125526,
		0.6671451330184937
	],
	"right_hip": [
		0.43691927194595337,
		0.46466735005378723,
		-0.05885382741689682,
		0.9959854483604431
	],
	"right_knee": [
		0.5007742643356323,
		0.5094748139381409,
		-0.16927194595336914,
		0.8253499865531921
	],
	"right_ankle": [
		0.5511678457260132,
		0.6774963736534119,
		-0.10500982403755188,
		0.7351214289665222
	],
	"left_shoulder": [
		0.37352678179740906,
		0.28784841299057007,
		-0.03342575952410698,
		0.999291181564331
	],
	"left_elbow": [
		0.4162788987159729,
		0.3279561698436737,
		0.06898238509893417,
		0.21054120361804962
	],
	"left_wrist": [
		0.4373984634876251,
		0.32918044924736023,
		0.12660376727581024,
		0.24922890961170197
	],
	"right_shoulder": [
		0.3630776107311249,
		0.30327126383781433,
		-0.23635266721248627,
		0.9993112087249756
	],
	"right_elbow": [
		0.38749921321868896,
		0.3498373031616211,
		-0.20584440231323242,
		0.7269678115844727
	],
	"right_wrist": [
		0.40256011486053467,
		0.33463382720947266,
		-0.1520591527223587,
		0.6013199687004089
	],
	"nose": [
		0.39248475432395935,
		0.24285888671875,
		-0.16667227447032928,
		0.9923948645591736
	],
	"left_eye": [
		0.38027423620224,
		0.23632904887199402,
		-0.17240092158317566,
		0.9901365041732788
	],
	"right_eye": [
		0.3853503465652466,
		0.23601001501083374,
		-0.1969892680644989,
		0.9885091781616211
	],
	"left_ear": [
		0.3761337101459503,
		0.24469299614429474,
		-0.13729675114154816,
		0.9919818639755249
	],
	"right_ear": [
		0.3706803619861603,
		0.2483411729335785,
		-0.2459680587053299,
		0.9896467328071594
	]
}