{
	"left_hip": [
		0.4126006066799164,
		0.6810330748558044,
		0.05684984475374222,
		0.9972535371780396
	],
	"left_knee": [
		0.45708370208740234,
		0.688336968421936,
		-0.09416301548480988,
		0.6960651278495789
	],
	"left_ankle": [
		0.4897631108760834,
		0.8503300547599792,
		-0.007861768826842308,
		0.6757854223251343
	],
	"right_hip": [
		0.35510456562042236,
		0.7164201140403748,
		-0.05695711076259613,
		0.9972372055053711
	],
	"right_knee": [
		0.4064006507396698,
		0.7332209944725037,
		-0.30973899364471436,
		0.7594556212425232
	],
	"right_ankle": [
		0.41337987780570984,
		0.9009435772895813,
		-0.09640038758516312,
		0.6222811341285706
	],
	"left_shoulder": [
		0.4046133756637573,
		0.41387155652046204,
		0.11054076999425888,
		0.9988653659820557
	],
	"left_elbow": [
		0.4354489743709564,
		0.5215798616409302,
		0.06087333336472511,
		0.17785440385341644
	],
	"left_wrist": [
		0.44483476877212524,
		0.537436842918396,
		-0.10014829784631729,
		0.22434619069099426
	],
	"right_shoulder": [
		0.29554110765457153,
		0.3934594392776489,
		-0.08049115538597107,
		0.9987229704856873
	],
	"right_elbow": [
		0.2899981439113617,
		0.4445461630821228,
		-0.24483318626880646,
		0.7393985390663147
	],
	"right_wrist": [
		0.3554130494594574,
		0.394187331199646,
		-0.3347373902797699,
		0.6118687987327576
	],
	"nose": [
		0.4001246690750122,
		0.3352777063846588,
		-0.1299702376127243,
		0.9913699626922607
	],
	"left_eye": [
		0.4104365110397339,
		0.3177627623081207,
		-0.09888796508312225,
		0.9886000752449036
	],
	"right_eye": [
		0.37866634130477905,
		0.2981854975223541,
		-0.12822465598583221,
		0.986676812171936
	],
	"left_ear": [
		0.39430248737335205,
		0.3192322850227356,
		0.05003191530704498,
		0.9884198307991028
	],
	"right_ear": [
		0.35246509313583374,
		0.30274903774261475,
		-0.0789182260632515,
		0.9870859980583191
	]
}