{
	"left_hip": [
		0.40502655506134033,
		0.6983069181442261,
		0.037263426929712296,
		0.9960424900054932
	],
	"left_knee": [
		0.4453889727592468,
		0.795269250869751,
		-0.027606019750237465,
		0.6411080956459045
	],
	"left_ankle": [
		0.45196545124053955,
		0.9574404358863831,
		0.19385242462158203,
		0.6202106475830078
	],
	"right_hip": [
		0.3401619791984558,
		0.7174110412597656,
		-0.03750459477305412,
		0.9971423745155334
	],
	"right_knee": [
		0.3814050257205963,
		0.8051376342773438,
		-0.1512191891670227,
		0.7191293239593506
	],
	"right_ankle": [
		0.40298140048980713,
		1.0027706623077393,
		0.08782274276018143,
		0.6065141558647156
	],
	"left_shoulder": [
		0.42168989777565,
		0.43553978204727173,
		-0.08702707290649414,
		0.9985851049423218
	],
	"left_elbow": [
		0.45587554574012756,
		0.5749812722206116,
		-0.08010141551494598,
		0.227577343583107
	],
	"left_wrist": [
		0.4884161651134491,
		0.7099369168281555,
		-0.1400708109140396,
		0.23682589828968048
	],
	"right_shoulder": [
		0.29567164182662964,
		0.4000045657157898,
		-0.17832441627979279,
		0.9986537098884583
	],
	"right_elbow": [
		0.2546454668045044,
		0.459909051656723,
		-0.3398154079914093,
		0.7539730668067932
	],
	"right_wrist": [
		0.342011958360672,
		0.4117136001586914,
		-0.4427421987056732,
		0.6291694641113281
	],
	"nose": [
		0.3845387101173401,
		0.338483065366745,
		-0.32584670186042786,
		0.99249666929245
	],
	"left_eye": [
		0.3979540169239044,
		0.3205009996891022,
		-0.30103448033332825,
		0.9892719388008118
	],
	"right_eye": [
		0.3691597580909729,
		0.3076690137386322,
		-0.3159351646900177,
		0.987430989742279
	],
	"left_ear": [
		0.40294530987739563,
		0.3252066671848297,
		-0.15482506155967712,
		0.9890198111534119
	],
	"right_ear": [
		0.34714841842651367,
		0.30826854705810547,
		-0.2265356183052063,
		0.9875673651695251
	]
}