{
	"left_hip": [
		0.4127677381038666,
		0.8436732888221741,
		0.059441983699798584,
		0.9908736944198608
	],
	"left_knee": [
		0.4276246726512909,
		1.1535944938659668,
		0.1197582334280014,
		0.6309714913368225
	],
	"left_ankle": [
		0.4307641088962555,
		1.3935378789901733,
		0.5017299652099609,
		0.4153878390789032
	],
	"right_hip": [
		0.331716388463974,
		0.8633372783660889,
		-0.05909041315317154,
		0.9922176003456116
	],
	"right_knee": [
		0.3477042317390442,
		1.174649715423584,
		0.045550115406513214,
		0.6256530284881592
	],
	"right_ankle": [
		0.3493908643722534,
		1.433741807937622,
		0.3613969087600708,
		0.4134107530117035
	],
	"left_shoulder": [
		0.4204590916633606,
		0.4539136588573456,
		-0.004613823257386684,
		0.9981899261474609
	],
	"left_elbow": [
		0.4789024889469147,
		0.5911585688591003,
		0.18018878996372223,
		0.4598258435726166
	],
	"left_wrist": [
		0.541620671749115,
		0.7122085690498352,
		0.3083895444869995,
		0.4663906693458557
	],
	"right_shoulder": [
		0.2744998633861542,
		0.4545901119709015,
		-0.31105536222457886,
		0.9977994561195374
	],
	"right_elbow": [
		0.14664451777935028,
		0.3951086401939392,
		-0.6508761048316956,
		0.8377619981765747
	],
	"right_wrist": [
		0.27120310068130493,
		0.3856709897518158,
		-0.8475569486618042,
		0.7527102828025818
	],
	"nose": [
		0.40297549962997437,
		0.3418164551258087,
		-0.4133791923522949,
		0.9946289658546448
	],
	"left_eye": [
		0.4048198461532593,
		0.3124462068080902,
		-0.37760674953460693,
		0.9920228123664856
	],
	"right_eye": [
		0.37468138337135315,
		0.29467257857322693,
		-0.4108172059059143,
		0.9912682175636292
	],
	"left_ear": [
		0.39227908849716187,
		0.3091316223144531,
		-0.17329296469688416,
		0.9920141696929932
	],
	"right_ear": [
		0.34071359038352966,
		0.3038933575153351,
		-0.32745322585105896,
		0.9915752410888672
	]
}