{
	"left_hip": [
		0.41628381609916687,
		0.8518442511558533,
		0.07405918091535568,
		0.9865252375602722
	],
	"left_knee": [
		0.4396395981311798,
		1.1479742527008057,
		0.13602575659751892,
		0.6241984963417053
	],
	"left_ankle": [
		0.45691633224487305,
		1.380932331085205,
		0.5524377822875977,
		0.3125516474246979
	],
	"right_hip": [
		0.3382393717765808,
		0.8727954030036926,
		-0.07371775060892105,
		0.9877451658248901
	],
	"right_knee": [
		0.3671959638595581,
		1.1724716424942017,
		-0.0018396124942228198,
		0.591275691986084
	],
	"right_ankle": [
		0.37293776869773865,
		1.429508924484253,
		0.3028087615966797,
		0.32664430141448975
	],
	"left_shoulder": [
		0.41847357153892517,
		0.4508143365383148,
		0.03137439116835594,
		0.9977569580078125
	],
	"left_elbow": [
		0.48060351610183716,
		0.5731540322303772,
		0.14963945746421814,
		0.5797970294952393
	],
	"left_wrist": [
		0.5285435914993286,
		0.7203393578529358,
		0.17908905446529388,
		0.5670570731163025
	],
	"right_shoulder": [
		0.27765747904777527,
		0.46274247765541077,
		-0.2698752284049988,
		0.997014045715332
	],
	"right_elbow": [
		0.14665070176124573,
		0.3925955891609192,
		-0.5783270001411438,
		0.8813356161117554
	],
	"right_wrist": [
		0.28278666734695435,
		0.3848479390144348,
		-0.7031778693199158,
		0.8180533051490784
	],
	"nose": [
		0.39732563495635986,
		0.317977637052536,
		-0.27863985300064087,
		0.9941460490226746
	],
	"left_eye": [
		0.39719417691230774,
		0.2828803062438965,
		-0.24427172541618347,
		0.9901066422462463
	],
	"right_eye": [
		0.3733128309249878,
		0.2789500057697296,
		-0.28496935963630676,
		0.9912623167037964
	],
	"left_ear": [
		0.3749011754989624,
		0.2930007874965668,
		-0.07387565821409225,
		0.9910940527915955
	],
	"right_ear": [
		0.33827343583106995,
		0.29102617502212524,
		-0.2645051181316376,
		0.992768406867981
	]
}