{
	"left_hip": [
		0.4200606048107147,
		0.8472774028778076,
		0.09063923358917236,
		0.9639195203781128
	],
	"left_knee": [
		0.4951322376728058,
		1.0616772174835205,
		0.10087200999259949,
		0.6505271196365356
	],
	"left_ankle": [
		0.4924181401729584,
		1.3003586530685425,
		0.38984033465385437,
		0.19409802556037903
	],
	"right_hip": [
		0.3387013375759125,
		0.8788347244262695,
		-0.09034983813762665,
		0.9683184027671814
	],
	"right_knee": [
		0.3791995048522949,
		1.1322085857391357,
		-0.05576304718852043,
		0.5783287286758423
	],
	"right_ankle": [
		0.3955622613430023,
		1.445343255996704,
		0.1563476026058197,
		0.24100127816200256
	],
	"left_shoulder": [
		0.4074440896511078,
		0.4472980499267578,
		0.051602695137262344,
		0.9965810179710388
	],
	"left_elbow": [
		0.4881827235221863,
		0.541717529296875,
		0.16114209592342377,
		0.7256746888160706
	],
	"left_wrist": [
		0.5639898180961609,
		0.6580488085746765,
		0.16462339460849762,
		0.681911051273346
	],
	"right_shoulder": [
		0.2754521071910858,
		0.45340538024902344,
		-0.24706031382083893,
		0.9971356987953186
	],
	"right_elbow": [
		0.14738048613071442,
		0.3848731517791748,
		-0.5683736205101013,
		0.9420373439788818
	],
	"right_wrist": [
		0.2920072376728058,
		0.3822878301143646,
		-0.7099924087524414,
		0.9040783047676086
	],
	"nose": [
		0.4036552608013153,
		0.3129095435142517,
		-0.30565494298934937,
		0.995684027671814
	],
	"left_eye": [
		0.39210498332977295,
		0.2843705117702484,
		-0.2663257420063019,
		0.9920368790626526
	],
	"right_eye": [
		0.36815303564071655,
		0.272787868976593,
		-0.3002471625804901,
		0.9943224787712097
	],
	"left_ear": [
		0.3792281150817871,
		0.3005027174949646,
		-0.06759130954742432,
		0.9932087659835815
	],
	"right_ear": [
		0.3297317624092102,
		0.290955513715744,
		-0.22803063690662384,
		0.9959550499916077
	]
}