{
	"left_hip": [
		0.41863831877708435,
		0.8620177507400513,
		0.0825081318616867,
		0.9630757570266724
	],
	"left_knee": [
		0.45079559087753296,
		1.1575076580047607,
		0.15877023339271545,
		0.6801010966300964
	],
	"left_ankle": [
		0.47369107604026794,
		1.4168834686279297,
		0.5097569823265076,
		0.18628069758415222
	],
	"right_hip": [
		0.3365970253944397,
		0.8808435797691345,
		-0.08219219744205475,
		0.9689227342605591
	],
	"right_knee": [
		0.37322282791137695,
		1.195254921913147,
		0.029026653617620468,
		0.5944144129753113
	],
	"right_ankle": [
		0.38718679547309875,
		1.4850958585739136,
		0.2970886528491974,
		0.23540303111076355
	],
	"left_shoulder": [
		0.4072034955024719,
		0.44864580035209656,
		0.050019487738609314,
		0.996388852596283
	],
	"left_elbow": [
		0.46437492966651917,
		0.5860961079597473,
		0.18858957290649414,
		0.7475556135177612
	],
	"left_wrist": [
		0.5153295993804932,
		0.7484999299049377,
		0.23228828608989716,
		0.6884602308273315
	],
	"right_shoulder": [
		0.2745921015739441,
		0.4533641040325165,
		-0.2510473430156708,
		0.9973984360694885
	],
	"right_elbow": [
		0.14838388562202454,
		0.3799552023410797,
		-0.584697961807251,
		0.9529128670692444
	],
	"right_wrist": [
		0.2943327724933624,
		0.3796209394931793,
		-0.7195579409599304,
		0.9206327795982361
	],
	"nose": [
		0.3872341513633728,
		0.3076547384262085,
		-0.3287644386291504,
		0.9962197542190552
	],
	"left_eye": [
		0.3899351954460144,
		0.284739226102829,
		-0.28717756271362305,
		0.9928683638572693
	],
	"right_eye": [
		0.36565396189689636,
		0.2741844952106476,
		-0.32223355770111084,
		0.9950650334358215
	],
	"left_ear": [
		0.37972724437713623,
		0.30130425095558167,
		-0.07627425342798233,
		0.9939476847648621
	],
	"right_ear": [
		0.3244490921497345,
		0.29110729694366455,
		-0.23380424082279205,
		0.9965790510177612
	]
}