{
	"left_hip": [
		0.41996681690216064,
		0.8446527719497681,
		0.07680836319923401,
		0.9744700193405151
	],
	"left_knee": [
		0.4495638608932495,
		1.1295835971832275,
		0.19919723272323608,
		0.7620574831962585
	],
	"left_ankle": [
		0.46845319867134094,
		1.3611559867858887,
		0.5878368616104126,
		0.15571224689483643
	],
	"right_hip": [
		0.341728538274765,
		0.8687484860420227,
		-0.07644220441579819,
		0.9788016676902771
	],
	"right_knee": [
		0.3743104934692383,
		1.1743839979171753,
		0.049408622086048126,
		0.6610803008079529
	],
	"right_ankle": [
		0.39581960439682007,
		1.4247686862945557,
		0.3504538834095001,
		0.2089635282754898
	],
	"left_shoulder": [
		0.4087275564670563,
		0.45072904229164124,
		0.05845446512103081,
		0.9973180890083313
	],
	"left_elbow": [
		0.46643438935279846,
		0.5792686343193054,
		0.21189706027507782,
		0.8198584914207458
	],
	"left_wrist": [
		0.5413815975189209,
		0.7030673623085022,
		0.2597426176071167,
		0.7559353113174438
	],
	"right_shoulder": [
		0.2741621434688568,
		0.44172364473342896,
		-0.2566379904747009,
		0.9984424114227295
	],
	"right_elbow": [
		0.14954708516597748,
		0.3683431148529053,
		-0.6020590662956238,
		0.9793127179145813
	],
	"right_wrist": [
		0.29534783959388733,
		0.3753823935985565,
		-0.7443751692771912,
		0.9620767831802368
	],
	"nose": [
		0.3891165554523468,
		0.3150988519191742,
		-0.30829480290412903,
		0.9980299472808838
	],
	"left_eye": [
		0.3898366093635559,
		0.2852848172187805,
		-0.27012377977371216,
		0.9961339235305786
	],
	"right_eye": [
		0.3646434545516968,
		0.27606266736984253,
		-0.30633607506752014,
		0.9975126385688782
	],
	"left_ear": [
		0.3829438090324402,
		0.30297788977622986,
		-0.07408315688371658,
		0.9967213273048401
	],
	"right_ear": [
		0.3354753851890564,
		0.2892560064792633,
		-0.24250029027462006,
		0.9983861446380615
	]
}