{
	"left_hip": [
		0.4237270653247833,
		0.8513085842132568,
		0.0693235918879509,
		0.9806716442108154
	],
	"left_knee": [
		0.45092859864234924,
		1.1338300704956055,
		0.15451757609844208,
		0.8016325831413269
	],
	"left_ankle": [
		0.4603748917579651,
		1.3697623014450073,
		0.5441554188728333,
		0.1742406040430069
	],
	"right_hip": [
		0.3441440165042877,
		0.8723334670066833,
		-0.06895768642425537,
		0.984070360660553
	],
	"right_knee": [
		0.37247568368911743,
		1.1848924160003662,
		0.009638729505240917,
		0.7132337093353271
	],
	"right_ankle": [
		0.3876155614852905,
		1.423478364944458,
		0.32688629627227783,
		0.21673859655857086
	],
	"left_shoulder": [
		0.41094863414764404,
		0.4583635628223419,
		0.03631167486310005,
		0.9977380037307739
	],
	"left_elbow": [
		0.45534414052963257,
		0.6186017990112305,
		0.18698622286319733,
		0.8390343189239502
	],
	"left_wrist": [
		0.49776962399482727,
		0.7799695730209351,
		0.23354440927505493,
		0.7629907727241516
	],
	"right_shoulder": [
		0.2745817303657532,
		0.44185295701026917,
		-0.22713690996170044,
		0.9988975524902344
	],
	"right_elbow": [
		0.14939528703689575,
		0.3675515949726105,
		-0.5132867097854614,
		0.9885926246643066
	],
	"right_wrist": [
		0.2908799350261688,
		0.37517407536506653,
		-0.658571183681488,
		0.9743443727493286
	],
	"nose": [
		0.3861807882785797,
		0.3129689395427704,
		-0.33529132604599,
		0.998715341091156
	],
	"left_eye": [
		0.39330223202705383,
		0.2903634309768677,
		-0.2946416139602661,
		0.9974318742752075
	],
	"right_eye": [
		0.3663482964038849,
		0.2770811915397644,
		-0.32354500889778137,
		0.9984280467033386
	],
	"left_ear": [
		0.3917175531387329,
		0.31074413657188416,
		-0.08612086623907089,
		0.9978088736534119
	],
	"right_ear": [
		0.33806493878364563,
		0.28827568888664246,
		-0.23410288989543915,
		0.9990494251251221
	]
}