{
	"left_hip": [
		0.42650654911994934,
		0.8514493107795715,
		0.06854097545146942,
		0.9800177216529846
	],
	"left_knee": [
		0.45128437876701355,
		1.143335223197937,
		0.15634427964687347,
		0.8023203611373901
	],
	"left_ankle": [
		0.4611996114253998,
		1.3810371160507202,
		0.5470730066299438,
		0.1743156611919403
	],
	"right_hip": [
		0.3449211120605469,
		0.8730041980743408,
		-0.06819701939821243,
		0.9836904406547546
	],
	"right_knee": [
		0.3724513649940491,
		1.1924275159835815,
		0.007801719941198826,
		0.7140566110610962
	],
	"right_ankle": [
		0.387519508600235,
		1.431970477104187,
		0.3184296488761902,
		0.21311183273792267
	],
	"left_shoulder": [
		0.41226089000701904,
		0.45887088775634766,
		0.024888837710022926,
		0.9976550340652466
	],
	"left_elbow": [
		0.4591709077358246,
		0.6170453429222107,
		0.16591283679008484,
		0.8385711312294006
	],
	"left_wrist": [
		0.5011492967605591,
		0.7867273092269897,
		0.21260270476341248,
		0.7536002397537231
	],
	"right_shoulder": [
		0.27488598227500916,
		0.4418816566467285,
		-0.2270633578300476,
		0.9989267587661743
	],
	"right_elbow": [
		0.1489255726337433,
		0.367828905582428,
		-0.5071923732757568,
		0.9895903468132019
	],
	"right_wrist": [
		0.2873620390892029,
		0.3754323124885559,
		-0.6360994577407837,
		0.9746365547180176
	],
	"nose": [
		0.3870173394680023,
		0.3114667236804962,
		-0.3396777808666229,
		0.998740553855896
	],
	"left_eye": [
		0.39601144194602966,
		0.28967827558517456,
		-0.29918426275253296,
		0.99747633934021
	],
	"right_eye": [
		0.36813583970069885,
		0.275821715593338,
		-0.3286393880844116,
		0.9984791278839111
	],
	"left_ear": [
		0.39493751525878906,
		0.31071725487709045,
		-0.09307762235403061,
		0.9978298544883728
	],
	"right_ear": [
		0.34081488847732544,
		0.2871638536453247,
		-0.23744505643844604,
		0.9991034865379333
	]
}