{
	"left_hip": [
		0.4268513023853302,
		0.8511343002319336,
		0.07060277462005615,
		0.9758263230323792
	],
	"left_knee": [
		0.4506258964538574,
		1.1528059244155884,
		0.1484106034040451,
		0.8075044751167297
	],
	"left_ankle": [
		0.4595523178577423,
		1.4001224040985107,
		0.4897366762161255,
		0.1956491470336914
	],
	"right_hip": [
		0.34473463892936707,
		0.8726209402084351,
		-0.0703127309679985,
		0.9816960096359253
	],
	"right_knee": [
		0.369588166475296,
		1.192218542098999,
		-0.032885510474443436,
		0.7218405604362488
	],
	"right_ankle": [
		0.3815639615058899,
		1.458168864250183,
		0.20539447665214539,
		0.23655632138252258
	],
	"left_shoulder": [
		0.4129638373851776,
		0.4587657153606415,
		0.0278472937643528,
		0.9972693920135498
	],
	"left_elbow": [
		0.45446065068244934,
		0.6235135197639465,
		0.16146968305110931,
		0.8212862610816956
	],
	"left_wrist": [
		0.504741907119751,
		0.7891510128974915,
		0.18385086953639984,
		0.7138218283653259
	],
	"right_shoulder": [
		0.2745755612850189,
		0.44160541892051697,
		-0.2381514608860016,
		0.9989957213401794
	],
	"right_elbow": [
		0.14854197204113007,
		0.36830249428749084,
		-0.5536587834358215,
		0.9912663698196411
	],
	"right_wrist": [
		0.28439804911613464,
		0.3772886395454407,
		-0.7426756620407104,
		0.9740720987319946
	],
	"nose": [
		0.3880966007709503,
		0.3054080307483673,
		-0.3529428541660309,
		0.9987983703613281
	],
	"left_eye": [
		0.39752134680747986,
		0.2858268618583679,
		-0.3109796941280365,
		0.9976310729980469
	],
	"right_eye": [
		0.36973246932029724,
		0.2711232602596283,
		-0.3439646065235138,
		0.9986112713813782
	],
	"left_ear": [
		0.39542022347450256,
		0.30880147218704224,
		-0.09705395251512527,
		0.9979532957077026
	],
	"right_ear": [
		0.3421570360660553,
		0.283427357673645,
		-0.25601643323898315,
		0.9992207288742065
	]
}