{
	"left_hip": [
		0.4265839755535126,
		0.8324934840202332,
		0.09301159530878067,
		0.9710853099822998
	],
	"left_knee": [
		0.46024638414382935,
		1.0572149753570557,
		0.2103155553340912,
		0.7881660461425781
	],
	"left_ankle": [
		0.45636212825775146,
		1.2863701581954956,
		0.6041282415390015,
		0.24742810428142548
	],
	"right_hip": [
		0.34758779406547546,
		0.8620923757553101,
		-0.09273997694253922,
		0.9797906279563904
	],
	"right_knee": [
		0.39211001992225647,
		1.093912124633789,
		-0.022297503426671028,
		0.7605566382408142
	],
	"right_ankle": [
		0.3955058753490448,
		1.3395333290100098,
		0.2956264317035675,
		0.29609987139701843
	],
	"left_shoulder": [
		0.41358181834220886,
		0.4564627408981323,
		0.05144967883825302,
		0.9971810579299927
	],
	"left_elbow": [
		0.4608595073223114,
		0.6134409308433533,
		0.1714315265417099,
		0.7765382528305054
	],
	"left_wrist": [
		0.504442572593689,
		0.7773062586784363,
		0.18147267401218414,
		0.6257278919219971
	],
	"right_shoulder": [
		0.2743294835090637,
		0.4431607127189636,
		-0.20661625266075134,
		0.999173104763031
	],
	"right_elbow": [
		0.14919263124465942,
		0.37239372730255127,
		-0.461845338344574,
		0.9943045377731323
	],
	"right_wrist": [
		0.28898221254348755,
		0.3784775733947754,
		-0.5895965695381165,
		0.9580675363540649
	],
	"nose": [
		0.38322943449020386,
		0.29341748356819153,
		-0.2843790650367737,
		0.9989910125732422
	],
	"left_eye": [
		0.39267218112945557,
		0.2724651098251343,
		-0.24761681258678436,
		0.9980714917182922
	],
	"right_eye": [
		0.3644234836101532,
		0.2614600956439972,
		-0.2747025191783905,
		0.9988641142845154
	],
	"left_ear": [
		0.39314013719558716,
		0.29595428705215454,
		-0.06350614130496979,
		0.9983893036842346
	],
	"right_ear": [
		0.32698193192481995,
		0.28340432047843933,
		-0.19226397573947906,
		0.9994403719902039
	]
}