{
	"left_hip": [
		0.4329407513141632,
		0.8396735191345215,
		0.07737604528665543,
		0.9716342687606812
	],
	"left_knee": [
		0.4946253001689911,
		1.0036547183990479,
		0.12025881558656693,
		0.6541394591331482
	],
	"left_ankle": [
		0.5593674778938293,
		1.1142947673797607,
		0.32903942465782166,
		0.2589140832424164
	],
	"right_hip": [
		0.35463088750839233,
		0.8778172731399536,
		-0.07713747024536133,
		0.9854475259780884
	],
	"right_knee": [
		0.3892170488834381,
		1.1455843448638916,
		0.03163936734199524,
		0.7869299054145813
	],
	"right_ankle": [
		0.4249767065048218,
		1.4316965341567993,
		0.28635746240615845,
		0.37873587012290955
	],
	"left_shoulder": [
		0.41525551676750183,
		0.4600676894187927,
		-0.04699378088116646,
		0.9979702830314636
	],
	"left_elbow": [
		0.47895699739456177,
		0.6295049786567688,
		-0.0002517899265512824,
		0.7392185926437378
	],
	"left_wrist": [
		0.545062243938446,
		0.7734158635139465,
		-0.06053945794701576,
		0.6261914968490601
	],
	"right_shoulder": [
		0.277448445558548,
		0.4486086666584015,
		-0.34048041701316833,
		0.9995124340057373
	],
	"right_elbow": [
		0.14680951833724976,
		0.3756508231163025,
		-0.669617772102356,
		0.9970910549163818
	],
	"right_wrist": [
		0.29700371623039246,
		0.37395545840263367,
		-0.8507248163223267,
		0.9598692059516907
	],
	"nose": [
		0.4297444522380829,
		0.30349475145339966,
		-0.3826155662536621,
		0.9993646144866943
	],
	"left_eye": [
		0.4218829274177551,
		0.2753981351852417,
		-0.34728190302848816,
		0.9988420009613037
	],
	"right_eye": [
		0.4022076725959778,
		0.2692890167236328,
		-0.3879297971725464,
		0.9992854595184326
	],
	"left_ear": [
		0.39724600315093994,
		0.29504600167274475,
		-0.158261239528656,
		0.9991224408149719
	],
	"right_ear": [
		0.3578009009361267,
		0.2807401418685913,
		-0.3486369550228119,
		0.9997036457061768
	]
}