{
	"left_hip": [
		0.4330224394798279,
		0.9360769987106323,
		0.05630778148770332,
		0.9653046131134033
	],
	"left_knee": [
		0.4501746594905853,
		1.2977415323257446,
		0.20990483462810516,
		0.3988777995109558
	],
	"left_ankle": [
		0.4542087912559509,
		1.6035057306289673,
		0.5466620326042175,
		0.07979840785264969
	],
	"right_hip": [
		0.33554527163505554,
		0.9645459055900574,
		-0.05477898195385933,
		0.9656978249549866
	],
	"right_knee": [
		0.33846309781074524,
		1.3175806999206543,
		0.09254959970712662,
		0.3256853222846985
	],
	"right_ankle": [
		0.34635546803474426,
		1.6306055784225464,
		0.38435542583465576,
		0.10869263857603073
	],
	"left_shoulder": [
		0.4291570782661438,
		0.45000267028808594,
		0.0391700454056263,
		0.9990630745887756
	],
	"left_elbow": [
		0.5647884011268616,
		0.4815467596054077,
		0.15872135758399963,
		0.9408710598945618
	],
	"left_wrist": [
		0.7057674527168274,
		0.4081495404243469,
		0.1773722618818283,
		0.9237962961196899
	],
	"right_shoulder": [
		0.2630141079425812,
		0.462871253490448,
		-0.34948796033859253,
		0.9991449117660522
	],
	"right_elbow": [
		0.13556262850761414,
		0.37041959166526794,
		-0.786220371723175,
		0.9979576468467712
	],
	"right_wrist": [
		0.295558899641037,
		0.3746235966682434,
		-1.0175915956497192,
		0.9854185581207275
	],
	"nose": [
		0.4326125979423523,
		0.3019222915172577,
		-0.36884206533432007,
		0.999398410320282
	],
	"left_eye": [
		0.41494157910346985,
		0.27327898144721985,
		-0.3243078291416168,
		0.9986904263496399
	],
	"right_eye": [
		0.3972696363925934,
		0.2724166214466095,
		-0.3697053790092468,
		0.9992984533309937
	],
	"left_ear": [
		0.3763297498226166,
		0.286843866109848,
		-0.09384015947580338,
		0.9990667104721069
	],
	"right_ear": [
		0.33141714334487915,
		0.3035244345664978,
		-0.3010142147541046,
		0.999640703201294
	]
}