{
	"left_hip": [
		0.43301627039909363,
		0.9573615193367004,
		0.032178185880184174,
		0.9679453372955322
	],
	"left_knee": [
		0.44273367524147034,
		1.3296185731887817,
		0.18693028390407562,
		0.2607954144477844
	],
	"left_ankle": [
		0.44200676679611206,
		1.6428357362747192,
		0.5277194380760193,
		0.043125081807374954
	],
	"right_hip": [
		0.33297574520111084,
		0.9687539339065552,
		-0.030677204951643944,
		0.9573084115982056
	],
	"right_knee": [
		0.32170289754867554,
		1.3469723463058472,
		0.11074730008840561,
		0.19482065737247467
	],
	"right_ankle": [
		0.33132925629615784,
		1.6640360355377197,
		0.4064425230026245,
		0.05881880223751068
	],
	"left_shoulder": [
		0.4352158010005951,
		0.4495365619659424,
		0.004136360716074705,
		0.9994755387306213
	],
	"left_elbow": [
		0.5754299759864807,
		0.44367945194244385,
		0.07655975967645645,
		0.9683229327201843
	],
	"left_wrist": [
		0.7047310471534729,
		0.3963339924812317,
		0.07680773735046387,
		0.9592940211296082
	],
	"right_shoulder": [
		0.26144468784332275,
		0.46561190485954285,
		-0.31554657220840454,
		0.999304473400116
	],
	"right_elbow": [
		0.130081444978714,
		0.3719421625137329,
		-0.6414244771003723,
		0.9979653358459473
	],
	"right_wrist": [
		0.2877950072288513,
		0.37441545724868774,
		-0.7237532138824463,
		0.97995924949646
	],
	"nose": [
		0.4222632050514221,
		0.29454225301742554,
		-0.3581881821155548,
		0.9996395111083984
	],
	"left_eye": [
		0.4074331223964691,
		0.2681202292442322,
		-0.3246394991874695,
		0.9992157816886902
	],
	"right_eye": [
		0.38718611001968384,
		0.26804161071777344,
		-0.35736900568008423,
		0.9995638132095337
	],
	"left_ear": [
		0.37763717770576477,
		0.28513455390930176,
		-0.10144618898630142,
		0.9994553923606873
	],
	"right_ear": [
		0.33337637782096863,
		0.30228346586227417,
		-0.27612319588661194,
		0.9997739791870117
	]
}