{
	"left_hip": [
		0.4335595965385437,
		0.9557279348373413,
		0.026860447600483894,
		0.9681258797645569
	],
	"left_knee": [
		0.4428020119667053,
		1.3247246742248535,
		0.17251229286193848,
		0.2442009598016739
	],
	"left_ankle": [
		0.4426940679550171,
		1.6370751857757568,
		0.49750152230262756,
		0.03892073780298233
	],
	"right_hip": [
		0.33196020126342773,
		0.9673892259597778,
		-0.025458503514528275,
		0.9561573266983032
	],
	"right_knee": [
		0.3224376142024994,
		1.3413019180297852,
		0.11200404167175293,
		0.17839735746383667
	],
	"right_ankle": [
		0.33107516169548035,
		1.6576305627822876,
		0.4042465388774872,
		0.05311877280473709
	],
	"left_shoulder": [
		0.43589502573013306,
		0.4482685625553131,
		-0.001801227335818112,
		0.9995203614234924
	],
	"left_elbow": [
		0.5760148167610168,
		0.44498002529144287,
		0.09156081825494766,
		0.9714422821998596
	],
	"left_wrist": [
		0.7046508193016052,
		0.4072512090206146,
		0.1096516028046608,
		0.9633117318153381
	],
	"right_shoulder": [
		0.2619558274745941,
		0.4652824401855469,
		-0.31123459339141846,
		0.9992885589599609
	],
	"right_elbow": [
		0.13014304637908936,
		0.3801215589046478,
		-0.6613060235977173,
		0.9976645112037659
	],
	"right_wrist": [
		0.28807100653648376,
		0.37596264481544495,
		-0.7984090447425842,
		0.9762447476387024
	],
	"nose": [
		0.4225705862045288,
		0.2935466766357422,
		-0.35355648398399353,
		0.9996557831764221
	],
	"left_eye": [
		0.40830913186073303,
		0.26766327023506165,
		-0.32249578833580017,
		0.9992497563362122
	],
	"right_eye": [
		0.38931432366371155,
		0.26744601130485535,
		-0.35429176688194275,
		0.9995762705802917
	],
	"left_ear": [
		0.3781551718711853,
		0.28444626927375793,
		-0.10506181418895721,
		0.9994875192642212
	],
	"right_ear": [
		0.3353848457336426,
		0.30186739563941956,
		-0.27522173523902893,
		0.9997780919075012
	]
}