{
	"left_hip": [
		0.4319598376750946,
		0.9494462609291077,
		0.04265562817454338,
		0.9535452127456665
	],
	"left_knee": [
		0.4472273588180542,
		1.3119478225708008,
		0.14631733298301697,
		0.11241303384304047
	],
	"left_ankle": [
		0.45194244384765625,
		1.6356794834136963,
		0.4220716059207916,
		0.012211684137582779
	],
	"right_hip": [
		0.33108118176460266,
		0.9481936693191528,
		-0.04126333072781563,
		0.9289524555206299
	],
	"right_knee": [
		0.3239222764968872,
		1.3291046619415283,
		0.0672164261341095,
		0.08055247366428375
	],
	"right_ankle": [
		0.3374490439891815,
		1.655396580696106,
		0.29859039187431335,
		0.01762290857732296
	],
	"left_shoulder": [
		0.42419126629829407,
		0.41974300146102905,
		0.05659233778715134,
		0.9996705055236816
	],
	"left_elbow": [
		0.5532334446907043,
		0.36819878220558167,
		0.12280015647411346,
		0.9907721877098083
	],
	"left_wrist": [
		0.6802262663841248,
		0.355633944272995,
		0.1869926154613495,
		0.988365888595581
	],
	"right_shoulder": [
		0.2643209993839264,
		0.4655507802963257,
		-0.25848904252052307,
		0.999297559261322
	],
	"right_elbow": [
		0.13355664908885956,
		0.38067686557769775,
		-0.6039426922798157,
		0.9980172514915466
	],
	"right_wrist": [
		0.2917613387107849,
		0.38264599442481995,
		-0.6507219076156616,
		0.9565498232841492
	],
	"nose": [
		0.392524391412735,
		0.2955387532711029,
		-0.34185555577278137,
		0.9998205304145813
	],
	"left_eye": [
		0.38695618510246277,
		0.265625,
		-0.3052280843257904,
		0.9996134042739868
	],
	"right_eye": [
		0.36622342467308044,
		0.2697300612926483,
		-0.3345241844654083,
		0.9997894763946533
	],
	"left_ear": [
		0.36570775508880615,
		0.2852917015552521,
		-0.0928761437535286,
		0.9997586607933044
	],
	"right_ear": [
		0.3218640089035034,
		0.3093963861465454,
		-0.22868819534778595,
		0.9998999834060669
	]
}