{
	"left_hip": [
		0.43531423807144165,
		0.9509577751159668,
		0.031346313655376434,
		0.9217450022697449
	],
	"left_knee": [
		0.4545443654060364,
		1.3209052085876465,
		0.1553870141506195,
		0.049139801412820816
	],
	"left_ankle": [
		0.45918408036231995,
		1.6470168828964233,
		0.43331703543663025,
		0.0037989914417266846
	],
	"right_hip": [
		0.3352026343345642,
		0.957958996295929,
		-0.02992997132241726,
		0.8883976340293884
	],
	"right_knee": [
		0.33122342824935913,
		1.34236741065979,
		0.05853407084941864,
		0.03746653348207474
	],
	"right_ankle": [
		0.34428104758262634,
		1.667038917541504,
		0.2811239957809448,
		0.005370503757148981
	],
	"left_shoulder": [
		0.4189695119857788,
		0.41916128993034363,
		0.024487817659974098,
		0.9993041753768921
	],
	"left_elbow": [
		0.5477036833763123,
		0.3368161916732788,
		0.04057333245873451,
		0.9946218729019165
	],
	"left_wrist": [
		0.6554003357887268,
		0.26456552743911743,
		0.08183982968330383,
		0.9848475456237793
	],
	"right_shoulder": [
		0.26281648874282837,
		0.47802767157554626,
		-0.24715714156627655,
		0.9989539384841919
	],
	"right_elbow": [
		0.14465762674808502,
		0.3862515687942505,
		-0.5591309666633606,
		0.9988632798194885
	],
	"right_wrist": [
		0.29943159222602844,
		0.37133824825286865,
		-0.5496705770492554,
		0.9019168019294739
	],
	"nose": [
		0.37044259905815125,
		0.315436989068985,
		-0.3495522141456604,
		0.9998417496681213
	],
	"left_eye": [
		0.3698938488960266,
		0.2794351875782013,
		-0.31341007351875305,
		0.9997061491012573
	],
	"right_eye": [
		0.3452148139476776,
		0.2888393998146057,
		-0.33615925908088684,
		0.9998235106468201
	],
	"left_ear": [
		0.3603372275829315,
		0.2923254668712616,
		-0.09988187253475189,
		0.999836266040802
	],
	"right_ear": [
		0.306632399559021,
		0.3183019757270813,
		-0.21124793589115143,
		0.9999517798423767
	]
}