{
	"left_hip": [
		0.43478333950042725,
		0.9509184956550598,
		0.03535992652177811,
		0.9161661863327026
	],
	"left_knee": [
		0.45203882455825806,
		1.3187044858932495,
		0.17468802630901337,
		0.047465767711400986
	],
	"left_ankle": [
		0.45718860626220703,
		1.643315076828003,
		0.47290846705436707,
		0.0034753589425235987
	],
	"right_hip": [
		0.33359983563423157,
		0.9563573598861694,
		-0.03427068516612053,
		0.8811195492744446
	],
	"right_knee": [
		0.33076211810112,
		1.3413974046707153,
		0.049840107560157776,
		0.03600550815463066
	],
	"right_ankle": [
		0.34314948320388794,
		1.6669937372207642,
		0.27092745900154114,
		0.004947006702423096
	],
	"left_shoulder": [
		0.4193609058856964,
		0.4244772493839264,
		0.0034008303191512823,
		0.9991799592971802
	],
	"left_elbow": [
		0.550957441329956,
		0.3371177315711975,
		-0.07994364947080612,
		0.9946671724319458
	],
	"left_wrist": [
		0.5820386409759521,
		0.2662590444087982,
		-0.15401707589626312,
		0.9855340123176575
	],
	"right_shoulder": [
		0.26249730587005615,
		0.47748926281929016,
		-0.2575610876083374,
		0.9987264275550842
	],
	"right_elbow": [
		0.14427070319652557,
		0.3865760862827301,
		-0.5690861940383911,
		0.9988259077072144
	],
	"right_wrist": [
		0.3008241057395935,
		0.3699598014354706,
		-0.5293431878089905,
		0.8915713429450989
	],
	"nose": [
		0.3710993528366089,
		0.303329199552536,
		-0.37410619854927063,
		0.9997817277908325
	],
	"left_eye": [
		0.3697514235973358,
		0.270797461271286,
		-0.33625516295433044,
		0.9996232390403748
	],
	"right_eye": [
		0.3467005491256714,
		0.28212541341781616,
		-0.3648681044578552,
		0.9997769594192505
	],
	"left_ear": [
		0.3598920702934265,
		0.28483620285987854,
		-0.11714182794094086,
		0.9997926354408264
	],
	"right_ear": [
		0.30804359912872314,
		0.3162204325199127,
		-0.24583779275417328,
		0.9999399781227112
	]
}