{
	"left_hip": [
		0.43139079213142395,
		0.9453372955322266,
		0.05643444508314133,
		0.9325400590896606
	],
	"left_knee": [
		0.4467679262161255,
		1.3263235092163086,
		0.1823543906211853,
		0.06115603446960449
	],
	"left_ankle": [
		0.4470413327217102,
		1.6568021774291992,
		0.4938196837902069,
		0.003092921106144786
	],
	"right_hip": [
		0.3284858167171478,
		0.9424404501914978,
		-0.05538900941610336,
		0.9001082181930542
	],
	"right_knee": [
		0.3174358010292053,
		1.3457015752792358,
		0.01561069954186678,
		0.03577886149287224
	],
	"right_ankle": [
		0.3311313986778259,
		1.676632046699524,
		0.25525161623954773,
		0.0049973768182098866
	],
	"left_shoulder": [
		0.424594521522522,
		0.4149779677391052,
		-0.03971218690276146,
		0.9994018077850342
	],
	"left_elbow": [
		0.5686720609664917,
		0.3561805486679077,
		0.0929013341665268,
		0.9962631464004517
	],
	"left_wrist": [
		0.7061271667480469,
		0.32826998829841614,
		0.1267034262418747,
		0.9901583194732666
	],
	"right_shoulder": [
		0.251150906085968,
		0.47656938433647156,
		-0.38628271222114563,
		0.9989193677902222
	],
	"right_elbow": [
		0.10002879798412323,
		0.4788016378879547,
		-0.7210175395011902,
		0.9984084963798523
	],
	"right_wrist": [
		0.23760740458965302,
		0.40162336826324463,
		-0.8151843547821045,
		0.9143454432487488
	],
	"nose": [
		0.38644805550575256,
		0.2852163016796112,
		-0.43891242146492004,
		0.9998194575309753
	],
	"left_eye": [
		0.374440461397171,
		0.257880300283432,
		-0.39747169613838196,
		0.9996782541275024
	],
	"right_eye": [
		0.36301562190055847,
		0.2649218738079071,
		-0.4337713420391083,
		0.9998168349266052
	],
	"left_ear": [
		0.35659345984458923,
		0.2767568528652191,
		-0.1879357397556305,
		0.9998177289962769
	],
	"right_ear": [
		0.31920376420021057,
		0.30349746346473694,
		-0.34861427545547485,
		0.9999482035636902
	]
}