{
	"left_hip": [
		0.4305190145969391,
		0.9601121544837952,
		0.06141836568713188,
		0.9503178596496582
	],
	"left_knee": [
		0.44634392857551575,
		1.3672388792037964,
		0.2198600322008133,
		0.08248136192560196
	],
	"left_ankle": [
		0.4463089406490326,
		1.7079973220825195,
		0.5890385508537292,
		0.002958861878141761
	],
	"right_hip": [
		0.3275502324104309,
		0.9620307087898254,
		-0.06058240309357643,
		0.915679395198822
	],
	"right_knee": [
		0.3145767152309418,
		1.3912874460220337,
		0.02162325754761696,
		0.03783800080418587
	],
	"right_ankle": [
		0.32590898871421814,
		1.732211709022522,
		0.3194616734981537,
		0.005224283318966627
	],
	"left_shoulder": [
		0.42706719040870667,
		0.43575429916381836,
		-0.0059077986516058445,
		0.9996510744094849
	],
	"left_elbow": [
		0.5801698565483093,
		0.3973144292831421,
		0.16477186977863312,
		0.9979028105735779
	],
	"left_wrist": [
		0.7226774096488953,
		0.3944356143474579,
		0.20520977675914764,
		0.9945085644721985
	],
	"right_shoulder": [
		0.24371162056922913,
		0.5010244846343994,
		-0.4023662805557251,
		0.99891197681427
	],
	"right_elbow": [
		0.09971646964550018,
		0.49682050943374634,
		-0.7679122090339661,
		0.9952347874641418
	],
	"right_wrist": [
		0.2117871344089508,
		0.4071448743343353,
		-0.8859790563583374,
		0.9298790693283081
	],
	"nose": [
		0.392267107963562,
		0.27358219027519226,
		-0.41061916947364807,
		0.9998506903648376
	],
	"left_eye": [
		0.3775404095649719,
		0.2487936019897461,
		-0.36264529824256897,
		0.999723494052887
	],
	"right_eye": [
		0.366970032453537,
		0.2561732530593872,
		-0.40615639090538025,
		0.9998436570167542
	],
	"left_ear": [
		0.3529689610004425,
		0.2738606929779053,
		-0.1505090594291687,
		0.9998332858085632
	],
	"right_ear": [
		0.32280340790748596,
		0.29606327414512634,
		-0.33576467633247375,
		0.9999389052391052
	]
}