{
	"left_hip": [
		0.4297480285167694,
		0.9599775671958923,
		0.07306580990552902,
		0.9558312892913818
	],
	"left_knee": [
		0.4414511024951935,
		1.350549578666687,
		0.19043205678462982,
		0.14067000150680542
	],
	"left_ankle": [
		0.44331246614456177,
		1.6856136322021484,
		0.4875173270702362,
		0.005058132112026215
	],
	"right_hip": [
		0.32853269577026367,
		0.9592154026031494,
		-0.07263689488172531,
		0.9113028645515442
	],
	"right_knee": [
		0.3199094533920288,
		1.3757504224777222,
		-0.051839958876371384,
		0.0659862756729126
	],
	"right_ankle": [
		0.33141013979911804,
		1.7174264192581177,
		0.1908046305179596,
		0.011590167880058289
	],
	"left_shoulder": [
		0.4242593050003052,
		0.43537384271621704,
		0.001176379737444222,
		0.9998070001602173
	],
	"left_elbow": [
		0.5760771036148071,
		0.41390305757522583,
		0.12308312207460403,
		0.998803973197937
	],
	"left_wrist": [
		0.7120827436447144,
		0.4079243838787079,
		0.11560274660587311,
		0.9972882866859436
	],
	"right_shoulder": [
		0.24367742240428925,
		0.5016815066337585,
		-0.3979129195213318,
		0.9983288049697876
	],
	"right_elbow": [
		0.14584997296333313,
		0.5936768651008606,
		-0.7367070913314819,
		0.9752180576324463
	],
	"right_wrist": [
		0.19438430666923523,
		0.47247394919395447,
		-0.9148843884468079,
		0.9194318056106567
	],
	"nose": [
		0.40241342782974243,
		0.29075273871421814,
		-0.38814467191696167,
		0.9997842311859131
	],
	"left_eye": [
		0.39060667157173157,
		0.2595731019973755,
		-0.34665027260780334,
		0.9996329545974731
	],
	"right_eye": [
		0.3786962926387787,
		0.264290452003479,
		-0.4012899100780487,
		0.9997861385345459
	],
	"left_ear": [
		0.3616112470626831,
		0.2788698375225067,
		-0.12594670057296753,
		0.9997748732566833
	],
	"right_ear": [
		0.3358818590641022,
		0.29583507776260376,
		-0.37599754333496094,
		0.9998767375946045
	]
}