{
	"left_hip": [
		0.42988499999046326,
		0.9517921805381775,
		0.07365138828754425,
		0.9459633827209473
	],
	"left_knee": [
		0.4349149465560913,
		1.3456658124923706,
		0.24209943413734436,
		0.20671410858631134
	],
	"left_ankle": [
		0.4357049763202667,
		1.6771162748336792,
		0.6073042154312134,
		0.008645051158964634
	],
	"right_hip": [
		0.32207536697387695,
		0.9586412310600281,
		-0.07334224879741669,
		0.8934056162834167
	],
	"right_knee": [
		0.3139292001724243,
		1.36186683177948,
		-0.021189333871006966,
		0.10729711502790451
	],
	"right_ankle": [
		0.31958121061325073,
		1.7062879800796509,
		0.27403485774993896,
		0.015401785261929035
	],
	"left_shoulder": [
		0.42281490564346313,
		0.42777034640312195,
		-0.016161294654011726,
		0.9997676610946655
	],
	"left_elbow": [
		0.5681656002998352,
		0.4121929705142975,
		0.2047431319952011,
		0.9981428980827332
	],
	"left_wrist": [
		0.6898229122161865,
		0.4322410225868225,
		0.2786226272583008,
		0.9956395030021667
	],
	"right_shoulder": [
		0.24172000586986542,
		0.4974609315395355,
		-0.46715888381004333,
		0.9981836676597595
	],
	"right_elbow": [
		0.12213725596666336,
		0.540368378162384,
		-0.8519130349159241,
		0.9805663228034973
	],
	"right_wrist": [
		0.19523321092128754,
		0.41178423166275024,
		-1.0403265953063965,
		0.9225376844406128
	],
	"nose": [
		0.3974786698818207,
		0.29752248525619507,
		-0.5132050514221191,
		0.9997668862342834
	],
	"left_eye": [
		0.38903772830963135,
		0.26485446095466614,
		-0.4663974642753601,
		0.9995756149291992
	],
	"right_eye": [
		0.36874252557754517,
		0.271029531955719,
		-0.5177924633026123,
		0.9997981786727905
	],
	"left_ear": [
		0.3626997768878937,
		0.28245243430137634,
		-0.21479593217372894,
		0.999716579914093
	],
	"right_ear": [
		0.3267206847667694,
		0.2984885275363922,
		-0.4450370669364929,
		0.9998939633369446
	]
}