{
	"left_hip": [
		0.4282827377319336,
		0.9479016065597534,
		0.07497427612543106,
		0.9442752599716187
	],
	"left_knee": [
		0.43498581647872925,
		1.3395644426345825,
		0.233551025390625,
		0.2161506563425064
	],
	"left_ankle": [
		0.43821319937705994,
		1.6728570461273193,
		0.5701062679290771,
		0.008938604034483433
	],
	"right_hip": [
		0.3225434720516205,
		0.9518427848815918,
		-0.07463379949331284,
		0.8927773833274841
	],
	"right_knee": [
		0.31497588753700256,
		1.3575302362442017,
		-0.04268919676542282,
		0.11117120087146759
	],
	"right_ankle": [
		0.32295235991477966,
		1.7024885416030884,
		0.22894629836082458,
		0.015814023092389107
	],
	"left_shoulder": [
		0.4205574691295624,
		0.4275904595851898,
		0.0012494029942899942,
		0.99974524974823
	],
	"left_elbow": [
		0.5589154958724976,
		0.41164615750312805,
		0.2198292464017868,
		0.9979917407035828
	],
	"left_wrist": [
		0.683974027633667,
		0.43100056052207947,
		0.30566903948783875,
		0.9953353404998779
	],
	"right_shoulder": [
		0.24174199998378754,
		0.4945567846298218,
		-0.4335816204547882,
		0.9983259439468384
	],
	"right_elbow": [
		0.11924603581428528,
		0.5428775548934937,
		-0.8322190642356873,
		0.9831634759902954
	],
	"right_wrist": [
		0.1963789165019989,
		0.4097358286380768,
		-1.0171276330947876,
		0.9303445219993591
	],
	"nose": [
		0.39738982915878296,
		0.29837074875831604,
		-0.46985992789268494,
		0.999775767326355
	],
	"left_eye": [
		0.38873395323753357,
		0.26660773158073425,
		-0.42615747451782227,
		0.9995769262313843
	],
	"right_eye": [
		0.3689345121383667,
		0.2716500759124756,
		-0.47389039397239685,
		0.9998118281364441
	],
	"left_ear": [
		0.3625451922416687,
		0.28272637724876404,
		-0.1912091076374054,
		0.9997063875198364
	],
	"right_ear": [
		0.326975554227829,
		0.298225075006485,
		-0.40629711747169495,
		0.9999036192893982
	]
}