{
	"left_hip": [
		0.4284651577472687,
		0.9282011985778809,
		0.06305087357759476,
		0.9564529061317444
	],
	"left_knee": [
		0.4381243586540222,
		1.3521640300750732,
		0.12211771309375763,
		0.3449140787124634
	],
	"left_ankle": [
		0.4447861313819885,
		1.6875336170196533,
		0.4181434214115143,
		0.029802164062857628
	],
	"right_hip": [
		0.33617159724235535,
		0.9643543362617493,
		-0.062839575111866,
		0.9354285597801208
	],
	"right_knee": [
		0.3336906433105469,
		1.3815845251083374,
		0.04481266066431999,
		0.22056342661380768
	],
	"right_ankle": [
		0.34292542934417725,
		1.727960467338562,
		0.3371794521808624,
		0.031592972576618195
	],
	"left_shoulder": [
		0.4313066601753235,
		0.4174785912036896,
		0.026836713775992393,
		0.9996469020843506
	],
	"left_elbow": [
		0.4720229506492615,
		0.6389099955558777,
		0.37914860248565674,
		0.9881600737571716
	],
	"left_wrist": [
		0.5392850637435913,
		0.8739621639251709,
		0.5320176482200623,
		0.974955141544342
	],
	"right_shoulder": [
		0.26109492778778076,
		0.4805253744125366,
		-0.32017001509666443,
		0.9994373321533203
	],
	"right_elbow": [
		0.12084024399518967,
		0.5226872563362122,
		-0.7300434708595276,
		0.9967054128646851
	],
	"right_wrist": [
		0.24411265552043915,
		0.41010868549346924,
		-1.0608271360397339,
		0.9858060479164124
	],
	"nose": [
		0.40052658319473267,
		0.32675039768218994,
		-0.49340692162513733,
		0.9997040629386902
	],
	"left_eye": [
		0.39920422434806824,
		0.290151447057724,
		-0.45009976625442505,
		0.9993929266929626
	],
	"right_eye": [
		0.3739786446094513,
		0.28918948769569397,
		-0.5098312497138977,
		0.9998043775558472
	],
	"left_ear": [
		0.3890913724899292,
		0.2967918813228607,
		-0.2083745151758194,
		0.9994819760322571
	],
	"right_ear": [
		0.3366352617740631,
		0.3015008568763733,
		-0.3585962951183319,
		0.9999045133590698
	]
}