{
	"left_hip": [
		0.44662556052207947,
		0.8394848704338074,
		0.05210579186677933,
		0.9509551525115967
	],
	"left_knee": [
		0.5130144953727722,
		0.6064635515213013,
		-0.3497970700263977,
		0.4878394603729248
	],
	"left_ankle": [
		0.5152270197868347,
		0.9713391065597534,
		-0.3531589210033417,
		0.18037907779216766
	],
	"right_hip": [
		0.349279522895813,
		0.8854031562805176,
		-0.0511547289788723,
		0.9423057436943054
	],
	"right_knee": [
		0.38230857253074646,
		0.9481489658355713,
		-0.4769202172756195,
		0.4217059314250946
	],
	"right_ankle": [
		0.44758838415145874,
		1.2804021835327148,
		-0.4664735794067383,
		0.17170673608779907
	],
	"left_shoulder": [
		0.4570087790489197,
		0.44820040464401245,
		0.02216196246445179,
		0.9997424483299255
	],
	"left_elbow": [
		0.49564751982688904,
		0.6882990598678589,
		0.02904478646814823,
		0.9595357179641724
	],
	"left_wrist": [
		0.5284259915351868,
		0.9182828664779663,
		-0.11338741332292557,
		0.9373486638069153
	],
	"right_shoulder": [
		0.2856697142124176,
		0.5131432414054871,
		-0.23299486935138702,
		0.999660074710846
	],
	"right_elbow": [
		0.29784855246543884,
		0.7856587171554565,
		-0.3102279007434845,
		0.994404137134552
	],
	"right_wrist": [
		0.4295826554298401,
		0.9239462018013,
		-0.3652702271938324,
		0.9754823446273804
	],
	"nose": [
		0.44116196036338806,
		0.3688563406467438,
		-0.24159102141857147,
		0.9997580051422119
	],
	"left_eye": [
		0.44219380617141724,
		0.3356786072254181,
		-0.2159975916147232,
		0.9995427131652832
	],
	"right_eye": [
		0.4257524609565735,
		0.33035963773727417,
		-0.2502710223197937,
		0.9997694492340088
	],
	"left_ear": [
		0.422608882188797,
		0.33269891142845154,
		-0.07100991904735565,
		0.9995294809341431
	],
	"right_ear": [
		0.38899028301239014,
		0.31940391659736633,
		-0.2283046692609787,
		0.9998601675033569
	]
}