{
	"left_hip": [
		0.4447181820869446,
		0.8928118348121643,
		0.06908275187015533,
		0.889715313911438
	],
	"left_knee": [
		0.4758763909339905,
		1.2067666053771973,
		0.03551067039370537,
		0.6575402021408081
	],
	"left_ankle": [
		0.4918685555458069,
		1.5079576969146729,
		0.23896995186805725,
		0.3161558210849762
	],
	"right_hip": [
		0.34681302309036255,
		0.9208298921585083,
		-0.06836237013339996,
		0.8755272626876831
	],
	"right_knee": [
		0.37676802277565,
		1.266210675239563,
		-0.05296333506703377,
		0.5395102500915527
	],
	"right_ankle": [
		0.3943091630935669,
		1.5802438259124756,
		0.09161607176065445,
		0.24539342522621155
	],
	"left_shoulder": [
		0.4534553587436676,
		0.44224879145622253,
		-0.07808070629835129,
		0.999679446220398
	],
	"left_elbow": [
		0.4995781183242798,
		0.6735177636146545,
		0.020377567037940025,
		0.9415003061294556
	],
	"left_wrist": [
		0.5479106307029724,
		0.8881782293319702,
		-0.11440739780664444,
		0.8947001099586487
	],
	"right_shoulder": [
		0.27748221158981323,
		0.5135977864265442,
		-0.4046505391597748,
		0.9997652173042297
	],
	"right_elbow": [
		0.2807976305484772,
		0.7960237860679626,
		-0.4200710952281952,
		0.9948254227638245
	],
	"right_wrist": [
		0.4064946174621582,
		0.9220070242881775,
		-0.43834444880485535,
		0.9696146845817566
	],
	"nose": [
		0.4426950514316559,
		0.34691035747528076,
		-0.374380499124527,
		0.9993594288825989
	],
	"left_eye": [
		0.4420652687549591,
		0.30722182989120483,
		-0.3550986051559448,
		0.9988990426063538
	],
	"right_eye": [
		0.4278649687767029,
		0.3041415512561798,
		-0.40283024311065674,
		0.9994129538536072
	],
	"left_ear": [
		0.41801947355270386,
		0.30536991357803345,
		-0.2139158993959427,
		0.998512864112854
	],
	"right_ear": [
		0.3820221722126007,
		0.2997331917285919,
		-0.4313206970691681,
		0.9996258616447449
	]
}