{
	"left_hip": [
		0.4395790100097656,
		0.9120215773582458,
		0.05382357910275459,
		0.871243953704834
	],
	"left_knee": [
		0.4703446924686432,
		1.2562789916992188,
		0.05056005343794823,
		0.6180791854858398
	],
	"left_ankle": [
		0.4861486852169037,
		1.5564088821411133,
		0.2602062523365021,
		0.26441648602485657
	],
	"right_hip": [
		0.34274306893348694,
		0.9370926022529602,
		-0.05286823958158493,
		0.8537365794181824
	],
	"right_knee": [
		0.3674725890159607,
		1.2854148149490356,
		0.07392074912786484,
		0.48535287380218506
	],
	"right_ankle": [
		0.3889538049697876,
		1.5859215259552002,
		0.3388921320438385,
		0.20666907727718353
	],
	"left_shoulder": [
		0.45164570212364197,
		0.43931588530540466,
		0.019585175439715385,
		0.9996091723442078
	],
	"left_elbow": [
		0.5077592134475708,
		0.6891461610794067,
		0.11293669790029526,
		0.9447697997093201
	],
	"left_wrist": [
		0.5794180035591125,
		0.9256100058555603,
		-0.04932110011577606,
		0.8929830193519592
	],
	"right_shoulder": [
		0.2753176987171173,
		0.5077992081642151,
		-0.28733089566230774,
		0.9997199773788452
	],
	"right_elbow": [
		0.28323423862457275,
		0.7777532339096069,
		-0.4244505763053894,
		0.9934792518615723
	],
	"right_wrist": [
		0.42427554726600647,
		0.8699424266815186,
		-0.5342191457748413,
		0.9638762474060059
	],
	"nose": [
		0.440980464220047,
		0.33982715010643005,
		-0.27676960825920105,
		0.9991491436958313
	],
	"left_eye": [
		0.4387817978858948,
		0.3013041913509369,
		-0.25202709436416626,
		0.9985220432281494
	],
	"right_eye": [
		0.42249926924705505,
		0.2998778522014618,
		-0.2920916974544525,
		0.99919193983078
	],
	"left_ear": [
		0.4134942293167114,
		0.30067774653434753,
		-0.03550223261117935,
		0.9980551600456238
	],
	"right_ear": [
		0.3768824338912964,
		0.2985481917858124,
		-0.2920180559158325,
		0.9994737505912781
	]
}