{
	"left_hip": [
		0.4397576153278351,
		0.9363924860954285,
		0.06317602843046188,
		0.8630675673484802
	],
	"left_knee": [
		0.46066439151763916,
		1.279270052909851,
		0.08157838881015778,
		0.5878586769104004
	],
	"left_ankle": [
		0.477699875831604,
		1.5884214639663696,
		0.2893233895301819,
		0.2463855892419815
	],
	"right_hip": [
		0.33604222536087036,
		0.9401769042015076,
		-0.06214159354567528,
		0.8467666506767273
	],
	"right_knee": [
		0.36398598551750183,
		1.304274082183838,
		0.02611682005226612,
		0.4555339813232422
	],
	"right_ankle": [
		0.37844327092170715,
		1.625643253326416,
		0.2532634437084198,
		0.1917438507080078
	],
	"left_shoulder": [
		0.4515652358531952,
		0.4394321143627167,
		0.00846120435744524,
		0.999594509601593
	],
	"left_elbow": [
		0.5118715763092041,
		0.6896559596061707,
		0.10757438838481903,
		0.9478578567504883
	],
	"left_wrist": [
		0.5897762179374695,
		0.9275681376457214,
		-0.03193856030702591,
		0.8966295123100281
	],
	"right_shoulder": [
		0.275373637676239,
		0.5061822533607483,
		-0.3491306006908417,
		0.9997203946113586
	],
	"right_elbow": [
		0.28547799587249756,
		0.7760500311851501,
		-0.4607987701892853,
		0.9927422404289246
	],
	"right_wrist": [
		0.430460125207901,
		0.856674075126648,
		-0.5327538251876831,
		0.9621297121047974
	],
	"nose": [
		0.44133156538009644,
		0.3386412262916565,
		-0.2910320460796356,
		0.9989509582519531
	],
	"left_eye": [
		0.43865734338760376,
		0.30093786120414734,
		-0.26713502407073975,
		0.9982185363769531
	],
	"right_eye": [
		0.4229961931705475,
		0.29996392130851746,
		-0.3058657944202423,
		0.9990234375
	],
	"left_ear": [
		0.4120417535305023,
		0.30062663555145264,
		-0.09028761088848114,
		0.9977938532829285
	],
	"right_ear": [
		0.3774411082267761,
		0.29858505725860596,
		-0.32837027311325073,
		0.9993544816970825
	]
}