{
	"left_hip": [
		0.4290327727794647,
		0.9150615334510803,
		0.06793064624071121,
		0.8739670515060425
	],
	"left_knee": [
		0.45083722472190857,
		1.2629443407058716,
		0.058419119566679,
		0.39312949776649475
	],
	"left_ankle": [
		0.44325172901153564,
		1.5971285104751587,
		0.23995740711688995,
		0.16574691236019135
	],
	"right_hip": [
		0.3326473832130432,
		0.9493096470832825,
		-0.06697740405797958,
		0.84413743019104
	],
	"right_knee": [
		0.3377111256122589,
		1.2840059995651245,
		-0.013052043505012989,
		0.3145478367805481
	],
	"right_ankle": [
		0.3319106698036194,
		1.6321252584457397,
		0.17293432354927063,
		0.12400149554014206
	],
	"left_shoulder": [
		0.4508247971534729,
		0.4419250786304474,
		0.05164174363017082,
		0.9997203350067139
	],
	"left_elbow": [
		0.5239807367324829,
		0.6512724757194519,
		0.12944163382053375,
		0.9601148366928101
	],
	"left_wrist": [
		0.630051851272583,
		0.8309697508811951,
		-0.006414775736629963,
		0.9227887392044067
	],
	"right_shoulder": [
		0.27711790800094604,
		0.4910782277584076,
		-0.2895311117172241,
		0.999733030796051
	],
	"right_elbow": [
		0.33762890100479126,
		0.7420426607131958,
		-0.4471839368343353,
		0.987040638923645
	],
	"right_wrist": [
		0.4748089611530304,
		0.7581605315208435,
		-0.5743855834007263,
		0.954093337059021
	],
	"nose": [
		0.4355596601963043,
		0.33296746015548706,
		-0.2646782100200653,
		0.9990374445915222
	],
	"left_eye": [
		0.4303644299507141,
		0.2978261411190033,
		-0.24115124344825745,
		0.9985349178314209
	],
	"right_eye": [
		0.4112991690635681,
		0.2962459921836853,
		-0.28943994641304016,
		0.9990656971931458
	],
	"left_ear": [
		0.40589457750320435,
		0.29788240790367126,
		-0.07937154918909073,
		0.9983089566230774
	],
	"right_ear": [
		0.37086281180381775,
		0.29781574010849,
		-0.27232077717781067,
		0.9993411302566528
	]
}