{
	"left_hip": [
		0.431141197681427,
		0.9393813610076904,
		0.10370706766843796,
		0.8877152800559998
	],
	"left_knee": [
		0.4596295952796936,
		1.2782131433486938,
		0.0417628288269043,
		0.35290515422821045
	],
	"left_ankle": [
		0.46928516030311584,
		1.6242016553878784,
		0.20957161486148834,
		0.17839883267879486
	],
	"right_hip": [
		0.33792898058891296,
		0.9550160765647888,
		-0.10197489708662033,
		0.8891953825950623
	],
	"right_knee": [
		0.3496282696723938,
		1.304159164428711,
		-0.06925895065069199,
		0.4180160164833069
	],
	"right_ankle": [
		0.3546141982078552,
		1.664597988128662,
		0.08226468414068222,
		0.19508226215839386
	],
	"left_shoulder": [
		0.4277792274951935,
		0.43398579955101013,
		0.15720723569393158,
		0.999313235282898
	],
	"left_elbow": [
		0.5317606925964355,
		0.5743940472602844,
		0.18668171763420105,
		0.9234793186187744
	],
	"left_wrist": [
		0.6712390184402466,
		0.5714765787124634,
		0.0019124341197311878,
		0.9522014260292053
	],
	"right_shoulder": [
		0.2948662340641022,
		0.4529862701892853,
		-0.3475164473056793,
		0.9994407296180725
	],
	"right_elbow": [
		0.3766959607601166,
		0.577151894569397,
		-0.6240643858909607,
		0.9922010898590088
	],
	"right_wrist": [
		0.5440347790718079,
		0.5191946029663086,
		-0.6893507242202759,
		0.9829707145690918
	],
	"nose": [
		0.41084519028663635,
		0.2972343862056732,
		-0.20745912194252014,
		0.9983200430870056
	],
	"left_eye": [
		0.39998260140419006,
		0.26946067810058594,
		-0.1754753440618515,
		0.9983556866645813
	],
	"right_eye": [
		0.38562631607055664,
		0.2669835388660431,
		-0.22307957708835602,
		0.9988972544670105
	],
	"left_ear": [
		0.3851155638694763,
		0.282119482755661,
		0.007327564526349306,
		0.9985752701759338
	],
	"right_ear": [
		0.3498612642288208,
		0.2862589657306671,
		-0.21020561456680298,
		0.9992831349372864
	]
}