{
	"left_hip": [
		0.43096160888671875,
		0.938971996307373,
		0.10066147148609161,
		0.8808615207672119
	],
	"left_knee": [
		0.4587007164955139,
		1.286433219909668,
		0.06919893622398376,
		0.323295533657074
	],
	"left_ankle": [
		0.46605730056762695,
		1.6380360126495361,
		0.2753047049045563,
		0.16117335855960846
	],
	"right_hip": [
		0.3472612500190735,
		0.9543566703796387,
		-0.09906177967786789,
		0.8829274773597717
	],
	"right_knee": [
		0.34892722964286804,
		1.311089277267456,
		-0.062468331307172775,
		0.38439273834228516
	],
	"right_ankle": [
		0.3547085225582123,
		1.6734987497329712,
		0.11782097071409225,
		0.1766730397939682
	],
	"left_shoulder": [
		0.4277448058128357,
		0.436978816986084,
		0.15315400063991547,
		0.9993106722831726
	],
	"left_elbow": [
		0.5314427018165588,
		0.603929340839386,
		0.17804594337940216,
		0.9256478548049927
	],
	"left_wrist": [
		0.6706796288490295,
		0.5963305830955505,
		-0.02865898609161377,
		0.9556752443313599
	],
	"right_shoulder": [
		0.29554587602615356,
		0.45137688517570496,
		-0.3572671711444855,
		0.9994502663612366
	],
	"right_elbow": [
		0.37949565052986145,
		0.5737828612327576,
		-0.6685072183609009,
		0.9927858710289001
	],
	"right_wrist": [
		0.5475848317146301,
		0.5074820518493652,
		-0.7606696486473083,
		0.9843944907188416
	],
	"nose": [
		0.410978227853775,
		0.2984800338745117,
		-0.21255996823310852,
		0.9980772137641907
	],
	"left_eye": [
		0.40263229608535767,
		0.27011844515800476,
		-0.18120665848255157,
		0.9980610609054565
	],
	"right_eye": [
		0.3872566819190979,
		0.26715096831321716,
		-0.23188550770282745,
		0.9987102150917053
	],
	"left_ear": [
		0.38527730107307434,
		0.2821708023548126,
		0.005398645531386137,
		0.9983224272727966
	],
	"right_ear": [
		0.3502033054828644,
		0.28473156690597534,
		-0.22494636476039886,
		0.9991121888160706
	]
}