{
	"left_hip": [
		0.4157860577106476,
		0.9169682264328003,
		0.08538646996021271,
		0.9156109094619751
	],
	"left_knee": [
		0.4363042712211609,
		1.2652467489242554,
		0.02812470868229866,
		0.2342039793729782
	],
	"left_ankle": [
		0.4402995705604553,
		1.6091868877410889,
		0.18685899674892426,
		0.06776594370603561
	],
	"right_hip": [
		0.3459291458129883,
		0.931765079498291,
		-0.08485167473554611,
		0.9077758193016052
	],
	"right_knee": [
		0.34394970536231995,
		1.2891976833343506,
		-0.10091987997293472,
		0.2674969732761383
	],
	"right_ankle": [
		0.3452644944190979,
		1.6494107246398926,
		-0.025795184075832367,
		0.07850635051727295
	],
	"left_shoulder": [
		0.41793209314346313,
		0.46906358003616333,
		0.17788361012935638,
		0.9995892643928528
	],
	"left_elbow": [
		0.4973052144050598,
		0.5819531083106995,
		0.17639927566051483,
		0.9632276296615601
	],
	"left_wrist": [
		0.5523234009742737,
		0.7499048709869385,
		0.008864282630383968,
		0.9811695218086243
	],
	"right_shoulder": [
		0.29610830545425415,
		0.4326740503311157,
		-0.26086077094078064,
		0.999360978603363
	],
	"right_elbow": [
		0.3895937502384186,
		0.4698300361633301,
		-0.5581293106079102,
		0.9966149926185608
	],
	"right_wrist": [
		0.5452903509140015,
		0.4032350182533264,
		-0.6070852875709534,
		0.992396891117096
	],
	"nose": [
		0.4021163284778595,
		0.30647337436676025,
		-0.12788544595241547,
		0.998803973197937
	],
	"left_eye": [
		0.395697683095932,
		0.27540141344070435,
		-0.09581640362739563,
		0.9988437294960022
	],
	"right_eye": [
		0.37547433376312256,
		0.26470646262168884,
		-0.14272978901863098,
		0.9991387128829956
	],
	"left_ear": [
		0.37624120712280273,
		0.2791541516780853,
		0.0779593363404274,
		0.9991053342819214
	],
	"right_ear": [
		0.3411426246166229,
		0.2762871980667114,
		-0.13741524517536163,
		0.9993072748184204
	]
}