{
	"left_hip": [
		0.4164660573005676,
		0.9220330119132996,
		0.08276772499084473,
		0.9268123507499695
	],
	"left_knee": [
		0.4310947358608246,
		1.2755812406539917,
		0.04276879131793976,
		0.29027533531188965
	],
	"left_ankle": [
		0.43034791946411133,
		1.6104382276535034,
		0.22096334397792816,
		0.0769471600651741
	],
	"right_hip": [
		0.3458399772644043,
		0.932248055934906,
		-0.08221210539340973,
		0.9200811386108398
	],
	"right_knee": [
		0.3393619656562805,
		1.2903791666030884,
		-0.08628380298614502,
		0.31953006982803345
	],
	"right_ankle": [
		0.3367018401622772,
		1.6483207941055298,
		0.009972239844501019,
		0.08899842947721481
	],
	"left_shoulder": [
		0.41317591071128845,
		0.4692467153072357,
		0.1721995621919632,
		0.9995958805084229
	],
	"left_elbow": [
		0.49256423115730286,
		0.5784526467323303,
		0.20036129653453827,
		0.9615613222122192
	],
	"left_wrist": [
		0.5456008315086365,
		0.7449234127998352,
		0.06315147131681442,
		0.9805600643157959
	],
	"right_shoulder": [
		0.29627302289009094,
		0.43522360920906067,
		-0.2675360143184662,
		0.999353289604187
	],
	"right_elbow": [
		0.3904382884502411,
		0.4535769522190094,
		-0.5616328120231628,
		0.9971160888671875
	],
	"right_wrist": [
		0.5392104983329773,
		0.38808029890060425,
		-0.6018944382667542,
		0.9933740496635437
	],
	"nose": [
		0.40090444684028625,
		0.3064269423484802,
		-0.15337638556957245,
		0.9989143013954163
	],
	"left_eye": [
		0.39584219455718994,
		0.2754165530204773,
		-0.12075615674257278,
		0.9989569783210754
	],
	"right_eye": [
		0.3741139769554138,
		0.26490986347198486,
		-0.16789668798446655,
		0.9992179870605469
	],
	"left_ear": [
		0.3764439523220062,
		0.27930623292922974,
		0.06006104126572609,
		0.9991944432258606
	],
	"right_ear": [
		0.3382839262485504,
		0.2764532268047333,
		-0.14926834404468536,
		0.9993751049041748
	]
}