{
	"left_hip": [
		0.4143724739551544,
		0.9173880219459534,
		0.0904768854379654,
		0.9401435852050781
	],
	"left_knee": [
		0.4279700517654419,
		1.2741928100585938,
		0.08198896050453186,
		0.3963170647621155
	],
	"left_ankle": [
		0.42631080746650696,
		1.5956435203552246,
		0.26866385340690613,
		0.11326583474874496
	],
	"right_hip": [
		0.3443337380886078,
		0.9281293749809265,
		-0.08984337747097015,
		0.9355628490447998
	],
	"right_knee": [
		0.3403143882751465,
		1.2840274572372437,
		-0.10046686232089996,
		0.4063853919506073
	],
	"right_ankle": [
		0.343757301568985,
		1.6331403255462646,
		0.009325490333139896,
		0.1288153976202011
	],
	"left_shoulder": [
		0.4099422097206116,
		0.45850399136543274,
		0.19619260728359222,
		0.9995080828666687
	],
	"left_elbow": [
		0.4879745543003082,
		0.5652618408203125,
		0.24614152312278748,
		0.9504904747009277
	],
	"left_wrist": [
		0.5436896681785583,
		0.7601721882820129,
		0.15021063387393951,
		0.9614402651786804
	],
	"right_shoulder": [
		0.3014742136001587,
		0.4344540536403656,
		-0.25542524456977844,
		0.9992238283157349
	],
	"right_elbow": [
		0.4045681059360504,
		0.4069221019744873,
		-0.5645071268081665,
		0.9975275993347168
	],
	"right_wrist": [
		0.5371953845024109,
		0.37891536951065063,
		-0.6236746907234192,
		0.9940304756164551
	],
	"nose": [
		0.3964335024356842,
		0.302554190158844,
		-0.09938963502645493,
		0.9989407658576965
	],
	"left_eye": [
		0.38949719071388245,
		0.27272289991378784,
		-0.07112548500299454,
		0.9989902973175049
	],
	"right_eye": [
		0.3712461292743683,
		0.26586833596229553,
		-0.11834298074245453,
		0.9992454648017883
	],
	"left_ear": [
		0.36891651153564453,
		0.2779339849948883,
		0.09147422760725021,
		0.9992300271987915
	],
	"right_ear": [
		0.33610934019088745,
		0.2770913243293762,
		-0.1256917417049408,
		0.9994018077850342
	]
}