{
	"left_hip": [
		0.40926477313041687,
		0.9090026617050171,
		0.09503420442342758,
		0.9519376754760742
	],
	"left_knee": [
		0.42828357219696045,
		1.2482050657272339,
		0.07477264851331711,
		0.5032631754875183
	],
	"left_ankle": [
		0.4222278296947479,
		1.5595600605010986,
		0.2563173770904541,
		0.16009031236171722
	],
	"right_hip": [
		0.3444356620311737,
		0.9093804955482483,
		-0.09496741741895676,
		0.9505221843719482
	],
	"right_knee": [
		0.34330254793167114,
		1.2627373933792114,
		-0.10401693731546402,
		0.5132670998573303
	],
	"right_ankle": [
		0.3424637019634247,
		1.606154203414917,
		-0.03356420621275902,
		0.21812714636325836
	],
	"left_shoulder": [
		0.3926018476486206,
		0.4511766731739044,
		0.20663003623485565,
		0.9992943406105042
	],
	"left_elbow": [
		0.47491225600242615,
		0.5801876783370972,
		0.2692389488220215,
		0.93121337890625
	],
	"left_wrist": [
		0.5357093214988708,
		0.756908655166626,
		0.2593211233615875,
		0.9325019121170044
	],
	"right_shoulder": [
		0.3023272752761841,
		0.4313403367996216,
		-0.2337222844362259,
		0.9986199736595154
	],
	"right_elbow": [
		0.395072877407074,
		0.3528878092765808,
		-0.5719745755195618,
		0.9974908828735352
	],
	"right_wrist": [
		0.5239481329917908,
		0.3425979018211365,
		-0.6969534754753113,
		0.994013249874115
	],
	"nose": [
		0.38475432991981506,
		0.28825893998146057,
		-0.12380576878786087,
		0.9989170432090759
	],
	"left_eye": [
		0.37491846084594727,
		0.2601848840713501,
		-0.09143701195716858,
		0.9989972114562988
	],
	"right_eye": [
		0.35761356353759766,
		0.2595055401325226,
		-0.1318405717611313,
		0.9992123246192932
	],
	"left_ear": [
		0.3538118600845337,
		0.2722302973270416,
		0.08863314241170883,
		0.9992572069168091
	],
	"right_ear": [
		0.3257482647895813,
		0.27775323390960693,
		-0.11274141818284988,
		0.9993020296096802
	]
}