{
	"left_hip": [
		0.3954940140247345,
		0.825312077999115,
		0.101352758705616,
		0.9720757603645325
	],
	"left_knee": [
		0.48908737301826477,
		0.7672626376152039,
		0.21242675185203552,
		0.48017358779907227
	],
	"left_ankle": [
		0.5356765389442444,
		0.8738977313041687,
		0.3256089389324188,
		0.23824109137058258
	],
	"right_hip": [
		0.36773380637168884,
		0.8517612218856812,
		-0.10121770948171616,
		0.973473310470581
	],
	"right_knee": [
		0.4002992510795593,
		0.8722370266914368,
		-0.054382842034101486,
		0.7065911889076233
	],
	"right_ankle": [
		0.4681750535964966,
		1.0172621011734009,
		0.03680592402815819,
		0.43573057651519775
	],
	"left_shoulder": [
		0.36529967188835144,
		0.44688189029693604,
		0.11235138028860092,
		0.9994246959686279
	],
	"left_elbow": [
		0.44634267687797546,
		0.4783708453178406,
		0.14873266220092773,
		0.7357280850410461
	],
	"left_wrist": [
		0.5636011958122253,
		0.48658227920532227,
		0.09613549709320068,
		0.7211007475852966
	],
	"right_shoulder": [
		0.3156619369983673,
		0.3795531690120697,
		-0.18075887858867645,
		0.9991772174835205
	],
	"right_elbow": [
		0.3860141932964325,
		0.33122754096984863,
		-0.37056300044059753,
		0.9841405749320984
	],
	"right_wrist": [
		0.49936428666114807,
		0.31951388716697693,
		-0.4541242718696594,
		0.9483569264411926
	],
	"nose": [
		0.3750423192977905,
		0.28247034549713135,
		-0.087584488093853,
		0.9994561076164246
	],
	"left_eye": [
		0.36463797092437744,
		0.25918304920196533,
		-0.07045426964759827,
		0.9994882345199585
	],
	"right_eye": [
		0.35505133867263794,
		0.26237186789512634,
		-0.0895116776227951,
		0.9995794296264648
	],
	"left_ear": [
		0.3447595536708832,
		0.2723403573036194,
		0.030150439590215683,
		0.9996280074119568
	],
	"right_ear": [
		0.3259390890598297,
		0.28430458903312683,
		-0.09193648397922516,
		0.9996136426925659
	]
}