{
	"left_hip": [
		0.3869388699531555,
		0.7051582336425781,
		0.09869791567325592,
		0.9892959594726562
	],
	"left_knee": [
		0.47460395097732544,
		0.5178225636482239,
		0.10566239804029465,
		0.7021620273590088
	],
	"left_ankle": [
		0.5245819687843323,
		0.8052490949630737,
		0.05325552076101303,
		0.6518473029136658
	],
	"right_hip": [
		0.3924255669116974,
		0.7077557444572449,
		-0.0987059623003006,
		0.9893892407417297
	],
	"right_knee": [
		0.43139997124671936,
		0.44468000531196594,
		-0.07396560162305832,
		0.8733563423156738
	],
	"right_ankle": [
		0.5402454733848572,
		0.5415812730789185,
		-0.04704705998301506,
		0.77613765001297
	],
	"left_shoulder": [
		0.3107423782348633,
		0.37323930859565735,
		0.12114813178777695,
		0.9989442229270935
	],
	"left_elbow": [
		0.3759441673755646,
		0.37535956501960754,
		0.08237163722515106,
		0.4130706489086151
	],
	"left_wrist": [
		0.45035016536712646,
		0.33635061979293823,
		-0.03698805719614029,
		0.47635334730148315
	],
	"right_shoulder": [
		0.32706496119499207,
		0.32215940952301025,
		-0.1312890499830246,
		0.99896240234375
	],
	"right_elbow": [
		0.42381665110588074,
		0.3105155825614929,
		-0.23718827962875366,
		0.8593342304229736
	],
	"right_wrist": [
		0.48008662462234497,
		0.3143632113933563,
		-0.2492782324552536,
		0.7316259741783142
	],
	"nose": [
		0.36451345682144165,
		0.2776090204715729,
		0.010179379023611546,
		0.9993195533752441
	],
	"left_eye": [
		0.3532640039920807,
		0.2547776997089386,
		0.012319344095885754,
		0.9995599985122681
	],
	"right_eye": [
		0.3515073359012604,
		0.25231003761291504,
		-0.008987612091004848,
		0.9993473291397095
	],
	"left_ear": [
		0.3312956988811493,
		0.2663714289665222,
		0.06684358417987823,
		0.999687135219574
	],
	"right_ear": [
		0.3272291421890259,
		0.26549679040908813,
		-0.062314942479133606,
		0.9992703795433044
	]
}