{
	"left_hip": [
		0.38869377970695496,
		0.6788924336433411,
		0.0875697210431099,
		0.9900909066200256
	],
	"left_knee": [
		0.46846237778663635,
		0.5082755088806152,
		0.09072995185852051,
		0.7082063555717468
	],
	"left_ankle": [
		0.5288126468658447,
		0.8019240498542786,
		0.0603644922375679,
		0.6738735437393188
	],
	"right_hip": [
		0.37722301483154297,
		0.6948229074478149,
		-0.08750534057617188,
		0.9899201393127441
	],
	"right_knee": [
		0.39946886897087097,
		0.48695242404937744,
		-0.12760266661643982,
		0.8788661360740662
	],
	"right_ankle": [
		0.4881955087184906,
		0.5810853838920593,
		-0.0943671390414238,
		0.7904784083366394
	],
	"left_shoulder": [
		0.3186008036136627,
		0.37057197093963623,
		0.11126642674207687,
		0.9988341331481934
	],
	"left_elbow": [
		0.38335880637168884,
		0.39460405707359314,
		0.0906422808766365,
		0.3807740807533264
	],
	"left_wrist": [
		0.4598536789417267,
		0.3818413019180298,
		-0.009424072690308094,
		0.44417187571525574
	],
	"right_shoulder": [
		0.310855507850647,
		0.32432398200035095,
		-0.12882862985134125,
		0.9988415837287903
	],
	"right_elbow": [
		0.398657888174057,
		0.32738548517227173,
		-0.23663286864757538,
		0.8374983668327332
	],
	"right_wrist": [
		0.4778403341770172,
		0.3145051896572113,
		-0.26283910870552063,
		0.6954226493835449
	],
	"nose": [
		0.36345019936561584,
		0.2783700227737427,
		-0.026603667065501213,
		0.9989824891090393
	],
	"left_eye": [
		0.3536180555820465,
		0.25582191348075867,
		-0.017825044691562653,
		0.9993869066238403
	],
	"right_eye": [
		0.3495025932788849,
		0.2547759413719177,
		-0.04247550666332245,
		0.9989349842071533
	],
	"left_ear": [
		0.33257171511650085,
		0.26705479621887207,
		0.05657714605331421,
		0.9995380640029907
	],
	"right_ear": [
		0.3269598186016083,
		0.26572662591934204,
		-0.06774965673685074,
		0.9989137649536133
	]
}