{
	"left_hip": [
		0.4027385413646698,
		0.6849980354309082,
		0.09333150833845139,
		0.9938835501670837
	],
	"left_knee": [
		0.4777868092060089,
		0.4978187382221222,
		0.07982008159160614,
		0.7376197576522827
	],
	"left_ankle": [
		0.5185324549674988,
		0.7939862608909607,
		0.006882900837808847,
		0.7398189306259155
	],
	"right_hip": [
		0.3768845200538635,
		0.7213573455810547,
		-0.09331762790679932,
		0.9933388829231262
	],
	"right_knee": [
		0.43533554673194885,
		0.5229510068893433,
		-0.13531318306922913,
		0.9021755456924438
	],
	"right_ankle": [
		0.5119661688804626,
		0.66817706823349,
		-0.07984616607427597,
		0.8441359400749207
	],
	"left_shoulder": [
		0.34079501032829285,
		0.3611231744289398,
		0.12887223064899445,
		0.9987131357192993
	],
	"left_elbow": [
		0.39067283272743225,
		0.37502509355545044,
		0.10851048678159714,
		0.2604407072067261
	],
	"left_wrist": [
		0.46261924505233765,
		0.3556445837020874,
		-0.016918575391173363,
		0.3493441343307495
	],
	"right_shoulder": [
		0.29670974612236023,
		0.3601791560649872,
		-0.14645737409591675,
		0.9988422989845276
	],
	"right_elbow": [
		0.38308626413345337,
		0.30111026763916016,
		-0.28678005933761597,
		0.8360447883605957
	],
	"right_wrist": [
		0.4644138216972351,
		0.3198830187320709,
		-0.2910953760147095,
		0.671622097492218
	],
	"nose": [
		0.3583586812019348,
		0.3010592758655548,
		-0.057195134460926056,
		0.9989101886749268
	],
	"left_eye": [
		0.3560265302658081,
		0.2757241725921631,
		-0.04492838308215141,
		0.999382734298706
	],
	"right_eye": [
		0.34279054403305054,
		0.2733973562717438,
		-0.07244573533535004,
		0.9989058375358582
	],
	"left_ear": [
		0.34376171231269836,
		0.28205806016921997,
		0.04880113899707794,
		0.9995360374450684
	],
	"right_ear": [
		0.3173143267631531,
		0.277610719203949,
		-0.08038883656263351,
		0.998900294303894
	]
}