{
	"left_hip": [
		0.4036710560321808,
		0.6886433362960815,
		0.09078706055879593,
		0.9962331056594849
	],
	"left_knee": [
		0.4868013262748718,
		0.5032743811607361,
		0.08998818695545197,
		0.7315513491630554
	],
	"left_ankle": [
		0.524288535118103,
		0.7837441563606262,
		0.05503719672560692,
		0.7727160453796387
	],
	"right_hip": [
		0.3760944604873657,
		0.7062790989875793,
		-0.09096942096948624,
		0.9956098198890686
	],
	"right_knee": [
		0.42008864879608154,
		0.5199041962623596,
		-0.09213103353977203,
		0.9126034379005432
	],
	"right_ankle": [
		0.5041847229003906,
		0.6733514666557312,
		-0.03400601074099541,
		0.8782933950424194
	],
	"left_shoulder": [
		0.34858790040016174,
		0.3950203061103821,
		0.08373852074146271,
		0.9989160895347595
	],
	"left_elbow": [
		0.3810615837574005,
		0.47483447194099426,
		0.09689124673604965,
		0.1872211992740631
	],
	"left_wrist": [
		0.4611014127731323,
		0.5413585901260376,
		-0.005788563750684261,
		0.28797629475593567
	],
	"right_shoulder": [
		0.30313655734062195,
		0.36228734254837036,
		-0.1650661677122116,
		0.9986987709999084
	],
	"right_elbow": [
		0.3490558862686157,
		0.3008423447608948,
		-0.3357316553592682,
		0.8433888554573059
	],
	"right_wrist": [
		0.42682716250419617,
		0.3191945552825928,
		-0.3757067322731018,
		0.6746044754981995
	],
	"nose": [
		0.3787914216518402,
		0.33248814940452576,
		-0.08250611275434494,
		0.9981327056884766
	],
	"left_eye": [
		0.3790493905544281,
		0.3095656633377075,
		-0.06955406069755554,
		0.9989997148513794
	],
	"right_eye": [
		0.3647380471229553,
		0.3017633259296417,
		-0.10029354691505432,
		0.9978081583976746
	],
	"left_ear": [
		0.3638394773006439,
		0.31208598613739014,
		0.02269863151013851,
		0.9993213415145874
	],
	"right_ear": [
		0.3396170437335968,
		0.3006187379360199,
		-0.12350353598594666,
		0.9972455501556396
	]
}