{
	"left_hip": [
		0.4086604118347168,
		0.7207015752792358,
		0.04874806851148605,
		0.9979111552238464
	],
	"left_knee": [
		0.5059047937393188,
		0.7227203249931335,
		0.09083064645528793,
		0.6610885858535767
	],
	"left_ankle": [
		0.5873731374740601,
		0.7355241775512695,
		0.1989126205444336,
		0.5848715305328369
	],
	"right_hip": [
		0.3411722183227539,
		0.7429292798042297,
		-0.04899081215262413,
		0.9984221458435059
	],
	"right_knee": [
		0.3404446244239807,
		0.9016297459602356,
		-0.09580101817846298,
		0.8135893940925598
	],
	"right_ankle": [
		0.34117889404296875,
		1.042807698249817,
		0.180381640791893,
		0.476491242647171
	],
	"left_shoulder": [
		0.45513734221458435,
		0.4374021887779236,
		0.007172174286097288,
		0.99941086769104
	],
	"left_elbow": [
		0.5656976103782654,
		0.4875040650367737,
		-0.022142237052321434,
		0.4775637686252594
	],
	"left_wrist": [
		0.6825704574584961,
		0.44479602575302124,
		-0.11078216880559921,
		0.5379891991615295
	],
	"right_shoulder": [
		0.3388368487358093,
		0.40180492401123047,
		-0.17946843802928925,
		0.9994217157363892
	],
	"right_elbow": [
		0.26515376567840576,
		0.4271608889102936,
		-0.3812999427318573,
		0.8157051205635071
	],
	"right_wrist": [
		0.34056007862091064,
		0.38444599509239197,
		-0.5532278418540955,
		0.6898012161254883
	],
	"nose": [
		0.46356001496315,
		0.31318485736846924,
		-0.1931096762418747,
		0.9987642765045166
	],
	"left_eye": [
		0.4603313207626343,
		0.2915249168872833,
		-0.1631235033273697,
		0.999102771282196
	],
	"right_eye": [
		0.4502484202384949,
		0.2918771505355835,
		-0.1853678673505783,
		0.9983768463134766
	],
	"left_ear": [
		0.43538638949394226,
		0.2969082295894623,
		-0.041501641273498535,
		0.9993958473205566
	],
	"right_ear": [
		0.41819122433662415,
		0.2994818687438965,
		-0.14132468402385712,
		0.9980971217155457
	]
}