{
	"left_hip": [
		0.41274532675743103,
		0.8500639796257019,
		0.03345238417387009,
		0.9944579601287842
	],
	"left_knee": [
		0.42865049839019775,
		1.1437618732452393,
		0.07411820441484451,
		0.6104522347450256
	],
	"left_ankle": [
		0.4179602563381195,
		1.3866039514541626,
		0.45818981528282166,
		0.32635200023651123
	],
	"right_hip": [
		0.32324162125587463,
		0.8630315661430359,
		-0.032749149948358536,
		0.9952526092529297
	],
	"right_knee": [
		0.3267640471458435,
		1.1601521968841553,
		0.05383209511637688,
		0.5609613060951233
	],
	"right_ankle": [
		0.3092607855796814,
		1.4264756441116333,
		0.3850957751274109,
		0.28611311316490173
	],
	"left_shoulder": [
		0.4463571012020111,
		0.4539734721183777,
		0.005182554945349693,
		0.999561607837677
	],
	"left_elbow": [
		0.5558916926383972,
		0.5146070122718811,
		0.10505533963441849,
		0.7666072249412537
	],
	"left_wrist": [
		0.6964046359062195,
		0.4304461181163788,
		0.14075861871242523,
		0.7911533713340759
	],
	"right_shoulder": [
		0.2787771224975586,
		0.45291757583618164,
		-0.25863131880760193,
		0.9978194236755371
	],
	"right_elbow": [
		0.16179706156253815,
		0.40839868783950806,
		-0.5798820853233337,
		0.8243882060050964
	],
	"right_wrist": [
		0.3048090636730194,
		0.4054940938949585,
		-0.807927668094635,
		0.7636927962303162
	],
	"nose": [
		0.44896525144577026,
		0.31468522548675537,
		-0.2715778052806854,
		0.998996913433075
	],
	"left_eye": [
		0.44707709550857544,
		0.2876031994819641,
		-0.2371298223733902,
		0.9985374212265015
	],
	"right_eye": [
		0.4328729808330536,
		0.28303995728492737,
		-0.2719607353210449,
		0.9984426498413086
	],
	"left_ear": [
		0.40076401829719543,
		0.2918492257595062,
		-0.0803908035159111,
		0.9992035627365112
	],
	"right_ear": [
		0.37395718693733215,
		0.2892083525657654,
		-0.23704594373703003,
		0.998626708984375
	]
}