{
	"left_hip": [
		0.4159548878669739,
		0.9073029160499573,
		0.039154596626758575,
		0.9931303858757019
	],
	"left_knee": [
		0.42845210433006287,
		1.2317111492156982,
		0.15682969987392426,
		0.50832200050354
	],
	"left_ankle": [
		0.4257822036743164,
		1.513129472732544,
		0.464907169342041,
		0.21821825206279755
	],
	"right_hip": [
		0.3211791217327118,
		0.9092203378677368,
		-0.03824431449174881,
		0.9934214353561401
	],
	"right_knee": [
		0.3222365081310272,
		1.2360345125198364,
		0.07646637409925461,
		0.4153183698654175
	],
	"right_ankle": [
		0.31915703415870667,
		1.5287624597549438,
		0.35343918204307556,
		0.2029591053724289
	],
	"left_shoulder": [
		0.4398089051246643,
		0.45731717348098755,
		-0.0072822789661586285,
		0.9996512532234192
	],
	"left_elbow": [
		0.5710198879241943,
		0.4750984013080597,
		0.13905414938926697,
		0.8467415571212769
	],
	"left_wrist": [
		0.7086790204048157,
		0.403399258852005,
		0.2389003485441208,
		0.8628815412521362
	],
	"right_shoulder": [
		0.2743985950946808,
		0.46072086691856384,
		-0.3221835494041443,
		0.9979039430618286
	],
	"right_elbow": [
		0.14737564325332642,
		0.3850269615650177,
		-0.6732853055000305,
		0.8782062530517578
	],
	"right_wrist": [
		0.29537391662597656,
		0.4004226624965668,
		-0.8576112389564514,
		0.8399718999862671
	],
	"nose": [
		0.4335373640060425,
		0.29836177825927734,
		-0.31439444422721863,
		0.9992455244064331
	],
	"left_eye": [
		0.4289999008178711,
		0.2755797207355499,
		-0.2761208713054657,
		0.9988182783126831
	],
	"right_eye": [
		0.41032540798187256,
		0.26965728402137756,
		-0.3109481930732727,
		0.9988110065460205
	],
	"left_ear": [
		0.39201846718788147,
		0.2857406437397003,
		-0.10655874758958817,
		0.9993550181388855
	],
	"right_ear": [
		0.35438424348831177,
		0.29318511486053467,
		-0.25938335061073303,
		0.9989883303642273
	]
}