{
	"left_hip": [
		0.42709529399871826,
		0.9514032602310181,
		0.03258815035223961,
		0.9808257222175598
	],
	"left_knee": [
		0.44356516003608704,
		1.3091027736663818,
		0.14694304764270782,
		0.259879469871521
	],
	"left_ankle": [
		0.4357355833053589,
		1.6180014610290527,
		0.4554952085018158,
		0.10453858971595764
	],
	"right_hip": [
		0.3217722475528717,
		0.953511655330658,
		-0.030947832390666008,
		0.9724332094192505
	],
	"right_knee": [
		0.3165293335914612,
		1.3201584815979004,
		0.10806455463171005,
		0.2040395587682724
	],
	"right_ankle": [
		0.32643383741378784,
		1.631223201751709,
		0.4039991497993469,
		0.09744538366794586
	],
	"left_shoulder": [
		0.4335971176624298,
		0.44592055678367615,
		0.009107371792197227,
		0.9997618794441223
	],
	"left_elbow": [
		0.5799301862716675,
		0.41383957862854004,
		0.08368568867444992,
		0.9265187978744507
	],
	"left_wrist": [
		0.7130573987960815,
		0.39902034401893616,
		0.06304323673248291,
		0.9342808127403259
	],
	"right_shoulder": [
		0.2653825879096985,
		0.47278958559036255,
		-0.3372093439102173,
		0.9985081553459167
	],
	"right_elbow": [
		0.13982583582401276,
		0.3725520968437195,
		-0.7312535047531128,
		0.9402322769165039
	],
	"right_wrist": [
		0.2948099374771118,
		0.388998806476593,
		-0.9460365772247314,
		0.9092168807983398
	],
	"nose": [
		0.408792644739151,
		0.2916887402534485,
		-0.40688201785087585,
		0.9995257258415222
	],
	"left_eye": [
		0.39743173122406006,
		0.2650283873081207,
		-0.36980506777763367,
		0.9991334080696106
	],
	"right_eye": [
		0.3815839886665344,
		0.2630784213542938,
		-0.4026539921760559,
		0.999245285987854
	],
	"left_ear": [
		0.37152180075645447,
		0.2824472486972809,
		-0.1538524478673935,
		0.9995213150978088
	],
	"right_ear": [
		0.3265858590602875,
		0.2986642122268677,
		-0.29722389578819275,
		0.99941086769104
	]
}