{
	"left_hip": [
		0.4275459051132202,
		0.9496027231216431,
		0.032449156045913696,
		0.9788702130317688
	],
	"left_knee": [
		0.44579288363456726,
		1.3029619455337524,
		0.13768157362937927,
		0.19629500806331635
	],
	"left_ankle": [
		0.44110381603240967,
		1.6180897951126099,
		0.4312671720981598,
		0.07632897794246674
	],
	"right_hip": [
		0.32159194350242615,
		0.9522988796234131,
		-0.03083294816315174,
		0.9681013822555542
	],
	"right_knee": [
		0.32015904784202576,
		1.3139699697494507,
		0.09711585938930511,
		0.1515946090221405
	],
	"right_ankle": [
		0.33471497893333435,
		1.6314785480499268,
		0.34227851033210754,
		0.0713079571723938
	],
	"left_shoulder": [
		0.42899736762046814,
		0.4370005130767822,
		0.045074284076690674,
		0.9998073577880859
	],
	"left_elbow": [
		0.5807401537895203,
		0.40229707956314087,
		0.1286720186471939,
		0.9463324546813965
	],
	"left_wrist": [
		0.7119756937026978,
		0.3969642221927643,
		0.11233755201101303,
		0.9519945979118347
	],
	"right_shoulder": [
		0.26460328698158264,
		0.47120049595832825,
		-0.31927576661109924,
		0.9987845420837402
	],
	"right_elbow": [
		0.14240209758281708,
		0.3684734106063843,
		-0.7007016539573669,
		0.9559270739555359
	],
	"right_wrist": [
		0.2929859161376953,
		0.382794588804245,
		-0.8983392119407654,
		0.9265114665031433
	],
	"nose": [
		0.4038759171962738,
		0.2939985692501068,
		-0.3679475784301758,
		0.9996359944343567
	],
	"left_eye": [
		0.3937462866306305,
		0.26589053869247437,
		-0.3305875062942505,
		0.9993281960487366
	],
	"right_eye": [
		0.3817928731441498,
		0.26481446623802185,
		-0.3767225444316864,
		0.9994242191314697
	],
	"left_ear": [
		0.3675113022327423,
		0.284454345703125,
		-0.09799974411725998,
		0.9996333122253418
	],
	"right_ear": [
		0.3270023763179779,
		0.3053271770477295,
		-0.2735990583896637,
		0.9995595216751099
	]
}