{
	"left_hip": [
		0.42750638723373413,
		0.9585944414138794,
		0.020426128059625626,
		0.9648019075393677
	],
	"left_knee": [
		0.443743497133255,
		1.319157361984253,
		0.10313895344734192,
		0.1352842003107071
	],
	"left_ankle": [
		0.4485642611980438,
		1.640270709991455,
		0.35513386130332947,
		0.04592585936188698
	],
	"right_hip": [
		0.3215600252151489,
		0.9686785936355591,
		-0.01933194510638714,
		0.9517911076545715
	],
	"right_knee": [
		0.3245733082294464,
		1.3486319780349731,
		0.09245927631855011,
		0.10433123260736465
	],
	"right_ankle": [
		0.34069347381591797,
		1.6648449897766113,
		0.3061143457889557,
		0.04332660511136055
	],
	"left_shoulder": [
		0.41542720794677734,
		0.4285908043384552,
		0.020884178578853607,
		0.9996713399887085
	],
	"left_elbow": [
		0.538281261920929,
		0.3788628876209259,
		-0.1733616143465042,
		0.966447651386261
	],
	"left_wrist": [
		0.47105932235717773,
		0.3138062357902527,
		-0.29929766058921814,
		0.9646602272987366
	],
	"right_shoulder": [
		0.26280632615089417,
		0.4803536832332611,
		-0.15882830321788788,
		0.9990463256835938
	],
	"right_elbow": [
		0.14809580147266388,
		0.36569932103157043,
		-0.41832202672958374,
		0.9736279249191284
	],
	"right_wrist": [
		0.30721694231033325,
		0.3731310963630676,
		-0.3200978636741638,
		0.9261069297790527
	],
	"nose": [
		0.3745649456977844,
		0.3162064552307129,
		-0.3239835202693939,
		0.9997305870056152
	],
	"left_eye": [
		0.37349987030029297,
		0.2824321687221527,
		-0.29127758741378784,
		0.9994999766349792
	],
	"right_eye": [
		0.35242101550102234,
		0.28592222929000854,
		-0.310474693775177,
		0.9995981454849243
	],
	"left_ear": [
		0.3600696623325348,
		0.29412686824798584,
		-0.08607825636863708,
		0.9997352361679077
	],
	"right_ear": [
		0.3118342459201813,
		0.31897857785224915,
		-0.17487382888793945,
		0.9997256994247437
	]
}