{
	"left_hip": [
		0.42801371216773987,
		0.9484692811965942,
		0.010846189223229885,
		0.9232228994369507
	],
	"left_knee": [
		0.4437747299671173,
		1.31430184841156,
		0.10747907310724258,
		0.09253549575805664
	],
	"left_ankle": [
		0.4511600732803345,
		1.6398866176605225,
		0.37987956404685974,
		0.022069141268730164
	],
	"right_hip": [
		0.3231343924999237,
		0.9516134858131409,
		-0.009779009036719799,
		0.8948453664779663
	],
	"right_knee": [
		0.327034056186676,
		1.3327064514160156,
		0.06623032689094543,
		0.07027546316385269
	],
	"right_ankle": [
		0.3400026559829712,
		1.6589478254318237,
		0.2900541424751282,
		0.021921424195170403
	],
	"left_shoulder": [
		0.4192023277282715,
		0.421608567237854,
		-0.047789182513952255,
		0.9994329214096069
	],
	"left_elbow": [
		0.5580635666847229,
		0.348876416683197,
		-0.06101237237453461,
		0.9838624596595764
	],
	"left_wrist": [
		0.6387030482292175,
		0.2834816575050354,
		-0.08203283697366714,
		0.970082700252533
	],
	"right_shoulder": [
		0.26083335280418396,
		0.4708693027496338,
		-0.24856266379356384,
		0.9985368251800537
	],
	"right_elbow": [
		0.16323477029800415,
		0.377644807100296,
		-0.5753173232078552,
		0.9875872731208801
	],
	"right_wrist": [
		0.308974951505661,
		0.3700328767299652,
		-0.6469741463661194,
		0.8877506852149963
	],
	"nose": [
		0.370897114276886,
		0.2943168878555298,
		-0.4009648263454437,
		0.9996515512466431
	],
	"left_eye": [
		0.368324339389801,
		0.26631879806518555,
		-0.3654440641403198,
		0.9993318915367126
	],
	"right_eye": [
		0.34787407517433167,
		0.27378854155540466,
		-0.38406386971473694,
		0.9994577169418335
	],
	"left_ear": [
		0.3554796278476715,
		0.2850956916809082,
		-0.16041997075080872,
		0.9996896386146545
	],
	"right_ear": [
		0.30822640657424927,
		0.3121408522129059,
		-0.24461978673934937,
		0.9997788667678833
	]
}