{
	"left_hip": [
		0.4258686304092407,
		0.9581437706947327,
		0.006564581301063299,
		0.8313086628913879
	],
	"left_knee": [
		0.4400855302810669,
		1.3330665826797485,
		0.0896184965968132,
		0.07653647661209106
	],
	"left_ankle": [
		0.4446897506713867,
		1.6628912687301636,
		0.3677484095096588,
		0.011784243397414684
	],
	"right_hip": [
		0.31658071279525757,
		0.9595035314559937,
		-0.005374486558139324,
		0.8036132454872131
	],
	"right_knee": [
		0.3219030201435089,
		1.3500697612762451,
		0.07335855811834335,
		0.056488461792469025
	],
	"right_ankle": [
		0.32858750224113464,
		1.675268292427063,
		0.31060102581977844,
		0.011848528869450092
	],
	"left_shoulder": [
		0.4249359667301178,
		0.4396890699863434,
		-0.020945854485034943,
		0.9991011619567871
	],
	"left_elbow": [
		0.5616190433502197,
		0.3591485023498535,
		-0.06335743516683578,
		0.9918130040168762
	],
	"left_wrist": [
		0.6383423209190369,
		0.3036756217479706,
		-0.06081312149763107,
		0.936309814453125
	],
	"right_shoulder": [
		0.25935736298561096,
		0.4776848256587982,
		-0.1952085644006729,
		0.9989050030708313
	],
	"right_elbow": [
		0.151426762342453,
		0.36916688084602356,
		-0.47296425700187683,
		0.9955331683158875
	],
	"right_wrist": [
		0.29532623291015625,
		0.3721946179866791,
		-0.5023338198661804,
		0.8763881325721741
	],
	"nose": [
		0.3756864666938782,
		0.31121766567230225,
		-0.350117027759552,
		0.9995243549346924
	],
	"left_eye": [
		0.37339910864830017,
		0.2776528596878052,
		-0.3146253228187561,
		0.9989254474639893
	],
	"right_eye": [
		0.35240793228149414,
		0.286428302526474,
		-0.3295592665672302,
		0.9992669224739075
	],
	"left_ear": [
		0.361907035112381,
		0.29152950644493103,
		-0.11873786151409149,
		0.9994620084762573
	],
	"right_ear": [
		0.3103128671646118,
		0.3172239065170288,
		-0.18708936870098114,
		0.9998135566711426
	]
}