{
	"left_hip": [
		0.42733234167099,
		0.9596002697944641,
		0.00765318563207984,
		0.8446404337882996
	],
	"left_knee": [
		0.44325366616249084,
		1.333966612815857,
		0.11500655859708786,
		0.06480192393064499
	],
	"left_ankle": [
		0.44514867663383484,
		1.6627545356750488,
		0.4123271703720093,
		0.009606478735804558
	],
	"right_hip": [
		0.31616830825805664,
		0.9599584341049194,
		-0.006293483544141054,
		0.8134869337081909
	],
	"right_knee": [
		0.32162681221961975,
		1.3487770557403564,
		0.07594070583581924,
		0.04755856469273567
	],
	"right_ankle": [
		0.33043697476387024,
		1.6744121313095093,
		0.3112236559391022,
		0.009720358066260815
	],
	"left_shoulder": [
		0.4271356165409088,
		0.43557968735694885,
		-0.03517603501677513,
		0.9992271065711975
	],
	"left_elbow": [
		0.5669931769371033,
		0.361092746257782,
		-0.020108196884393692,
		0.9932170510292053
	],
	"left_wrist": [
		0.6930679082870483,
		0.3195018470287323,
		-0.03455572947859764,
		0.9481199979782104
	],
	"right_shoulder": [
		0.2587917447090149,
		0.47917377948760986,
		-0.2798658311367035,
		0.9989580512046814
	],
	"right_elbow": [
		0.1531941294670105,
		0.3694561719894409,
		-0.6187340021133423,
		0.996137261390686
	],
	"right_wrist": [
		0.30186840891838074,
		0.3686254024505615,
		-0.7212255597114563,
		0.8880433440208435
	],
	"nose": [
		0.37428438663482666,
		0.311364084482193,
		-0.4149349629878998,
		0.9995874166488647
	],
	"left_eye": [
		0.3714921772480011,
		0.27793481945991516,
		-0.37799540162086487,
		0.999070942401886
	],
	"right_eye": [
		0.35177984833717346,
		0.28707748651504517,
		-0.3989611268043518,
		0.999366283416748
	],
	"left_ear": [
		0.3600192666053772,
		0.2915761172771454,
		-0.16215841472148895,
		0.9995360374450684
	],
	"right_ear": [
		0.31019115447998047,
		0.3180106580257416,
		-0.25427186489105225,
		0.999834418296814
	]
}