{
	"left_hip": [
		0.4286867678165436,
		0.9576771855354309,
		0.03268779069185257,
		0.9183893799781799
	],
	"left_knee": [
		0.4425458312034607,
		1.3192552328109741,
		0.14084617793560028,
		0.037765923887491226
	],
	"left_ankle": [
		0.43836551904678345,
		1.6454260349273682,
		0.42937034368515015,
		0.0031784737948328257
	],
	"right_hip": [
		0.3160962760448456,
		0.9592810869216919,
		-0.03153223544359207,
		0.8836888074874878
	],
	"right_knee": [
		0.31530067324638367,
		1.3283275365829468,
		0.027419911697506905,
		0.023966576904058456
	],
	"right_ankle": [
		0.3262802064418793,
		1.652021050453186,
		0.24359045922756195,
		0.0036968812346458435
	],
	"left_shoulder": [
		0.42779818177223206,
		0.43562015891075134,
		-0.020947039127349854,
		0.999666154384613
	],
	"left_elbow": [
		0.5814911723136902,
		0.3784143924713135,
		0.03534434363245964,
		0.9975453019142151
	],
	"left_wrist": [
		0.7115023732185364,
		0.36369284987449646,
		0.021311430260539055,
		0.9843376874923706
	],
	"right_shoulder": [
		0.25282666087150574,
		0.4718562662601471,
		-0.3449212908744812,
		0.9990085959434509
	],
	"right_elbow": [
		0.15054811537265778,
		0.3795461654663086,
		-0.7484835386276245,
		0.9965028762817383
	],
	"right_wrist": [
		0.2939774692058563,
		0.37146493792533875,
		-0.9468934535980225,
		0.9205281138420105
	],
	"nose": [
		0.39519017934799194,
		0.29540616273880005,
		-0.392863392829895,
		0.999786376953125
	],
	"left_eye": [
		0.38293200731277466,
		0.2700573205947876,
		-0.3569026291370392,
		0.9995617270469666
	],
	"right_eye": [
		0.3689552843570709,
		0.2754382789134979,
		-0.38971424102783203,
		0.9997157454490662
	],
	"left_ear": [
		0.36159178614616394,
		0.2923646569252014,
		-0.14657501876354218,
		0.9997886419296265
	],
	"right_ear": [
		0.31897833943367004,
		0.31574058532714844,
		-0.297618567943573,
		0.999907374382019
	]
}