{
	"left_hip": [
		0.4289306104183197,
		0.9609453082084656,
		0.025423843413591385,
		0.9258602261543274
	],
	"left_knee": [
		0.4407063126564026,
		1.329445719718933,
		0.12381604313850403,
		0.030504625290632248
	],
	"left_ankle": [
		0.4350523054599762,
		1.6558910608291626,
		0.4057382345199585,
		0.0016302084550261497
	],
	"right_hip": [
		0.31596606969833374,
		0.9570903778076172,
		-0.024176891893148422,
		0.8858414888381958
	],
	"right_knee": [
		0.31408005952835083,
		1.3358781337738037,
		0.03376493230462074,
		0.017108602449297905
	],
	"right_ankle": [
		0.32230961322784424,
		1.6621828079223633,
		0.25211843848228455,
		0.002333099488168955
	],
	"left_shoulder": [
		0.43072181940078735,
		0.44126155972480774,
		-0.022567642852663994,
		0.9997971653938293
	],
	"left_elbow": [
		0.5795024037361145,
		0.39289742708206177,
		0.04860525205731392,
		0.9986794590950012
	],
	"left_wrist": [
		0.7113516330718994,
		0.3760378062725067,
		0.05030950531363487,
		0.9931840300559998
	],
	"right_shoulder": [
		0.2580401599407196,
		0.47292959690093994,
		-0.3268742561340332,
		0.999180018901825
	],
	"right_elbow": [
		0.15039308369159698,
		0.3768545687198639,
		-0.6889274716377258,
		0.9965466260910034
	],
	"right_wrist": [
		0.29458698630332947,
		0.38340839743614197,
		-0.8131152391433716,
		0.9245198369026184
	],
	"nose": [
		0.39536693692207336,
		0.29228588938713074,
		-0.3864850103855133,
		0.9998600482940674
	],
	"left_eye": [
		0.3838971257209778,
		0.26692071557044983,
		-0.3505764603614807,
		0.9997172355651855
	],
	"right_eye": [
		0.36962461471557617,
		0.2724471092224121,
		-0.3812248408794403,
		0.9998255372047424
	],
	"left_ear": [
		0.3641400933265686,
		0.29380062222480774,
		-0.14364631474018097,
		0.9998653531074524
	],
	"right_ear": [
		0.3237377405166626,
		0.3141215443611145,
		-0.28305044770240784,
		0.9999365210533142
	]
}