{
	"left_hip": [
		0.4291873574256897,
		0.957992434501648,
		0.015384419821202755,
		0.9048248529434204
	],
	"left_knee": [
		0.44102227687835693,
		1.3278220891952515,
		0.09276403486728668,
		0.02840208075940609
	],
	"left_ankle": [
		0.4366011619567871,
		1.6578515768051147,
		0.3384324312210083,
		0.0012571311090141535
	],
	"right_hip": [
		0.3182908892631531,
		0.9537323117256165,
		-0.01422374602407217,
		0.8555859923362732
	],
	"right_knee": [
		0.31537339091300964,
		1.3333985805511475,
		0.020795229822397232,
		0.015938926488161087
	],
	"right_ankle": [
		0.3250006437301636,
		1.6599258184432983,
		0.2142559140920639,
		0.0020551069173961878
	],
	"left_shoulder": [
		0.430244505405426,
		0.43797335028648376,
		-0.025298528373241425,
		0.9998177886009216
	],
	"left_elbow": [
		0.5774690508842468,
		0.4000171422958374,
		-0.004280155058950186,
		0.9989655017852783
	],
	"left_wrist": [
		0.7121650576591492,
		0.3786565661430359,
		0.01564670540392399,
		0.9953693747520447
	],
	"right_shoulder": [
		0.25826993584632874,
		0.47389116883277893,
		-0.25333094596862793,
		0.9992470145225525
	],
	"right_elbow": [
		0.1502525955438614,
		0.37436816096305847,
		-0.5197047591209412,
		0.9969672560691833
	],
	"right_wrist": [
		0.30003389716148376,
		0.3789648115634918,
		-0.507002055644989,
		0.9238073825836182
	],
	"nose": [
		0.3890373110771179,
		0.29758498072624207,
		-0.36149489879608154,
		0.999867856502533
	],
	"left_eye": [
		0.380459189414978,
		0.2681691348552704,
		-0.3274955749511719,
		0.999732494354248
	],
	"right_eye": [
		0.362115740776062,
		0.27632731199264526,
		-0.3516262173652649,
		0.9998344779014587
	],
	"left_ear": [
		0.3629554510116577,
		0.29296860098838806,
		-0.13593609631061554,
		0.9998696446418762
	],
	"right_ear": [
		0.3193017542362213,
		0.3149411380290985,
		-0.23598729074001312,
		0.9999386072158813
	]
}