{
	"left_hip": [
		0.42923787236213684,
		0.9566015005111694,
		0.012402845546603203,
		0.8816251754760742
	],
	"left_knee": [
		0.4410846531391144,
		1.325396180152893,
		0.08517785370349884,
		0.027594981715083122
	],
	"left_ankle": [
		0.4370008111000061,
		1.657132863998413,
		0.32870107889175415,
		0.0011829053983092308
	],
	"right_hip": [
		0.31841185688972473,
		0.9529350996017456,
		-0.011202423833310604,
		0.8244291543960571
	],
	"right_knee": [
		0.31536898016929626,
		1.331951379776001,
		0.02718118019402027,
		0.015861347317695618
	],
	"right_ankle": [
		0.32466596364974976,
		1.6582242250442505,
		0.21979951858520508,
		0.001976401312276721
	],
	"left_shoulder": [
		0.4298235774040222,
		0.4373592138290405,
		-0.023579802364110947,
		0.9998036026954651
	],
	"left_elbow": [
		0.5743764638900757,
		0.40208178758621216,
		-0.016338475048542023,
		0.9989734888076782
	],
	"left_wrist": [
		0.7105883359909058,
		0.3784363865852356,
		0.0026434508617967367,
		0.9958058595657349
	],
	"right_shoulder": [
		0.2580588161945343,
		0.47501125931739807,
		-0.2393684983253479,
		0.9992488622665405
	],
	"right_elbow": [
		0.1504213511943817,
		0.37494078278541565,
		-0.5296797156333923,
		0.997276246547699
	],
	"right_wrist": [
		0.30226966738700867,
		0.3777403235435486,
		-0.5443010926246643,
		0.922654926776886
	],
	"nose": [
		0.38513344526290894,
		0.30240941047668457,
		-0.36575886607170105,
		0.9998658299446106
	],
	"left_eye": [
		0.3789274990558624,
		0.2707347571849823,
		-0.333200067281723,
		0.9997267127037048
	],
	"right_eye": [
		0.3576473891735077,
		0.2810102701187134,
		-0.34942108392715454,
		0.9998305439949036
	],
	"left_ear": [
		0.3630012571811676,
		0.2950890064239502,
		-0.13915134966373444,
		0.9998628497123718
	],
	"right_ear": [
		0.31633082032203674,
		0.3183872103691101,
		-0.22457419335842133,
		0.9999381303787231
	]
}