{
	"left_hip": [
		0.4294593632221222,
		0.9595752954483032,
		0.02266460843384266,
		0.8253838419914246
	],
	"left_knee": [
		0.4426726698875427,
		1.32515549659729,
		0.09079473465681076,
		0.03643948212265968
	],
	"left_ankle": [
		0.4464736878871918,
		1.6586852073669434,
		0.3293474614620209,
		0.001802849699743092
	],
	"right_hip": [
		0.32145342230796814,
		0.956988513469696,
		-0.021637357771396637,
		0.7708494663238525
	],
	"right_knee": [
		0.3193577826023102,
		1.3413621187210083,
		0.024962401017546654,
		0.023662788793444633
	],
	"right_ankle": [
		0.33094388246536255,
		1.672056794166565,
		0.21364441514015198,
		0.003107199678197503
	],
	"left_shoulder": [
		0.4270450174808502,
		0.4346223473548889,
		-0.031608715653419495,
		0.9994922280311584
	],
	"left_elbow": [
		0.5784833431243896,
		0.3882434368133545,
		0.004101586993783712,
		0.9981223940849304
	],
	"left_wrist": [
		0.6945925354957581,
		0.3452928364276886,
		0.03970484063029289,
		0.9929434657096863
	],
	"right_shoulder": [
		0.2572474181652069,
		0.48123571276664734,
		-0.2740049958229065,
		0.9991787075996399
	],
	"right_elbow": [
		0.14746461808681488,
		0.3719419240951538,
		-0.5749360918998718,
		0.9977498054504395
	],
	"right_wrist": [
		0.29549309611320496,
		0.3837656080722809,
		-0.6190952062606812,
		0.8957188725471497
	],
	"nose": [
		0.38489559292793274,
		0.2991199195384979,
		-0.37423187494277954,
		0.9997779130935669
	],
	"left_eye": [
		0.37760621309280396,
		0.26957443356513977,
		-0.3443674147129059,
		0.9995383620262146
	],
	"right_eye": [
		0.35682061314582825,
		0.27878716588020325,
		-0.366834819316864,
		0.9997568726539612
	],
	"left_ear": [
		0.36073872447013855,
		0.2946254312992096,
		-0.15541784465312958,
		0.9997490644454956
	],
	"right_ear": [
		0.31333601474761963,
		0.31959885358810425,
		-0.25856155157089233,
		0.9999240040779114
	]
}