{
	"left_hip": [
		0.42956623435020447,
		0.9602134227752686,
		0.022939322516322136,
		0.8283116221427917
	],
	"left_knee": [
		0.44354644417762756,
		1.3272273540496826,
		0.08980481326580048,
		0.03527441993355751
	],
	"left_ankle": [
		0.4463733434677124,
		1.6611462831497192,
		0.32975226640701294,
		0.0017038382356986403
	],
	"right_hip": [
		0.32161572575569153,
		0.957610547542572,
		-0.02188963256776333,
		0.7743496298789978
	],
	"right_knee": [
		0.31935229897499084,
		1.3423593044281006,
		0.023356979712843895,
		0.023048637434840202
	],
	"right_ankle": [
		0.33096837997436523,
		1.6730377674102783,
		0.2131493091583252,
		0.0029877310153096914
	],
	"left_shoulder": [
		0.42688798904418945,
		0.4347357451915741,
		-0.03225566819310188,
		0.9995052218437195
	],
	"left_elbow": [
		0.5785565972328186,
		0.3882613182067871,
		0.006299272645264864,
		0.9981985092163086
	],
	"left_wrist": [
		0.6989993453025818,
		0.3508687913417816,
		0.035469140857458115,
		0.9933028221130371
	],
	"right_shoulder": [
		0.25656193494796753,
		0.48154568672180176,
		-0.29577937722206116,
		0.9991945624351501
	],
	"right_elbow": [
		0.14740726351737976,
		0.37182384729385376,
		-0.6217510104179382,
		0.9977583289146423
	],
	"right_wrist": [
		0.2955157458782196,
		0.3837575316429138,
		-0.692454993724823,
		0.8986358046531677
	],
	"nose": [
		0.3847390413284302,
		0.29932811856269836,
		-0.38448047637939453,
		0.9997833967208862
	],
	"left_eye": [
		0.37745401263237,
		0.26980942487716675,
		-0.35310041904449463,
		0.9995461106300354
	],
	"right_eye": [
		0.3566127419471741,
		0.2788744866847992,
		-0.37753957509994507,
		0.9997633695602417
	],
	"left_ear": [
		0.36054563522338867,
		0.29475051164627075,
		-0.1593812108039856,
		0.9997532963752747
	],
	"right_ear": [
		0.3127495050430298,
		0.31959936022758484,
		-0.27001041173934937,
		0.9999249577522278
	]
}