{
	"left_hip": [
		0.4295623004436493,
		0.9602155685424805,
		0.022954950109124184,
		0.8309884071350098
	],
	"left_knee": [
		0.4435821771621704,
		1.328510046005249,
		0.0967414453625679,
		0.03428782522678375
	],
	"left_ankle": [
		0.4462983012199402,
		1.6623417139053345,
		0.349033921957016,
		0.0016174360644072294
	],
	"right_hip": [
		0.32145270705223083,
		0.9575876593589783,
		-0.021893994882702827,
		0.7768813371658325
	],
	"right_knee": [
		0.31900638341903687,
		1.3426611423492432,
		0.024943189695477486,
		0.022706883028149605
	],
	"right_ankle": [
		0.33053743839263916,
		1.673506498336792,
		0.21964508295059204,
		0.0028854378033429384
	],
	"left_shoulder": [
		0.42681607604026794,
		0.43409350514411926,
		-0.040295325219631195,
		0.999523937702179
	],
	"left_elbow": [
		0.5788633227348328,
		0.3881097137928009,
		0.002819471526890993,
		0.998278021812439
	],
	"left_wrist": [
		0.7005115151405334,
		0.3561769425868988,
		0.02797846868634224,
		0.9937028884887695
	],
	"right_shoulder": [
		0.2565595805644989,
		0.48152777552604675,
		-0.2991390824317932,
		0.9992152452468872
	],
	"right_elbow": [
		0.14740951359272003,
		0.3715971112251282,
		-0.6046980619430542,
		0.9978060126304626
	],
	"right_wrist": [
		0.29634252190589905,
		0.3831954300403595,
		-0.6448855996131897,
		0.9014021158218384
	],
	"nose": [
		0.38377824425697327,
		0.2994712293148041,
		-0.3969629406929016,
		0.9997888803482056
	],
	"left_eye": [
		0.37641334533691406,
		0.2698439955711365,
		-0.3662105202674866,
		0.9995543360710144
	],
	"right_eye": [
		0.3554837107658386,
		0.2789728045463562,
		-0.3894859552383423,
		0.999768078327179
	],
	"left_ear": [
		0.3594517409801483,
		0.2946883738040924,
		-0.17228765785694122,
		0.9997578859329224
	],
	"right_ear": [
		0.31239089369773865,
		0.31949153542518616,
		-0.27736949920654297,
		0.9999256730079651
	]
}