{
	"left_hip": [
		0.43069666624069214,
		0.9501428604125977,
		0.05688455328345299,
		0.8777759075164795
	],
	"left_knee": [
		0.44872304797172546,
		1.334128499031067,
		0.17645123600959778,
		0.03703300654888153
	],
	"left_ankle": [
		0.4445280134677887,
		1.670220971107483,
		0.48832592368125916,
		0.001342452596873045
	],
	"right_hip": [
		0.3296634554862976,
		0.973061203956604,
		-0.0563356988132,
		0.8309581279754639
	],
	"right_knee": [
		0.31710851192474365,
		1.3547484874725342,
		-0.00048493396025151014,
		0.020938726142048836
	],
	"right_ankle": [
		0.3277908265590668,
		1.6977788209915161,
		0.25840142369270325,
		0.0027382385451346636
	],
	"left_shoulder": [
		0.42956024408340454,
		0.41677552461624146,
		-0.01996557228267193,
		0.99968022108078
	],
	"left_elbow": [
		0.5844915509223938,
		0.38849735260009766,
		0.15696139633655548,
		0.998852014541626
	],
	"left_wrist": [
		0.722409188747406,
		0.3824727535247803,
		0.2236718237400055,
		0.9962225556373596
	],
	"right_shoulder": [
		0.25203922390937805,
		0.4847540259361267,
		-0.40922582149505615,
		0.999314546585083
	],
	"right_elbow": [
		0.10183258354663849,
		0.4933629333972931,
		-0.8255110383033752,
		0.9975255131721497
	],
	"right_wrist": [
		0.2297268956899643,
		0.39575091004371643,
		-1.0457526445388794,
		0.9332582950592041
	],
	"nose": [
		0.3954872786998749,
		0.2787816822528839,
		-0.43293052911758423,
		0.9998156428337097
	],
	"left_eye": [
		0.3820001482963562,
		0.25218936800956726,
		-0.3873084783554077,
		0.9995889663696289
	],
	"right_eye": [
		0.3691195547580719,
		0.2576885223388672,
		-0.42866241931915283,
		0.999794065952301
	],
	"left_ear": [
		0.3593394160270691,
		0.2760407328605652,
		-0.16968733072280884,
		0.99977707862854
	],
	"right_ear": [
		0.3217889070510864,
		0.2991117238998413,
		-0.3516073524951935,
		0.999924898147583
	]
}