{
	"left_hip": [
		0.43034663796424866,
		0.9544621109962463,
		0.06704733520746231,
		0.958785891532898
	],
	"left_knee": [
		0.45004409551620483,
		1.347657322883606,
		0.22832775115966797,
		0.09461898356676102
	],
	"left_ankle": [
		0.4493918716907501,
		1.6865824460983276,
		0.5971213579177856,
		0.002794484840705991
	],
	"right_hip": [
		0.3370336890220642,
		0.9525620341300964,
		-0.06642584502696991,
		0.9342491626739502
	],
	"right_knee": [
		0.3244861960411072,
		1.3691701889038086,
		0.01423386950045824,
		0.0383777990937233
	],
	"right_ankle": [
		0.332101047039032,
		1.7155165672302246,
		0.2980354130268097,
		0.0054746465757489204
	],
	"left_shoulder": [
		0.42327043414115906,
		0.4335392415523529,
		0.01600608602166176,
		0.9997038841247559
	],
	"left_elbow": [
		0.5699609518051147,
		0.42390042543411255,
		0.21789804100990295,
		0.9992866516113281
	],
	"left_wrist": [
		0.6826656460762024,
		0.4024026691913605,
		0.3016915023326874,
		0.9979161620140076
	],
	"right_shoulder": [
		0.2436017543077469,
		0.4901649057865143,
		-0.40970662236213684,
		0.9993460774421692
	],
	"right_elbow": [
		0.107594333589077,
		0.5137142539024353,
		-0.8455588817596436,
		0.9966241121292114
	],
	"right_wrist": [
		0.21803979575634003,
		0.3871072828769684,
		-1.0889521837234497,
		0.9794106483459473
	],
	"nose": [
		0.3962106704711914,
		0.291774719953537,
		-0.43351510167121887,
		0.9997844099998474
	],
	"left_eye": [
		0.38491493463516235,
		0.2610993981361389,
		-0.38254988193511963,
		0.9994534254074097
	],
	"right_eye": [
		0.37042924761772156,
		0.2649019658565521,
		-0.4269924759864807,
		0.9998045563697815
	],
	"left_ear": [
		0.359693318605423,
		0.28064823150634766,
		-0.14607657492160797,
		0.9995591044425964
	],
	"right_ear": [
		0.32638904452323914,
		0.29585960507392883,
		-0.34622129797935486,
		0.9998800754547119
	]
}