{
	"left_hip": [
		0.4269064664840698,
		0.9518886804580688,
		0.06403516232967377,
		0.9561225771903992
	],
	"left_knee": [
		0.44338858127593994,
		1.335362434387207,
		0.2009570300579071,
		0.11370589584112167
	],
	"left_ankle": [
		0.44169875979423523,
		1.6693110466003418,
		0.5266199707984924,
		0.003808988258242607
	],
	"right_hip": [
		0.3339717984199524,
		0.9451984763145447,
		-0.06347056478261948,
		0.9285464286804199
	],
	"right_knee": [
		0.3214254081249237,
		1.3559783697128296,
		-0.012801659293472767,
		0.049311134964227676
	],
	"right_ankle": [
		0.3275049328804016,
		1.6986831426620483,
		0.24315819144248962,
		0.007608095183968544
	],
	"left_shoulder": [
		0.4267464578151703,
		0.4226768910884857,
		-0.043296169489622116,
		0.9997018575668335
	],
	"left_elbow": [
		0.5772936940193176,
		0.42309290170669556,
		0.1294025480747223,
		0.99920654296875
	],
	"left_wrist": [
		0.7104911208152771,
		0.435911625623703,
		0.17763622105121613,
		0.9974470138549805
	],
	"right_shoulder": [
		0.24597913026809692,
		0.487400084733963,
		-0.4163922667503357,
		0.9992969036102295
	],
	"right_elbow": [
		0.11056672781705856,
		0.5060553550720215,
		-0.7963260412216187,
		0.9960882067680359
	],
	"right_wrist": [
		0.22138196229934692,
		0.39502379298210144,
		-1.001650333404541,
		0.976020097732544
	],
	"nose": [
		0.3957737982273102,
		0.2865084111690521,
		-0.4408467710018158,
		0.9998032450675964
	],
	"left_eye": [
		0.3844909369945526,
		0.25797411799430847,
		-0.3987373411655426,
		0.9995187520980835
	],
	"right_eye": [
		0.37132683396339417,
		0.26263830065727234,
		-0.44107213616371155,
		0.9998307228088379
	],
	"left_ear": [
		0.35959216952323914,
		0.27976492047309875,
		-0.19631074368953705,
		0.9996170401573181
	],
	"right_ear": [
		0.32894498109817505,
		0.295171856880188,
		-0.3808765113353729,
		0.9998984932899475
	]
}