{
	"left_hip": [
		0.43266183137893677,
		0.9525030255317688,
		0.054562054574489594,
		0.9591922163963318
	],
	"left_knee": [
		0.4443407654762268,
		1.346738338470459,
		0.1958918422460556,
		0.0888805165886879
	],
	"left_ankle": [
		0.44775864481925964,
		1.6843270063400269,
		0.4892309308052063,
		0.0027704420499503613
	],
	"right_hip": [
		0.3344500660896301,
		0.9609814882278442,
		-0.053798265755176544,
		0.9324634075164795
	],
	"right_knee": [
		0.3274458348751068,
		1.3714277744293213,
		-0.006304563954472542,
		0.03707768768072128
	],
	"right_ankle": [
		0.3368127942085266,
		1.713618278503418,
		0.1790170818567276,
		0.005318889860063791
	],
	"left_shoulder": [
		0.4281587600708008,
		0.42120078206062317,
		0.030298102647066116,
		0.9998743534088135
	],
	"left_elbow": [
		0.5429549813270569,
		0.45154425501823425,
		0.23599515855312347,
		0.9994493722915649
	],
	"left_wrist": [
		0.6611491441726685,
		0.47786808013916016,
		0.31538379192352295,
		0.9986333250999451
	],
	"right_shoulder": [
		0.24766714870929718,
		0.48079055547714233,
		-0.3086932897567749,
		0.9995629787445068
	],
	"right_elbow": [
		0.10464765876531601,
		0.5156286954879761,
		-0.6938562989234924,
		0.9972845315933228
	],
	"right_wrist": [
		0.21490855515003204,
		0.38809898495674133,
		-0.8954799771308899,
		0.9867499470710754
	],
	"nose": [
		0.40276870131492615,
		0.29191797971725464,
		-0.3756820261478424,
		0.9998413324356079
	],
	"left_eye": [
		0.3940296769142151,
		0.26011496782302856,
		-0.33667173981666565,
		0.9996438026428223
	],
	"right_eye": [
		0.37627723813056946,
		0.2642247974872589,
		-0.3799254298210144,
		0.9998419284820557
	],
	"left_ear": [
		0.3691803812980652,
		0.27767089009284973,
		-0.11969930678606033,
		0.9997413158416748
	],
	"right_ear": [
		0.33344411849975586,
		0.2937856614589691,
		-0.3170599043369293,
		0.9998993873596191
	]
}