{
	"left_hip": [
		0.4305795729160309,
		0.951960563659668,
		0.06527243554592133,
		0.9618968963623047
	],
	"left_knee": [
		0.44469788670539856,
		1.3449006080627441,
		0.18746846914291382,
		0.08746954798698425
	],
	"left_ankle": [
		0.44814732670783997,
		1.6823229789733887,
		0.490064799785614,
		0.0026424003299325705
	],
	"right_hip": [
		0.3351660966873169,
		0.9610841870307922,
		-0.06451047956943512,
		0.9361875653266907
	],
	"right_knee": [
		0.3271840810775757,
		1.371108889579773,
		-0.00710308738052845,
		0.0368880033493042
	],
	"right_ankle": [
		0.33650144934654236,
		1.7140264511108398,
		0.18952767550945282,
		0.005144829396158457
	],
	"left_shoulder": [
		0.4263004958629608,
		0.4216834604740143,
		0.06506720930337906,
		0.9998840689659119
	],
	"left_elbow": [
		0.5432766675949097,
		0.44895726442337036,
		0.31381115317344666,
		0.99947190284729
	],
	"left_wrist": [
		0.661243200302124,
		0.4705321192741394,
		0.4164379835128784,
		0.9987432360649109
	],
	"right_shoulder": [
		0.2501040995121002,
		0.4804489016532898,
		-0.31393036246299744,
		0.9995603561401367
	],
	"right_elbow": [
		0.1044459119439125,
		0.5110321044921875,
		-0.7016145586967468,
		0.9974138140678406
	],
	"right_wrist": [
		0.21625091135501862,
		0.38162434101104736,
		-0.922467827796936,
		0.9877125024795532
	],
	"nose": [
		0.403316468000412,
		0.29207903146743774,
		-0.32513996958732605,
		0.9998465776443481
	],
	"left_eye": [
		0.39488527178764343,
		0.26013830304145813,
		-0.28412777185440063,
		0.9996576905250549
	],
	"right_eye": [
		0.37699049711227417,
		0.2642705738544464,
		-0.33557018637657166,
		0.9998466968536377
	],
	"left_ear": [
		0.3699154853820801,
		0.27738064527511597,
		-0.07543934881687164,
		0.9997540712356567
	],
	"right_ear": [
		0.3346339166164398,
		0.29364314675331116,
		-0.3090927302837372,
		0.9999024271965027
	]
}