{
	"left_hip": [
		0.4300978481769562,
		0.9395730495452881,
		0.057433005422353745,
		0.9649664163589478
	],
	"left_knee": [
		0.4467920958995819,
		1.3303110599517822,
		0.16535726189613342,
		0.08959506452083588
	],
	"left_ankle": [
		0.45302534103393555,
		1.6632002592086792,
		0.4739742875099182,
		0.0025507218670099974
	],
	"right_hip": [
		0.3351331949234009,
		0.9562035202980042,
		-0.05661994591355324,
		0.9397672414779663
	],
	"right_knee": [
		0.33027875423431396,
		1.361329436302185,
		0.0011508908355608582,
		0.03711879625916481
	],
	"right_ankle": [
		0.34211796522140503,
		1.6991233825683594,
		0.22315029799938202,
		0.004886581562459469
	],
	"left_shoulder": [
		0.4250327944755554,
		0.41858789324760437,
		0.04913633316755295,
		0.999900221824646
	],
	"left_elbow": [
		0.5452600121498108,
		0.4391695559024811,
		0.2794649302959442,
		0.9994990229606628
	],
	"left_wrist": [
		0.661005437374115,
		0.461438924074173,
		0.3567729592323303,
		0.998913049697876
	],
	"right_shoulder": [
		0.24995777010917664,
		0.47588852047920227,
		-0.29459086060523987,
		0.9995629191398621
	],
	"right_elbow": [
		0.098579540848732,
		0.5069817304611206,
		-0.6698812246322632,
		0.9975854754447937
	],
	"right_wrist": [
		0.21773943305015564,
		0.3699647784233093,
		-0.8901548385620117,
		0.9889829158782959
	],
	"nose": [
		0.40577349066734314,
		0.29177793860435486,
		-0.31150147318840027,
		0.9998526573181152
	],
	"left_eye": [
		0.39778587222099304,
		0.25903236865997314,
		-0.27101847529411316,
		0.999675452709198
	],
	"right_eye": [
		0.37906143069267273,
		0.263692706823349,
		-0.3208724558353424,
		0.9998509883880615
	],
	"left_ear": [
		0.37344905734062195,
		0.2757207453250885,
		-0.07634676247835159,
		0.9997743964195251
	],
	"right_ear": [
		0.33590832352638245,
		0.29330042004585266,
		-0.2886735498905182,
		0.9999074339866638
	]
}