{
	"left_hip": [
		0.42982563376426697,
		0.9368829727172852,
		0.06495285779237747,
		0.9668939709663391
	],
	"left_knee": [
		0.4453689754009247,
		1.3293219804763794,
		0.16608673334121704,
		0.09976950287818909
	],
	"left_ankle": [
		0.45164230465888977,
		1.6643457412719727,
		0.464211642742157,
		0.002768919337540865
	],
	"right_hip": [
		0.33527591824531555,
		0.9548332095146179,
		-0.06431815028190613,
		0.9424797892570496
	],
	"right_knee": [
		0.32880210876464844,
		1.3607503175735474,
		-0.03599236160516739,
		0.04153744503855705
	],
	"right_ankle": [
		0.34005746245384216,
		1.7013572454452515,
		0.16212807595729828,
		0.005290433764457703
	],
	"left_shoulder": [
		0.4250223934650421,
		0.41761890053749084,
		0.07001817971467972,
		0.9999083280563354
	],
	"left_elbow": [
		0.545683741569519,
		0.43598055839538574,
		0.3005414307117462,
		0.9995279312133789
	],
	"left_wrist": [
		0.661600649356842,
		0.45752575993537903,
		0.3807578682899475,
		0.9989959597587585
	],
	"right_shoulder": [
		0.25009483098983765,
		0.47424277663230896,
		-0.2970587909221649,
		0.9995809197425842
	],
	"right_elbow": [
		0.09787669777870178,
		0.5070289969444275,
		-0.6717804074287415,
		0.9976628422737122
	],
	"right_wrist": [
		0.21717847883701324,
		0.3696560263633728,
		-0.8933941125869751,
		0.9897235631942749
	],
	"nose": [
		0.40738245844841003,
		0.29148128628730774,
		-0.28442898392677307,
		0.9998581409454346
	],
	"left_eye": [
		0.39840275049209595,
		0.2589288353919983,
		-0.24390579760074615,
		0.9996899366378784
	],
	"right_eye": [
		0.38126134872436523,
		0.26339179277420044,
		-0.29471519589424133,
		0.9998571872711182
	],
	"left_ear": [
		0.3733363151550293,
		0.2754727602005005,
		-0.05004874989390373,
		0.9997861981391907
	],
	"right_ear": [
		0.33779245615005493,
		0.2927287817001343,
		-0.2793472409248352,
		0.9999118447303772
	]
}