{
	"left_hip": [
		0.49439626932144165,
		1.1524803638458252,
		0.17793592810630798,
		0.20942705869674683
	],
	"left_knee": [
		0.5488487482070923,
		1.4358539581298828,
		0.2405148446559906,
		0.03748549893498421
	],
	"left_ankle": [
		0.5547642111778259,
		1.8166565895080566,
		0.5437948107719421,
		0.006568500772118568
	],
	"right_hip": [
		0.41394710540771484,
		1.167725682258606,
		-0.17669495940208435,
		0.19208699464797974
	],
	"right_knee": [
		0.46796607971191406,
		1.466381311416626,
		-0.11756124347448349,
		0.09012111276388168
	],
	"right_ankle": [
		0.4593272805213928,
		1.8718321323394775,
		0.1352854073047638,
		0.011687119491398335
	],
	"left_shoulder": [
		0.5036965012550354,
		0.595159649848938,
		0.23330657184123993,
		0.9896281957626343
	],
	"left_elbow": [
		0.544233500957489,
		0.8859360814094543,
		0.2692892849445343,
		0.15245841443538666
	],
	"left_wrist": [
		0.6065347194671631,
		1.0923048257827759,
		0.08058712631464005,
		0.25632330775260925
	],
	"right_shoulder": [
		0.3841193616390228,
		0.5397522449493408,
		-0.4698026776313782,
		0.9983144402503967
	],
	"right_elbow": [
		0.3954532742500305,
		0.8726351261138916,
		-0.5675691366195679,
		0.884888768196106
	],
	"right_wrist": [
		0.4944747984409332,
		1.1181895732879639,
		-0.5903372168540955,
		0.7587831616401672
	],
	"nose": [
		0.5585705637931824,
		0.34048357605934143,
		-0.1843583732843399,
		0.9957032799720764
	],
	"left_eye": [
		0.5454044938087463,
		0.300513356924057,
		-0.14834606647491455,
		0.9931514263153076
	],
	"right_eye": [
		0.5396373867988586,
		0.3000287115573883,
		-0.22878403961658478,
		0.9951032400131226
	],
	"left_ear": [
		0.5096637010574341,
		0.3123714029788971,
		0.024573706090450287,
		0.992342472076416
	],
	"right_ear": [
		0.4933547377586365,
		0.31359830498695374,
		-0.33448439836502075,
		0.9964268207550049
	]
}