{
	"left_hip": [
		0.46883612871170044,
		1.09626305103302,
		0.2220030128955841,
		0.347639262676239
	],
	"left_knee": [
		0.5833958983421326,
		0.8924787640571594,
		0.16649384796619415,
		0.11516601592302322
	],
	"left_ankle": [
		0.5596768260002136,
		1.2572659254074097,
		0.3321555256843567,
		0.030136482790112495
	],
	"right_hip": [
		0.4118040204048157,
		1.1255232095718384,
		-0.22131045162677765,
		0.3097659945487976
	],
	"right_knee": [
		0.5598524808883667,
		1.0398380756378174,
		-0.36357802152633667,
		0.3439587652683258
	],
	"right_ankle": [
		0.5300740003585815,
		1.3175487518310547,
		-0.09194004535675049,
		0.052484046667814255
	],
	"left_shoulder": [
		0.48654037714004517,
		0.5697809457778931,
		0.3779791593551636,
		0.992627739906311
	],
	"left_elbow": [
		0.5404559373855591,
		0.8127656579017639,
		0.43524327874183655,
		0.19747981429100037
	],
	"left_wrist": [
		0.6212180852890015,
		0.9332635402679443,
		0.20968198776245117,
		0.2063925862312317
	],
	"right_shoulder": [
		0.39108484983444214,
		0.5217238664627075,
		-0.4243226647377014,
		0.9985930323600769
	],
	"right_elbow": [
		0.4483320713043213,
		0.80976402759552,
		-0.4787232279777527,
		0.9383841753005981
	],
	"right_wrist": [
		0.5933215618133545,
		0.9638979434967041,
		-0.3357105553150177,
		0.839267909526825
	],
	"nose": [
		0.5455121994018555,
		0.33048009872436523,
		-0.0511784665286541,
		0.9951236844062805
	],
	"left_eye": [
		0.5314110517501831,
		0.28766369819641113,
		-0.015993408858776093,
		0.9914702773094177
	],
	"right_eye": [
		0.5257092714309692,
		0.2883640229701996,
		-0.09823879599571228,
		0.9934445023536682
	],
	"left_ear": [
		0.49086037278175354,
		0.3020349442958832,
		0.14551745355129242,
		0.9910956025123596
	],
	"right_ear": [
		0.4797033667564392,
		0.30432191491127014,
		-0.21725459396839142,
		0.9952555894851685
	]
}