{
	"left_hip": [
		0.4675610065460205,
		1.0961005687713623,
		0.22242340445518494,
		0.36448901891708374
	],
	"left_knee": [
		0.6044363975524902,
		0.8880266547203064,
		0.14831803739070892,
		0.12505890429019928
	],
	"left_ankle": [
		0.578156590461731,
		1.2001627683639526,
		0.29538020491600037,
		0.036555834114551544
	],
	"right_hip": [
		0.4145027697086334,
		1.125874638557434,
		-0.22164222598075867,
		0.3439505100250244
	],
	"right_knee": [
		0.5732623338699341,
		1.0126490592956543,
		-0.3597743809223175,
		0.4002997875213623
	],
	"right_ankle": [
		0.5371198058128357,
		1.2685294151306152,
		-0.03426426649093628,
		0.06934668868780136
	],
	"left_shoulder": [
		0.47312599420547485,
		0.5626205205917358,
		0.37116381525993347,
		0.9938309192657471
	],
	"left_elbow": [
		0.5519189238548279,
		0.8030650019645691,
		0.42052173614501953,
		0.1904984563589096
	],
	"left_wrist": [
		0.6235877275466919,
		0.9294371604919434,
		0.20808935165405273,
		0.1860046535730362
	],
	"right_shoulder": [
		0.4024878144264221,
		0.5226330161094666,
		-0.4282870292663574,
		0.9988816976547241
	],
	"right_elbow": [
		0.5029169917106628,
		0.8071582317352295,
		-0.4719240069389343,
		0.9479020237922668
	],
	"right_wrist": [
		0.6277797222137451,
		0.9551454782485962,
		-0.27973753213882446,
		0.8588612675666809
	],
	"nose": [
		0.5435281991958618,
		0.3345458209514618,
		-0.060132257640361786,
		0.9962443709373474
	],
	"left_eye": [
		0.5290703177452087,
		0.2888660430908203,
		-0.02588779851794243,
		0.993445098400116
	],
	"right_eye": [
		0.5230892896652222,
		0.2905997931957245,
		-0.10872560739517212,
		0.9949639439582825
	],
	"left_ear": [
		0.48682719469070435,
		0.3038124442100525,
		0.13587191700935364,
		0.9932161569595337
	],
	"right_ear": [
		0.4774681031703949,
		0.30638980865478516,
		-0.22917819023132324,
		0.996416449546814
	]
}