{
	"left_hip": [
		0.46133995056152344,
		1.065365195274353,
		0.20542173087596893,
		0.4274786114692688
	],
	"left_knee": [
		0.5990724563598633,
		0.8152564167976379,
		0.17559555172920227,
		0.12915419042110443
	],
	"left_ankle": [
		0.5963805317878723,
		1.038659691810608,
		0.3387938439846039,
		0.04993702098727226
	],
	"right_hip": [
		0.4216429591178894,
		1.084610939025879,
		-0.20488007366657257,
		0.4416545629501343
	],
	"right_knee": [
		0.5708215236663818,
		0.9092152714729309,
		-0.2895110249519348,
		0.4832553565502167
	],
	"right_ankle": [
		0.5670682191848755,
		1.0921227931976318,
		-0.026687592267990112,
		0.12108577787876129
	],
	"left_shoulder": [
		0.44903284311294556,
		0.5308539867401123,
		0.41978344321250916,
		0.9969391226768494
	],
	"left_elbow": [
		0.5286597013473511,
		0.7742659449577332,
		0.5142778754234314,
		0.18098501861095428
	],
	"left_wrist": [
		0.6178481578826904,
		0.8807098865509033,
		0.3287198841571808,
		0.19189076125621796
	],
	"right_shoulder": [
		0.42020756006240845,
		0.49936285614967346,
		-0.33868148922920227,
		0.9994601607322693
	],
	"right_elbow": [
		0.5102347135543823,
		0.7390788793563843,
		-0.41271287202835083,
		0.9694435596466064
	],
	"right_wrist": [
		0.6254697442054749,
		0.8730956315994263,
		-0.2682931423187256,
		0.9095631241798401
	],
	"nose": [
		0.5413748025894165,
		0.33719000220298767,
		0.03603173419833183,
		0.9988082647323608
	],
	"left_eye": [
		0.5256634950637817,
		0.2898271977901459,
		0.06790268421173096,
		0.9979580640792847
	],
	"right_eye": [
		0.5203620195388794,
		0.2930949330329895,
		-0.010826370678842068,
		0.9983858466148376
	],
	"left_ear": [
		0.4856139123439789,
		0.3047073185443878,
		0.21315105259418488,
		0.9979321360588074
	],
	"right_ear": [
		0.4776678681373596,
		0.3105052709579468,
		-0.13647699356079102,
		0.9988856315612793
	]
}