{
	"left_hip": [
		0.4614385962486267,
		1.0497480630874634,
		0.2001422941684723,
		0.42439499497413635
	],
	"left_knee": [
		0.6051387190818787,
		0.8457518219947815,
		0.13601714372634888,
		0.13007323443889618
	],
	"left_ankle": [
		0.5979801416397095,
		1.0570493936538696,
		0.2906535267829895,
		0.048319507390260696
	],
	"right_hip": [
		0.4178147315979004,
		1.059091329574585,
		-0.19947578012943268,
		0.42192932963371277
	],
	"right_knee": [
		0.5594874620437622,
		0.9091451168060303,
		-0.2886928915977478,
		0.46809256076812744
	],
	"right_ankle": [
		0.5713891386985779,
		1.0083982944488525,
		-0.05838225036859512,
		0.11671236902475357
	],
	"left_shoulder": [
		0.4492974281311035,
		0.5315239429473877,
		0.4250961244106293,
		0.9970698952674866
	],
	"left_elbow": [
		0.5275059938430786,
		0.7626999616622925,
		0.5159412026405334,
		0.19700640439987183
	],
	"left_wrist": [
		0.6169587969779968,
		0.8665391802787781,
		0.32499217987060547,
		0.20972374081611633
	],
	"right_shoulder": [
		0.4195505678653717,
		0.49008992314338684,
		-0.32518407702445984,
		0.99943608045578
	],
	"right_elbow": [
		0.5037309527397156,
		0.706189751625061,
		-0.4129577577114105,
		0.9723770618438721
	],
	"right_wrist": [
		0.6225181818008423,
		0.8357123136520386,
		-0.29512709379196167,
		0.9169576168060303
	],
	"nose": [
		0.5410484671592712,
		0.34000134468078613,
		0.04352566972374916,
		0.9989892244338989
	],
	"left_eye": [
		0.5250284075737,
		0.29221415519714355,
		0.07686697691679001,
		0.9983100891113281
	],
	"right_eye": [
		0.5194741487503052,
		0.2955007553100586,
		-0.0004470252024475485,
		0.99863201379776
	],
	"left_ear": [
		0.48545321822166443,
		0.3059457838535309,
		0.22548441588878632,
		0.9982983469963074
	],
	"right_ear": [
		0.4772814214229584,
		0.31195247173309326,
		-0.11787562072277069,
		0.9990540742874146
	]
}