{
	"left_hip": [
		0.46061116456985474,
		1.0395997762680054,
		0.19968865811824799,
		0.4218829572200775
	],
	"left_knee": [
		0.5982341766357422,
		0.8468798398971558,
		0.13152579963207245,
		0.1272861659526825
	],
	"left_ankle": [
		0.5873997211456299,
		1.0561323165893555,
		0.2842421531677246,
		0.047065071761608124
	],
	"right_hip": [
		0.41740140318870544,
		1.0507152080535889,
		-0.19902309775352478,
		0.413301944732666
	],
	"right_knee": [
		0.5540979504585266,
		0.9057826399803162,
		-0.3007426857948303,
		0.45928964018821716
	],
	"right_ankle": [
		0.5514788627624512,
		1.036331057548523,
		-0.07620812952518463,
		0.1139407604932785
	],
	"left_shoulder": [
		0.44923773407936096,
		0.5294998288154602,
		0.4067717492580414,
		0.997171938419342
	],
	"left_elbow": [
		0.5275067090988159,
		0.7560334205627441,
		0.4969514310359955,
		0.20628352463245392
	],
	"left_wrist": [
		0.6169868111610413,
		0.8573540449142456,
		0.31328290700912476,
		0.21785838901996613
	],
	"right_shoulder": [
		0.4194871485233307,
		0.4881574213504791,
		-0.330626517534256,
		0.9994198679924011
	],
	"right_elbow": [
		0.5070477724075317,
		0.7021933794021606,
		-0.4178489148616791,
		0.9731480479240417
	],
	"right_wrist": [
		0.6202408671379089,
		0.8181930780410767,
		-0.30625852942466736,
		0.9176823496818542
	],
	"nose": [
		0.5410226583480835,
		0.3407270014286041,
		0.03194291144609451,
		0.999040961265564
	],
	"left_eye": [
		0.5250264406204224,
		0.2929500937461853,
		0.06525851786136627,
		0.9984062910079956
	],
	"right_eye": [
		0.5193866491317749,
		0.2961086332798004,
		-0.009495913051068783,
		0.9986990094184875
	],
	"left_ear": [
		0.4854678511619568,
		0.30616268515586853,
		0.21578487753868103,
		0.9984001517295837
	],
	"right_ear": [
		0.4769443869590759,
		0.3121784031391144,
		-0.12211395800113678,
		0.9990981817245483
	]
}