{
	"left_hip": [
		0.4598095417022705,
		1.0124073028564453,
		0.19759036600589752,
		0.43890810012817383
	],
	"left_knee": [
		0.5794464945793152,
		0.8138208389282227,
		0.1377149224281311,
		0.12913399934768677
	],
	"left_ankle": [
		0.6217623949050903,
		0.9600828289985657,
		0.2784264385700226,
		0.046830710023641586
	],
	"right_hip": [
		0.4164199233055115,
		1.0232996940612793,
		-0.19696316123008728,
		0.41564294695854187
	],
	"right_knee": [
		0.5502675771713257,
		0.8852715492248535,
		-0.28087833523750305,
		0.45371004939079285
	],
	"right_ankle": [
		0.5834206342697144,
		0.9581387042999268,
		-0.0846063420176506,
		0.11377275735139847
	],
	"left_shoulder": [
		0.4495784342288971,
		0.5263904333114624,
		0.4129604697227478,
		0.9972516298294067
	],
	"left_elbow": [
		0.5353206992149353,
		0.7453141212463379,
		0.5020698308944702,
		0.21202291548252106
	],
	"left_wrist": [
		0.617206871509552,
		0.8447919487953186,
		0.3250095546245575,
		0.22592470049858093
	],
	"right_shoulder": [
		0.41672483086586,
		0.4810664653778076,
		-0.30364710092544556,
		0.999372124671936
	],
	"right_elbow": [
		0.5066750049591064,
		0.6768492460250854,
		-0.4143567681312561,
		0.9724743962287903
	],
	"right_wrist": [
		0.6152805089950562,
		0.7763073444366455,
		-0.3437139391899109,
		0.9160520434379578
	],
	"nose": [
		0.5409249663352966,
		0.3409866690635681,
		0.0490851104259491,
		0.9991117715835571
	],
	"left_eye": [
		0.525022566318512,
		0.2937798798084259,
		0.08241879940032959,
		0.9985693097114563
	],
	"right_eye": [
		0.5192683935165405,
		0.2967357933521271,
		0.007343829609453678,
		0.9987937808036804
	],
	"left_ear": [
		0.48535752296447754,
		0.3069770634174347,
		0.23573443293571472,
		0.9985730648040771
	],
	"right_ear": [
		0.47674912214279175,
		0.31247180700302124,
		-0.10375336557626724,
		0.9991517663002014
	]
}