{
	"left_hip": [
		0.45747536420822144,
		1.0090265274047852,
		0.19817844033241272,
		0.4465807378292084
	],
	"left_knee": [
		0.5896787047386169,
		0.8226549625396729,
		0.13899634778499603,
		0.13317716121673584
	],
	"left_ankle": [
		0.617771565914154,
		1.0308263301849365,
		0.2849947512149811,
		0.04734425991773605
	],
	"right_hip": [
		0.41605979204177856,
		1.0220845937728882,
		-0.1975688338279724,
		0.4106268584728241
	],
	"right_knee": [
		0.5507668256759644,
		0.9062944054603577,
		-0.2631407678127289,
		0.453870952129364
	],
	"right_ankle": [
		0.5799926519393921,
		1.0626977682113647,
		-0.08388721197843552,
		0.11450423300266266
	],
	"left_shoulder": [
		0.44956082105636597,
		0.5250561833381653,
		0.39676517248153687,
		0.9973325133323669
	],
	"left_elbow": [
		0.5433472394943237,
		0.7379817366600037,
		0.4966079592704773,
		0.22902972996234894
	],
	"left_wrist": [
		0.6234939694404602,
		0.826494038105011,
		0.32615482807159424,
		0.2472611665725708
	],
	"right_shoulder": [
		0.4160376489162445,
		0.4804719090461731,
		-0.3072165846824646,
		0.999322772026062
	],
	"right_elbow": [
		0.5129595994949341,
		0.6764340996742249,
		-0.4153597950935364,
		0.9730192422866821
	],
	"right_wrist": [
		0.6161820292472839,
		0.7677731513977051,
		-0.3355485200881958,
		0.9174149632453918
	],
	"nose": [
		0.5409680008888245,
		0.3409128189086914,
		0.036419350653886795,
		0.9991207718849182
	],
	"left_eye": [
		0.5252068638801575,
		0.29378238320350647,
		0.0683332234621048,
		0.9986163377761841
	],
	"right_eye": [
		0.519372820854187,
		0.29673972725868225,
		-0.005488072521984577,
		0.9988060593605042
	],
	"left_ear": [
		0.48538026213645935,
		0.30701664090156555,
		0.21358296275138855,
		0.9986385107040405
	],
	"right_ear": [
		0.4770781099796295,
		0.3125014007091522,
		-0.11764521896839142,
		0.999153196811676
	]
}