{
	"left_hip": [
		0.47204750776290894,
		0.9894540905952454,
		0.18842247128486633,
		0.5107516646385193
	],
	"left_knee": [
		0.5765563249588013,
		0.7310258746147156,
		0.17435307800769806,
		0.15035994350910187
	],
	"left_ankle": [
		0.7855697274208069,
		0.7681178450584412,
		0.24431073665618896,
		0.06580615788698196
	],
	"right_hip": [
		0.4078598618507385,
		1.028964638710022,
		-0.1881088763475418,
		0.46916064620018005
	],
	"right_knee": [
		0.5138692259788513,
		0.8441904187202454,
		-0.28172460198402405,
		0.5449241399765015
	],
	"right_ankle": [
		0.6428992748260498,
		0.9720034003257751,
		-0.1390341818332672,
		0.14399747550487518
	],
	"left_shoulder": [
		0.48394808173179626,
		0.5231398344039917,
		0.29296010732650757,
		0.9981997013092041
	],
	"left_elbow": [
		0.6379925608634949,
		0.6017064452171326,
		0.30539435148239136,
		0.3954816460609436
	],
	"left_wrist": [
		0.7589408159255981,
		0.694558322429657,
		0.06556829065084457,
		0.42204347252845764
	],
	"right_shoulder": [
		0.3953027129173279,
		0.4708874821662903,
		-0.34521806240081787,
		0.9989933371543884
	],
	"right_elbow": [
		0.49394139647483826,
		0.5214799642562866,
		-0.6788983941078186,
		0.9686993360519409
	],
	"right_wrist": [
		0.6305068731307983,
		0.5390554070472717,
		-0.7278705835342407,
		0.8923608064651489
	],
	"nose": [
		0.5372714400291443,
		0.3303518295288086,
		-0.10103671252727509,
		0.9994713664054871
	],
	"left_eye": [
		0.5236996412277222,
		0.28486889600753784,
		-0.06356978416442871,
		0.9992174506187439
	],
	"right_eye": [
		0.5172857046127319,
		0.28623390197753906,
		-0.1285262405872345,
		0.9992263317108154
	],
	"left_ear": [
		0.4841432571411133,
		0.3000573217868805,
		0.12674084305763245,
		0.9992799758911133
	],
	"right_ear": [
		0.47514915466308594,
		0.30381155014038086,
		-0.16757604479789734,
		0.9994428157806396
	]
}