{
	"left_hip": [
		0.46265822649002075,
		0.9816086888313293,
		0.17839078605175018,
		0.4896368086338043
	],
	"left_knee": [
		0.5111063122749329,
		0.8671006560325623,
		0.2433660924434662,
		0.11220648884773254
	],
	"left_ankle": [
		0.5036595463752747,
		0.9868592023849487,
		0.4465305209159851,
		0.05689247325062752
	],
	"right_hip": [
		0.42473554611206055,
		1.0183964967727661,
		-0.17790487408638,
		0.45191463828086853
	],
	"right_knee": [
		0.5118862390518188,
		0.9642810821533203,
		-0.20716707408428192,
		0.5279133319854736
	],
	"right_ankle": [
		0.4620203375816345,
		1.0214543342590332,
		0.012887390330433846,
		0.1704961210489273
	],
	"left_shoulder": [
		0.4816717505455017,
		0.4775512218475342,
		0.21953842043876648,
		0.9979742765426636
	],
	"left_elbow": [
		0.5997270941734314,
		0.49907198548316956,
		0.2322886884212494,
		0.46299269795417786
	],
	"left_wrist": [
		0.7425678968429565,
		0.5254170298576355,
		0.04547775536775589,
		0.497955858707428
	],
	"right_shoulder": [
		0.4011710286140442,
		0.4563045799732208,
		-0.3608608841896057,
		0.9970613718032837
	],
	"right_elbow": [
		0.530299186706543,
		0.44108307361602783,
		-0.6004177331924438,
		0.9447249174118042
	],
	"right_wrist": [
		0.6337218284606934,
		0.41761332750320435,
		-0.5891786217689514,
		0.8382284641265869
	],
	"nose": [
		0.5372045040130615,
		0.31381067633628845,
		-0.1299724280834198,
		0.9994704723358154
	],
	"left_eye": [
		0.5222972631454468,
		0.27244359254837036,
		-0.09858845174312592,
		0.999272882938385
	],
	"right_eye": [
		0.5165169835090637,
		0.2764962911605835,
		-0.16157104074954987,
		0.9992070198059082
	],
	"left_ear": [
		0.48419421911239624,
		0.29016029834747314,
		0.06563734263181686,
		0.999381959438324
	],
	"right_ear": [
		0.47865819931030273,
		0.2960949242115021,
		-0.22324685752391815,
		0.9994320869445801
	]
}