{
	"left_hip": [
		0.46361011266708374,
		0.9829555153846741,
		0.17565104365348816,
		0.4698774516582489
	],
	"left_knee": [
		0.522221565246582,
		0.8793324828147888,
		0.23908662796020508,
		0.09968641400337219
	],
	"left_ankle": [
		0.5346774458885193,
		0.9932434558868408,
		0.40829071402549744,
		0.051502395421266556
	],
	"right_hip": [
		0.4189695715904236,
		1.0214964151382446,
		-0.1751384735107422,
		0.43011239171028137
	],
	"right_knee": [
		0.4670521318912506,
		0.9996955990791321,
		-0.20531587302684784,
		0.4927085041999817
	],
	"right_ankle": [
		0.4591638147830963,
		1.1077735424041748,
		-0.002025500638410449,
		0.15586337447166443
	],
	"left_shoulder": [
		0.481316477060318,
		0.48706576228141785,
		0.14403493702411652,
		0.9976902008056641
	],
	"left_elbow": [
		0.6266080141067505,
		0.4656711220741272,
		0.11899902671575546,
		0.5194693803787231
	],
	"left_wrist": [
		0.7924519777297974,
		0.4763418138027191,
		-0.11259619146585464,
		0.5562028884887695
	],
	"right_shoulder": [
		0.3910762369632721,
		0.45509904623031616,
		-0.42798638343811035,
		0.9959923028945923
	],
	"right_elbow": [
		0.49247798323631287,
		0.3886559009552002,
		-0.7609028816223145,
		0.9456081390380859
	],
	"right_wrist": [
		0.625952959060669,
		0.3638484477996826,
		-0.8104131817817688,
		0.8437046408653259
	],
	"nose": [
		0.5331833362579346,
		0.30650219321250916,
		-0.24883612990379333,
		0.9991762042045593
	],
	"left_eye": [
		0.5204585790634155,
		0.2683497965335846,
		-0.2088918387889862,
		0.9989581108093262
	],
	"right_eye": [
		0.5151214599609375,
		0.2729513645172119,
		-0.26697584986686707,
		0.9988988041877747
	],
	"left_ear": [
		0.4839238226413727,
		0.28525903820991516,
		-0.009237488731741905,
		0.9992181062698364
	],
	"right_ear": [
		0.4783109724521637,
		0.2912459969520569,
		-0.27362334728240967,
		0.9992944002151489
	]
}