{
	"left_hip": [
		0.46374407410621643,
		1.018462061882019,
		0.13120366632938385,
		0.5330477356910706
	],
	"left_knee": [
		0.46256518363952637,
		1.3653571605682373,
		0.18067127466201782,
		0.07667176425457001
	],
	"left_ankle": [
		0.4625450670719147,
		1.6953474283218384,
		0.4324427545070648,
		0.03452426940202713
	],
	"right_hip": [
		0.3971182107925415,
		1.0312275886535645,
		-0.1305188089609146,
		0.4693073332309723
	],
	"right_knee": [
		0.39172622561454773,
		1.3713771104812622,
		-0.09258435666561127,
		0.34199094772338867
	],
	"right_ankle": [
		0.37626078724861145,
		1.731615424156189,
		0.05810602381825447,
		0.08271460235118866
	],
	"left_shoulder": [
		0.47804802656173706,
		0.4984716773033142,
		0.11854811012744904,
		0.9969901442527771
	],
	"left_elbow": [
		0.655952513217926,
		0.4275594651699066,
		0.07247194647789001,
		0.7894560098648071
	],
	"left_wrist": [
		0.8149455785751343,
		0.3632948398590088,
		-0.09741340577602386,
		0.8293999433517456
	],
	"right_shoulder": [
		0.3697090446949005,
		0.47618550062179565,
		-0.3558778762817383,
		0.987777590751648
	],
	"right_elbow": [
		0.4409562051296234,
		0.32068929076194763,
		-0.6492558717727661,
		0.9610177874565125
	],
	"right_wrist": [
		0.5888912081718445,
		0.26645034551620483,
		-0.697466254234314,
		0.9090931415557861
	],
	"nose": [
		0.5047935843467712,
		0.3390001952648163,
		-0.22388043999671936,
		0.9983207583427429
	],
	"left_eye": [
		0.4974607825279236,
		0.29599815607070923,
		-0.1859213411808014,
		0.9977145791053772
	],
	"right_eye": [
		0.49155670404434204,
		0.29921063780784607,
		-0.23380319774150848,
		0.9981086254119873
	],
	"left_ear": [
		0.4660321772098541,
		0.2999352812767029,
		-0.0073528168722987175,
		0.9986733198165894
	],
	"right_ear": [
		0.4554780423641205,
		0.3080807030200958,
		-0.22464092075824738,
		0.9986509680747986
	]
}