{
	"left_hip": [
		0.4713216722011566,
		1.0326597690582275,
		0.12016171216964722,
		0.5500492453575134
	],
	"left_knee": [
		0.4675244390964508,
		1.417026400566101,
		0.195391446352005,
		0.08229976892471313
	],
	"left_ankle": [
		0.4683687090873718,
		1.7641133069992065,
		0.45517340302467346,
		0.031090835109353065
	],
	"right_hip": [
		0.3845110535621643,
		1.0439494848251343,
		-0.1193673238158226,
		0.47373828291893005
	],
	"right_knee": [
		0.3742103576660156,
		1.4278860092163086,
		-0.05804596468806267,
		0.3319489657878876
	],
	"right_ankle": [
		0.36945074796676636,
		1.7968237400054932,
		0.10636617988348007,
		0.07730770856142044
	],
	"left_shoulder": [
		0.4949271082878113,
		0.5051296949386597,
		0.07330245524644852,
		0.9973545074462891
	],
	"left_elbow": [
		0.6667235493659973,
		0.42968809604644775,
		0.012578700669109821,
		0.8251931071281433
	],
	"left_wrist": [
		0.8149007558822632,
		0.3601839244365692,
		-0.17410485446453094,
		0.8608185052871704
	],
	"right_shoulder": [
		0.35678791999816895,
		0.4758196175098419,
		-0.39551693201065063,
		0.9889472126960754
	],
	"right_elbow": [
		0.4297178387641907,
		0.3251415193080902,
		-0.7532874345779419,
		0.9668084383010864
	],
	"right_wrist": [
		0.5801622271537781,
		0.25886020064353943,
		-0.8162875175476074,
		0.9220116138458252
	],
	"nose": [
		0.5042092204093933,
		0.3455234467983246,
		-0.3159489333629608,
		0.9985417723655701
	],
	"left_eye": [
		0.49787917733192444,
		0.30300766229629517,
		-0.2758253216743469,
		0.9980427622795105
	],
	"right_eye": [
		0.4892258644104004,
		0.30513906478881836,
		-0.3219399154186249,
		0.9983694553375244
	],
	"left_ear": [
		0.4653189182281494,
		0.30648165941238403,
		-0.06588218361139297,
		0.9988681674003601
	],
	"right_ear": [
		0.4493682384490967,
		0.3120885193347931,
		-0.26485034823417664,
		0.9988424181938171
	]
}