{
	"left_hip": [
		0.48345232009887695,
		1.0492862462997437,
		0.11408711969852448,
		0.6453309059143066
	],
	"left_knee": [
		0.48481640219688416,
		1.4425787925720215,
		0.21070614457130432,
		0.10682331025600433
	],
	"left_ankle": [
		0.47563353180885315,
		1.7941222190856934,
		0.5042364001274109,
		0.026442551985383034
	],
	"right_hip": [
		0.37775295972824097,
		1.061513900756836,
		-0.11325429379940033,
		0.5584146976470947
	],
	"right_knee": [
		0.37024813890457153,
		1.4565351009368896,
		-0.04874023050069809,
		0.34438103437423706
	],
	"right_ankle": [
		0.3688812255859375,
		1.8224879503250122,
		0.13522642850875854,
		0.07277524471282959
	],
	"left_shoulder": [
		0.5033776164054871,
		0.5120068788528442,
		0.053852628916502,
		0.9981415867805481
	],
	"left_elbow": [
		0.6718419194221497,
		0.44653594493865967,
		-0.012397262267768383,
		0.8915449976921082
	],
	"left_wrist": [
		0.8150154948234558,
		0.3680602014064789,
		-0.21062472462654114,
		0.9166700839996338
	],
	"right_shoulder": [
		0.34435543417930603,
		0.4784662127494812,
		-0.4296874403953552,
		0.9920322895050049
	],
	"right_elbow": [
		0.4109403192996979,
		0.3716493248939514,
		-0.8615023493766785,
		0.9785405993461609
	],
	"right_wrist": [
		0.5650732517242432,
		0.2655467987060547,
		-0.9962892532348633,
		0.9490016102790833
	],
	"nose": [
		0.5011917352676392,
		0.35285884141921997,
		-0.3860308527946472,
		0.9990154504776001
	],
	"left_eye": [
		0.49733400344848633,
		0.30770787596702576,
		-0.3416287302970886,
		0.9987136125564575
	],
	"right_eye": [
		0.4845038950443268,
		0.3085663616657257,
		-0.38590341806411743,
		0.998924970626831
	],
	"left_ear": [
		0.4634983539581299,
		0.3136636018753052,
		-0.09926247596740723,
		0.9992561936378479
	],
	"right_ear": [
		0.4404667913913727,
		0.31451836228370667,
		-0.295707106590271,
		0.9992420077323914
	]
}