{
	"left_hip": [
		0.4850858747959137,
		1.049126148223877,
		0.10891912877559662,
		0.6632897853851318
	],
	"left_knee": [
		0.48627573251724243,
		1.4430851936340332,
		0.18472157418727875,
		0.10712460428476334
	],
	"left_ankle": [
		0.47571897506713867,
		1.79543137550354,
		0.49191775918006897,
		0.024943500757217407
	],
	"right_hip": [
		0.3779001832008362,
		1.0606070756912231,
		-0.10801874101161957,
		0.5771307349205017
	],
	"right_knee": [
		0.37055113911628723,
		1.449161171913147,
		-0.05548446625471115,
		0.3356894254684448
	],
	"right_ankle": [
		0.36936575174331665,
		1.8198115825653076,
		0.12149447202682495,
		0.06927324831485748
	],
	"left_shoulder": [
		0.5036542415618896,
		0.5124430060386658,
		0.06534923613071442,
		0.9982811212539673
	],
	"left_elbow": [
		0.6707747578620911,
		0.4515266716480255,
		-0.019691862165927887,
		0.9017066955566406
	],
	"left_wrist": [
		0.8149011731147766,
		0.3713868260383606,
		-0.2378573715686798,
		0.9248605370521545
	],
	"right_shoulder": [
		0.34205734729766846,
		0.4781285524368286,
		-0.4024468958377838,
		0.9926174283027649
	],
	"right_elbow": [
		0.41131705045700073,
		0.3417661786079407,
		-0.8217525482177734,
		0.9803594946861267
	],
	"right_wrist": [
		0.5624243021011353,
		0.26868733763694763,
		-0.9740212559700012,
		0.9534555077552795
	],
	"nose": [
		0.4945377707481384,
		0.3567982017993927,
		-0.3508266806602478,
		0.9990729093551636
	],
	"left_eye": [
		0.4938083589076996,
		0.3091734051704407,
		-0.3069871962070465,
		0.9987993240356445
	],
	"right_eye": [
		0.4778750538825989,
		0.30965736508369446,
		-0.3498973846435547,
		0.9989907145500183
	],
	"left_ear": [
		0.46193885803222656,
		0.31404972076416016,
		-0.0793086588382721,
		0.9993056058883667
	],
	"right_ear": [
		0.43322092294692993,
		0.3147033751010895,
		-0.2584111988544464,
		0.9992918968200684
	]
}