{
	"left_hip": [
		0.48654109239578247,
		1.0632160902023315,
		0.09713703393936157,
		0.7286335825920105
	],
	"left_knee": [
		0.4934888780117035,
		1.464993953704834,
		0.11618534475564957,
		0.10036379098892212
	],
	"left_ankle": [
		0.48414912819862366,
		1.8283758163452148,
		0.3918169140815735,
		0.018648451194167137
	],
	"right_hip": [
		0.3769424259662628,
		1.068678855895996,
		-0.09630580246448517,
		0.6554684638977051
	],
	"right_knee": [
		0.37220442295074463,
		1.4657378196716309,
		-0.08904306590557098,
		0.2921774089336395
	],
	"right_ankle": [
		0.37075525522232056,
		1.8450233936309814,
		0.10675130039453506,
		0.05501566827297211
	],
	"left_shoulder": [
		0.502773106098175,
		0.5141153335571289,
		0.10140137374401093,
		0.9986781477928162
	],
	"left_elbow": [
		0.6674100160598755,
		0.46447500586509705,
		-0.004861840978264809,
		0.9338469505310059
	],
	"left_wrist": [
		0.8168589472770691,
		0.405923992395401,
		-0.17624901235103607,
		0.950369119644165
	],
	"right_shoulder": [
		0.335136741399765,
		0.47872838377952576,
		-0.34594112634658813,
		0.9943158626556396
	],
	"right_elbow": [
		0.3903738856315613,
		0.33738240599632263,
		-0.8184465169906616,
		0.9860768914222717
	],
	"right_wrist": [
		0.5344194173812866,
		0.307821661233902,
		-1.0176913738250732,
		0.9675238132476807
	],
	"nose": [
		0.4735147953033447,
		0.3461817800998688,
		-0.30799007415771484,
		0.9992673397064209
	],
	"left_eye": [
		0.47360897064208984,
		0.2971858084201813,
		-0.2554686367511749,
		0.9990791082382202
	],
	"right_eye": [
		0.4563968777656555,
		0.29130637645721436,
		-0.2951596975326538,
		0.9992148876190186
	],
	"left_ear": [
		0.45426124334335327,
		0.3079798221588135,
		-0.01782752200961113,
		0.9994754791259766
	],
	"right_ear": [
		0.41815099120140076,
		0.2996477782726288,
		-0.19821199774742126,
		0.9994498491287231
	]
}