{
	"left_hip": [
		0.4864603579044342,
		1.0652947425842285,
		0.09943059086799622,
		0.7463384866714478
	],
	"left_knee": [
		0.4961763024330139,
		1.4662214517593384,
		0.13743893802165985,
		0.09831662476062775
	],
	"left_ankle": [
		0.4866505265235901,
		1.8302576541900635,
		0.4080284535884857,
		0.017268400639295578
	],
	"right_hip": [
		0.37702181935310364,
		1.0707690715789795,
		-0.09860005229711533,
		0.6767548322677612
	],
	"right_knee": [
		0.3725355267524719,
		1.4711412191390991,
		-0.08855195343494415,
		0.280698299407959
	],
	"right_ankle": [
		0.37100157141685486,
		1.8486045598983765,
		0.10603940486907959,
		0.052089013159275055
	],
	"left_shoulder": [
		0.5000274777412415,
		0.5145475268363953,
		0.13192866742610931,
		0.9987577199935913
	],
	"left_elbow": [
		0.6648341417312622,
		0.4642448127269745,
		0.04962357506155968,
		0.9401288628578186
	],
	"left_wrist": [
		0.8174923658370972,
		0.4131588041782379,
		-0.1248418539762497,
		0.9552280902862549
	],
	"right_shoulder": [
		0.33457717299461365,
		0.4794635474681854,
		-0.34927231073379517,
		0.9946149587631226
	],
	"right_elbow": [
		0.38810423016548157,
		0.33636677265167236,
		-0.8193008303642273,
		0.9871005415916443
	],
	"right_wrist": [
		0.5243830680847168,
		0.31570810079574585,
		-1.0245798826217651,
		0.9700610637664795
	],
	"nose": [
		0.4763116240501404,
		0.33195823431015015,
		-0.27363306283950806,
		0.9993203282356262
	],
	"left_eye": [
		0.4740560054779053,
		0.2791680693626404,
		-0.22052216529846191,
		0.9991520643234253
	],
	"right_eye": [
		0.4578556418418884,
		0.2754184305667877,
		-0.26703035831451416,
		0.9992762207984924
	],
	"left_ear": [
		0.45278874039649963,
		0.2955157160758972,
		0.014804433099925518,
		0.9995186924934387
	],
	"right_ear": [
		0.41838502883911133,
		0.2879827916622162,
		-0.19100400805473328,
		0.9994922280311584
	]
}