{
	"left_hip": [
		0.4819609522819519,
		1.0287593603134155,
		0.10738372802734375,
		0.8190382719039917
	],
	"left_knee": [
		0.5030975341796875,
		1.4712821245193481,
		0.22845697402954102,
		0.09619750827550888
	],
	"left_ankle": [
		0.49890589714050293,
		1.832839846611023,
		0.5742262005805969,
		0.012604433111846447
	],
	"right_hip": [
		0.3709549307823181,
		1.0809404850006104,
		-0.10644610226154327,
		0.7629761099815369
	],
	"right_knee": [
		0.3735218942165375,
		1.484882116317749,
		-0.0381171815097332,
		0.2552115023136139
	],
	"right_ankle": [
		0.37612849473953247,
		1.85895836353302,
		0.21323645114898682,
		0.041657429188489914
	],
	"left_shoulder": [
		0.5000756978988647,
		0.5155022144317627,
		0.04123951122164726,
		0.9990859031677246
	],
	"left_elbow": [
		0.664103627204895,
		0.4784869849681854,
		0.05229976773262024,
		0.9599854946136475
	],
	"left_wrist": [
		0.8203722834587097,
		0.43180811405181885,
		-0.11397688090801239,
		0.9704216718673706
	],
	"right_shoulder": [
		0.3301628828048706,
		0.4947977066040039,
		-0.4648827612400055,
		0.9957948327064514
	],
	"right_elbow": [
		0.37062889337539673,
		0.368160605430603,
		-0.9725102186203003,
		0.9908292293548584
	],
	"right_wrist": [
		0.4963952898979187,
		0.352420449256897,
		-1.2466484308242798,
		0.9789604544639587
	],
	"nose": [
		0.4794599413871765,
		0.32378971576690674,
		-0.39943981170654297,
		0.9994221925735474
	],
	"left_eye": [
		0.47558337450027466,
		0.2760410010814667,
		-0.35818228125572205,
		0.99928879737854
	],
	"right_eye": [
		0.4609436094760895,
		0.27590447664260864,
		-0.3921963572502136,
		0.9994046688079834
	],
	"left_ear": [
		0.4513905644416809,
		0.28996914625167847,
		-0.09711827337741852,
		0.9996137619018555
	],
	"right_ear": [
		0.4205440580844879,
		0.2890234887599945,
		-0.32348236441612244,
		0.9995867013931274
	]
}