{
	"left_hip": [
		0.4760281443595886,
		1.0205235481262207,
		0.12098604440689087,
		0.8237293362617493
	],
	"left_knee": [
		0.5021381974220276,
		1.4585965871810913,
		0.134287029504776,
		0.09097152948379517
	],
	"left_ankle": [
		0.5006755590438843,
		1.8209178447723389,
		0.3481341004371643,
		0.00991230271756649
	],
	"right_hip": [
		0.3813093900680542,
		1.0586082935333252,
		-0.12005656957626343,
		0.7660672068595886
	],
	"right_knee": [
		0.3772318661212921,
		1.467563271522522,
		-0.10359442234039307,
		0.22907638549804688
	],
	"right_ankle": [
		0.38268759846687317,
		1.8508274555206299,
		0.014295199885964394,
		0.03755612298846245
	],
	"left_shoulder": [
		0.48965686559677124,
		0.5090773701667786,
		0.19618001580238342,
		0.9992262125015259
	],
	"left_elbow": [
		0.6517965197563171,
		0.5071691274642944,
		0.1657123863697052,
		0.9710069894790649
	],
	"left_wrist": [
		0.815751850605011,
		0.47559866309165955,
		-0.005099463276565075,
		0.9799708724021912
	],
	"right_shoulder": [
		0.33380311727523804,
		0.4747670590877533,
		-0.3319534659385681,
		0.9963825345039368
	],
	"right_elbow": [
		0.35764938592910767,
		0.3910518288612366,
		-0.7638098001480103,
		0.9911920428276062
	],
	"right_wrist": [
		0.492396742105484,
		0.40915247797966003,
		-0.9465624094009399,
		0.9821550846099854
	],
	"nose": [
		0.48677438497543335,
		0.3017001748085022,
		-0.19421648979187012,
		0.9995779991149902
	],
	"left_eye": [
		0.4768699109554291,
		0.25943589210510254,
		-0.1461726874113083,
		0.9994935989379883
	],
	"right_eye": [
		0.4644205570220947,
		0.26305538415908813,
		-0.20441380143165588,
		0.9995745420455933
	],
	"left_ear": [
		0.44852250814437866,
		0.27807947993278503,
		0.07213068753480911,
		0.9997286200523376
	],
	"right_ear": [
		0.42615923285484314,
		0.2826918065547943,
		-0.18966110050678253,
		0.9997029304504395
	]
}