{
	"left_hip": [
		0.47633838653564453,
		1.039014458656311,
		0.13918712735176086,
		0.7884825468063354
	],
	"left_knee": [
		0.49632152915000916,
		1.4583337306976318,
		0.14553454518318176,
		0.08256286382675171
	],
	"left_ankle": [
		0.4995195269584656,
		1.8239147663116455,
		0.36795753240585327,
		0.0086257578805089
	],
	"right_hip": [
		0.3821612000465393,
		1.0562752485275269,
		-0.1381349116563797,
		0.7298561930656433
	],
	"right_knee": [
		0.37775900959968567,
		1.4670945405960083,
		-0.11319472640752792,
		0.2164807915687561
	],
	"right_ankle": [
		0.3817277252674103,
		1.8624134063720703,
		0.012939833104610443,
		0.03470037877559662
	],
	"left_shoulder": [
		0.4769997000694275,
		0.5148279666900635,
		0.22912868857383728,
		0.9992735981941223
	],
	"left_elbow": [
		0.650428831577301,
		0.519379198551178,
		0.22035232186317444,
		0.9724436402320862
	],
	"left_wrist": [
		0.8141664266586304,
		0.4832439720630646,
		0.03610687702894211,
		0.9832472205162048
	],
	"right_shoulder": [
		0.336773157119751,
		0.4585002660751343,
		-0.3309209942817688,
		0.9967487454414368
	],
	"right_elbow": [
		0.3544873297214508,
		0.4025629162788391,
		-0.767960786819458,
		0.9903591275215149
	],
	"right_wrist": [
		0.4886479377746582,
		0.43061259388923645,
		-0.9836829304695129,
		0.9832732677459717
	],
	"nose": [
		0.4910200536251068,
		0.2997438609600067,
		-0.16721607744693756,
		0.9996509552001953
	],
	"left_eye": [
		0.47807854413986206,
		0.2581878900527954,
		-0.11985734850168228,
		0.9995834231376648
	],
	"right_eye": [
		0.46725091338157654,
		0.26131874322891235,
		-0.18147006630897522,
		0.9996500015258789
	],
	"left_ear": [
		0.4475901126861572,
		0.27806246280670166,
		0.09552264213562012,
		0.9997768998146057
	],
	"right_ear": [
		0.42837443947792053,
		0.2817288637161255,
		-0.1831105351448059,
		0.9997550845146179
	]
}