{
	"left_hip": [
		0.4858199656009674,
		1.0907402038574219,
		0.1163240447640419,
		0.8544373512268066
	],
	"left_knee": [
		0.4998440742492676,
		1.5107158422470093,
		0.20890097320079803,
		0.0450650192797184
	],
	"left_ankle": [
		0.49726933240890503,
		1.9006239175796509,
		0.5269073843955994,
		0.0038532905746251345
	],
	"right_hip": [
		0.37291422486305237,
		1.1017279624938965,
		-0.11515887081623077,
		0.8037072420120239
	],
	"right_knee": [
		0.37142544984817505,
		1.5304745435714722,
		-0.03866317868232727,
		0.12755484879016876
	],
	"right_ankle": [
		0.37441110610961914,
		1.938366174697876,
		0.17106029391288757,
		0.018720971420407295
	],
	"left_shoulder": [
		0.5023512244224548,
		0.515685498714447,
		0.1638982594013214,
		0.9996705651283264
	],
	"left_elbow": [
		0.6651548147201538,
		0.5177187323570251,
		0.25132623314857483,
		0.9872159361839294
	],
	"left_wrist": [
		0.8197234869003296,
		0.47790634632110596,
		0.16388025879859924,
		0.9936339259147644
	],
	"right_shoulder": [
		0.33382266759872437,
		0.47051647305488586,
		-0.3730359673500061,
		0.9985611438751221
	],
	"right_elbow": [
		0.283615380525589,
		0.44727566838264465,
		-0.7799204587936401,
		0.9922307133674622
	],
	"right_wrist": [
		0.4436703324317932,
		0.4594046473503113,
		-0.9666230082511902,
		0.9880450963973999
	],
	"nose": [
		0.49756303429603577,
		0.29472506046295166,
		-0.21166245639324188,
		0.9998689293861389
	],
	"left_eye": [
		0.48222285509109497,
		0.2568037807941437,
		-0.1673436462879181,
		0.9998458027839661
	],
	"right_eye": [
		0.4708344340324402,
		0.26037803292274475,
		-0.22677426040172577,
		0.9998711943626404
	],
	"left_ear": [
		0.44829779863357544,
		0.27956172823905945,
		0.03323659673333168,
		0.9999180436134338
	],
	"right_ear": [
		0.4291512370109558,
		0.289198637008667,
		-0.23639273643493652,
		0.9999100565910339
	]
}