{
	"left_hip": [
		0.5050095915794373,
		1.121660590171814,
		0.1152479276061058,
		0.9111658334732056
	],
	"left_knee": [
		0.5212091207504272,
		1.5398473739624023,
		0.25672250986099243,
		0.026888756081461906
	],
	"left_ankle": [
		0.5266292095184326,
		1.9312019348144531,
		0.6230772137641907,
		0.0021290425211191177
	],
	"right_hip": [
		0.388741672039032,
		1.1458210945129395,
		-0.11425291001796722,
		0.8786512613296509
	],
	"right_knee": [
		0.3976367115974426,
		1.5634559392929077,
		-0.007614840753376484,
		0.11285687237977982
	],
	"right_ankle": [
		0.402646005153656,
		1.9859579801559448,
		0.239922434091568,
		0.01686166413128376
	],
	"left_shoulder": [
		0.5169087052345276,
		0.5272312164306641,
		0.15716542303562164,
		0.999854326248169
	],
	"left_elbow": [
		0.6758489608764648,
		0.5182828903198242,
		0.18543219566345215,
		0.9943770170211792
	],
	"left_wrist": [
		0.8199746012687683,
		0.4623386859893799,
		0.05601455643773079,
		0.9975683093070984
	],
	"right_shoulder": [
		0.3405633568763733,
		0.5003107786178589,
		-0.3842589259147644,
		0.9994233846664429
	],
	"right_elbow": [
		0.2764810025691986,
		0.3911616802215576,
		-0.8787369728088379,
		0.9961168766021729
	],
	"right_wrist": [
		0.4427325129508972,
		0.43484196066856384,
		-1.109116554260254,
		0.9926632046699524
	],
	"nose": [
		0.49399423599243164,
		0.30913588404655457,
		-0.34349945187568665,
		0.9999527335166931
	],
	"left_eye": [
		0.48189717531204224,
		0.26406413316726685,
		-0.2899301052093506,
		0.9999439120292664
	],
	"right_eye": [
		0.46440163254737854,
		0.2706364095211029,
		-0.33906909823417664,
		0.9999537467956543
	],
	"left_ear": [
		0.4517080783843994,
		0.28630489110946655,
		-0.025556713342666626,
		0.9999704360961914
	],
	"right_ear": [
		0.42441385984420776,
		0.3028947412967682,
		-0.24372556805610657,
		0.9999680519104004
	]
}