{
	"left_hip": [
		0.5051242113113403,
		1.1241588592529297,
		0.11573155969381332,
		0.9166448712348938
	],
	"left_knee": [
		0.5205333232879639,
		1.5459376573562622,
		0.2622623145580292,
		0.02717742882668972
	],
	"left_ankle": [
		0.5238531231880188,
		1.9375380277633667,
		0.6233800649642944,
		0.00219991197809577
	],
	"right_hip": [
		0.3886421024799347,
		1.1453971862792969,
		-0.11475427448749542,
		0.8861173987388611
	],
	"right_knee": [
		0.39362239837646484,
		1.5667251348495483,
		-0.009497616440057755,
		0.11483432352542877
	],
	"right_ankle": [
		0.39832380414009094,
		1.9874763488769531,
		0.2368575632572174,
		0.01787332259118557
	],
	"left_shoulder": [
		0.5195274353027344,
		0.5264886617660522,
		0.15242402255535126,
		0.9998626112937927
	],
	"left_elbow": [
		0.6789219379425049,
		0.5151973366737366,
		0.18999162316322327,
		0.9948024749755859
	],
	"left_wrist": [
		0.8214128613471985,
		0.46162569522857666,
		0.06470073759555817,
		0.9977619051933289
	],
	"right_shoulder": [
		0.34061965346336365,
		0.5007894039154053,
		-0.400804340839386,
		0.999470591545105
	],
	"right_elbow": [
		0.27527374029159546,
		0.38955631852149963,
		-0.8960229754447937,
		0.9964290261268616
	],
	"right_wrist": [
		0.44079557061195374,
		0.4292632043361664,
		-1.1227630376815796,
		0.9928418397903442
	],
	"nose": [
		0.49356698989868164,
		0.30968180298805237,
		-0.3499533534049988,
		0.9999568462371826
	],
	"left_eye": [
		0.4812849462032318,
		0.26438769698143005,
		-0.2970663905143738,
		0.9999485015869141
	],
	"right_eye": [
		0.4635832905769348,
		0.2713346481323242,
		-0.3469786047935486,
		0.9999579191207886
	],
	"left_ear": [
		0.4516858458518982,
		0.28652793169021606,
		-0.03346521407365799,
		0.999972939491272
	],
	"right_ear": [
		0.42412352561950684,
		0.3033543825149536,
		-0.2552301287651062,
		0.9999710321426392
	]
}