{
	"left_hip": [
		0.5053772926330566,
		1.135305643081665,
		0.10485327243804932,
		0.9365173578262329
	],
	"left_knee": [
		0.520195484161377,
		1.5683187246322632,
		0.1781427413225174,
		0.02521142177283764
	],
	"left_ankle": [
		0.5219829082489014,
		1.9644535779953003,
		0.46585360169410706,
		0.002044536406174302
	],
	"right_hip": [
		0.38758277893066406,
		1.159361481666565,
		-0.10394351184368134,
		0.9150076508522034
	],
	"right_knee": [
		0.39208298921585083,
		1.5880460739135742,
		-0.03065268136560917,
		0.1119442954659462
	],
	"right_ankle": [
		0.3964843153953552,
		2.011979341506958,
		0.14800013601779938,
		0.01848936267197132
	],
	"left_shoulder": [
		0.5202909708023071,
		0.5248581171035767,
		0.13675621151924133,
		0.9999032616615295
	],
	"left_elbow": [
		0.6778602004051208,
		0.5174906253814697,
		0.151048481464386,
		0.9967058897018433
	],
	"left_wrist": [
		0.8264135122299194,
		0.45709845423698425,
		0.0035836943425238132,
		0.9986371397972107
	],
	"right_shoulder": [
		0.34030431509017944,
		0.5016414523124695,
		-0.34248238801956177,
		0.9996727705001831
	],
	"right_elbow": [
		0.2634761929512024,
		0.37968453764915466,
		-0.7970236539840698,
		0.9978087544441223
	],
	"right_wrist": [
		0.43624353408813477,
		0.42070358991622925,
		-0.9836028218269348,
		0.9940981268882751
	],
	"nose": [
		0.49101823568344116,
		0.32122910022735596,
		-0.33603376150131226,
		0.9999750852584839
	],
	"left_eye": [
		0.4788767397403717,
		0.27360963821411133,
		-0.2892933487892151,
		0.9999695420265198
	],
	"right_eye": [
		0.45996779203414917,
		0.27993670105934143,
		-0.32718586921691895,
		0.9999760389328003
	],
	"left_ear": [
		0.45149970054626465,
		0.29119420051574707,
		-0.03807462006807327,
		0.9999843239784241
	],
	"right_ear": [
		0.418790340423584,
		0.305791437625885,
		-0.22491881251335144,
		0.9999839663505554
	]
}