{
	"left_hip": [
		0.505735456943512,
		1.1352970600128174,
		0.10367034375667572,
		0.9363502264022827
	],
	"left_knee": [
		0.5201547741889954,
		1.5677872896194458,
		0.1770482361316681,
		0.024943828582763672
	],
	"left_ankle": [
		0.5220028758049011,
		1.9631961584091187,
		0.4712032675743103,
		0.0020600936841219664
	],
	"right_hip": [
		0.3874906301498413,
		1.1596782207489014,
		-0.10280831903219223,
		0.9157411456108093
	],
	"right_knee": [
		0.3918793201446533,
		1.5871015787124634,
		-0.036716099828481674,
		0.11068535596132278
	],
	"right_ankle": [
		0.3964013159275055,
		2.0103836059570312,
		0.1482134461402893,
		0.018729139119386673
	],
	"left_shoulder": [
		0.5202032923698425,
		0.5244476199150085,
		0.1388154923915863,
		0.9999040961265564
	],
	"left_elbow": [
		0.6778125762939453,
		0.509149432182312,
		0.1472017765045166,
		0.996894896030426
	],
	"left_wrist": [
		0.8263484835624695,
		0.4531039595603943,
		0.00605079997330904,
		0.9987154603004456
	],
	"right_shoulder": [
		0.3401421308517456,
		0.5019843578338623,
		-0.34020280838012695,
		0.9996902346611023
	],
	"right_elbow": [
		0.2622073292732239,
		0.3782406151294708,
		-0.8030403256416321,
		0.9979573488235474
	],
	"right_wrist": [
		0.4357941150665283,
		0.4182926118373871,
		-1.0085158348083496,
		0.9940860271453857
	],
	"nose": [
		0.49098339676856995,
		0.32087525725364685,
		-0.3321484923362732,
		0.9999769330024719
	],
	"left_eye": [
		0.4787093997001648,
		0.27319660782814026,
		-0.28566738963127136,
		0.9999715089797974
	],
	"right_eye": [
		0.45977792143821716,
		0.2797277569770813,
		-0.32640939950942993,
		0.9999778866767883
	],
	"left_ear": [
		0.45151081681251526,
		0.291077196598053,
		-0.03535163030028343,
		0.9999854564666748
	],
	"right_ear": [
		0.418684184551239,
		0.3056463897228241,
		-0.2187822163105011,
		0.9999853372573853
	]
}