{
	"left_hip": [
		0.5058342218399048,
		1.139100432395935,
		0.10201027244329453,
		0.9307757019996643
	],
	"left_knee": [
		0.5198615193367004,
		1.5717953443527222,
		0.17210906744003296,
		0.02485544979572296
	],
	"left_ankle": [
		0.521619975566864,
		1.9684079885482788,
		0.4544247090816498,
		0.0021520834416151047
	],
	"right_hip": [
		0.3873324692249298,
		1.1636275053024292,
		-0.10117926448583603,
		0.9119254946708679
	],
	"right_knee": [
		0.39068442583084106,
		1.5901203155517578,
		-0.04774857684969902,
		0.10945013910531998
	],
	"right_ankle": [
		0.39531949162483215,
		2.0156400203704834,
		0.12804599106311798,
		0.019985444843769073
	],
	"left_shoulder": [
		0.5203456878662109,
		0.5235228538513184,
		0.15147314965724945,
		0.9999014735221863
	],
	"left_elbow": [
		0.6783970594406128,
		0.5054602026939392,
		0.15391205251216888,
		0.9972347021102905
	],
	"left_wrist": [
		0.8258938789367676,
		0.4562279284000397,
		0.018278367817401886,
		0.998876690864563
	],
	"right_shoulder": [
		0.33953261375427246,
		0.5037689805030823,
		-0.32972389459609985,
		0.9997223615646362
	],
	"right_elbow": [
		0.26055967807769775,
		0.3749023675918579,
		-0.8112324476242065,
		0.9982358813285828
	],
	"right_wrist": [
		0.4347645342350006,
		0.4149188697338104,
		-1.0474823713302612,
		0.9937386512756348
	],
	"nose": [
		0.4909689426422119,
		0.31917133927345276,
		-0.30727463960647583,
		0.9999813437461853
	],
	"left_eye": [
		0.47839778661727905,
		0.27126356959342957,
		-0.2595343291759491,
		0.9999762773513794
	],
	"right_eye": [
		0.45958247780799866,
		0.2790023386478424,
		-0.30040112137794495,
		0.9999822974205017
	],
	"left_ear": [
		0.4515174329280853,
		0.29055845737457275,
		-0.01239500381052494,
		0.9999880790710449
	],
	"right_ear": [
		0.4185594618320465,
		0.3054956793785095,
		-0.20204730331897736,
		0.9999886155128479
	]
}