{
	"left_hip": [
		0.5085529088973999,
		1.1430854797363281,
		0.10317306220531464,
		0.9455133676528931
	],
	"left_knee": [
		0.5259569883346558,
		1.5837806463241577,
		0.20821616053581238,
		0.028566410765051842
	],
	"left_ankle": [
		0.5301865339279175,
		1.9854844808578491,
		0.5450872182846069,
		0.0027134818956255913
	],
	"right_hip": [
		0.38623303174972534,
		1.167136549949646,
		-0.10243171453475952,
		0.9365314841270447
	],
	"right_knee": [
		0.39431530237197876,
		1.6051867008209229,
		-0.022117337211966515,
		0.1191101223230362
	],
	"right_ankle": [
		0.4029892385005951,
		2.0344998836517334,
		0.2052747905254364,
		0.02544599585235119
	],
	"left_shoulder": [
		0.5218358039855957,
		0.5227339863777161,
		0.13761843740940094,
		0.9999110698699951
	],
	"left_elbow": [
		0.6813012361526489,
		0.511346697807312,
		0.12986955046653748,
		0.9982972741127014
	],
	"left_wrist": [
		0.8280210494995117,
		0.4552581012248993,
		-0.019700489938259125,
		0.9993218779563904
	],
	"right_shoulder": [
		0.33822953701019287,
		0.5005674958229065,
		-0.36404210329055786,
		0.9998466968536377
	],
	"right_elbow": [
		0.25319477915763855,
		0.37975722551345825,
		-0.8542441129684448,
		0.9990686774253845
	],
	"right_wrist": [
		0.43131548166275024,
		0.41111689805984497,
		-1.0735883712768555,
		0.9942663908004761
	],
	"nose": [
		0.48763951659202576,
		0.31469982862472534,
		-0.35455670952796936,
		0.9999895095825195
	],
	"left_eye": [
		0.47324180603027344,
		0.2670353651046753,
		-0.30368828773498535,
		0.9999845027923584
	],
	"right_eye": [
		0.4539102017879486,
		0.2762517035007477,
		-0.3476118743419647,
		0.9999908208847046
	],
	"left_ear": [
		0.44958609342575073,
		0.28747957944869995,
		-0.04549054801464081,
		0.9999927282333374
	],
	"right_ear": [
		0.41584739089012146,
		0.30357611179351807,
		-0.24000826478004456,
		0.9999952912330627
	]
}