{
	"left_hip": [
		0.5085604190826416,
		1.1437824964523315,
		0.10485689342021942,
		0.9433655738830566
	],
	"left_knee": [
		0.5261160135269165,
		1.5830997228622437,
		0.22286419570446014,
		0.028454603627324104
	],
	"left_ankle": [
		0.5322287678718567,
		1.9854270219802856,
		0.5670567750930786,
		0.00270372093655169
	],
	"right_hip": [
		0.3866581320762634,
		1.1690195798873901,
		-0.1041356772184372,
		0.9348856806755066
	],
	"right_knee": [
		0.3961183726787567,
		1.6049647331237793,
		-0.012628696858882904,
		0.1226653903722763
	],
	"right_ankle": [
		0.4050934314727783,
		2.0355684757232666,
		0.21883241832256317,
		0.026279643177986145
	],
	"left_shoulder": [
		0.5218387246131897,
		0.5230224132537842,
		0.13469909131526947,
		0.9999091625213623
	],
	"left_elbow": [
		0.6817871332168579,
		0.5118013620376587,
		0.12204954773187637,
		0.9983088374137878
	],
	"left_wrist": [
		0.82811039686203,
		0.45549502968788147,
		-0.04964407533407211,
		0.9993330836296082
	],
	"right_shoulder": [
		0.3382534384727478,
		0.500769317150116,
		-0.3654611110687256,
		0.9998486042022705
	],
	"right_elbow": [
		0.2521807551383972,
		0.380327969789505,
		-0.8530966639518738,
		0.9990844130516052
	],
	"right_wrist": [
		0.4300157129764557,
		0.41127917170524597,
		-1.071974277496338,
		0.9942424893379211
	],
	"nose": [
		0.4876370429992676,
		0.3144996464252472,
		-0.3561386168003082,
		0.9999898076057434
	],
	"left_eye": [
		0.4732297956943512,
		0.2666567862033844,
		-0.3055170774459839,
		0.9999848008155823
	],
	"right_eye": [
		0.454073965549469,
		0.27567464113235474,
		-0.3491626977920532,
		0.9999911189079285
	],
	"left_ear": [
		0.4495365619659424,
		0.2873832583427429,
		-0.04980802536010742,
		0.999992847442627
	],
	"right_ear": [
		0.41607657074928284,
		0.30345410108566284,
		-0.2435339242219925,
		0.9999955296516418
	]
}