{
	"left_hip": [
		0.5079759359359741,
		1.1455236673355103,
		0.10744203627109528,
		0.9231163263320923
	],
	"left_knee": [
		0.5257839560508728,
		1.5820060968399048,
		0.17535637319087982,
		0.025568101555109024
	],
	"left_ankle": [
		0.5331910848617554,
		1.9860033988952637,
		0.47445231676101685,
		0.0025241789408028126
	],
	"right_hip": [
		0.3871440589427948,
		1.172768235206604,
		-0.10670709609985352,
		0.9144944548606873
	],
	"right_knee": [
		0.39819732308387756,
		1.6040058135986328,
		-0.043992187827825546,
		0.1228722631931305
	],
	"right_ankle": [
		0.40509524941444397,
		2.0443716049194336,
		0.1368328183889389,
		0.027438871562480927
	],
	"left_shoulder": [
		0.5190394520759583,
		0.5236035585403442,
		0.15211857855319977,
		0.9999077916145325
	],
	"left_elbow": [
		0.6807854771614075,
		0.5049469470977783,
		0.1347225159406662,
		0.9983352422714233
	],
	"left_wrist": [
		0.8265091180801392,
		0.45372164249420166,
		-0.04039819538593292,
		0.9993772506713867
	],
	"right_shoulder": [
		0.33819860219955444,
		0.5043632984161377,
		-0.33204203844070435,
		0.9998517036437988
	],
	"right_elbow": [
		0.25506871938705444,
		0.3824543058872223,
		-0.8176953196525574,
		0.9991171360015869
	],
	"right_wrist": [
		0.4294276833534241,
		0.4129176139831543,
		-1.0543501377105713,
		0.9943338632583618
	],
	"nose": [
		0.48804301023483276,
		0.3143918216228485,
		-0.30997031927108765,
		0.9999916553497314
	],
	"left_eye": [
		0.47348538041114807,
		0.26608970761299133,
		-0.2595466673374176,
		0.9999868869781494
	],
	"right_eye": [
		0.45586881041526794,
		0.2748597264289856,
		-0.30450329184532166,
		0.9999926686286926
	],
	"left_ear": [
		0.44943127036094666,
		0.2873259484767914,
		-0.011134705506265163,
		0.9999939203262329
	],
	"right_ear": [
		0.41757291555404663,
		0.30317020416259766,
		-0.2128286063671112,
		0.9999964833259583
	]
}