{
	"left_hip": [
		0.5078639388084412,
		1.1454132795333862,
		0.10712791979312897,
		0.918266773223877
	],
	"left_knee": [
		0.5254150629043579,
		1.581157922744751,
		0.17241345345973969,
		0.02553616277873516
	],
	"left_ankle": [
		0.5335105061531067,
		1.9863147735595703,
		0.4720282554626465,
		0.002590145915746689
	],
	"right_hip": [
		0.3872010409832001,
		1.1729120016098022,
		-0.10638608038425446,
		0.9098150730133057
	],
	"right_knee": [
		0.3984135389328003,
		1.6038395166397095,
		-0.0476798489689827,
		0.12661509215831757
	],
	"right_ankle": [
		0.4053800106048584,
		2.0464420318603516,
		0.1322261244058609,
		0.028957748785614967
	],
	"left_shoulder": [
		0.518363893032074,
		0.5234991312026978,
		0.15419833362102509,
		0.999908447265625
	],
	"left_elbow": [
		0.6797329187393188,
		0.5014442801475525,
		0.14005543291568756,
		0.9983634948730469
	],
	"left_wrist": [
		0.8254208564758301,
		0.45283666253089905,
		-0.0416838712990284,
		0.9993911981582642
	],
	"right_shoulder": [
		0.33768436312675476,
		0.5049814581871033,
		-0.333342969417572,
		0.9998534321784973
	],
	"right_elbow": [
		0.2558131515979767,
		0.38258862495422363,
		-0.8184376955032349,
		0.9991559386253357
	],
	"right_wrist": [
		0.4294661581516266,
		0.4133051633834839,
		-1.0659958124160767,
		0.9944970011711121
	],
	"nose": [
		0.48824912309646606,
		0.3146045207977295,
		-0.30897992849349976,
		0.9999922513961792
	],
	"left_eye": [
		0.47376030683517456,
		0.2661777138710022,
		-0.25860118865966797,
		0.9999875426292419
	],
	"right_eye": [
		0.4563857614994049,
		0.2749265432357788,
		-0.3041118383407593,
		0.9999931454658508
	],
	"left_ear": [
		0.44941407442092896,
		0.28748419880867004,
		-0.009525567293167114,
		0.9999942183494568
	],
	"right_ear": [
		0.41777724027633667,
		0.3031836450099945,
		-0.21348397433757782,
		0.9999967217445374
	]
}