{
	"left_hip": [
		0.5077854990959167,
		1.1454099416732788,
		0.10709202289581299,
		0.9158309698104858
	],
	"left_knee": [
		0.5252439379692078,
		1.580673098564148,
		0.17037683725357056,
		0.02580983191728592
	],
	"left_ankle": [
		0.5338248014450073,
		1.9863804578781128,
		0.4680129587650299,
		0.002666130196303129
	],
	"right_hip": [
		0.3872148394584656,
		1.1729848384857178,
		-0.1063515767455101,
		0.9075889587402344
	],
	"right_knee": [
		0.39844655990600586,
		1.603600263595581,
		-0.05010852962732315,
		0.12989965081214905
	],
	"right_ankle": [
		0.4056512713432312,
		2.0468852519989014,
		0.12720987200737,
		0.03015468642115593
	],
	"left_shoulder": [
		0.518131673336029,
		0.5234800577163696,
		0.15421739220619202,
		0.9999075531959534
	],
	"left_elbow": [
		0.679254949092865,
		0.5008679628372192,
		0.1400008201599121,
		0.9983673095703125
	],
	"left_wrist": [
		0.8247621655464172,
		0.4527125954627991,
		-0.04290728271007538,
		0.9993929862976074
	],
	"right_shoulder": [
		0.33759644627571106,
		0.505027711391449,
		-0.3338058590888977,
		0.99985271692276
	],
	"right_elbow": [
		0.25598227977752686,
		0.3826403319835663,
		-0.8213950991630554,
		0.9991739988327026
	],
	"right_wrist": [
		0.4294607639312744,
		0.4133371114730835,
		-1.0784348249435425,
		0.9945859313011169
	],
	"nose": [
		0.4883253574371338,
		0.3146574795246124,
		-0.3093695342540741,
		0.9999923706054688
	],
	"left_eye": [
		0.4738759398460388,
		0.26620808243751526,
		-0.2590668797492981,
		0.9999876022338867
	],
	"right_eye": [
		0.4565703868865967,
		0.2749539613723755,
		-0.30464839935302734,
		0.9999932646751404
	],
	"left_ear": [
		0.44940605759620667,
		0.2875608503818512,
		-0.009735905565321445,
		0.9999942779541016
	],
	"right_ear": [
		0.4178280234336853,
		0.30324116349220276,
		-0.21399903297424316,
		0.9999967813491821
	]
}