{
	"left_hip": [
		0.4974428713321686,
		1.1694070100784302,
		0.10329872369766235,
		0.6038297414779663
	],
	"left_knee": [
		0.5339348912239075,
		1.6643565893173218,
		0.07900769263505936,
		0.01662411354482174
	],
	"left_ankle": [
		0.5500253438949585,
		2.0996410846710205,
		0.3529409170150757,
		0.0006810552440583706
	],
	"right_hip": [
		0.36753958463668823,
		1.2121095657348633,
		-0.10256586968898773,
		0.5432270169258118
	],
	"right_knee": [
		0.3930206596851349,
		1.6903741359710693,
		-0.1522587239742279,
		0.0315389558672905
	],
	"right_ankle": [
		0.4029078483581543,
		2.1648881435394287,
		0.003591397078707814,
		0.005677502602338791
	],
	"left_shoulder": [
		0.514014482498169,
		0.5180655717849731,
		0.14244702458381653,
		0.9999067187309265
	],
	"left_elbow": [
		0.688327431678772,
		0.5102290511131287,
		0.22672398388385773,
		0.9990634918212891
	],
	"left_wrist": [
		0.8215681314468384,
		0.5590085387229919,
		0.05211669206619263,
		0.9995229244232178
	],
	"right_shoulder": [
		0.3024227023124695,
		0.5456319451332092,
		-0.3711673617362976,
		0.9998013973236084
	],
	"right_elbow": [
		0.12234959751367569,
		0.5893954038619995,
		-0.7907606363296509,
		0.9986951947212219
	],
	"right_wrist": [
		0.2653094232082367,
		0.4154907763004303,
		-1.1293386220932007,
		0.997348964214325
	],
	"nose": [
		0.5066713690757751,
		0.30953893065452576,
		-0.27930405735969543,
		0.9999703764915466
	],
	"left_eye": [
		0.49059781432151794,
		0.26544323563575745,
		-0.22689935564994812,
		0.9999317526817322
	],
	"right_eye": [
		0.4823116362094879,
		0.26870089769363403,
		-0.29352879524230957,
		0.9999718070030212
	],
	"left_ear": [
		0.4548465609550476,
		0.29139047861099243,
		-0.001303895958699286,
		0.999957263469696
	],
	"right_ear": [
		0.4364563524723053,
		0.30257895588874817,
		-0.2983080744743347,
		0.9999834299087524
	]
}