{
	"left_hip": [
		0.4987131953239441,
		1.1718482971191406,
		0.10002516210079193,
		0.5977875590324402
	],
	"left_knee": [
		0.5340934991836548,
		1.6654627323150635,
		0.10160595178604126,
		0.01594672165811062
	],
	"left_ankle": [
		0.5475932955741882,
		2.1026370525360107,
		0.39678382873535156,
		0.000638417957816273
	],
	"right_hip": [
		0.3687446415424347,
		1.2143466472625732,
		-0.09919895231723785,
		0.5356746912002563
	],
	"right_knee": [
		0.3934975266456604,
		1.6913338899612427,
		-0.12494175136089325,
		0.029916388913989067
	],
	"right_ankle": [
		0.4027267098426819,
		2.1646151542663574,
		0.05321970582008362,
		0.005306174512952566
	],
	"left_shoulder": [
		0.5142980813980103,
		0.5178336501121521,
		0.12683901190757751,
		0.9999047517776489
	],
	"left_elbow": [
		0.685981273651123,
		0.5096746683120728,
		0.22947236895561218,
		0.9990561604499817
	],
	"left_wrist": [
		0.8093279004096985,
		0.5533100962638855,
		0.11689148843288422,
		0.9995082020759583
	],
	"right_shoulder": [
		0.3025639057159424,
		0.5452204942703247,
		-0.3793761134147644,
		0.9998114109039307
	],
	"right_elbow": [
		0.12169928848743439,
		0.5825334787368774,
		-0.8127142190933228,
		0.9987836480140686
	],
	"right_wrist": [
		0.26722607016563416,
		0.41273319721221924,
		-1.1498689651489258,
		0.9976086020469666
	],
	"nose": [
		0.5076894164085388,
		0.3109596371650696,
		-0.29806262254714966,
		0.9999707341194153
	],
	"left_eye": [
		0.4915367066860199,
		0.2673009932041168,
		-0.24625346064567566,
		0.9999317526817322
	],
	"right_eye": [
		0.4832884669303894,
		0.2703115940093994,
		-0.3105951249599457,
		0.9999725222587585
	],
	"left_ear": [
		0.4560886025428772,
		0.29268521070480347,
		-0.016536599025130272,
		0.999957263469696
	],
	"right_ear": [
		0.4372691214084625,
		0.30281969904899597,
		-0.30710262060165405,
		0.9999839067459106
	]
}