{
	"left_hip": [
		0.503301739692688,
		1.1738436222076416,
		0.0736471489071846,
		0.5847402215003967
	],
	"left_knee": [
		0.528967559337616,
		1.671025276184082,
		0.030384261161088943,
		0.011945066042244434
	],
	"left_ankle": [
		0.5363203287124634,
		2.124223470687866,
		0.289919912815094,
		0.0004284698807168752
	],
	"right_hip": [
		0.36504635214805603,
		1.2123463153839111,
		-0.07243755459785461,
		0.534177839756012
	],
	"right_knee": [
		0.38663825392723083,
		1.6936908960342407,
		-0.11856265366077423,
		0.01939222775399685
	],
	"right_ankle": [
		0.3945004343986511,
		2.1661441326141357,
		0.01116156205534935,
		0.003017256036400795
	],
	"left_shoulder": [
		0.5121192336082458,
		0.5194324851036072,
		0.07546047866344452,
		0.9999196529388428
	],
	"left_elbow": [
		0.6876176595687866,
		0.5032731294631958,
		0.11628321558237076,
		0.9992037415504456
	],
	"left_wrist": [
		0.7896431088447571,
		0.5232027173042297,
		-0.04043453186750412,
		0.999317467212677
	],
	"right_shoulder": [
		0.3022863268852234,
		0.5417724251747131,
		-0.3221210241317749,
		0.9998703002929688
	],
	"right_elbow": [
		0.12120570987462997,
		0.5546431541442871,
		-0.7545209527015686,
		0.9990260004997253
	],
	"right_wrist": [
		0.2710699141025543,
		0.4186282753944397,
		-1.09604811668396,
		0.9974361062049866
	],
	"nose": [
		0.5056139230728149,
		0.3170152008533478,
		-0.31046679615974426,
		0.9999704957008362
	],
	"left_eye": [
		0.4907180666923523,
		0.273667573928833,
		-0.2617684006690979,
		0.9999333620071411
	],
	"right_eye": [
		0.4823872148990631,
		0.2764701545238495,
		-0.31707900762557983,
		0.999973475933075
	],
	"left_ear": [
		0.45486980676651,
		0.29603075981140137,
		-0.03845138102769852,
		0.999961793422699
	],
	"right_ear": [
		0.43702182173728943,
		0.3038758635520935,
		-0.2874910831451416,
		0.9999861717224121
	]
}