{
	"left_hip": [
		0.5021796822547913,
		1.1794929504394531,
		0.09126107394695282,
		0.5011649131774902
	],
	"left_knee": [
		0.5268243551254272,
		1.6806526184082031,
		0.13313189148902893,
		0.009510476142168045
	],
	"left_ankle": [
		0.526811957359314,
		2.140559434890747,
		0.473848432302475,
		0.0003035774570889771
	],
	"right_hip": [
		0.3632522225379944,
		1.2187861204147339,
		-0.08997631072998047,
		0.44704291224479675
	],
	"right_knee": [
		0.3890104591846466,
		1.712807297706604,
		-0.09100160002708435,
		0.014973592013120651
	],
	"right_ankle": [
		0.39094799757003784,
		2.1959547996520996,
		0.11590895801782608,
		0.0019306432222947478
	],
	"left_shoulder": [
		0.5067523717880249,
		0.5180525183677673,
		0.13000383973121643,
		0.9999362826347351
	],
	"left_elbow": [
		0.6768336892127991,
		0.514091968536377,
		0.23959974944591522,
		0.9990412592887878
	],
	"left_wrist": [
		0.7827714085578918,
		0.5231847167015076,
		0.16126081347465515,
		0.9992873668670654
	],
	"right_shoulder": [
		0.29584911465644836,
		0.5417044162750244,
		-0.4099542200565338,
		0.9998846054077148
	],
	"right_elbow": [
		0.11953023821115494,
		0.5512118339538574,
		-0.8395703434944153,
		0.9989041686058044
	],
	"right_wrist": [
		0.2734018862247467,
		0.3981790542602539,
		-1.1240615844726562,
		0.9969010949134827
	],
	"nose": [
		0.5010108351707458,
		0.32091885805130005,
		-0.3347097635269165,
		0.999972939491272
	],
	"left_eye": [
		0.48756498098373413,
		0.27546462416648865,
		-0.28412488102912903,
		0.9999406933784485
	],
	"right_eye": [
		0.476764053106308,
		0.2787078022956848,
		-0.3508303761482239,
		0.999972939491272
	],
	"left_ear": [
		0.4522811472415924,
		0.2977871000766754,
		-0.04662391170859337,
		0.9999687671661377
	],
	"right_ear": [
		0.4299083352088928,
		0.30614855885505676,
		-0.3443433940410614,
		0.9999857544898987
	]
}