{
	"left_hip": [
		0.5002768039703369,
		1.1797633171081543,
		0.08331155776977539,
		0.5493338704109192
	],
	"left_knee": [
		0.5249906778335571,
		1.6681950092315674,
		0.1254415363073349,
		0.01116384007036686
	],
	"left_ankle": [
		0.5261775851249695,
		2.113325357437134,
		0.45322710275650024,
		0.00038962654070928693
	],
	"right_hip": [
		0.3603591322898865,
		1.2182058095932007,
		-0.08235733211040497,
		0.49854007363319397
	],
	"right_knee": [
		0.3848598301410675,
		1.6959635019302368,
		-0.08202742040157318,
		0.01602577231824398
	],
	"right_ankle": [
		0.3889261484146118,
		2.160360336303711,
		0.125054270029068,
		0.002185008255764842
	],
	"left_shoulder": [
		0.5095444917678833,
		0.5156639814376831,
		0.0657508447766304,
		0.9999256134033203
	],
	"left_elbow": [
		0.67805016040802,
		0.5129139423370361,
		0.15857715904712677,
		0.9990888237953186
	],
	"left_wrist": [
		0.7899637818336487,
		0.5336513519287109,
		0.0294564850628376,
		0.9991722702980042
	],
	"right_shoulder": [
		0.2941337823867798,
		0.5396780371665955,
		-0.41469717025756836,
		0.9998891949653625
	],
	"right_elbow": [
		0.11914049088954926,
		0.5491710901260376,
		-0.8776717185974121,
		0.9991092085838318
	],
	"right_wrist": [
		0.2737768292427063,
		0.3910338580608368,
		-1.2426259517669678,
		0.9970727562904358
	],
	"nose": [
		0.49918824434280396,
		0.3212340176105499,
		-0.3719879388809204,
		0.9999578595161438
	],
	"left_eye": [
		0.48571547865867615,
		0.27631863951683044,
		-0.3201539218425751,
		0.9998985528945923
	],
	"right_eye": [
		0.4746016561985016,
		0.27953946590423584,
		-0.38203683495521545,
		0.9999595880508423
	],
	"left_ear": [
		0.4519675672054291,
		0.30012595653533936,
		-0.07669949531555176,
		0.9999446868896484
	],
	"right_ear": [
		0.4281187653541565,
		0.30794602632522583,
		-0.35648903250694275,
		0.9999776482582092
	]
}