{
	"left_hip": [
		0.4984886050224304,
		1.1831822395324707,
		0.0786038413643837,
		0.5550293922424316
	],
	"left_knee": [
		0.5281144380569458,
		1.6766984462738037,
		0.13653971254825592,
		0.01211975235491991
	],
	"left_ankle": [
		0.5333777666091919,
		2.1197328567504883,
		0.4794536530971527,
		0.00043253900366835296
	],
	"right_hip": [
		0.35993143916130066,
		1.2235417366027832,
		-0.07779951393604279,
		0.4944455325603485
	],
	"right_knee": [
		0.38769999146461487,
		1.7048934698104858,
		-0.08129185438156128,
		0.017021402716636658
	],
	"right_ankle": [
		0.39722973108291626,
		2.173207998275757,
		0.13596387207508087,
		0.0024973454419523478
	],
	"left_shoulder": [
		0.5100110769271851,
		0.5189703702926636,
		0.05047404766082764,
		0.9999349117279053
	],
	"left_elbow": [
		0.6863182187080383,
		0.5365447998046875,
		0.14256466925144196,
		0.9992433190345764
	],
	"left_wrist": [
		0.8210725784301758,
		0.5841429233551025,
		0.00568099832162261,
		0.9992978572845459
	],
	"right_shoulder": [
		0.2923896908760071,
		0.5377561450004578,
		-0.4420977234840393,
		0.9998788833618164
	],
	"right_elbow": [
		0.11851241439580917,
		0.5442869067192078,
		-0.9260907173156738,
		0.9991194605827332
	],
	"right_wrist": [
		0.2797697186470032,
		0.3832109570503235,
		-1.3217726945877075,
		0.9971780180931091
	],
	"nose": [
		0.49965372681617737,
		0.3221574127674103,
		-0.3771716058254242,
		0.9999522566795349
	],
	"left_eye": [
		0.48589205741882324,
		0.2770466208457947,
		-0.32599011063575745,
		0.9998831152915955
	],
	"right_eye": [
		0.4750250279903412,
		0.2802501618862152,
		-0.3894924521446228,
		0.9999509453773499
	],
	"left_ear": [
		0.45335084199905396,
		0.3004645109176636,
		-0.087278351187706,
		0.9999383091926575
	],
	"right_ear": [
		0.43012380599975586,
		0.3080708682537079,
		-0.37638944387435913,
		0.9999706745147705
	]
}