{
	"left_hip": [
		0.5088695883750916,
		1.2136998176574707,
		0.09220346808433533,
		0.5242446064949036
	],
	"left_knee": [
		0.5395286679267883,
		1.7198002338409424,
		0.18819156289100647,
		0.01164242159575224
	],
	"left_ankle": [
		0.5499149560928345,
		2.1751880645751953,
		0.5568235516548157,
		0.00047861612983979285
	],
	"right_hip": [
		0.3676636815071106,
		1.248982310295105,
		-0.09111712872982025,
		0.461906760931015
	],
	"right_knee": [
		0.40245676040649414,
		1.7630083560943604,
		-0.031134357675909996,
		0.025136752054095268
	],
	"right_ankle": [
		0.4105045795440674,
		2.245809316635132,
		0.19019995629787445,
		0.0029424126259982586
	],
	"left_shoulder": [
		0.5058172345161438,
		0.5413326025009155,
		0.11735030263662338,
		0.9999520778656006
	],
	"left_elbow": [
		0.6636556386947632,
		0.6778872013092041,
		0.33505988121032715,
		0.9983154535293579
	],
	"left_wrist": [
		0.7891124486923218,
		0.8022366762161255,
		0.3332919478416443,
		0.9986386895179749
	],
	"right_shoulder": [
		0.2960241436958313,
		0.5365699529647827,
		-0.38027334213256836,
		0.999909520149231
	],
	"right_elbow": [
		0.13274620473384857,
		0.5295171141624451,
		-0.7857643365859985,
		0.9991666078567505
	],
	"right_wrist": [
		0.30117636919021606,
		0.3728832006454468,
		-1.033616304397583,
		0.9977785348892212
	],
	"nose": [
		0.5023913383483887,
		0.3157324194908142,
		-0.3046846389770508,
		0.9999673366546631
	],
	"left_eye": [
		0.4889012277126312,
		0.2688508927822113,
		-0.2600567936897278,
		0.9999185800552368
	],
	"right_eye": [
		0.47789663076400757,
		0.2745218276977539,
		-0.3186035752296448,
		0.9999628663063049
	],
	"left_ear": [
		0.45717984437942505,
		0.2921146750450134,
		-0.02872467413544655,
		0.9999583959579468
	],
	"right_ear": [
		0.4317634105682373,
		0.3038351237773895,
		-0.3279275894165039,
		0.9999761581420898
	]
}