{
	"left_hip": [
		0.5362741351127625,
		1.2115436792373657,
		0.10588965564966202,
		0.3625081181526184
	],
	"left_knee": [
		0.5758697986602783,
		1.7019171714782715,
		0.18618173897266388,
		0.015837199985980988
	],
	"left_ankle": [
		0.5984025001525879,
		2.1635546684265137,
		0.44327831268310547,
		0.0009280104422941804
	],
	"right_hip": [
		0.4220200181007385,
		1.252158761024475,
		-0.10506347566843033,
		0.3789688050746918
	],
	"right_knee": [
		0.46138912439346313,
		1.7670730352401733,
		-0.05686354637145996,
		0.04183388128876686
	],
	"right_ankle": [
		0.4715424180030823,
		2.2517764568328857,
		0.08551693707704544,
		0.003720967099070549
	],
	"left_shoulder": [
		0.4905085563659668,
		0.5342097878456116,
		0.16567489504814148,
		0.9987038969993591
	],
	"left_elbow": [
		0.5027610063552856,
		0.6082128286361694,
		0.4954358637332916,
		0.8093641400337219
	],
	"left_wrist": [
		0.48278242349624634,
		0.4928455948829651,
		0.7779489755630493,
		0.7296432852745056
	],
	"right_shoulder": [
		0.34789031744003296,
		0.5457997918128967,
		-0.34014588594436646,
		0.999800980091095
	],
	"right_elbow": [
		0.1702176183462143,
		0.4928043782711029,
		-0.6057573556900024,
		0.9986246228218079
	],
	"right_wrist": [
		0.33462005853652954,
		0.35916629433631897,
		-0.5123375654220581,
		0.9870128035545349
	],
	"nose": [
		0.5207334756851196,
		0.2979636788368225,
		-0.23489078879356384,
		0.9999366998672485
	],
	"left_eye": [
		0.5031878352165222,
		0.2547384798526764,
		-0.20015934109687805,
		0.999891459941864
	],
	"right_eye": [
		0.4956328272819519,
		0.2609410881996155,
		-0.27085351943969727,
		0.9999518394470215
	],
	"left_ear": [
		0.4702261984348297,
		0.2803717851638794,
		-0.007753193378448486,
		0.9999402761459351
	],
	"right_ear": [
		0.4476262927055359,
		0.29751771688461304,
		-0.3361460566520691,
		0.999978244304657
	]
}