{
	"left_hip": [
		0.5222718119621277,
		1.2197853326797485,
		0.16222715377807617,
		0.13767856359481812
	],
	"left_knee": [
		0.5583200454711914,
		1.6655563116073608,
		0.16275958716869354,
		0.009328324347734451
	],
	"left_ankle": [
		0.5832533836364746,
		2.1110074520111084,
		0.3830316662788391,
		0.0009173578000627458
	],
	"right_hip": [
		0.4258667826652527,
		1.2412699460983276,
		-0.16062220931053162,
		0.1378023475408554
	],
	"right_knee": [
		0.4589008688926697,
		1.7024527788162231,
		-0.1441778838634491,
		0.028799932450056076
	],
	"right_ankle": [
		0.46022993326187134,
		2.160937547683716,
		0.003482437925413251,
		0.0032652488444000483
	],
	"left_shoulder": [
		0.48752444982528687,
		0.5851737260818481,
		0.260476291179657,
		0.9933774471282959
	],
	"left_elbow": [
		0.5470938682556152,
		0.885353684425354,
		0.297349750995636,
		0.3025699555873871
	],
	"left_wrist": [
		0.6441897749900818,
		1.0810554027557373,
		0.14466197788715363,
		0.4346812069416046
	],
	"right_shoulder": [
		0.3966802954673767,
		0.5419317483901978,
		-0.42080092430114746,
		0.9989015460014343
	],
	"right_elbow": [
		0.40819111466407776,
		0.8915835022926331,
		-0.5085088014602661,
		0.800445556640625
	],
	"right_wrist": [
		0.5114724040031433,
		1.1936163902282715,
		-0.533267617225647,
		0.701693058013916
	],
	"nose": [
		0.5583701729774475,
		0.3371793031692505,
		-0.13206490874290466,
		0.9995266795158386
	],
	"left_eye": [
		0.54159015417099,
		0.2879973351955414,
		-0.09962321817874908,
		0.9993175268173218
	],
	"right_eye": [
		0.5325114130973816,
		0.29046550393104553,
		-0.17503847181797028,
		0.9995171427726746
	],
	"left_ear": [
		0.5041320323944092,
		0.30439403653144836,
		0.058448661118745804,
		0.9991312026977539
	],
	"right_ear": [
		0.4886983335018158,
		0.30783987045288086,
		-0.27971211075782776,
		0.999557375907898
	]
}