{
	"left_hip": [
		0.4775933623313904,
		1.0127460956573486,
		0.17891719937324524,
		0.4678340256214142
	],
	"left_knee": [
		0.5682061910629272,
		0.7150763869285583,
		0.18346059322357178,
		0.09424211084842682
	],
	"left_ankle": [
		0.8204649686813354,
		0.6601679921150208,
		0.21399471163749695,
		0.044266343116760254
	],
	"right_hip": [
		0.4115366041660309,
		1.0452306270599365,
		-0.17834241688251495,
		0.4518153667449951
	],
	"right_knee": [
		0.49977952241897583,
		0.7730307579040527,
		-0.23097845911979675,
		0.5624839663505554
	],
	"right_ankle": [
		0.7092618942260742,
		0.7526233196258545,
		-0.13492418825626373,
		0.16145385801792145
	],
	"left_shoulder": [
		0.4737470746040344,
		0.5223148465156555,
		0.2898879051208496,
		0.997669517993927
	],
	"left_elbow": [
		0.6297000050544739,
		0.5521968603134155,
		0.22620093822479248,
		0.37814760208129883
	],
	"left_wrist": [
		0.7739248871803284,
		0.5825953483581543,
		-0.08610934019088745,
		0.4276588559150696
	],
	"right_shoulder": [
		0.3876570463180542,
		0.46111881732940674,
		-0.2723523676395416,
		0.9988850355148315
	],
	"right_elbow": [
		0.48531636595726013,
		0.45271381735801697,
		-0.617135226726532,
		0.9637424349784851
	],
	"right_wrist": [
		0.6343379616737366,
		0.49356138706207275,
		-0.6823774576187134,
		0.8766686916351318
	],
	"nose": [
		0.528647780418396,
		0.32795414328575134,
		-0.07898604869842529,
		0.9994192719459534
	],
	"left_eye": [
		0.514516294002533,
		0.28204458951950073,
		-0.040213070809841156,
		0.9992488026618958
	],
	"right_eye": [
		0.5074310302734375,
		0.28300997614860535,
		-0.0946180522441864,
		0.9992498159408569
	],
	"left_ear": [
		0.476080983877182,
		0.2992333471775055,
		0.14931029081344604,
		0.9993818402290344
	],
	"right_ear": [
		0.46441203355789185,
		0.3020007610321045,
		-0.09424979984760284,
		0.9994842410087585
	]
}