{
	"left_hip": [
		0.47630152106285095,
		0.9901204705238342,
		0.1648004651069641,
		0.48328402638435364
	],
	"left_knee": [
		0.5565928220748901,
		0.7293583154678345,
		0.1416606605052948,
		0.08650089055299759
	],
	"left_ankle": [
		0.6869379281997681,
		0.5611245036125183,
		0.28963911533355713,
		0.05677703768014908
	],
	"right_hip": [
		0.4186854362487793,
		1.0467439889907837,
		-0.16436505317687988,
		0.48922669887542725
	],
	"right_knee": [
		0.4686383605003357,
		0.9260262250900269,
		-0.1902632713317871,
		0.5450477004051208
	],
	"right_ankle": [
		0.5260237455368042,
		0.9429550170898438,
		-0.03827605023980141,
		0.1692878007888794
	],
	"left_shoulder": [
		0.48136481642723083,
		0.4874809682369232,
		0.13286645710468292,
		0.9977300763130188
	],
	"left_elbow": [
		0.6247448921203613,
		0.45352789759635925,
		0.09885156899690628,
		0.5049829483032227
	],
	"left_wrist": [
		0.7966347336769104,
		0.49337416887283325,
		-0.15857963263988495,
		0.5074227452278137
	],
	"right_shoulder": [
		0.3851175606250763,
		0.4573526680469513,
		-0.426705926656723,
		0.9981647729873657
	],
	"right_elbow": [
		0.4678312838077545,
		0.3587067723274231,
		-0.7726878523826599,
		0.9537551999092102
	],
	"right_wrist": [
		0.6043459177017212,
		0.3518534004688263,
		-0.8405420184135437,
		0.8391098976135254
	],
	"nose": [
		0.5219011306762695,
		0.29824298620224,
		-0.26538288593292236,
		0.9995429515838623
	],
	"left_eye": [
		0.5093221068382263,
		0.26063740253448486,
		-0.2252727746963501,
		0.9994267821311951
	],
	"right_eye": [
		0.5053727626800537,
		0.2663792073726654,
		-0.28153276443481445,
		0.9993699789047241
	],
	"left_ear": [
		0.4750937521457672,
		0.27974453568458557,
		-0.02357599511742592,
		0.9995130300521851
	],
	"right_ear": [
		0.4704945683479309,
		0.28891047835350037,
		-0.28123411536216736,
		0.999573826789856
	]
}