{
	"left_hip": [
		0.46497565507888794,
		1.0094460248947144,
		0.16342175006866455,
		0.4784340560436249
	],
	"left_knee": [
		0.4922223687171936,
		0.9681294560432434,
		0.2572675347328186,
		0.08068110048770905
	],
	"left_ankle": [
		0.48153239488601685,
		1.2386103868484497,
		0.5352665185928345,
		0.05240721255540848
	],
	"right_hip": [
		0.418659508228302,
		1.0521626472473145,
		-0.16295823454856873,
		0.47579145431518555
	],
	"right_knee": [
		0.47110992670059204,
		1.035738229751587,
		-0.1511603444814682,
		0.5189650058746338
	],
	"right_ankle": [
		0.43070703744888306,
		1.2973675727844238,
		0.12585872411727905,
		0.15950804948806763
	],
	"left_shoulder": [
		0.48072290420532227,
		0.4843786954879761,
		0.12067575752735138,
		0.9975243806838989
	],
	"left_elbow": [
		0.6245678067207336,
		0.4443100392818451,
		0.11671905219554901,
		0.538192093372345
	],
	"left_wrist": [
		0.7956436276435852,
		0.4559974670410156,
		-0.08356181532144547,
		0.5445809364318848
	],
	"right_shoulder": [
		0.3890695571899414,
		0.46427494287490845,
		-0.3955761790275574,
		0.996575117111206
	],
	"right_elbow": [
		0.4853440821170807,
		0.3577702045440674,
		-0.6285673975944519,
		0.9509578943252563
	],
	"right_wrist": [
		0.6034109592437744,
		0.3330179750919342,
		-0.6251468658447266,
		0.8359805345535278
	],
	"nose": [
		0.5163360834121704,
		0.2979723811149597,
		-0.2244526594877243,
		0.9993404150009155
	],
	"left_eye": [
		0.5051052570343018,
		0.2602960169315338,
		-0.1902424395084381,
		0.9990872740745544
	],
	"right_eye": [
		0.5028742551803589,
		0.26629215478897095,
		-0.24657364189624786,
		0.9990374445915222
	],
	"left_ear": [
		0.4729718267917633,
		0.27761250734329224,
		-0.019042963162064552,
		0.9993181228637695
	],
	"right_ear": [
		0.46966904401779175,
		0.2882414758205414,
		-0.27569779753685,
		0.9993157386779785
	]
}