{
	"left_hip": [
		0.48310670256614685,
		1.0698291063308716,
		0.10575947910547256,
		0.5995373129844666
	],
	"left_knee": [
		0.48459893465042114,
		1.4820365905761719,
		0.14417071640491486,
		0.09224651753902435
	],
	"left_ankle": [
		0.47916847467422485,
		1.8490878343582153,
		0.41571325063705444,
		0.02561510168015957
	],
	"right_hip": [
		0.370675265789032,
		1.0798418521881104,
		-0.10469652712345123,
		0.5103267431259155
	],
	"right_knee": [
		0.36323097348213196,
		1.4864509105682373,
		-0.11714019626379013,
		0.3250479996204376
	],
	"right_ankle": [
		0.3625064194202423,
		1.8738845586776733,
		0.03962479904294014,
		0.08060852438211441
	],
	"left_shoulder": [
		0.49909186363220215,
		0.5100753307342529,
		0.03947293385863304,
		0.9987476468086243
	],
	"left_elbow": [
		0.6598977446556091,
		0.4306269884109497,
		-0.042079292237758636,
		0.8564483523368835
	],
	"left_wrist": [
		0.815008819103241,
		0.3613659143447876,
		-0.23887526988983154,
		0.8658491373062134
	],
	"right_shoulder": [
		0.34061211347579956,
		0.47405245900154114,
		-0.4520960748195648,
		0.9961456656455994
	],
	"right_elbow": [
		0.40310850739479065,
		0.35729527473449707,
		-0.8957380056381226,
		0.9797842502593994
	],
	"right_wrist": [
		0.5636509656906128,
		0.25352993607521057,
		-1.0267977714538574,
		0.933975875377655
	],
	"nose": [
		0.4798823893070221,
		0.3503738045692444,
		-0.39811307191848755,
		0.9996200203895569
	],
	"left_eye": [
		0.4790811538696289,
		0.3047727644443512,
		-0.3521512746810913,
		0.9994958639144897
	],
	"right_eye": [
		0.4652164876461029,
		0.3047293424606323,
		-0.3965178430080414,
		0.9995123744010925
	],
	"left_ear": [
		0.45681190490722656,
		0.31154555082321167,
		-0.11213576793670654,
		0.9996703267097473
	],
	"right_ear": [
		0.42660436034202576,
		0.3152233362197876,
		-0.30794623494148254,
		0.9996559023857117
	]
}