{
	"left_hip": [
		0.482814222574234,
		1.1003235578536987,
		0.11347776651382446,
		0.6812270879745483
	],
	"left_knee": [
		0.4852035641670227,
		1.5094947814941406,
		0.24857155978679657,
		0.0927761122584343
	],
	"left_ankle": [
		0.4797605872154236,
		1.8730895519256592,
		0.5666457414627075,
		0.02050643600523472
	],
	"right_hip": [
		0.37054044008255005,
		1.1124272346496582,
		-0.11268001794815063,
		0.5986469984054565
	],
	"right_knee": [
		0.36130768060684204,
		1.5211236476898193,
		-0.038420967757701874,
		0.3070816695690155
	],
	"right_ankle": [
		0.3601650595664978,
		1.9011520147323608,
		0.177310973405838,
		0.07125256210565567
	],
	"left_shoulder": [
		0.4963979125022888,
		0.520121693611145,
		0.09182600677013397,
		0.998927891254425
	],
	"left_elbow": [
		0.6620339155197144,
		0.4410654902458191,
		0.028316300362348557,
		0.90289705991745
	],
	"left_wrist": [
		0.8139292001724243,
		0.3692167401313782,
		-0.15646854043006897,
		0.9112759232521057
	],
	"right_shoulder": [
		0.3360176384449005,
		0.48509830236434937,
		-0.4257954955101013,
		0.9967056512832642
	],
	"right_elbow": [
		0.39427927136421204,
		0.30757808685302734,
		-0.8746415376663208,
		0.9859954118728638
	],
	"right_wrist": [
		0.5414513945579529,
		0.2616868019104004,
		-1.0323847532272339,
		0.9541059136390686
	],
	"nose": [
		0.47668686509132385,
		0.3611404299736023,
		-0.3560032248497009,
		0.9996633529663086
	],
	"left_eye": [
		0.47799959778785706,
		0.31007763743400574,
		-0.3083648383617401,
		0.9995679259300232
	],
	"right_eye": [
		0.46281105279922485,
		0.3092356324195862,
		-0.35573428869247437,
		0.9996000528335571
	],
	"left_ear": [
		0.4510118365287781,
		0.31709179282188416,
		-0.06818956881761551,
		0.9997286200523376
	],
	"right_ear": [
		0.4191041886806488,
		0.31731554865837097,
		-0.28142499923706055,
		0.9997261762619019
	]
}