{
	"left_hip": [
		0.4772304892539978,
		1.0705820322036743,
		0.12413492053747177,
		0.6840410232543945
	],
	"left_knee": [
		0.47770747542381287,
		1.4572010040283203,
		0.13719996809959412,
		0.0808754712343216
	],
	"left_ankle": [
		0.5091885328292847,
		1.7929617166519165,
		0.3827691376209259,
		0.013114063069224358
	],
	"right_hip": [
		0.3702299892902374,
		1.0994576215744019,
		-0.12305387109518051,
		0.615501344203949
	],
	"right_knee": [
		0.366832435131073,
		1.3985717296600342,
		-0.1324186623096466,
		0.20488622784614563
	],
	"right_ankle": [
		0.376792311668396,
		1.8336256742477417,
		0.06119801849126816,
		0.05340035632252693
	],
	"left_shoulder": [
		0.49416741728782654,
		0.5231639742851257,
		0.14755883812904358,
		0.999284565448761
	],
	"left_elbow": [
		0.6566849946975708,
		0.5121346116065979,
		0.08873677998781204,
		0.9729935526847839
	],
	"left_wrist": [
		0.8203188180923462,
		0.4497130215167999,
		-0.18621273338794708,
		0.9791357517242432
	],
	"right_shoulder": [
		0.3264339566230774,
		0.48486316204071045,
		-0.3983226418495178,
		0.9973828792572021
	],
	"right_elbow": [
		0.3503482937812805,
		0.38855740427970886,
		-0.8915449380874634,
		0.9921083450317383
	],
	"right_wrist": [
		0.4961385726928711,
		0.42148324847221375,
		-1.130052924156189,
		0.9793628454208374
	],
	"nose": [
		0.47413212060928345,
		0.3162379860877991,
		-0.29164642095565796,
		0.9997519254684448
	],
	"left_eye": [
		0.46331921219825745,
		0.2688329219818115,
		-0.24203753471374512,
		0.9996690154075623
	],
	"right_eye": [
		0.45129838585853577,
		0.2780168354511261,
		-0.3021143674850464,
		0.9997327327728271
	],
	"left_ear": [
		0.44207271933555603,
		0.28000980615615845,
		-0.004089946858584881,
		0.9998120665550232
	],
	"right_ear": [
		0.41860753297805786,
		0.2907910645008087,
		-0.26559606194496155,
		0.9998140931129456
	]
}