{
	"left_hip": [
		0.4992799758911133,
		1.1516486406326294,
		0.1129034012556076,
		0.8635827302932739
	],
	"left_knee": [
		0.5139895677566528,
		1.6017382144927979,
		0.1917671263217926,
		0.029461229220032692
	],
	"left_ankle": [
		0.5143663287162781,
		2.014500856399536,
		0.4864965081214905,
		0.0033101551234722137
	],
	"right_hip": [
		0.3834484815597534,
		1.1760839223861694,
		-0.1118340715765953,
		0.8299891352653503
	],
	"right_knee": [
		0.38535088300704956,
		1.623388409614563,
		-0.046516984701156616,
		0.14348667860031128
	],
	"right_ankle": [
		0.38789042830467224,
		2.067639112472534,
		0.13708384335041046,
		0.02457469515502453
	],
	"left_shoulder": [
		0.509449303150177,
		0.5329723954200745,
		0.17455221712589264,
		0.9998133182525635
	],
	"left_elbow": [
		0.6743152737617493,
		0.5128923654556274,
		0.21900704503059387,
		0.9928323030471802
	],
	"left_wrist": [
		0.8206734657287598,
		0.45866063237190247,
		0.08962257206439972,
		0.9964607357978821
	],
	"right_shoulder": [
		0.3399564027786255,
		0.5053345561027527,
		-0.37097296118736267,
		0.9994179606437683
	],
	"right_elbow": [
		0.26309382915496826,
		0.3928641378879547,
		-0.7997674345970154,
		0.9969977140426636
	],
	"right_wrist": [
		0.428006112575531,
		0.4276789426803589,
		-0.9392841458320618,
		0.9923124313354492
	],
	"nose": [
		0.48887425661087036,
		0.3194948434829712,
		-0.27953192591667175,
		0.9999626874923706
	],
	"left_eye": [
		0.4756845533847809,
		0.2738533020019531,
		-0.2304973155260086,
		0.9999503493309021
	],
	"right_eye": [
		0.45994728803634644,
		0.27981337904930115,
		-0.2822268009185791,
		0.9999614357948303
	],
	"left_ear": [
		0.44536465406417847,
		0.29451537132263184,
		0.005952811799943447,
		0.9999720454216003
	],
	"right_ear": [
		0.4196670651435852,
		0.3079387843608856,
		-0.23230648040771484,
		0.9999735951423645
	]
}