{
	"left_hip": [
		0.5031656622886658,
		1.1667824983596802,
		0.09802431613206863,
		0.9051217436790466
	],
	"left_knee": [
		0.5199815034866333,
		1.6313230991363525,
		0.09696128219366074,
		0.02334565855562687
	],
	"left_ankle": [
		0.5218530297279358,
		2.0518758296966553,
		0.3582318127155304,
		0.0019255767110735178
	],
	"right_hip": [
		0.3814151883125305,
		1.1881673336029053,
		-0.09713910520076752,
		0.8872644305229187
	],
	"right_knee": [
		0.38683462142944336,
		1.6383272409439087,
		-0.09690101444721222,
		0.08876854926347733
	],
	"right_ankle": [
		0.3863738179206848,
		2.0923004150390625,
		0.05094025284051895,
		0.01709144189953804
	],
	"left_shoulder": [
		0.5164002776145935,
		0.5322844982147217,
		0.17954549193382263,
		0.9998842477798462
	],
	"left_elbow": [
		0.6850117444992065,
		0.5098256468772888,
		0.12836767733097076,
		0.9976181983947754
	],
	"left_wrist": [
		0.8139403462409973,
		0.4550660252571106,
		-0.04866579920053482,
		0.9987823963165283
	],
	"right_shoulder": [
		0.3326566517353058,
		0.5142190456390381,
		-0.2880858778953552,
		0.9997144937515259
	],
	"right_elbow": [
		0.2523934841156006,
		0.3799026608467102,
		-0.7811824083328247,
		0.9987058639526367
	],
	"right_wrist": [
		0.42404985427856445,
		0.4117075502872467,
		-1.0156091451644897,
		0.9936020374298096
	],
	"nose": [
		0.48529425263404846,
		0.3263797461986542,
		-0.285812646150589,
		0.9999839067459106
	],
	"left_eye": [
		0.47139137983322144,
		0.2766326665878296,
		-0.23542964458465576,
		0.9999765157699585
	],
	"right_eye": [
		0.4526737332344055,
		0.284711629152298,
		-0.27797019481658936,
		0.9999843835830688
	],
	"left_ear": [
		0.4427749514579773,
		0.2952936291694641,
		0.021538468077778816,
		0.999988317489624
	],
	"right_ear": [
		0.41343408823013306,
		0.3081197142601013,
		-0.1721993088722229,
		0.9999908804893494
	]
}