{
	"left_hip": [
		0.5034584999084473,
		1.1673035621643066,
		0.09751451015472412,
		0.9056146740913391
	],
	"left_knee": [
		0.5199853777885437,
		1.6331676244735718,
		0.09382093697786331,
		0.022669460624456406
	],
	"left_ankle": [
		0.521731972694397,
		2.0535128116607666,
		0.35365456342697144,
		0.0018417369574308395
	],
	"right_hip": [
		0.38144129514694214,
		1.188538670539856,
		-0.09662254899740219,
		0.8877894878387451
	],
	"right_knee": [
		0.3866746425628662,
		1.6395601034164429,
		-0.09682748466730118,
		0.08537419140338898
	],
	"right_ankle": [
		0.38616248965263367,
		2.0942695140838623,
		0.04917261376976967,
		0.016357457265257835
	],
	"left_shoulder": [
		0.5163663029670715,
		0.5322219133377075,
		0.17783531546592712,
		0.9998847842216492
	],
	"left_elbow": [
		0.6854044198989868,
		0.5098257064819336,
		0.12214754521846771,
		0.9977504014968872
	],
	"left_wrist": [
		0.8139489889144897,
		0.45495811104774475,
		-0.061498112976551056,
		0.9988454580307007
	],
	"right_shoulder": [
		0.3329541087150574,
		0.514508843421936,
		-0.2817193567752838,
		0.9997151494026184
	],
	"right_elbow": [
		0.25252431631088257,
		0.38027307391166687,
		-0.7720731496810913,
		0.9987502098083496
	],
	"right_wrist": [
		0.42409324645996094,
		0.412894606590271,
		-1.0114860534667969,
		0.9936216473579407
	],
	"nose": [
		0.48514610528945923,
		0.32640352845191956,
		-0.2846166491508484,
		0.9999839663505554
	],
	"left_eye": [
		0.4712783694267273,
		0.27664265036582947,
		-0.23429350554943085,
		0.9999765157699585
	],
	"right_eye": [
		0.4524199962615967,
		0.2847505509853363,
		-0.27781376242637634,
		0.9999844431877136
	],
	"left_ear": [
		0.44277024269104004,
		0.29534846544265747,
		0.021552622318267822,
		0.9999884366989136
	],
	"right_ear": [
		0.41337937116622925,
		0.30817151069641113,
		-0.1672932505607605,
		0.9999910593032837
	]
}