{
	"left_hip": [
		0.5031985640525818,
		1.1726809740066528,
		0.11111757904291153,
		0.8990635871887207
	],
	"left_knee": [
		0.5180665254592896,
		1.6349390745162964,
		0.1295948624610901,
		0.022421441972255707
	],
	"left_ankle": [
		0.5211633443832397,
		2.0576677322387695,
		0.4163164496421814,
		0.0017601343570277095
	],
	"right_hip": [
		0.3810332715511322,
		1.1969521045684814,
		-0.11041811853647232,
		0.8859682083129883
	],
	"right_knee": [
		0.38582533597946167,
		1.6471315622329712,
		-0.09120288491249084,
		0.08871443569660187
	],
	"right_ankle": [
		0.3859888017177582,
		2.1111741065979004,
		0.06296409666538239,
		0.017130549997091293
	],
	"left_shoulder": [
		0.5149425268173218,
		0.530960738658905,
		0.19815436005592346,
		0.9998772740364075
	],
	"left_elbow": [
		0.6832276582717896,
		0.5060425996780396,
		0.16775204241275787,
		0.9982489347457886
	],
	"left_wrist": [
		0.8122304677963257,
		0.46119654178619385,
		-0.027855578809976578,
		0.9990735650062561
	],
	"right_shoulder": [
		0.33354800939559937,
		0.5159647464752197,
		-0.29407668113708496,
		0.9997550845146179
	],
	"right_elbow": [
		0.2534097731113434,
		0.38136202096939087,
		-0.7850523591041565,
		0.9990835189819336
	],
	"right_wrist": [
		0.42287683486938477,
		0.41025856137275696,
		-1.0216538906097412,
		0.994308590888977
	],
	"nose": [
		0.4849209189414978,
		0.32632899284362793,
		-0.264049232006073,
		0.9999858140945435
	],
	"left_eye": [
		0.4713656008243561,
		0.2759149670600891,
		-0.2125929296016693,
		0.9999774694442749
	],
	"right_eye": [
		0.45229101181030273,
		0.2841893136501312,
		-0.25875434279441833,
		0.9999867081642151
	],
	"left_ear": [
		0.4435546398162842,
		0.295307457447052,
		0.03736531361937523,
		0.9999892115592957
	],
	"right_ear": [
		0.4132510721683502,
		0.30819737911224365,
		-0.16741517186164856,
		0.9999931454658508
	]
}