{
	"left_hip": [
		0.5019693970680237,
		1.1744704246520996,
		0.11722264438867569,
		0.8957740068435669
	],
	"left_knee": [
		0.5174387693405151,
		1.6382923126220703,
		0.14196033775806427,
		0.0259660966694355
	],
	"left_ankle": [
		0.5213507413864136,
		2.0634214878082275,
		0.42167505621910095,
		0.00209775660187006
	],
	"right_hip": [
		0.3811286389827728,
		1.1991848945617676,
		-0.11654762923717499,
		0.883800745010376
	],
	"right_knee": [
		0.385589063167572,
		1.6551929712295532,
		-0.0918876975774765,
		0.11560212820768356
	],
	"right_ankle": [
		0.38676244020462036,
		2.1178102493286133,
		0.06688675284385681,
		0.023661796003580093
	],
	"left_shoulder": [
		0.5110023021697998,
		0.5311034321784973,
		0.21036271750926971,
		0.9998788833618164
	],
	"left_elbow": [
		0.6801648736000061,
		0.5109403729438782,
		0.20196500420570374,
		0.9982408881187439
	],
	"left_wrist": [
		0.8135374188423157,
		0.4650741219520569,
		0.024428170174360275,
		0.9991653561592102
	],
	"right_shoulder": [
		0.33564966917037964,
		0.5146893262863159,
		-0.2956659197807312,
		0.999782383441925
	],
	"right_elbow": [
		0.2525917887687683,
		0.3820595145225525,
		-0.7881597280502319,
		0.9991574883460999
	],
	"right_wrist": [
		0.4208107590675354,
		0.4100330173969269,
		-1.028876543045044,
		0.995219349861145
	],
	"nose": [
		0.4847273826599121,
		0.3236788213253021,
		-0.24678663909435272,
		0.9999882578849792
	],
	"left_eye": [
		0.47098296880722046,
		0.2722659111022949,
		-0.19608153402805328,
		0.9999809861183167
	],
	"right_eye": [
		0.45239901542663574,
		0.2803792953491211,
		-0.24391737580299377,
		0.9999890923500061
	],
	"left_ear": [
		0.4434282183647156,
		0.2939957082271576,
		0.04881903529167175,
		0.9999908804893494
	],
	"right_ear": [
		0.41342878341674805,
		0.30703169107437134,
		-0.1641564965248108,
		0.9999943971633911
	]
}