{
	"left_hip": [
		0.5019431710243225,
		1.1747556924819946,
		0.11687948554754257,
		0.8968437314033508
	],
	"left_knee": [
		0.5172790884971619,
		1.6385927200317383,
		0.14244890213012695,
		0.025721730664372444
	],
	"left_ankle": [
		0.5208604335784912,
		2.063509225845337,
		0.4238646924495697,
		0.0020967235323041677
	],
	"right_hip": [
		0.38075366616249084,
		1.199553370475769,
		-0.11617641150951385,
		0.8853221535682678
	],
	"right_knee": [
		0.3855099678039551,
		1.655624270439148,
		-0.09172402322292328,
		0.1155788004398346
	],
	"right_ankle": [
		0.38646307587623596,
		2.1173911094665527,
		0.06899334490299225,
		0.023629270493984222
	],
	"left_shoulder": [
		0.5110837817192078,
		0.5309903025627136,
		0.20712673664093018,
		0.9998815655708313
	],
	"left_elbow": [
		0.6799996495246887,
		0.5109384655952454,
		0.1973024159669876,
		0.9982477426528931
	],
	"left_wrist": [
		0.813923180103302,
		0.46489959955215454,
		0.02209310606122017,
		0.9991874694824219
	],
	"right_shoulder": [
		0.33531737327575684,
		0.5146638751029968,
		-0.3041311204433441,
		0.9997928142547607
	],
	"right_elbow": [
		0.25181591510772705,
		0.382615327835083,
		-0.7998849153518677,
		0.9991822838783264
	],
	"right_wrist": [
		0.4208570122718811,
		0.41003307700157166,
		-1.0338013172149658,
		0.9953514337539673
	],
	"nose": [
		0.4846068024635315,
		0.3235425055027008,
		-0.25668832659721375,
		0.9999889731407166
	],
	"left_eye": [
		0.4707633852958679,
		0.27218765020370483,
		-0.20557722449302673,
		0.9999820590019226
	],
	"right_eye": [
		0.45225006341934204,
		0.28025317192077637,
		-0.25355225801467896,
		0.9999898076057434
	],
	"left_ear": [
		0.4434114992618561,
		0.29396823048591614,
		0.042469125241041183,
		0.9999914765357971
	],
	"right_ear": [
		0.41341978311538696,
		0.3069798946380615,
		-0.1710425317287445,
		0.9999947547912598
	]
}