{
	"left_hip": [
		0.5006861686706543,
		1.1895692348480225,
		0.07612122595310211,
		0.5037365555763245
	],
	"left_knee": [
		0.5328835248947144,
		1.7004613876342773,
		0.053143978118896484,
		0.012894336134195328
	],
	"left_ankle": [
		0.5368027091026306,
		2.1650092601776123,
		0.3145204186439514,
		0.0007819076417945325
	],
	"right_hip": [
		0.36623072624206543,
		1.2311458587646484,
		-0.07510828971862793,
		0.45552879571914673
	],
	"right_knee": [
		0.38362422585487366,
		1.722432017326355,
		-0.1264272779226303,
		0.029912466183304787
	],
	"right_ankle": [
		0.39414697885513306,
		2.2007975578308105,
		0.01968562789261341,
		0.005883132107555866
	],
	"left_shoulder": [
		0.5003365278244019,
		0.5224296450614929,
		0.0847807303071022,
		0.9998820424079895
	],
	"left_elbow": [
		0.6942567229270935,
		0.5127474069595337,
		0.15388116240501404,
		0.9977973103523254
	],
	"left_wrist": [
		0.8065751791000366,
		0.5674809813499451,
		-0.014016185887157917,
		0.9985630512237549
	],
	"right_shoulder": [
		0.29991233348846436,
		0.5513632893562317,
		-0.35321345925331116,
		0.9996057748794556
	],
	"right_elbow": [
		0.1153615340590477,
		0.6134383082389832,
		-0.8031221628189087,
		0.9953729510307312
	],
	"right_wrist": [
		0.25497525930404663,
		0.41961032152175903,
		-1.1611286401748657,
		0.9916628003120422
	],
	"nose": [
		0.5013973116874695,
		0.3071829378604889,
		-0.31510013341903687,
		0.9999647736549377
	],
	"left_eye": [
		0.48455220460891724,
		0.2637197971343994,
		-0.2618598937988281,
		0.999920129776001
	],
	"right_eye": [
		0.47792235016822815,
		0.2676628828048706,
		-0.3216395378112793,
		0.9999603629112244
	],
	"left_ear": [
		0.44684523344039917,
		0.289821058511734,
		-0.028403710573911667,
		0.9999516606330872
	],
	"right_ear": [
		0.4325251579284668,
		0.3001890778541565,
		-0.30121704936027527,
		0.9999728798866272
	]
}