{
	"left_hip": [
		0.5020458698272705,
		1.19133722782135,
		0.07159663736820221,
		0.5459983348846436
	],
	"left_knee": [
		0.5301215052604675,
		1.7002865076065063,
		0.0984128937125206,
		0.013470289297401905
	],
	"left_ankle": [
		0.5335992574691772,
		2.1654584407806396,
		0.4259311258792877,
		0.0007294259849004447
	],
	"right_hip": [
		0.36369258165359497,
		1.2332643270492554,
		-0.0705791711807251,
		0.5027448534965515
	],
	"right_knee": [
		0.3808705806732178,
		1.7266114950180054,
		-0.09390173852443695,
		0.026161473244428635
	],
	"right_ankle": [
		0.39127808809280396,
		2.2031736373901367,
		0.11586584895849228,
		0.005030586384236813
	],
	"left_shoulder": [
		0.5054701566696167,
		0.5198293924331665,
		0.04389460012316704,
		0.9998968839645386
	],
	"left_elbow": [
		0.6945334076881409,
		0.5073304176330566,
		0.1550525277853012,
		0.998259425163269
	],
	"left_wrist": [
		0.8008543848991394,
		0.5526410937309265,
		0.03955712541937828,
		0.9987549185752869
	],
	"right_shoulder": [
		0.29740744829177856,
		0.5504466891288757,
		-0.3966977298259735,
		0.9996873140335083
	],
	"right_elbow": [
		0.11426357179880142,
		0.6122937798500061,
		-0.8420619964599609,
		0.9964835047721863
	],
	"right_wrist": [
		0.25113537907600403,
		0.41837576031684875,
		-1.1746773719787598,
		0.9934012293815613
	],
	"nose": [
		0.5007566213607788,
		0.30715298652648926,
		-0.3702528476715088,
		0.9999566674232483
	],
	"left_eye": [
		0.48445385694503784,
		0.26354604959487915,
		-0.32090437412261963,
		0.9998970627784729
	],
	"right_eye": [
		0.4768093526363373,
		0.2675754129886627,
		-0.3809908628463745,
		0.9999554753303528
	],
	"left_ear": [
		0.44685786962509155,
		0.28984206914901733,
		-0.08713959902524948,
		0.9999394416809082
	],
	"right_ear": [
		0.42860573530197144,
		0.3001982867717743,
		-0.3562800884246826,
		0.9999713897705078
	]
}