{
	"left_hip": [
		0.5016061067581177,
		1.1665000915527344,
		0.061820484697818756,
		0.5123019218444824
	],
	"left_knee": [
		0.5355930328369141,
		1.6716973781585693,
		0.05801699310541153,
		0.006953070871531963
	],
	"left_ankle": [
		0.549911379814148,
		2.1468617916107178,
		0.3591814637184143,
		0.0003138715692330152
	],
	"right_hip": [
		0.3568633794784546,
		1.2109259366989136,
		-0.060396987944841385,
		0.4620724618434906
	],
	"right_knee": [
		0.39432293176651,
		1.7065296173095703,
		-0.11718545109033585,
		0.010848318226635456
	],
	"right_ankle": [
		0.40617209672927856,
		2.1964426040649414,
		0.03797055035829544,
		0.0018551363609731197
	],
	"left_shoulder": [
		0.500841498374939,
		0.5122640132904053,
		0.0649513378739357,
		0.999923586845398
	],
	"left_elbow": [
		0.6833681464195251,
		0.527918815612793,
		0.15925385057926178,
		0.9989228248596191
	],
	"left_wrist": [
		0.7843088507652283,
		0.5598976016044617,
		0.01608595997095108,
		0.9987708926200867
	],
	"right_shoulder": [
		0.2957659363746643,
		0.5478305816650391,
		-0.3342594802379608,
		0.9998425245285034
	],
	"right_elbow": [
		0.10919494926929474,
		0.6061845421791077,
		-0.7529191970825195,
		0.9981058835983276
	],
	"right_wrist": [
		0.24658679962158203,
		0.42323580384254456,
		-1.1033334732055664,
		0.9953072667121887
	],
	"nose": [
		0.4977262616157532,
		0.31571900844573975,
		-0.3137216866016388,
		0.9999516606330872
	],
	"left_eye": [
		0.4818490147590637,
		0.27000048756599426,
		-0.2658000588417053,
		0.9998831748962402
	],
	"right_eye": [
		0.47518691420555115,
		0.2729714512825012,
		-0.3232960104942322,
		0.9999492764472961
	],
	"left_ear": [
		0.44427114725112915,
		0.2948733866214752,
		-0.04871644824743271,
		0.9999353885650635
	],
	"right_ear": [
		0.4283033311367035,
		0.3024746775627136,
		-0.3051464855670929,
		0.9999717473983765
	]
}