{
	"left_hip": [
		0.5015541911125183,
		1.1797325611114502,
		0.07410416752099991,
		0.4906480610370636
	],
	"left_knee": [
		0.5326313376426697,
		1.6904191970825195,
		0.07465924322605133,
		0.006264772266149521
	],
	"left_ankle": [
		0.5397217869758606,
		2.1599619388580322,
		0.374274879693985,
		0.0002715434820856899
	],
	"right_hip": [
		0.3580307066440582,
		1.2202709913253784,
		-0.07277510315179825,
		0.440093994140625
	],
	"right_knee": [
		0.3905256390571594,
		1.7203271389007568,
		-0.11819599568843842,
		0.009690618142485619
	],
	"right_ankle": [
		0.3971782922744751,
		2.211923599243164,
		0.044761303812265396,
		0.0015873712254688144
	],
	"left_shoulder": [
		0.500940203666687,
		0.5145865678787231,
		0.08171753585338593,
		0.9999256134033203
	],
	"left_elbow": [
		0.6893587112426758,
		0.5302204489707947,
		0.15322932600975037,
		0.9989215135574341
	],
	"left_wrist": [
		0.786953866481781,
		0.5485444068908691,
		0.0013727607438340783,
		0.9987871050834656
	],
	"right_shoulder": [
		0.2960289418697357,
		0.5501497387886047,
		-0.3488641381263733,
		0.9998542666435242
	],
	"right_elbow": [
		0.1092507392168045,
		0.6059422492980957,
		-0.7597204446792603,
		0.9981291890144348
	],
	"right_wrist": [
		0.24293792247772217,
		0.42594224214553833,
		-1.0929806232452393,
		0.9953964352607727
	],
	"nose": [
		0.49696436524391174,
		0.3179740607738495,
		-0.31929975748062134,
		0.999954879283905
	],
	"left_eye": [
		0.4813252091407776,
		0.27126026153564453,
		-0.2700278162956238,
		0.999891459941864
	],
	"right_eye": [
		0.47487297654151917,
		0.2744632065296173,
		-0.32797670364379883,
		0.9999527931213379
	],
	"left_ear": [
		0.4438151717185974,
		0.29568877816200256,
		-0.047416992485523224,
		0.9999404549598694
	],
	"right_ear": [
		0.4283544421195984,
		0.30295389890670776,
		-0.3062629699707031,
		0.9999740719795227
	]
}