{
	"left_hip": [
		0.5108017921447754,
		1.2078514099121094,
		0.09053516387939453,
		0.5685511231422424
	],
	"left_knee": [
		0.5504308342933655,
		1.7148473262786865,
		0.19475877285003662,
		0.015434734523296356
	],
	"left_ankle": [
		0.5599427819252014,
		2.1842408180236816,
		0.588001549243927,
		0.0006227384437806904
	],
	"right_hip": [
		0.36728745698928833,
		1.2554248571395874,
		-0.08930818736553192,
		0.4821259081363678
	],
	"right_knee": [
		0.4092942774295807,
		1.7680485248565674,
		-0.01760617271065712,
		0.02482893504202366
	],
	"right_ankle": [
		0.41703087091445923,
		2.260568618774414,
		0.23024943470954895,
		0.0035860503558069468
	],
	"left_shoulder": [
		0.504096269607544,
		0.5384957194328308,
		0.08230017125606537,
		0.9999666213989258
	],
	"left_elbow": [
		0.6553735733032227,
		0.6516255736351013,
		0.2935003340244293,
		0.9991894364356995
	],
	"left_wrist": [
		0.7876098155975342,
		0.7670356631278992,
		0.2631014585494995,
		0.9993054866790771
	],
	"right_shoulder": [
		0.29597410559654236,
		0.5418873429298401,
		-0.41279906034469604,
		0.9998847246170044
	],
	"right_elbow": [
		0.12895962595939636,
		0.5724814534187317,
		-0.857232928276062,
		0.9987120032310486
	],
	"right_wrist": [
		0.2924569249153137,
		0.3978511095046997,
		-1.1279194355010986,
		0.9976977109909058
	],
	"nose": [
		0.49834364652633667,
		0.3130749762058258,
		-0.34613582491874695,
		0.9999699592590332
	],
	"left_eye": [
		0.4837229251861572,
		0.2661329209804535,
		-0.29957082867622375,
		0.9999299049377441
	],
	"right_eye": [
		0.4741814136505127,
		0.27151578664779663,
		-0.3658788800239563,
		0.9999660849571228
	],
	"left_ear": [
		0.449898898601532,
		0.29359087347984314,
		-0.06844457983970642,
		0.999963641166687
	],
	"right_ear": [
		0.426220566034317,
		0.3031020760536194,
		-0.3666365146636963,
		0.9999767541885376
	]
}