{
	"left_hip": [
		0.5114752650260925,
		1.2071477174758911,
		0.08809392154216766,
		0.5454707741737366
	],
	"left_knee": [
		0.5473803281784058,
		1.7158567905426025,
		0.17346657812595367,
		0.0148766515776515
	],
	"left_ankle": [
		0.5566355586051941,
		2.1881418228149414,
		0.5202124118804932,
		0.000624405569396913
	],
	"right_hip": [
		0.3676319420337677,
		1.2541757822036743,
		-0.08682359755039215,
		0.46268871426582336
	],
	"right_knee": [
		0.4086286127567291,
		1.7669456005096436,
		-0.044933758676052094,
		0.024421202018857002
	],
	"right_ankle": [
		0.41441112756729126,
		2.263253688812256,
		0.16682544350624084,
		0.0034482369665056467
	],
	"left_shoulder": [
		0.5041530728340149,
		0.5415677428245544,
		0.08998854458332062,
		0.9999681115150452
	],
	"left_elbow": [
		0.6493186950683594,
		0.688693642616272,
		0.30477485060691833,
		0.9990283846855164
	],
	"left_wrist": [
		0.7828588485717773,
		0.8109670877456665,
		0.2550208866596222,
		0.999160885810852
	],
	"right_shoulder": [
		0.29600876569747925,
		0.5417126417160034,
		-0.3668012022972107,
		0.9998918771743774
	],
	"right_elbow": [
		0.12958988547325134,
		0.5731229782104492,
		-0.7726578116416931,
		0.998786211013794
	],
	"right_wrist": [
		0.290132611989975,
		0.3905011713504791,
		-1.040366530418396,
		0.9977906942367554
	],
	"nose": [
		0.4991404116153717,
		0.31319522857666016,
		-0.3291812241077423,
		0.9999717473983765
	],
	"left_eye": [
		0.4846877157688141,
		0.26636064052581787,
		-0.2867124676704407,
		0.9999339580535889
	],
	"right_eye": [
		0.4744487404823303,
		0.27168911695480347,
		-0.3458099961280823,
		0.999967634677887
	],
	"left_ear": [
		0.4520115256309509,
		0.29360878467559814,
		-0.0629715695977211,
		0.9999658465385437
	],
	"right_ear": [
		0.4263635575771332,
		0.30325251817703247,
		-0.334161639213562,
		0.9999778270721436
	]
}