{
	"left_hip": [
		0.5298734903335571,
		1.2117947340011597,
		0.07897096127271652,
		0.38293418288230896
	],
	"left_knee": [
		0.558215856552124,
		1.7122505903244019,
		0.094822958111763,
		0.007851775735616684
	],
	"left_ankle": [
		0.5707394480705261,
		2.190157175064087,
		0.44533810019493103,
		0.000424256082624197
	],
	"right_hip": [
		0.39085152745246887,
		1.2374297380447388,
		-0.0776231586933136,
		0.3609754741191864
	],
	"right_knee": [
		0.4248962998390198,
		1.7556383609771729,
		-0.08799803256988525,
		0.014622475951910019
	],
	"right_ankle": [
		0.43849706649780273,
		2.247755289077759,
		0.11158893257379532,
		0.001756618032231927
	],
	"left_shoulder": [
		0.4909280240535736,
		0.5510575771331787,
		0.12278946489095688,
		0.9998781085014343
	],
	"left_elbow": [
		0.5321696996688843,
		0.8644444942474365,
		0.35370033979415894,
		0.9344006180763245
	],
	"left_wrist": [
		0.6234928965568542,
		1.0626673698425293,
		0.4040159285068512,
		0.8465797305107117
	],
	"right_shoulder": [
		0.3277589678764343,
		0.5274354219436646,
		-0.31640321016311646,
		0.999936580657959
	],
	"right_elbow": [
		0.1526983082294464,
		0.541755199432373,
		-0.7465128898620605,
		0.9987449049949646
	],
	"right_wrist": [
		0.30974313616752625,
		0.37369319796562195,
		-1.0827502012252808,
		0.9965623021125793
	],
	"nose": [
		0.5134098529815674,
		0.3058112859725952,
		-0.2645586133003235,
		0.9999662041664124
	],
	"left_eye": [
		0.4991510808467865,
		0.26233401894569397,
		-0.22383002936840057,
		0.999937117099762
	],
	"right_eye": [
		0.48822465538978577,
		0.2667039930820465,
		-0.2823106348514557,
		0.9999644160270691
	],
	"left_ear": [
		0.47010064125061035,
		0.28627297282218933,
		-0.0006459983414970338,
		0.9999580979347229
	],
	"right_ear": [
		0.4393938481807709,
		0.2987121343612671,
		-0.267264723777771,
		0.9999780058860779
	]
}