{
	"left_hip": [
		0.5229295492172241,
		1.240521788597107,
		0.1430191546678543,
		0.060825448483228683
	],
	"left_knee": [
		0.556481659412384,
		1.7409592866897583,
		0.14779111742973328,
		0.0031785201281309128
	],
	"left_ankle": [
		0.5690405964851379,
		2.218979835510254,
		0.41653138399124146,
		0.0002951099013444036
	],
	"right_hip": [
		0.4072897434234619,
		1.2655067443847656,
		-0.14135809242725372,
		0.05965128540992737
	],
	"right_knee": [
		0.4402139186859131,
		1.7795010805130005,
		-0.12414692342281342,
		0.006993796676397324
	],
	"right_ankle": [
		0.44547152519226074,
		2.2667136192321777,
		0.05703211575746536,
		0.0006952951662242413
	],
	"left_shoulder": [
		0.4857413172721863,
		0.5928108096122742,
		0.23077161610126495,
		0.9964262843132019
	],
	"left_elbow": [
		0.5469006299972534,
		0.8983672857284546,
		0.3114504814147949,
		0.2698216736316681
	],
	"left_wrist": [
		0.6303941011428833,
		1.1310096979141235,
		0.1892065703868866,
		0.3269253969192505
	],
	"right_shoulder": [
		0.3785795569419861,
		0.5536377429962158,
		-0.4401588439941406,
		0.999152660369873
	],
	"right_elbow": [
		0.3894954323768616,
		0.9218027591705322,
		-0.5076087713241577,
		0.7145311236381531
	],
	"right_wrist": [
		0.49792805314064026,
		1.186711072921753,
		-0.5243136882781982,
		0.4685714840888977
	],
	"nose": [
		0.5499454140663147,
		0.3356306850910187,
		-0.15793336927890778,
		0.9996730089187622
	],
	"left_eye": [
		0.5331383943557739,
		0.28625473380088806,
		-0.1276549994945526,
		0.9995428919792175
	],
	"right_eye": [
		0.5238524675369263,
		0.2888333201408386,
		-0.2075364887714386,
		0.9996604323387146
	],
	"left_ear": [
		0.49508291482925415,
		0.3046640455722809,
		0.03702833503484726,
		0.9995166063308716
	],
	"right_ear": [
		0.4774535596370697,
		0.30931344628334045,
		-0.3128192126750946,
		0.9997501373291016
	]
}