{
	"left_hip": [
		0.5219411253929138,
		1.236243486404419,
		0.14231649041175842,
		0.04125233367085457
	],
	"left_knee": [
		0.5539929866790771,
		1.7315717935562134,
		0.13921460509300232,
		0.0026730126701295376
	],
	"left_ankle": [
		0.5688081979751587,
		2.206366539001465,
		0.39637497067451477,
		0.0002485931618139148
	],
	"right_hip": [
		0.40672627091407776,
		1.2573152780532837,
		-0.14060887694358826,
		0.039421018213033676
	],
	"right_knee": [
		0.43947601318359375,
		1.7656488418579102,
		-0.12900567054748535,
		0.0058755818754434586
	],
	"right_ankle": [
		0.4451283812522888,
		2.2521588802337646,
		0.04115811735391617,
		0.0005615561967715621
	],
	"left_shoulder": [
		0.484609991312027,
		0.5906761884689331,
		0.239423006772995,
		0.995974600315094
	],
	"left_elbow": [
		0.5412246584892273,
		0.8952022194862366,
		0.3176409602165222,
		0.22680748999118805
	],
	"left_wrist": [
		0.6261863112449646,
		1.1285473108291626,
		0.17895673215389252,
		0.3062875270843506
	],
	"right_shoulder": [
		0.3784828782081604,
		0.5506213903427124,
		-0.43287187814712524,
		0.999119222164154
	],
	"right_elbow": [
		0.3881691098213196,
		0.9116064310073853,
		-0.4983004033565521,
		0.7037476897239685
	],
	"right_wrist": [
		0.4977676272392273,
		1.180318832397461,
		-0.5168367028236389,
		0.45691978931427
	],
	"nose": [
		0.5505033731460571,
		0.33596473932266235,
		-0.14798417687416077,
		0.9996502995491028
	],
	"left_eye": [
		0.5338941812515259,
		0.2863495647907257,
		-0.11795226484537125,
		0.9995088577270508
	],
	"right_eye": [
		0.5243996977806091,
		0.2889765799045563,
		-0.195954829454422,
		0.9996336698532104
	],
	"left_ear": [
		0.4959108829498291,
		0.30482590198516846,
		0.045296672731637955,
		0.9994736313819885
	],
	"right_ear": [
		0.4776844382286072,
		0.3094750940799713,
		-0.29990214109420776,
		0.999732494354248
	]
}