{
	"left_hip": [
		0.521578848361969,
		1.2317630052566528,
		0.13262133300304413,
		0.033235110342502594
	],
	"left_knee": [
		0.5532615184783936,
		1.7278040647506714,
		0.12403787672519684,
		0.0024220470804721117
	],
	"left_ankle": [
		0.5680804252624512,
		2.201495409011841,
		0.3625611662864685,
		0.00022204886772669852
	],
	"right_hip": [
		0.4067303240299225,
		1.2538148164749146,
		-0.13080845773220062,
		0.03130913898348808
	],
	"right_knee": [
		0.43971848487854004,
		1.7623721361160278,
		-0.12780024111270905,
		0.005282888654619455
	],
	"right_ankle": [
		0.44632118940353394,
		2.2479236125946045,
		0.028784463182091713,
		0.0004895735182799399
	],
	"left_shoulder": [
		0.4838128089904785,
		0.5896451473236084,
		0.2314290702342987,
		0.9959161877632141
	],
	"left_elbow": [
		0.5357409715652466,
		0.8926337361335754,
		0.30699917674064636,
		0.20485684275627136
	],
	"left_wrist": [
		0.6211777329444885,
		1.1256657838821411,
		0.17568576335906982,
		0.28750768303871155
	],
	"right_shoulder": [
		0.37883150577545166,
		0.549179196357727,
		-0.4051004946231842,
		0.9991328716278076
	],
	"right_elbow": [
		0.38797104358673096,
		0.9023237824440002,
		-0.4690554141998291,
		0.6977085471153259
	],
	"right_wrist": [
		0.4988424777984619,
		1.1778403520584106,
		-0.4898553490638733,
		0.44960203766822815
	],
	"nose": [
		0.5505341291427612,
		0.33684006333351135,
		-0.14032140374183655,
		0.9996742606163025
	],
	"left_eye": [
		0.5342236161231995,
		0.2869456708431244,
		-0.11172530800104141,
		0.9995409250259399
	],
	"right_eye": [
		0.5244797468185425,
		0.2894514501094818,
		-0.1850568950176239,
		0.9996557235717773
	],
	"left_ear": [
		0.4963715076446533,
		0.30487459897994995,
		0.04653440788388252,
		0.9995071887969971
	],
	"right_ear": [
		0.47762227058410645,
		0.309455931186676,
		-0.27963003516197205,
		0.9997496604919434
	]
}