{
	"left_hip": [
		0.5079361200332642,
		1.2232673168182373,
		0.17890101671218872,
		0.034368786960840225
	],
	"left_knee": [
		0.5555101633071899,
		1.6107666492462158,
		0.17850126326084137,
		0.004825998097658157
	],
	"left_ankle": [
		0.5815365314483643,
		2.0617587566375732,
		0.396010160446167,
		0.0005398729117587209
	],
	"right_hip": [
		0.415505975484848,
		1.2450731992721558,
		-0.17701169848442078,
		0.02947152592241764
	],
	"right_knee": [
		0.46700602769851685,
		1.6204832792282104,
		-0.1806706041097641,
		0.01716102845966816
	],
	"right_ankle": [
		0.48463988304138184,
		2.09511137008667,
		-0.01664525642991066,
		0.0015911383088678122
	],
	"left_shoulder": [
		0.4867262840270996,
		0.5861660838127136,
		0.28252917528152466,
		0.9904282689094543
	],
	"left_elbow": [
		0.5332199335098267,
		0.8853884935379028,
		0.3109138309955597,
		0.07183916121721268
	],
	"left_wrist": [
		0.629795253276825,
		1.1055898666381836,
		0.11431525647640228,
		0.17845159769058228
	],
	"right_shoulder": [
		0.39752501249313354,
		0.5372960567474365,
		-0.4442112445831299,
		0.9983225464820862
	],
	"right_elbow": [
		0.399411141872406,
		0.8762757182121277,
		-0.5436281561851501,
		0.6693121194839478
	],
	"right_wrist": [
		0.5129867196083069,
		1.1595762968063354,
		-0.5509153604507446,
		0.5618223547935486
	],
	"nose": [
		0.5630002021789551,
		0.33127361536026,
		-0.13509348034858704,
		0.9994695782661438
	],
	"left_eye": [
		0.5467595458030701,
		0.28215792775154114,
		-0.10108429193496704,
		0.9992287158966064
	],
	"right_eye": [
		0.5381852388381958,
		0.2838883101940155,
		-0.180707186460495,
		0.9994050860404968
	],
	"left_ear": [
		0.5056289434432983,
		0.3013310432434082,
		0.06448245793581009,
		0.9990375638008118
	],
	"right_ear": [
		0.4934099316596985,
		0.30407243967056274,
		-0.291188508272171,
		0.9994959831237793
	]
}