{
	"left_hip": [
		0.5149173736572266,
		1.2232067584991455,
		0.1624303013086319,
		0.028269518166780472
	],
	"left_knee": [
		0.553074300289154,
		1.6830397844314575,
		0.15074583888053894,
		0.004460498224943876
	],
	"left_ankle": [
		0.5733593106269836,
		2.1376399993896484,
		0.3663520812988281,
		0.0004687044129241258
	],
	"right_hip": [
		0.4139372706413269,
		1.242785096168518,
		-0.16043129563331604,
		0.024179592728614807
	],
	"right_knee": [
		0.4617045819759369,
		1.7067233324050903,
		-0.174211323261261,
		0.013960265554487705
	],
	"right_ankle": [
		0.4705645442008972,
		2.1813817024230957,
		-0.029776085168123245,
		0.0013005040818825364
	],
	"left_shoulder": [
		0.4869326949119568,
		0.5864801406860352,
		0.2704285681247711,
		0.9897856712341309
	],
	"left_elbow": [
		0.5393885374069214,
		0.8889868855476379,
		0.3098556399345398,
		0.07182930409908295
	],
	"left_wrist": [
		0.6383872032165527,
		1.109978437423706,
		0.12787841260433197,
		0.1872858852148056
	],
	"right_shoulder": [
		0.3974228501319885,
		0.5373435616493225,
		-0.4317654073238373,
		0.9981956481933594
	],
	"right_elbow": [
		0.4008829593658447,
		0.8732683062553406,
		-0.5271035432815552,
		0.6479330062866211
	],
	"right_wrist": [
		0.507622241973877,
		1.1608860492706299,
		-0.543345034122467,
		0.5430864691734314
	],
	"nose": [
		0.5631300210952759,
		0.33234190940856934,
		-0.1325232982635498,
		0.9994421601295471
	],
	"left_eye": [
		0.5470644235610962,
		0.28341060876846313,
		-0.10033214092254639,
		0.9991493821144104
	],
	"right_eye": [
		0.5384889245033264,
		0.28532060980796814,
		-0.1789635568857193,
		0.9993556141853333
	],
	"left_ear": [
		0.5058903694152832,
		0.3013341724872589,
		0.06055178493261337,
		0.9989151954650879
	],
	"right_ear": [
		0.4937296509742737,
		0.30466195940971375,
		-0.2906945049762726,
		0.9994375705718994
	]
}