{
	"left_hip": [
		0.5126691460609436,
		1.2203408479690552,
		0.16773582994937897,
		0.028517063707113266
	],
	"left_knee": [
		0.5520350337028503,
		1.6242601871490479,
		0.15938474237918854,
		0.0045976233668625355
	],
	"left_ankle": [
		0.5736345052719116,
		2.07034969329834,
		0.3713779151439667,
		0.0004968206048943102
	],
	"right_hip": [
		0.4144080579280853,
		1.2397769689559937,
		-0.1658761203289032,
		0.024349220097064972
	],
	"right_knee": [
		0.4622039198875427,
		1.634209156036377,
		-0.1792806088924408,
		0.01436641439795494
	],
	"right_ankle": [
		0.4730215072631836,
		2.108377456665039,
		-0.0319402776658535,
		0.0013864097418263555
	],
	"left_shoulder": [
		0.48573216795921326,
		0.5858364105224609,
		0.27202892303466797,
		0.9897617101669312
	],
	"left_elbow": [
		0.5385293960571289,
		0.8888159990310669,
		0.3041175901889801,
		0.07064151763916016
	],
	"left_wrist": [
		0.6372764706611633,
		1.1080571413040161,
		0.1187906414270401,
		0.18667025864124298
	],
	"right_shoulder": [
		0.39768680930137634,
		0.5373554229736328,
		-0.43063172698020935,
		0.9981568455696106
	],
	"right_elbow": [
		0.4013456404209137,
		0.8724022507667542,
		-0.5248697996139526,
		0.6447446942329407
	],
	"right_wrist": [
		0.5042389631271362,
		1.1589763164520264,
		-0.5327339768409729,
		0.5418853163719177
	],
	"nose": [
		0.5630788207054138,
		0.3327673673629761,
		-0.13254530727863312,
		0.9994250535964966
	],
	"left_eye": [
		0.5469897389411926,
		0.2837293744087219,
		-0.10021992027759552,
		0.9991265535354614
	],
	"right_eye": [
		0.5384345650672913,
		0.28591638803482056,
		-0.17797650396823883,
		0.9993364810943604
	],
	"left_ear": [
		0.5057679414749146,
		0.3013380765914917,
		0.06201545149087906,
		0.9988796710968018
	],
	"right_ear": [
		0.4937029480934143,
		0.30491140484809875,
		-0.28643935918807983,
		0.9994111657142639
	]
}