{
	"left_hip": [
		0.5111287236213684,
		1.220285177230835,
		0.17227767407894135,
		0.030343804508447647
	],
	"left_knee": [
		0.5519651174545288,
		1.5997873544692993,
		0.16577059030532837,
		0.004761296324431896
	],
	"left_ankle": [
		0.5736204385757446,
		2.0387957096099854,
		0.3716694712638855,
		0.0005283309146761894
	],
	"right_hip": [
		0.4159705638885498,
		1.2395520210266113,
		-0.17053532600402832,
		0.02610180899500847
	],
	"right_knee": [
		0.4620252251625061,
		1.608069658279419,
		-0.1802416294813156,
		0.015355736948549747
	],
	"right_ankle": [
		0.47389259934425354,
		2.07354736328125,
		-0.03259329870343208,
		0.001515158568508923
	],
	"left_shoulder": [
		0.4857162833213806,
		0.5858171582221985,
		0.2770024538040161,
		0.9895572662353516
	],
	"left_elbow": [
		0.538481593132019,
		0.8913781046867371,
		0.306951105594635,
		0.06954039633274078
	],
	"left_wrist": [
		0.6309792995452881,
		1.1047594547271729,
		0.11883878707885742,
		0.18289239704608917
	],
	"right_shoulder": [
		0.3977237343788147,
		0.5374777913093567,
		-0.43077030777931213,
		0.9981380701065063
	],
	"right_elbow": [
		0.4019497334957123,
		0.8720203638076782,
		-0.5250827074050903,
		0.6526057124137878
	],
	"right_wrist": [
		0.5041291117668152,
		1.1576323509216309,
		-0.5304923057556152,
		0.5486829280853271
	],
	"nose": [
		0.5628496408462524,
		0.3327869176864624,
		-0.1291031539440155,
		0.999383270740509
	],
	"left_eye": [
		0.5466971397399902,
		0.2838932275772095,
		-0.09646037966012955,
		0.9990792274475098
	],
	"right_eye": [
		0.5381714701652527,
		0.2861073613166809,
		-0.1741565614938736,
		0.9993025660514832
	],
	"left_ear": [
		0.5054202079772949,
		0.30138546228408813,
		0.06642447412014008,
		0.998825192451477
	],
	"right_ear": [
		0.4933760166168213,
		0.30515849590301514,
		-0.2813992500305176,
		0.999384880065918
	]
}