{
	"left_hip": [
		0.5120048522949219,
		1.219870924949646,
		0.17653432488441467,
		0.03498482331633568
	],
	"left_knee": [
		0.5529072880744934,
		1.5940830707550049,
		0.17294105887413025,
		0.005079207476228476
	],
	"left_ankle": [
		0.575689971446991,
		2.033524990081787,
		0.38161763548851013,
		0.0005944536533206701
	],
	"right_hip": [
		0.42083486914634705,
		1.2387772798538208,
		-0.17483115196228027,
		0.030335919931530952
	],
	"right_knee": [
		0.46349677443504333,
		1.6022745370864868,
		-0.17612996697425842,
		0.017434800043702126
	],
	"right_ankle": [
		0.4765095114707947,
		2.0708067417144775,
		-0.02566782757639885,
		0.001803512335754931
	],
	"left_shoulder": [
		0.48752403259277344,
		0.5863562226295471,
		0.28171128034591675,
		0.9888504147529602
	],
	"left_elbow": [
		0.5409945845603943,
		0.8885932564735413,
		0.31632739305496216,
		0.06936834752559662
	],
	"left_wrist": [
		0.6367095112800598,
		1.096660852432251,
		0.128355473279953,
		0.18068933486938477
	],
	"right_shoulder": [
		0.3982187509536743,
		0.5385990738868713,
		-0.43039631843566895,
		0.9980221390724182
	],
	"right_elbow": [
		0.4050472378730774,
		0.8721978664398193,
		-0.525357186794281,
		0.6690465211868286
	],
	"right_wrist": [
		0.5028889775276184,
		1.1574931144714355,
		-0.5267947316169739,
		0.5638005137443542
	],
	"nose": [
		0.5622335076332092,
		0.33068573474884033,
		-0.12510260939598083,
		0.9992610812187195
	],
	"left_eye": [
		0.5458025932312012,
		0.2829382121562958,
		-0.09252064675092697,
		0.9989243149757385
	],
	"right_eye": [
		0.5372676849365234,
		0.28558510541915894,
		-0.1700381338596344,
		0.9991957545280457
	],
	"left_ear": [
		0.5046862363815308,
		0.301062673330307,
		0.06958761811256409,
		0.9986266493797302
	],
	"right_ear": [
		0.49243101477622986,
		0.3053067624568939,
		-0.2776601314544678,
		0.9992880821228027
	]
}