{
	"left_hip": [
		0.5185003280639648,
		1.2182674407958984,
		0.16649624705314636,
		0.032092899084091187
	],
	"left_knee": [
		0.5537304878234863,
		1.664138674736023,
		0.14997300505638123,
		0.005099046975374222
	],
	"left_ankle": [
		0.5757337212562561,
		2.1177937984466553,
		0.36757853627204895,
		0.0005986019968986511
	],
	"right_hip": [
		0.419030100107193,
		1.2380156517028809,
		-0.16465361416339874,
		0.02732553519308567
	],
	"right_knee": [
		0.45782923698425293,
		1.6938344240188599,
		-0.1678510457277298,
		0.0167040154337883
	],
	"right_ankle": [
		0.4657739996910095,
		2.1566896438598633,
		-0.015100764110684395,
		0.001763850450515747
	],
	"left_shoulder": [
		0.49131131172180176,
		0.5902180671691895,
		0.27698343992233276,
		0.9877467751502991
	],
	"left_elbow": [
		0.552985429763794,
		0.8873144388198853,
		0.3264470398426056,
		0.07116009294986725
	],
	"left_wrist": [
		0.6483875513076782,
		1.0977259874343872,
		0.17658565938472748,
		0.1861540973186493
	],
	"right_shoulder": [
		0.3974226713180542,
		0.5388485193252563,
		-0.42673057317733765,
		0.9976080060005188
	],
	"right_elbow": [
		0.4075549244880676,
		0.8754854798316956,
		-0.5153098702430725,
		0.641400158405304
	],
	"right_wrist": [
		0.4964669346809387,
		1.1680196523666382,
		-0.5177742838859558,
		0.5331073999404907
	],
	"nose": [
		0.5604473948478699,
		0.3262990117073059,
		-0.13827896118164062,
		0.9991965293884277
	],
	"left_eye": [
		0.5435017347335815,
		0.2808767557144165,
		-0.10765055567026138,
		0.9988059401512146
	],
	"right_eye": [
		0.5343514084815979,
		0.2839723229408264,
		-0.18434259295463562,
		0.999114990234375
	],
	"left_ear": [
		0.5031001567840576,
		0.3008079528808594,
		0.056503165513277054,
		0.9984163045883179
	],
	"right_ear": [
		0.4880606234073639,
		0.3053947389125824,
		-0.28519952297210693,
		0.9991692304611206
	]
}