{
	"left_hip": [
		0.516446053981781,
		1.2178199291229248,
		0.16716255247592926,
		0.03220105171203613
	],
	"left_knee": [
		0.5503400564193726,
		1.6615173816680908,
		0.15919816493988037,
		0.004908144939690828
	],
	"left_ankle": [
		0.5747084021568298,
		2.110893487930298,
		0.38125842809677124,
		0.000576913938857615
	],
	"right_hip": [
		0.4181230962276459,
		1.2375526428222656,
		-0.16536298394203186,
		0.027338040992617607
	],
	"right_knee": [
		0.45747843384742737,
		1.6852881908416748,
		-0.1674083173274994,
		0.016258712857961655
	],
	"right_ankle": [
		0.4660247266292572,
		2.1496002674102783,
		-0.01456289179623127,
		0.0017235929844900966
	],
	"left_shoulder": [
		0.4889574646949768,
		0.5894911885261536,
		0.2769145667552948,
		0.9878801703453064
	],
	"left_elbow": [
		0.5515230298042297,
		0.8845980167388916,
		0.3258379399776459,
		0.07213064283132553
	],
	"left_wrist": [
		0.6479554772377014,
		1.100508689880371,
		0.16657111048698425,
		0.1896161139011383
	],
	"right_shoulder": [
		0.3972585201263428,
		0.5388308167457581,
		-0.4268622398376465,
		0.9976524710655212
	],
	"right_elbow": [
		0.4075646996498108,
		0.8754879236221313,
		-0.515579104423523,
		0.6399473547935486
	],
	"right_wrist": [
		0.5026291012763977,
		1.167415976524353,
		-0.5188505053520203,
		0.5333757996559143
	],
	"nose": [
		0.55988609790802,
		0.3250811696052551,
		-0.13764558732509613,
		0.9992151260375977
	],
	"left_eye": [
		0.5429995656013489,
		0.27990931272506714,
		-0.10728750377893448,
		0.9988308548927307
	],
	"right_eye": [
		0.5338545441627502,
		0.2830255627632141,
		-0.18304044008255005,
		0.9991332292556763
	],
	"left_ear": [
		0.502405047416687,
		0.30029720067977905,
		0.05699127912521362,
		0.9984498023986816
	],
	"right_ear": [
		0.4871060848236084,
		0.3051430284976959,
		-0.2835249900817871,
		0.9991858005523682
	]
}