{
	"left_hip": [
		0.5108758211135864,
		1.21798837184906,
		0.1725596785545349,
		0.0362686850130558
	],
	"left_knee": [
		0.5556281805038452,
		1.5691908597946167,
		0.18196161091327667,
		0.005206459201872349
	],
	"left_ankle": [
		0.5759049654006958,
		2.0065572261810303,
		0.4102915823459625,
		0.0006280653178691864
	],
	"right_hip": [
		0.417822927236557,
		1.2390010356903076,
		-0.17090529203414917,
		0.030617641285061836
	],
	"right_knee": [
		0.46561330556869507,
		1.5922760963439941,
		-0.16020281612873077,
		0.017987728118896484
	],
	"right_ankle": [
		0.4730626046657562,
		2.0558359622955322,
		0.00644755968824029,
		0.0019207221921533346
	],
	"left_shoulder": [
		0.4875120222568512,
		0.587478756904602,
		0.2771746516227722,
		0.9877259135246277
	],
	"left_elbow": [
		0.5504934191703796,
		0.8791783452033997,
		0.3238535523414612,
		0.07336149364709854
	],
	"left_wrist": [
		0.6472840309143066,
		1.0892236232757568,
		0.15463173389434814,
		0.1926780492067337
	],
	"right_shoulder": [
		0.39693403244018555,
		0.5388277173042297,
		-0.4308982491493225,
		0.9975802898406982
	],
	"right_elbow": [
		0.40934473276138306,
		0.8750443458557129,
		-0.5197232961654663,
		0.6464685201644897
	],
	"right_wrist": [
		0.5200139284133911,
		1.1773982048034668,
		-0.514095664024353,
		0.5378702282905579
	],
	"nose": [
		0.558078408241272,
		0.3249781131744385,
		-0.13204507529735565,
		0.9991544485092163
	],
	"left_eye": [
		0.5416465997695923,
		0.27976909279823303,
		-0.10119159519672394,
		0.9987386465072632
	],
	"right_eye": [
		0.5327240824699402,
		0.2828322947025299,
		-0.17723111808300018,
		0.9990638494491577
	],
	"left_ear": [
		0.5008065104484558,
		0.30020871758461,
		0.058408595621585846,
		0.9983460903167725
	],
	"right_ear": [
		0.48499029874801636,
		0.3051939606666565,
		-0.2815881371498108,
		0.9991176724433899
	]
}