{
	"left_hip": [
		0.5059687495231628,
		1.2135918140411377,
		0.17897099256515503,
		0.03867273032665253
	],
	"left_knee": [
		0.5568889379501343,
		1.5249751806259155,
		0.1837064027786255,
		0.005305485334247351
	],
	"left_ankle": [
		0.5759254097938538,
		1.9509481191635132,
		0.40616583824157715,
		0.0006618575425818563
	],
	"right_hip": [
		0.41746264696121216,
		1.2338719367980957,
		-0.1773473471403122,
		0.03274304419755936
	],
	"right_knee": [
		0.47010311484336853,
		1.533482551574707,
		-0.17064905166625977,
		0.019925227388739586
	],
	"right_ankle": [
		0.4786377549171448,
		1.9811909198760986,
		-0.000255988328717649,
		0.0020976632367819548
	],
	"left_shoulder": [
		0.486044704914093,
		0.5833569169044495,
		0.2843666076660156,
		0.9877023100852966
	],
	"left_elbow": [
		0.5461687445640564,
		0.8649035692214966,
		0.33101001381874084,
		0.0743379071354866
	],
	"left_wrist": [
		0.647976815700531,
		1.0891096591949463,
		0.1550060212612152,
		0.18941159546375275
	],
	"right_shoulder": [
		0.3954372704029083,
		0.5358361601829529,
		-0.43193474411964417,
		0.9976091384887695
	],
	"right_elbow": [
		0.40690141916275024,
		0.8674755096435547,
		-0.5264250636100769,
		0.6636062264442444
	],
	"right_wrist": [
		0.5218153595924377,
		1.1571158170700073,
		-0.5202029943466187,
		0.5511850714683533
	],
	"nose": [
		0.5563143491744995,
		0.3242914378643036,
		-0.12749876081943512,
		0.9990839958190918
	],
	"left_eye": [
		0.5403167605400085,
		0.27932068705558777,
		-0.09593624621629715,
		0.9986321926116943
	],
	"right_eye": [
		0.5313650369644165,
		0.28230613470077515,
		-0.1721152812242508,
		0.9989885091781616
	],
	"left_ear": [
		0.49950891733169556,
		0.2993465065956116,
		0.06488741189241409,
		0.9982350468635559
	],
	"right_ear": [
		0.4831324517726898,
		0.3048250079154968,
		-0.27583396434783936,
		0.9990569353103638
	]
}