{
	"left_hip": [
		0.4801723062992096,
		1.1239763498306274,
		0.19569653272628784,
		0.111387237906456
	],
	"left_knee": [
		0.5845788717269897,
		1.3449525833129883,
		0.11362016201019287,
		0.026628391817212105
	],
	"left_ankle": [
		0.5800392627716064,
		1.7410235404968262,
		0.2757529020309448,
		0.004015088547021151
	],
	"right_hip": [
		0.4047868847846985,
		1.1317952871322632,
		-0.194185271859169,
		0.1017848551273346
	],
	"right_knee": [
		0.4918268620967865,
		1.3293064832687378,
		-0.2679928243160248,
		0.07769570499658585
	],
	"right_ankle": [
		0.48458942770957947,
		1.8174148797988892,
		-0.15993747115135193,
		0.008929739706218243
	],
	"left_shoulder": [
		0.47773462533950806,
		0.5590144991874695,
		0.3925144076347351,
		0.9901928305625916
	],
	"left_elbow": [
		0.5283096432685852,
		0.8196569681167603,
		0.4415344297885895,
		0.11334031075239182
	],
	"left_wrist": [
		0.6133389472961426,
		0.9291154742240906,
		0.1987176239490509,
		0.19143180549144745
	],
	"right_shoulder": [
		0.39077872037887573,
		0.5148463249206543,
		-0.3760719895362854,
		0.9981528520584106
	],
	"right_elbow": [
		0.4516782760620117,
		0.8152112364768982,
		-0.4505530297756195,
		0.8221213221549988
	],
	"right_wrist": [
		0.6075818538665771,
		0.9722033143043518,
		-0.3766869008541107,
		0.7250672578811646
	],
	"nose": [
		0.54451984167099,
		0.3206556439399719,
		0.0011825277470052242,
		0.9986100196838379
	],
	"left_eye": [
		0.5281089544296265,
		0.27425190806388855,
		0.03260021284222603,
		0.9979702234268188
	],
	"right_eye": [
		0.521518886089325,
		0.27768975496292114,
		-0.04763126000761986,
		0.9984394311904907
	],
	"left_ear": [
		0.48922833800315857,
		0.2939961552619934,
		0.17748257517814636,
		0.9976316690444946
	],
	"right_ear": [
		0.4767785966396332,
		0.29988884925842285,
		-0.1787298023700714,
		0.9984888434410095
	]
}