{
	"left_hip": [
		0.46890848875045776,
		1.0902775526046753,
		0.20829160511493683,
		0.2983546555042267
	],
	"left_knee": [
		0.5805726051330566,
		0.8691425323486328,
		0.20221145451068878,
		0.05459825322031975
	],
	"left_ankle": [
		0.5692640542984009,
		1.1488693952560425,
		0.380720317363739,
		0.021887628361582756
	],
	"right_hip": [
		0.4278631806373596,
		1.1098525524139404,
		-0.20741835236549377,
		0.3247942328453064
	],
	"right_knee": [
		0.5556199550628662,
		0.9130170345306396,
		-0.3347642719745636,
		0.33796870708465576
	],
	"right_ankle": [
		0.551303505897522,
		1.1908735036849976,
		-0.051507025957107544,
		0.07136426120996475
	],
	"left_shoulder": [
		0.45039305090904236,
		0.542452335357666,
		0.41177040338516235,
		0.994160532951355
	],
	"left_elbow": [
		0.508907675743103,
		0.7951338887214661,
		0.4945732653141022,
		0.11586044728755951
	],
	"left_wrist": [
		0.6016530990600586,
		0.8801865577697754,
		0.2924172878265381,
		0.1632884442806244
	],
	"right_shoulder": [
		0.4135659337043762,
		0.5077399611473083,
		-0.331657737493515,
		0.9989676475524902
	],
	"right_elbow": [
		0.5102888345718384,
		0.7604565620422363,
		-0.4017854332923889,
		0.9141509532928467
	],
	"right_wrist": [
		0.6292327642440796,
		0.9064238667488098,
		-0.23994982242584229,
		0.8340891003608704
	],
	"nose": [
		0.5412000417709351,
		0.3364679515361786,
		0.051734454929828644,
		0.9991412162780762
	],
	"left_eye": [
		0.5229710340499878,
		0.2855737805366516,
		0.07920683175325394,
		0.9987887740135193
	],
	"right_eye": [
		0.517429530620575,
		0.2885468900203705,
		0.003118599532172084,
		0.9990208745002747
	],
	"left_ear": [
		0.4819916784763336,
		0.3009740710258484,
		0.20921513438224792,
		0.9986869096755981
	],
	"right_ear": [
		0.475576788187027,
		0.30534398555755615,
		-0.1298476755619049,
		0.999187707901001
	]
}