{
	"left_hip": [
		0.45504075288772583,
		1.0603779554367065,
		0.2119404524564743,
		0.3332076072692871
	],
	"left_knee": [
		0.5781126022338867,
		0.7893974781036377,
		0.24696406722068787,
		0.06219892203807831
	],
	"left_ankle": [
		0.5705558657646179,
		1.0047507286071777,
		0.46084722876548767,
		0.029548581689596176
	],
	"right_hip": [
		0.4361360967159271,
		1.0913279056549072,
		-0.21134868264198303,
		0.347467303276062
	],
	"right_knee": [
		0.5916206240653992,
		0.8537631034851074,
		-0.2488175332546234,
		0.38712605834007263
	],
	"right_ankle": [
		0.5724923014640808,
		1.0401533842086792,
		0.064653679728508,
		0.08734063059091568
	],
	"left_shoulder": [
		0.43656349182128906,
		0.5271856188774109,
		0.3420468270778656,
		0.9953421354293823
	],
	"left_elbow": [
		0.5081122517585754,
		0.7723979949951172,
		0.40460658073425293,
		0.10763794183731079
	],
	"left_wrist": [
		0.5996418595314026,
		0.8775187134742737,
		0.23183898627758026,
		0.14001968502998352
	],
	"right_shoulder": [
		0.4273926615715027,
		0.5108432173728943,
		-0.3970649838447571,
		0.9990614056587219
	],
	"right_elbow": [
		0.5254678130149841,
		0.7777557373046875,
		-0.4407278895378113,
		0.9368707537651062
	],
	"right_wrist": [
		0.6371853351593018,
		0.9106758236885071,
		-0.23264828324317932,
		0.8446995615959167
	],
	"nose": [
		0.542528510093689,
		0.34335654973983765,
		-0.02675168216228485,
		0.9987902641296387
	],
	"left_eye": [
		0.5241404175758362,
		0.2902630865573883,
		0.0030557620339095592,
		0.9984428286552429
	],
	"right_eye": [
		0.5190513730049133,
		0.2934030592441559,
		-0.0746823251247406,
		0.9985296726226807
	],
	"left_ear": [
		0.48206624388694763,
		0.3033519685268402,
		0.136503204703331,
		0.9984995126724243
	],
	"right_ear": [
		0.47771888971328735,
		0.30823779106140137,
		-0.20787346363067627,
		0.998924970626831
	]
}