{
	"left_hip": [
		0.4544965624809265,
		1.059544563293457,
		0.2126200944185257,
		0.3398471176624298
	],
	"left_knee": [
		0.5815235376358032,
		0.7846753597259521,
		0.25415775179862976,
		0.06403999030590057
	],
	"left_ankle": [
		0.5818706750869751,
		1.018385410308838,
		0.46714505553245544,
		0.030521297827363014
	],
	"right_hip": [
		0.43585005402565,
		1.0912842750549316,
		-0.21204900741577148,
		0.34880632162094116
	],
	"right_knee": [
		0.5973436236381531,
		0.8540080189704895,
		-0.23853559792041779,
		0.3940074145793915
	],
	"right_ankle": [
		0.5801326632499695,
		1.0516276359558105,
		0.08811357617378235,
		0.08997126668691635
	],
	"left_shoulder": [
		0.4355453550815582,
		0.5270615816116333,
		0.3400519788265228,
		0.9953920245170593
	],
	"left_elbow": [
		0.5081799626350403,
		0.7705187797546387,
		0.40609756112098694,
		0.10757014900445938
	],
	"left_wrist": [
		0.5998489260673523,
		0.8638811707496643,
		0.23570223152637482,
		0.13803189992904663
	],
	"right_shoulder": [
		0.427304208278656,
		0.5108650326728821,
		-0.39432066679000854,
		0.9990392327308655
	],
	"right_elbow": [
		0.5238102674484253,
		0.777907133102417,
		-0.4390987455844879,
		0.9380930066108704
	],
	"right_wrist": [
		0.6370449662208557,
		0.9079351425170898,
		-0.23615913093090057,
		0.843427836894989
	],
	"nose": [
		0.5425800085067749,
		0.34356099367141724,
		-0.02791486121714115,
		0.9986796975135803
	],
	"left_eye": [
		0.5242542624473572,
		0.2902483344078064,
		0.002075968775898218,
		0.9983195662498474
	],
	"right_eye": [
		0.5191488265991211,
		0.29343950748443604,
		-0.07532183825969696,
		0.9983808398246765
	],
	"left_ear": [
		0.4821525514125824,
		0.3033939599990845,
		0.1360115110874176,
		0.9984152913093567
	],
	"right_ear": [
		0.47780269384384155,
		0.3082907497882843,
		-0.2070693075656891,
		0.9988202452659607
	]
}