{
	"left_hip": [
		0.45312586426734924,
		1.0501511096954346,
		0.20271658897399902,
		0.39184048771858215
	],
	"left_knee": [
		0.5937240123748779,
		0.7769219875335693,
		0.21003010869026184,
		0.08559053391218185
	],
	"left_ankle": [
		0.5939450263977051,
		1.0253068208694458,
		0.38754743337631226,
		0.04008585214614868
	],
	"right_hip": [
		0.4279797673225403,
		1.0826386213302612,
		-0.20214176177978516,
		0.3670170307159424
	],
	"right_knee": [
		0.5872610807418823,
		0.8648886680603027,
		-0.24751989543437958,
		0.4508873522281647
	],
	"right_ankle": [
		0.577226996421814,
		1.0510601997375488,
		0.04878592491149902,
		0.11630281805992126
	],
	"left_shoulder": [
		0.42786669731140137,
		0.5237842202186584,
		0.34791237115859985,
		0.9959110617637634
	],
	"left_elbow": [
		0.5299290418624878,
		0.7638181447982788,
		0.43232136964797974,
		0.12376890331506729
	],
	"left_wrist": [
		0.6092268824577332,
		0.8598093390464783,
		0.28170591592788696,
		0.14210301637649536
	],
	"right_shoulder": [
		0.4262920022010803,
		0.5055448412895203,
		-0.3490620255470276,
		0.9989582300186157
	],
	"right_elbow": [
		0.5319293141365051,
		0.7577043771743774,
		-0.3978349268436432,
		0.9437997937202454
	],
	"right_wrist": [
		0.6294568777084351,
		0.8809847235679626,
		-0.2112712860107422,
		0.8402267098426819
	],
	"nose": [
		0.5419161915779114,
		0.3454696238040924,
		-0.0011561403516680002,
		0.9984989762306213
	],
	"left_eye": [
		0.5244317054748535,
		0.29109111428260803,
		0.027260825037956238,
		0.9981182217597961
	],
	"right_eye": [
		0.5184558629989624,
		0.29466938972473145,
		-0.046092841774225235,
		0.9981027245521545
	],
	"left_ear": [
		0.4819602966308594,
		0.3043448030948639,
		0.15752708911895752,
		0.9983409643173218
	],
	"right_ear": [
		0.47554507851600647,
		0.3093227744102478,
		-0.16815882921218872,
		0.9985963106155396
	]
}