{
	"left_hip": [
		0.45378297567367554,
		1.0453966856002808,
		0.2009313553571701,
		0.4082922637462616
	],
	"left_knee": [
		0.5946171879768372,
		0.7946920394897461,
		0.18006005883216858,
		0.09086256474256516
	],
	"left_ankle": [
		0.5886373519897461,
		1.038526177406311,
		0.3407896161079407,
		0.041715364903211594
	],
	"right_hip": [
		0.42589181661605835,
		1.0740758180618286,
		-0.200311541557312,
		0.3772767186164856
	],
	"right_knee": [
		0.5831010937690735,
		0.8789470791816711,
		-0.2563287019729614,
		0.4631335437297821
	],
	"right_ankle": [
		0.5627409219741821,
		1.0604878664016724,
		0.0014724762877449393,
		0.12083057314157486
	],
	"left_shoulder": [
		0.42812713980674744,
		0.5227711796760559,
		0.36681073904037476,
		0.9960850477218628
	],
	"left_elbow": [
		0.5375284552574158,
		0.7548375725746155,
		0.4499122202396393,
		0.1276978701353073
	],
	"left_wrist": [
		0.6097123026847839,
		0.8483731746673584,
		0.30047914385795593,
		0.145223468542099
	],
	"right_shoulder": [
		0.4249621331691742,
		0.5036923289299011,
		-0.33304110169410706,
		0.9989758133888245
	],
	"right_elbow": [
		0.5168384313583374,
		0.7439214587211609,
		-0.38026660680770874,
		0.9458647966384888
	],
	"right_wrist": [
		0.6244276762008667,
		0.8775456547737122,
		-0.2093910276889801,
		0.8427032828330994
	],
	"nose": [
		0.5412118434906006,
		0.34416520595550537,
		0.015275443904101849,
		0.9985681176185608
	],
	"left_eye": [
		0.5240483283996582,
		0.290751188993454,
		0.04459163919091225,
		0.9982072710990906
	],
	"right_eye": [
		0.5176145434379578,
		0.29443928599357605,
		-0.02907843515276909,
		0.9981985092163086
	],
	"left_ear": [
		0.4816376268863678,
		0.30424830317497253,
		0.176492840051651,
		0.9984327554702759
	],
	"right_ear": [
		0.4743930399417877,
		0.30926668643951416,
		-0.14965912699699402,
		0.9986721277236938
	]
}