{
	"left_hip": [
		0.46469348669052124,
		1.0400508642196655,
		0.17799070477485657,
		0.4086917042732239
	],
	"left_knee": [
		0.5270756483078003,
		0.8154925107955933,
		0.22325973212718964,
		0.11510995030403137
	],
	"left_ankle": [
		0.5657467842102051,
		0.9182819128036499,
		0.3958694636821747,
		0.048922013491392136
	],
	"right_hip": [
		0.4057580530643463,
		1.056572675704956,
		-0.17741422355175018,
		0.3650352954864502
	],
	"right_knee": [
		0.48200711607933044,
		0.8541878461837769,
		-0.24208959937095642,
		0.5400254130363464
	],
	"right_ankle": [
		0.5495496392250061,
		0.9605353474617004,
		-0.020709853619337082,
		0.13902905583381653
	],
	"left_shoulder": [
		0.463786780834198,
		0.5303369164466858,
		0.3012898862361908,
		0.9978687763214111
	],
	"left_elbow": [
		0.622239887714386,
		0.6228504776954651,
		0.3696451187133789,
		0.4288320243358612
	],
	"left_wrist": [
		0.7863419651985168,
		0.6982326507568359,
		0.20433731377124786,
		0.478312224149704
	],
	"right_shoulder": [
		0.38711437582969666,
		0.46183648705482483,
		-0.289556086063385,
		0.9984344244003296
	],
	"right_elbow": [
		0.49395471811294556,
		0.5010572075843811,
		-0.5665563344955444,
		0.9628010392189026
	],
	"right_wrist": [
		0.6340059041976929,
		0.535423219203949,
		-0.6003409624099731,
		0.8998348116874695
	],
	"nose": [
		0.5260592699050903,
		0.3343030512332916,
		-0.05910099670290947,
		0.999445915222168
	],
	"left_eye": [
		0.5128013491630554,
		0.28781014680862427,
		-0.02408439666032791,
		0.9992620348930359
	],
	"right_eye": [
		0.50589519739151,
		0.28881099820137024,
		-0.08433352410793304,
		0.9992628693580627
	],
	"left_ear": [
		0.474567174911499,
		0.3030582070350647,
		0.14854957163333893,
		0.999380886554718
	],
	"right_ear": [
		0.4642771780490875,
		0.30540505051612854,
		-0.1261373609304428,
		0.9994387030601501
	]
}