{
	"left_hip": [
		0.4711940884590149,
		0.9877439141273499,
		0.1454559862613678,
		0.44106748700141907
	],
	"left_knee": [
		0.5005614161491394,
		0.9335356950759888,
		0.12287378311157227,
		0.0822717696428299
	],
	"left_ankle": [
		0.5003257393836975,
		1.1880078315734863,
		0.32494619488716125,
		0.04582955315709114
	],
	"right_hip": [
		0.4003334641456604,
		1.0175565481185913,
		-0.14483049511909485,
		0.42924216389656067
	],
	"right_knee": [
		0.40808090567588806,
		1.0385844707489014,
		-0.2840884327888489,
		0.4944177269935608
	],
	"right_ankle": [
		0.3922235071659088,
		1.2987713813781738,
		-0.06069282442331314,
		0.12306485325098038
	],
	"left_shoulder": [
		0.4757446348667145,
		0.47947826981544495,
		0.11421140283346176,
		0.997822642326355
	],
	"left_elbow": [
		0.6369221806526184,
		0.4334966540336609,
		0.03528221696615219,
		0.6520984768867493
	],
	"left_wrist": [
		0.8073768615722656,
		0.4194053113460541,
		-0.22627858817577362,
		0.6973273754119873
	],
	"right_shoulder": [
		0.37197673320770264,
		0.45108532905578613,
		-0.3895758390426636,
		0.9955893754959106
	],
	"right_elbow": [
		0.4273906648159027,
		0.37408581376075745,
		-0.7359910011291504,
		0.9638479948043823
	],
	"right_wrist": [
		0.592508852481842,
		0.3214684724807739,
		-0.8153108358383179,
		0.8878237009048462
	],
	"nose": [
		0.5132852792739868,
		0.3017261326313019,
		-0.2507060468196869,
		0.9993847012519836
	],
	"left_eye": [
		0.5053551197052002,
		0.26315152645111084,
		-0.20890085399150848,
		0.9990837574005127
	],
	"right_eye": [
		0.4998347759246826,
		0.2678132951259613,
		-0.26222723722457886,
		0.999183177947998
	],
	"left_ear": [
		0.4734398424625397,
		0.27766090631484985,
		-0.007870716974139214,
		0.9993283748626709
	],
	"right_ear": [
		0.46505847573280334,
		0.2861205041408539,
		-0.25043684244155884,
		0.9994702935218811
	]
}