{
	"left_hip": [
		0.4566342830657959,
		0.9851514101028442,
		0.15431293845176697,
		0.506342887878418
	],
	"left_knee": [
		0.4558223783969879,
		1.178207278251648,
		0.23630011081695557,
		0.07736051082611084
	],
	"left_ankle": [
		0.43808990716934204,
		1.462731122970581,
		0.46787819266319275,
		0.04012506827712059
	],
	"right_hip": [
		0.40007448196411133,
		1.0073622465133667,
		-0.15387293696403503,
		0.49315962195396423
	],
	"right_knee": [
		0.4186447262763977,
		1.1775168180465698,
		-0.18955454230308533,
		0.4763745069503784
	],
	"right_ankle": [
		0.37758418917655945,
		1.4877492189407349,
		0.0025277927052229643,
		0.11707736551761627
	],
	"left_shoulder": [
		0.46004968881607056,
		0.47982731461524963,
		0.16117063164710999,
		0.9979195594787598
	],
	"left_elbow": [
		0.6343854665756226,
		0.44041895866394043,
		0.1500515639781952,
		0.7084328532218933
	],
	"left_wrist": [
		0.808716893196106,
		0.3934164047241211,
		-0.037236474454402924,
		0.7497933506965637
	],
	"right_shoulder": [
		0.3767489194869995,
		0.4477674067020416,
		-0.36876380443573,
		0.9956616759300232
	],
	"right_elbow": [
		0.4283767640590668,
		0.350286602973938,
		-0.6917040348052979,
		0.9671648144721985
	],
	"right_wrist": [
		0.5869997143745422,
		0.3000528812408447,
		-0.7942222952842712,
		0.9013178944587708
	],
	"nose": [
		0.5075138211250305,
		0.30330705642700195,
		-0.194928839802742,
		0.9992560148239136
	],
	"left_eye": [
		0.5015445351600647,
		0.2637113332748413,
		-0.15757426619529724,
		0.9988075494766235
	],
	"right_eye": [
		0.4962073266506195,
		0.26807937026023865,
		-0.21823212504386902,
		0.9990342259407043
	],
	"left_ear": [
		0.4709327816963196,
		0.27543842792510986,
		0.007179644890129566,
		0.9991868734359741
	],
	"right_ear": [
		0.46183204650878906,
		0.2847713828086853,
		-0.22327974438667297,
		0.9993809461593628
	]
}