{
	"left_hip": [
		0.45388197898864746,
		0.9899941682815552,
		0.14500755071640015,
		0.5368930101394653
	],
	"left_knee": [
		0.5356475114822388,
		0.8084315657615662,
		0.15842236578464508,
		0.06973099708557129
	],
	"left_ankle": [
		0.5993165373802185,
		0.9152414798736572,
		0.2610878348350525,
		0.036987245082855225
	],
	"right_hip": [
		0.3935522437095642,
		1.0483031272888184,
		-0.14437778294086456,
		0.509535551071167
	],
	"right_knee": [
		0.40051764249801636,
		1.1857417821884155,
		-0.13137567043304443,
		0.46176964044570923
	],
	"right_ankle": [
		0.4020470976829529,
		1.352469801902771,
		-0.08567267656326294,
		0.10875886678695679
	],
	"left_shoulder": [
		0.4815283715724945,
		0.4898463785648346,
		-0.010795013047754765,
		0.9980296492576599
	],
	"left_elbow": [
		0.6267489194869995,
		0.41115257143974304,
		-0.14722517132759094,
		0.7594322562217712
	],
	"left_wrist": [
		0.8094073534011841,
		0.33484843373298645,
		-0.44574451446533203,
		0.806213915348053
	],
	"right_shoulder": [
		0.357878178358078,
		0.47422176599502563,
		-0.4764423370361328,
		0.9935336112976074
	],
	"right_elbow": [
		0.4185270667076111,
		0.33166056871414185,
		-0.8748753666877747,
		0.9594810009002686
	],
	"right_wrist": [
		0.5673742294311523,
		0.27189958095550537,
		-0.9746021032333374,
		0.9005677103996277
	],
	"nose": [
		0.4902173578739166,
		0.3190504312515259,
		-0.4163692891597748,
		0.9993579983711243
	],
	"left_eye": [
		0.48797354102134705,
		0.2792252004146576,
		-0.37201014161109924,
		0.9990010261535645
	],
	"right_eye": [
		0.4740421772003174,
		0.28153514862060547,
		-0.41272228956222534,
		0.9991623163223267
	],
	"left_ear": [
		0.46308889985084534,
		0.29046374559402466,
		-0.1481112241744995,
		0.9993330240249634
	],
	"right_ear": [
		0.4406588077545166,
		0.29790154099464417,
		-0.33770862221717834,
		0.9994402527809143
	]
}