{
	"left_hip": [
		0.47970113158226013,
		1.0421441793441772,
		0.10773966461420059,
		0.6519501805305481
	],
	"left_knee": [
		0.47390246391296387,
		1.4630287885665894,
		0.1070932000875473,
		0.1021779328584671
	],
	"left_ankle": [
		0.4692085385322571,
		1.8383287191390991,
		0.31969505548477173,
		0.02890351042151451
	],
	"right_hip": [
		0.36789706349372864,
		1.0565910339355469,
		-0.10679294914007187,
		0.5963026881217957
	],
	"right_knee": [
		0.3563125729560852,
		1.472152590751648,
		-0.12474082410335541,
		0.3869682550430298
	],
	"right_ankle": [
		0.3515375852584839,
		1.8623478412628174,
		-0.03664516657590866,
		0.08219288289546967
	],
	"left_shoulder": [
		0.49958205223083496,
		0.5054829716682434,
		0.1482413113117218,
		0.9986157417297363
	],
	"left_elbow": [
		0.6657580137252808,
		0.4256194829940796,
		0.0918973907828331,
		0.8547105193138123
	],
	"left_wrist": [
		0.8118664026260376,
		0.33903902769088745,
		-0.08163382858037949,
		0.8844121098518372
	],
	"right_shoulder": [
		0.34226280450820923,
		0.4685542583465576,
		-0.3672334551811218,
		0.995187520980835
	],
	"right_elbow": [
		0.40873175859451294,
		0.3289247155189514,
		-0.818365752696991,
		0.975013792514801
	],
	"right_wrist": [
		0.5607256293296814,
		0.2464812695980072,
		-0.9200484156608582,
		0.9373916387557983
	],
	"nose": [
		0.4865017831325531,
		0.34012898802757263,
		-0.2779766917228699,
		0.9995256662368774
	],
	"left_eye": [
		0.48439884185791016,
		0.2977258265018463,
		-0.22623372077941895,
		0.9993157982826233
	],
	"right_eye": [
		0.4696163237094879,
		0.2946285605430603,
		-0.2748323976993561,
		0.9994242787361145
	],
	"left_ear": [
		0.4603579640388489,
		0.3050784766674042,
		0.01413421519100666,
		0.9995602965354919
	],
	"right_ear": [
		0.4302627444267273,
		0.30706778168678284,
		-0.2010575234889984,
		0.9996210336685181
	]
}