{
	"left_hip": [
		0.47778549790382385,
		1.0691282749176025,
		0.10288145393133163,
		0.743000328540802
	],
	"left_knee": [
		0.5005350708961487,
		1.47023606300354,
		0.07695944607257843,
		0.15378670394420624
	],
	"left_ankle": [
		0.48264867067337036,
		1.8523571491241455,
		0.2791737914085388,
		0.03231869265437126
	],
	"right_hip": [
		0.3698456585407257,
		1.0776348114013672,
		-0.10216069221496582,
		0.698168158531189
	],
	"right_knee": [
		0.36303791403770447,
		1.4885450601577759,
		-0.12180669605731964,
		0.38016319274902344
	],
	"right_ankle": [
		0.35251662135124207,
		1.9036391973495483,
		-0.01333784032613039,
		0.09108247607946396
	],
	"left_shoulder": [
		0.5013154745101929,
		0.5208045244216919,
		0.17277540266513824,
		0.9990248680114746
	],
	"left_elbow": [
		0.6620274782180786,
		0.4311056137084961,
		0.1487274467945099,
		0.9109327793121338
	],
	"left_wrist": [
		0.8102315068244934,
		0.35330715775489807,
		0.022182198241353035,
		0.9306086897850037
	],
	"right_shoulder": [
		0.3344663977622986,
		0.47306421399116516,
		-0.318521648645401,
		0.9966682195663452
	],
	"right_elbow": [
		0.3811571002006531,
		0.35919880867004395,
		-0.7533661127090454,
		0.9837687611579895
	],
	"right_wrist": [
		0.5366185903549194,
		0.2624507546424866,
		-0.9174283146858215,
		0.9601507186889648
	],
	"nose": [
		0.48028984665870667,
		0.3476640582084656,
		-0.19870667159557343,
		0.9996820688247681
	],
	"left_eye": [
		0.4800513684749603,
		0.30146005749702454,
		-0.15430869162082672,
		0.9995468258857727
	],
	"right_eye": [
		0.4647587239742279,
		0.29838892817497253,
		-0.20040535926818848,
		0.9996185898780823
	],
	"left_ear": [
		0.4527515769004822,
		0.30944332480430603,
		0.053308725357055664,
		0.9997161626815796
	],
	"right_ear": [
		0.42479419708251953,
		0.30695903301239014,
		-0.15157663822174072,
		0.9997477531433105
	]
}