{
	"left_hip": [
		0.48022857308387756,
		1.04368257522583,
		0.08353928476572037,
		0.7781763076782227
	],
	"left_knee": [
		0.4932630658149719,
		1.5114408731460571,
		0.09230223298072815,
		0.10420069098472595
	],
	"left_ankle": [
		0.4776141047477722,
		1.9127287864685059,
		0.3700100779533386,
		0.02000991813838482
	],
	"right_hip": [
		0.3636154532432556,
		1.0880085229873657,
		-0.08225326240062714,
		0.7323676347732544
	],
	"right_knee": [
		0.3619341254234314,
		1.5145424604415894,
		-0.09412040561437607,
		0.2517939805984497
	],
	"right_ankle": [
		0.3545385003089905,
		1.9311583042144775,
		0.06268222630023956,
		0.05697200074791908
	],
	"left_shoulder": [
		0.4974610209465027,
		0.5252669453620911,
		0.12144622951745987,
		0.9993606805801392
	],
	"left_elbow": [
		0.6565260887145996,
		0.4625823199748993,
		0.08295431733131409,
		0.9462586641311646
	],
	"left_wrist": [
		0.802445113658905,
		0.3940088152885437,
		-0.04834919795393944,
		0.9587481617927551
	],
	"right_shoulder": [
		0.3270699977874756,
		0.4806753098964691,
		-0.31493324041366577,
		0.9977982640266418
	],
	"right_elbow": [
		0.3873268961906433,
		0.27267345786094666,
		-0.7911490797996521,
		0.9891948699951172
	],
	"right_wrist": [
		0.5211158394813538,
		0.2893962562084198,
		-0.993730366230011,
		0.973817765712738
	],
	"nose": [
		0.4737975597381592,
		0.35499605536460876,
		-0.24588973820209503,
		0.9997965693473816
	],
	"left_eye": [
		0.4729182720184326,
		0.3044709861278534,
		-0.20425891876220703,
		0.9997138381004333
	],
	"right_eye": [
		0.45612984895706177,
		0.299525648355484,
		-0.2375141829252243,
		0.9997559785842896
	],
	"left_ear": [
		0.4509466588497162,
		0.31207358837127686,
		0.007557913661003113,
		0.9998239278793335
	],
	"right_ear": [
		0.41609030961990356,
		0.3074672222137451,
		-0.15653270483016968,
		0.9998387098312378
	]
}