{
	"left_hip": [
		0.3551567792892456,
		1.4656471014022827,
		0.27633875608444214,
		0.44087085127830505
	],
	"left_knee": [
		0.41685542464256287,
		1.2128809690475464,
		0.33517009019851685,
		0.04309526085853577
	],
	"left_ankle": [
		0.38011056184768677,
		1.7222442626953125,
		0.6928339600563049,
		0.007824093103408813
	],
	"right_hip": [
		0.29033830761909485,
		1.51841139793396,
		-0.27484411001205444,
		0.4357181489467621
	],
	"right_knee": [
		0.4642225205898285,
		1.0487701892852783,
		-0.38412028551101685,
		0.12435857951641083
	],
	"right_ankle": [
		0.35010582208633423,
		1.8728961944580078,
		0.0779736191034317,
		0.01937083713710308
	],
	"left_shoulder": [
		0.372802197933197,
		0.6540921330451965,
		0.28558844327926636,
		0.9970913529396057
	],
	"left_elbow": [
		0.45364803075790405,
		1.1093496084213257,
		0.3893110156059265,
		0.7133020162582397
	],
	"left_wrist": [
		0.5060447454452515,
		1.361710786819458,
		0.2923339009284973,
		0.7717177867889404
	],
	"right_shoulder": [
		0.24332325160503387,
		0.6682174801826477,
		-0.6838266849517822,
		0.9688265919685364
	],
	"right_elbow": [
		0.18752917647361755,
		1.1556833982467651,
		-0.7426453828811646,
		0.7760120034217834
	],
	"right_wrist": [
		0.2740771770477295,
		1.3958101272583008,
		-0.5472446084022522,
		0.7273330092430115
	],
	"nose": [
		0.5262686014175415,
		0.4945336580276489,
		-0.23724719882011414,
		0.9930102229118347
	],
	"left_eye": [
		0.526247501373291,
		0.4089638292789459,
		-0.18791146576404572,
		0.9922733902931213
	],
	"right_eye": [
		0.5218701958656311,
		0.40881556272506714,
		-0.3023061156272888,
		0.9809937477111816
	],
	"left_ear": [
		0.46471238136291504,
		0.36981961131095886,
		0.01980454847216606,
		0.9960829615592957
	],
	"right_ear": [
		0.4588453769683838,
		0.3725791573524475,
		-0.511554479598999,
		0.9793012142181396
	]
}