{
	"left_hip": [
		0.35703712701797485,
		1.537738561630249,
		0.28015318512916565,
		0.4030481278896332
	],
	"left_knee": [
		0.40564727783203125,
		1.6886887550354004,
		0.4349331855773926,
		0.03963754326105118
	],
	"left_ankle": [
		0.39926522970199585,
		2.29410982131958,
		0.9149958491325378,
		0.007144575472921133
	],
	"right_hip": [
		0.2950931191444397,
		1.5944114923477173,
		-0.27791544795036316,
		0.3988829255104065
	],
	"right_knee": [
		0.4454246461391449,
		1.7088016271591187,
		-0.2206449955701828,
		0.11548792570829391
	],
	"right_ankle": [
		0.3495796322822571,
		2.4160866737365723,
		0.2482975721359253,
		0.017553232610225677
	],
	"left_shoulder": [
		0.38369935750961304,
		0.6894711852073669,
		0.2285594940185547,
		0.9963635802268982
	],
	"left_elbow": [
		0.43142175674438477,
		1.1992433071136475,
		0.298989474773407,
		0.6425362229347229
	],
	"left_wrist": [
		0.4925151765346527,
		1.4701752662658691,
		0.20294606685638428,
		0.6957699656486511
	],
	"right_shoulder": [
		0.2830599844455719,
		0.6799672245979309,
		-0.7123883962631226,
		0.9717461466789246
	],
	"right_elbow": [
		0.21319246292114258,
		1.2225661277770996,
		-0.7087620496749878,
		0.7308793663978577
	],
	"right_wrist": [
		0.3001943826675415,
		1.4930495023727417,
		-0.49971550703048706,
		0.6769856214523315
	],
	"nose": [
		0.5468310117721558,
		0.5120596885681152,
		-0.26029932498931885,
		0.9936691522598267
	],
	"left_eye": [
		0.5468229055404663,
		0.4213829040527344,
		-0.21743781864643097,
		0.9930086135864258
	],
	"right_eye": [
		0.5438040494918823,
		0.4222054183483124,
		-0.3269668221473694,
		0.9828565716743469
	],
	"left_ear": [
		0.49014559388160706,
		0.37669795751571655,
		-0.035461317747831345,
		0.9964562058448792
	],
	"right_ear": [
		0.4867679178714752,
		0.38394126296043396,
		-0.5145161747932434,
		0.981357753276825
	]
}