{
	"left_hip": [
		0.3699999451637268,
		1.5544296503067017,
		0.16559408605098724,
		0.2412303388118744
	],
	"left_knee": [
		0.4240298867225647,
		2.226517677307129,
		0.34910503029823303,
		0.027439238503575325
	],
	"left_ankle": [
		0.4592408537864685,
		2.8981339931488037,
		0.75749671459198,
		0.0035573760978877544
	],
	"right_hip": [
		0.4328209459781647,
		1.6159460544586182,
		-0.164226695895195,
		0.3080481290817261
	],
	"right_knee": [
		0.4061916470527649,
		2.3482916355133057,
		-0.007604065351188183,
		0.06995217502117157
	],
	"right_ankle": [
		0.3872292935848236,
		3.053464651107788,
		0.2012031078338623,
		0.008789371699094772
	],
	"left_shoulder": [
		0.2580088973045349,
		0.629156231880188,
		0.06245001405477524,
		0.9952300786972046
	],
	"left_elbow": [
		0.1973806470632553,
		0.9793715476989746,
		0.3397444784641266,
		0.20372821390628815
	],
	"left_wrist": [
		0.33326250314712524,
		1.199859619140625,
		0.7275775074958801,
		0.10609855502843857
	],
	"right_shoulder": [
		0.5388890504837036,
		0.6270187497138977,
		-0.41601839661598206,
		0.9965599179267883
	],
	"right_elbow": [
		0.5490032434463501,
		1.2249436378479004,
		-0.3004959225654602,
		0.4930131733417511
	],
	"right_wrist": [
		0.5997422933578491,
		1.5648661851882935,
		0.09423711895942688,
		0.20780004560947418
	],
	"nose": [
		0.5745731592178345,
		0.4501154124736786,
		0.18936710059642792,
		0.9929772019386292
	],
	"left_eye": [
		0.558780312538147,
		0.37765249609947205,
		0.14836658537387848,
		0.9926621317863464
	],
	"right_eye": [
		0.5682743787765503,
		0.38525059819221497,
		0.09161744266748428,
		0.9918386340141296
	],
	"left_ear": [
		0.505353569984436,
		0.35725507140159607,
		0.01683901436626911,
		0.9953680634498596
	],
	"right_ear": [
		0.5318952798843384,
		0.3743750751018524,
		-0.24933955073356628,
		0.9919063448905945
	]
}