{
	"left_hip": [
		0.36262351274490356,
		1.5484329462051392,
		0.17103707790374756,
		0.2530750632286072
	],
	"left_knee": [
		0.41720452904701233,
		2.2090342044830322,
		0.34073391556739807,
		0.030269943177700043
	],
	"left_ankle": [
		0.45493394136428833,
		2.8802335262298584,
		0.7078514695167542,
		0.003854361129924655
	],
	"right_hip": [
		0.43128007650375366,
		1.603987216949463,
		-0.1697947233915329,
		0.3188905119895935
	],
	"right_knee": [
		0.40310248732566833,
		2.3197896480560303,
		-0.024433067068457603,
		0.07536810636520386
	],
	"right_ankle": [
		0.38685938715934753,
		3.0259571075439453,
		0.15733954310417175,
		0.009492519311606884
	],
	"left_shoulder": [
		0.2557605803012848,
		0.6275665760040283,
		0.0899839848279953,
		0.9951938986778259
	],
	"left_elbow": [
		0.1939782351255417,
		0.9751551747322083,
		0.32770228385925293,
		0.20812520384788513
	],
	"left_wrist": [
		0.3288857340812683,
		1.198309063911438,
		0.6595977544784546,
		0.10133618116378784
	],
	"right_shoulder": [
		0.5345836877822876,
		0.6227232813835144,
		-0.41324490308761597,
		0.9968383312225342
	],
	"right_elbow": [
		0.5485594868659973,
		1.2114872932434082,
		-0.2993398606777191,
		0.5123904347419739
	],
	"right_wrist": [
		0.5949043035507202,
		1.55495285987854,
		0.10296895354986191,
		0.21295063197612762
	],
	"nose": [
		0.5680052042007446,
		0.44814419746398926,
		0.2026321142911911,
		0.9928416013717651
	],
	"left_eye": [
		0.5521792769432068,
		0.37630215287208557,
		0.16737782955169678,
		0.992551863193512
	],
	"right_eye": [
		0.5630418658256531,
		0.3833600878715515,
		0.10723390430212021,
		0.9917916655540466
	],
	"left_ear": [
		0.4992868900299072,
		0.356172114610672,
		0.04613659903407097,
		0.9952215552330017
	],
	"right_ear": [
		0.5282788872718811,
		0.3724396824836731,
		-0.22756139934062958,
		0.9918574094772339
	]
}