{
	"left_hip": [
		0.3473970293998718,
		1.5423527956008911,
		0.18065744638442993,
		0.2818332612514496
	],
	"left_knee": [
		0.39910459518432617,
		2.186300277709961,
		0.3817288279533386,
		0.03233455494046211
	],
	"left_ankle": [
		0.44420957565307617,
		2.860960006713867,
		0.7884924411773682,
		0.004024500492960215
	],
	"right_hip": [
		0.4201435446739197,
		1.6030247211456299,
		-0.1794329434633255,
		0.34540891647338867
	],
	"right_knee": [
		0.3950835168361664,
		2.308061361312866,
		-0.00476662116125226,
		0.08172831684350967
	],
	"right_ankle": [
		0.3816017210483551,
		3.0120468139648438,
		0.21426263451576233,
		0.010050149634480476
	],
	"left_shoulder": [
		0.24953143298625946,
		0.6267082691192627,
		0.08222371339797974,
		0.9951326847076416
	],
	"left_elbow": [
		0.19325636327266693,
		0.9714433550834656,
		0.3509736955165863,
		0.2036786824464798
	],
	"left_wrist": [
		0.32704871892929077,
		1.2042943239212036,
		0.6872181296348572,
		0.09014195203781128
	],
	"right_shoulder": [
		0.5203333497047424,
		0.6261485815048218,
		-0.44161343574523926,
		0.9975327849388123
	],
	"right_elbow": [
		0.533415675163269,
		1.2163370847702026,
		-0.31431522965431213,
		0.5411034822463989
	],
	"right_wrist": [
		0.5680610537528992,
		1.5610203742980957,
		0.09549196809530258,
		0.2275996208190918
	],
	"nose": [
		0.564419150352478,
		0.4461618959903717,
		0.184979647397995,
		0.9932160973548889
	],
	"left_eye": [
		0.5485676527023315,
		0.37285876274108887,
		0.1477714329957962,
		0.992947518825531
	],
	"right_eye": [
		0.5592291951179504,
		0.37969306111335754,
		0.0880545899271965,
		0.9923646450042725
	],
	"left_ear": [
		0.49284300208091736,
		0.35045453906059265,
		0.02018606662750244,
		0.9954132437705994
	],
	"right_ear": [
		0.5204973220825195,
		0.36776965856552124,
		-0.24206754565238953,
		0.9925036430358887
	]
}