{
	"left_hip": [
		0.314822256565094,
		1.5364266633987427,
		0.2531038820743561,
		0.33309775590896606
	],
	"left_knee": [
		0.37641292810440063,
		2.0527989864349365,
		0.46006184816360474,
		0.04136577993631363
	],
	"left_ankle": [
		0.4467521607875824,
		2.695625066757202,
		0.8860068321228027,
		0.007605328224599361
	],
	"right_hip": [
		0.4156242311000824,
		1.6052571535110474,
		-0.25231170654296875,
		0.4106001555919647
	],
	"right_knee": [
		0.39527443051338196,
		2.1751809120178223,
		-0.027860408648848534,
		0.14163801074028015
	],
	"right_ankle": [
		0.4095885753631592,
		2.847407341003418,
		0.2105148285627365,
		0.027960030362010002
	],
	"left_shoulder": [
		0.2466549426317215,
		0.6211720108985901,
		0.20145449042320251,
		0.9935541749000549
	],
	"left_elbow": [
		0.22820799052715302,
		1.0594688653945923,
		0.3650715947151184,
		0.14801059663295746
	],
	"left_wrist": [
		0.32213690876960754,
		1.2956935167312622,
		0.512451171875,
		0.06719756871461868
	],
	"right_shoulder": [
		0.4883612096309662,
		0.6170740723609924,
		-0.541816234588623,
		0.998364269733429
	],
	"right_elbow": [
		0.5139888525009155,
		1.1697546243667603,
		-0.4578569531440735,
		0.5991259217262268
	],
	"right_wrist": [
		0.56132572889328,
		1.599097728729248,
		-0.0788690522313118,
		0.29334351420402527
	],
	"nose": [
		0.5653315782546997,
		0.4372551739215851,
		0.11122488975524902,
		0.9926058053970337
	],
	"left_eye": [
		0.549002468585968,
		0.35442110896110535,
		0.10453338921070099,
		0.9931140542030334
	],
	"right_eye": [
		0.5572853684425354,
		0.3632999360561371,
		0.019697880372405052,
		0.9926142692565918
	],
	"left_ear": [
		0.49140867590904236,
		0.3286657929420471,
		0.06869295239448547,
		0.9953345656394958
	],
	"right_ear": [
		0.5094975829124451,
		0.3485254943370819,
		-0.30722320079803467,
		0.9934046864509583
	]
}