{
	"left_hip": [
		0.3070846199989319,
		1.5311506986618042,
		0.25893405079841614,
		0.3564712703227997
	],
	"left_knee": [
		0.36712825298309326,
		2.0474371910095215,
		0.4867044985294342,
		0.04017554223537445
	],
	"left_ankle": [
		0.43172144889831543,
		2.6885061264038086,
		0.9322683215141296,
		0.008699558675289154
	],
	"right_hip": [
		0.4070109724998474,
		1.6032605171203613,
		-0.2581478953361511,
		0.4390079081058502
	],
	"right_knee": [
		0.3929954469203949,
		2.1660361289978027,
		-0.02738189324736595,
		0.1647714227437973
	],
	"right_ankle": [
		0.40740102529525757,
		2.820831537246704,
		0.24341490864753723,
		0.03562573343515396
	],
	"left_shoulder": [
		0.2471882551908493,
		0.6081368327140808,
		0.20517806708812714,
		0.9930990934371948
	],
	"left_elbow": [
		0.237081840634346,
		1.0626929998397827,
		0.35713711380958557,
		0.1240343227982521
	],
	"left_wrist": [
		0.3153170943260193,
		1.3374779224395752,
		0.5074347257614136,
		0.059826672077178955
	],
	"right_shoulder": [
		0.48154768347740173,
		0.6173900365829468,
		-0.5591320991516113,
		0.9986491799354553
	],
	"right_elbow": [
		0.49877867102622986,
		1.248666763305664,
		-0.46213498711586,
		0.622789740562439
	],
	"right_wrist": [
		0.551479160785675,
		1.6336908340454102,
		-0.060292668640613556,
		0.3263803720474243
	],
	"nose": [
		0.5657073259353638,
		0.43188533186912537,
		0.09528730064630508,
		0.9917494058609009
	],
	"left_eye": [
		0.5491652488708496,
		0.3482869863510132,
		0.08928566426038742,
		0.992883563041687
	],
	"right_eye": [
		0.5567044019699097,
		0.35804852843284607,
		0.0026566192973405123,
		0.9924964904785156
	],
	"left_ear": [
		0.49114710092544556,
		0.32162731885910034,
		0.061369188129901886,
		0.9951057434082031
	],
	"right_ear": [
		0.5077661275863647,
		0.3437403440475464,
		-0.3265445828437805,
		0.9938125014305115
	]
}