{
	"left_hip": [
		0.3076598644256592,
		1.5321204662322998,
		0.25420722365379333,
		0.36023014783859253
	],
	"left_knee": [
		0.3656674027442932,
		2.060056447982788,
		0.49628376960754395,
		0.037325382232666016
	],
	"left_ankle": [
		0.42995136976242065,
		2.7056970596313477,
		0.9715259671211243,
		0.00825909711420536
	],
	"right_hip": [
		0.4022705554962158,
		1.6124330759048462,
		-0.2533987760543823,
		0.4446823000907898
	],
	"right_knee": [
		0.3799349069595337,
		2.1848156452178955,
		-0.0032474156469106674,
		0.16035735607147217
	],
	"right_ankle": [
		0.3954426348209381,
		2.85463285446167,
		0.3098715543746948,
		0.03480423986911774
	],
	"left_shoulder": [
		0.24721071124076843,
		0.6083012819290161,
		0.19018319249153137,
		0.9929071664810181
	],
	"left_elbow": [
		0.2450389862060547,
		1.0663485527038574,
		0.3477858006954193,
		0.1100546270608902
	],
	"left_wrist": [
		0.31637901067733765,
		1.3503403663635254,
		0.5148975849151611,
		0.057719431817531586
	],
	"right_shoulder": [
		0.47958439588546753,
		0.6266996264457703,
		-0.570015549659729,
		0.9988025426864624
	],
	"right_elbow": [
		0.4929652214050293,
		1.2740899324417114,
		-0.46330228447914124,
		0.6297226548194885
	],
	"right_wrist": [
		0.5395215749740601,
		1.6605380773544312,
		-0.0863521546125412,
		0.3508342504501343
	],
	"nose": [
		0.565711498260498,
		0.4322471618652344,
		0.055671632289886475,
		0.9918076395988464
	],
	"left_eye": [
		0.5492304563522339,
		0.3485742509365082,
		0.0481221079826355,
		0.9929742813110352
	],
	"right_eye": [
		0.5567210912704468,
		0.3583226203918457,
		-0.03620001673698425,
		0.9926185607910156
	],
	"left_ear": [
		0.490839421749115,
		0.3208129107952118,
		0.022122250869870186,
		0.9951968193054199
	],
	"right_ear": [
		0.5076332092285156,
		0.3437282145023346,
		-0.35740047693252563,
		0.9941319823265076
	]
}