{
	"left_hip": [
		0.3744277060031891,
		1.5505739450454712,
		0.24212463200092316,
		0.30258113145828247
	],
	"left_knee": [
		0.426535040140152,
		2.216742753982544,
		0.5643903613090515,
		0.0225765872746706
	],
	"left_ankle": [
		0.4613056182861328,
		2.8924386501312256,
		1.1698291301727295,
		0.0042985472828149796
	],
	"right_hip": [
		0.3983204960823059,
		1.6255336999893188,
		-0.2405848205089569,
		0.3412378430366516
	],
	"right_knee": [
		0.3909660577774048,
		2.339120864868164,
		0.0677030086517334,
		0.08937636017799377
	],
	"right_ankle": [
		0.3673493564128876,
		3.038618803024292,
		0.5111149549484253,
		0.017624665051698685
	],
	"left_shoulder": [
		0.2685403525829315,
		0.599672257900238,
		0.17965880036354065,
		0.9921087026596069
	],
	"left_elbow": [
		0.32639411091804504,
		1.1379457712173462,
		0.2103770226240158,
		0.07851797342300415
	],
	"left_wrist": [
		0.3626747131347656,
		1.4839282035827637,
		0.1559630036354065,
		0.07308858633041382
	],
	"right_shoulder": [
		0.4623344838619232,
		0.6161989569664001,
		-0.6896756291389465,
		0.9989138841629028
	],
	"right_elbow": [
		0.49093228578567505,
		1.2782469987869263,
		-0.6373936533927917,
		0.5097514390945435
	],
	"right_wrist": [
		0.5614216327667236,
		1.6168544292449951,
		-0.3114025592803955,
		0.32669657468795776
	],
	"nose": [
		0.5606871843338013,
		0.3345707952976227,
		-0.03902649134397507,
		0.9938633441925049
	],
	"left_eye": [
		0.5401893258094788,
		0.24186834692955017,
		-0.027099255472421646,
		0.9946746826171875
	],
	"right_eye": [
		0.5433627367019653,
		0.2495226413011551,
		-0.13103953003883362,
		0.9940887689590454
	],
	"left_ear": [
		0.4780537188053131,
		0.24360425770282745,
		0.006823493633419275,
		0.9965189695358276
	],
	"right_ear": [
		0.492147833108902,
		0.25931277871131897,
		-0.4411301612854004,
		0.9956415891647339
	]
}