{
	"left_hip": [
		0.31834346055984497,
		1.6016238927841187,
		0.2545880675315857,
		0.21084648370742798
	],
	"left_knee": [
		0.37421175837516785,
		2.248889684677124,
		0.5291546583175659,
		0.012481718324124813
	],
	"left_ankle": [
		0.4403555393218994,
		2.9438798427581787,
		1.0544507503509521,
		0.0026077558286488056
	],
	"right_hip": [
		0.3856962323188782,
		1.6721739768981934,
		-0.2529769539833069,
		0.21334409713745117
	],
	"right_knee": [
		0.37499088048934937,
		2.392899513244629,
		0.0013639223761856556,
		0.052549827843904495
	],
	"right_ankle": [
		0.3792861998081207,
		3.1312437057495117,
		0.3322634696960449,
		0.008549701422452927
	],
	"left_shoulder": [
		0.19174747169017792,
		0.6005066633224487,
		0.16107426583766937,
		0.9905270934104919
	],
	"left_elbow": [
		0.2549446225166321,
		1.089813470840454,
		0.33441197872161865,
		0.05694479122757912
	],
	"left_wrist": [
		0.31424251198768616,
		1.3607897758483887,
		0.5631006956100464,
		0.08341080695390701
	],
	"right_shoulder": [
		0.43453526496887207,
		0.6496407985687256,
		-0.6699673533439636,
		0.9983959794044495
	],
	"right_elbow": [
		0.48571962118148804,
		1.2906981706619263,
		-0.6159623861312866,
		0.478922039270401
	],
	"right_wrist": [
		0.5716270208358765,
		1.6727560758590698,
		-0.32762110233306885,
		0.32002079486846924
	],
	"nose": [
		0.49500951170921326,
		0.3336711525917053,
		0.07471239566802979,
		0.9947977066040039
	],
	"left_eye": [
		0.473461776971817,
		0.24603325128555298,
		0.06059057265520096,
		0.9952858686447144
	],
	"right_eye": [
		0.4844955801963806,
		0.2548423409461975,
		-0.032935988157987595,
		0.9955112338066101
	],
	"left_ear": [
		0.40856748819351196,
		0.2370041161775589,
		-0.026373839005827904,
		0.9970852732658386
	],
	"right_ear": [
		0.44530415534973145,
		0.2597697377204895,
		-0.41318726539611816,
		0.9970865845680237
	]
}