{
	"left_hip": [
		0.32782095670700073,
		1.594441294670105,
		0.2703992426395416,
		0.20651069283485413
	],
	"left_knee": [
		0.38338539004325867,
		2.240143299102783,
		0.468112051486969,
		0.01318102516233921
	],
	"left_ankle": [
		0.439492791891098,
		2.943622350692749,
		0.9489856958389282,
		0.002487080404534936
	],
	"right_hip": [
		0.37143176794052124,
		1.6663435697555542,
		-0.26870623230934143,
		0.20983025431632996
	],
	"right_knee": [
		0.3634055256843567,
		2.3833844661712646,
		-0.06643307954072952,
		0.047448839992284775
	],
	"right_ankle": [
		0.35990750789642334,
		3.1192574501037598,
		0.24014398455619812,
		0.007325483951717615
	],
	"left_shoulder": [
		0.2115580290555954,
		0.595721423625946,
		0.28976547718048096,
		0.9903634786605835
	],
	"left_elbow": [
		0.2907102704048157,
		1.1104531288146973,
		0.35925641655921936,
		0.05266310274600983
	],
	"left_wrist": [
		0.3341587483882904,
		1.4229340553283691,
		0.33721059560775757,
		0.07811351120471954
	],
	"right_shoulder": [
		0.39155107736587524,
		0.6377542018890381,
		-0.6795421838760376,
		0.9987769722938538
	],
	"right_elbow": [
		0.46640053391456604,
		1.2695094347000122,
		-0.6485816240310669,
		0.5388249754905701
	],
	"right_wrist": [
		0.5692978501319885,
		1.6482417583465576,
		-0.3682200610637665,
		0.37913572788238525
	],
	"nose": [
		0.5021696090698242,
		0.3727174401283264,
		0.030016938224434853,
		0.993890643119812
	],
	"left_eye": [
		0.4855464994907379,
		0.2854131758213043,
		0.04077289253473282,
		0.9945776462554932
	],
	"right_eye": [
		0.49096497893333435,
		0.29054322838783264,
		-0.07221587002277374,
		0.9949008226394653
	],
	"left_ear": [
		0.4263092875480652,
		0.26773226261138916,
		0.0822710245847702,
		0.9966062307357788
	],
	"right_ear": [
		0.4469811022281647,
		0.2868770956993103,
		-0.417966365814209,
		0.9967961311340332
	]
}