{
	"left_hip": [
		0.3284030556678772,
		1.594408392906189,
		0.270319402217865,
		0.2101198136806488
	],
	"left_knee": [
		0.38282522559165955,
		2.2400054931640625,
		0.49478965997695923,
		0.013373032212257385
	],
	"left_ankle": [
		0.43947163224220276,
		2.943739891052246,
		1.0459096431732178,
		0.002490965649485588
	],
	"right_hip": [
		0.3722964823246002,
		1.6680656671524048,
		-0.26862335205078125,
		0.21288223564624786
	],
	"right_knee": [
		0.3639311194419861,
		2.3880515098571777,
		-0.02730473503470421,
		0.04656719043850899
	],
	"right_ankle": [
		0.36065593361854553,
		3.122185468673706,
		0.3554343283176422,
		0.007153809070587158
	],
	"left_shoulder": [
		0.20930345356464386,
		0.59642493724823,
		0.275273859500885,
		0.9903234839439392
	],
	"left_elbow": [
		0.2825390696525574,
		1.1143428087234497,
		0.3557979464530945,
		0.05268034338951111
	],
	"left_wrist": [
		0.33142513036727905,
		1.4342188835144043,
		0.35540467500686646,
		0.07754512876272202
	],
	"right_shoulder": [
		0.3929356634616852,
		0.6366159915924072,
		-0.6815357208251953,
		0.9988011717796326
	],
	"right_elbow": [
		0.4673382639884949,
		1.16123628616333,
		-0.6491110920906067,
		0.544376790523529
	],
	"right_wrist": [
		0.574783980846405,
		1.6506541967391968,
		-0.36295366287231445,
		0.38079550862312317
	],
	"nose": [
		0.5028949975967407,
		0.37381479144096375,
		0.02995293401181698,
		0.9934657216072083
	],
	"left_eye": [
		0.4865735173225403,
		0.2865586578845978,
		0.0396878682076931,
		0.9942588806152344
	],
	"right_eye": [
		0.4911768436431885,
		0.2920008599758148,
		-0.07244992256164551,
		0.9945691227912903
	],
	"left_ear": [
		0.4264591336250305,
		0.2686465382575989,
		0.08081768453121185,
		0.9964063167572021
	],
	"right_ear": [
		0.4468267560005188,
		0.28863200545310974,
		-0.42171964049339294,
		0.996616780757904
	]
}