{
	"left_hip": [
		0.3101581633090973,
		1.5586258172988892,
		0.28355672955513,
		0.20647791028022766
	],
	"left_knee": [
		0.36844921112060547,
		2.1253092288970947,
		0.46591347455978394,
		0.01706557907164097
	],
	"left_ankle": [
		0.434985488653183,
		2.8142201900482178,
		0.9323241114616394,
		0.004045281559228897
	],
	"right_hip": [
		0.37832731008529663,
		1.621544599533081,
		-0.28218549489974976,
		0.22920356690883636
	],
	"right_knee": [
		0.37524840235710144,
		2.262786626815796,
		-0.07281839102506638,
		0.07432318478822708
	],
	"right_ankle": [
		0.3849288821220398,
		3.0105388164520264,
		0.19820263981819153,
		0.014852248132228851
	],
	"left_shoulder": [
		0.2171826809644699,
		0.610996663570404,
		0.2717404365539551,
		0.9901102781295776
	],
	"left_elbow": [
		0.24569085240364075,
		1.139188528060913,
		0.2683391571044922,
		0.04214981198310852
	],
	"left_wrist": [
		0.31587716937065125,
		1.4763656854629517,
		0.24188807606697083,
		0.05744369328022003
	],
	"right_shoulder": [
		0.3934724032878876,
		0.6120647192001343,
		-0.6289331316947937,
		0.9990699887275696
	],
	"right_elbow": [
		0.4777835011482239,
		1.078431487083435,
		-0.5928669571876526,
		0.6058754920959473
	],
	"right_wrist": [
		0.5637640953063965,
		1.6171901226043701,
		-0.29978954792022705,
		0.41343438625335693
	],
	"nose": [
		0.50813889503479,
		0.39534205198287964,
		-0.019392268732190132,
		0.9932182431221008
	],
	"left_eye": [
		0.4943862557411194,
		0.3074352443218231,
		-0.007466267794370651,
		0.9942501783370972
	],
	"right_eye": [
		0.49649304151535034,
		0.31325897574424744,
		-0.10692069679498672,
		0.9944027662277222
	],
	"left_ear": [
		0.43096980452537537,
		0.27989593148231506,
		0.05445209890604019,
		0.9961561560630798
	],
	"right_ear": [
		0.44742661714553833,
		0.3016822934150696,
		-0.39121830463409424,
		0.9966484308242798
	]
}