{
	"left_hip": [
		0.30141550302505493,
		1.5655165910720825,
		0.28334420919418335,
		0.20154406130313873
	],
	"left_knee": [
		0.3503759801387787,
		2.0916409492492676,
		0.49834418296813965,
		0.017459416761994362
	],
	"left_ankle": [
		0.42251405119895935,
		2.76163911819458,
		0.9414684176445007,
		0.004500368144363165
	],
	"right_hip": [
		0.3754444420337677,
		1.6269176006317139,
		-0.2820426821708679,
		0.2308545559644699
	],
	"right_knee": [
		0.36081868410110474,
		2.2145156860351562,
		-0.04855065047740936,
		0.08143048733472824
	],
	"right_ankle": [
		0.37536144256591797,
		2.933410882949829,
		0.22173719108104706,
		0.01683121547102928
	],
	"left_shoulder": [
		0.21815741062164307,
		0.6100308299064636,
		0.25357919931411743,
		0.9901549816131592
	],
	"left_elbow": [
		0.25862830877304077,
		1.1374250650405884,
		0.240219384431839,
		0.03821715712547302
	],
	"left_wrist": [
		0.3384215831756592,
		1.4717494249343872,
		0.19611260294914246,
		0.051247432827949524
	],
	"right_shoulder": [
		0.3865414261817932,
		0.6097972989082336,
		-0.6322733759880066,
		0.9991248846054077
	],
	"right_elbow": [
		0.4623185694217682,
		1.0827860832214355,
		-0.5773581862449646,
		0.5980226397514343
	],
	"right_wrist": [
		0.5311775207519531,
		1.625964879989624,
		-0.25985974073410034,
		0.3896884322166443
	],
	"nose": [
		0.5093202590942383,
		0.4189116954803467,
		-0.04905722290277481,
		0.9931046366691589
	],
	"left_eye": [
		0.49674925208091736,
		0.32627585530281067,
		-0.0359036810696125,
		0.9942053556442261
	],
	"right_eye": [
		0.5004133582115173,
		0.33281174302101135,
		-0.13561362028121948,
		0.9943759441375732
	],
	"left_ear": [
		0.43410754203796387,
		0.2879098057746887,
		0.037752293050289154,
		0.9960817694664001
	],
	"right_ear": [
		0.4493078291416168,
		0.31018802523612976,
		-0.4074825346469879,
		0.9967188239097595
	]
}