{
	"left_hip": [
		0.3791361451148987,
		1.562819242477417,
		0.30981317162513733,
		0.11169331520795822
	],
	"left_knee": [
		0.36234039068222046,
		1.8212249279022217,
		0.5148813128471375,
		0.008688071742653847
	],
	"left_ankle": [
		0.42078685760498047,
		2.25396466255188,
		0.9199990034103394,
		0.0023226416669785976
	],
	"right_hip": [
		0.3888128399848938,
		1.6304203271865845,
		-0.3079362213611603,
		0.1259981393814087
	],
	"right_knee": [
		0.43875688314437866,
		1.8545091152191162,
		-0.15734311938285828,
		0.048898570239543915
	],
	"right_ankle": [
		0.4061039984226227,
		2.3981754779815674,
		0.21856264770030975,
		0.007524329237639904
	],
	"left_shoulder": [
		0.3316868543624878,
		0.5888769030570984,
		0.3448183536529541,
		0.9850469827651978
	],
	"left_elbow": [
		0.35150498151779175,
		1.0689446926116943,
		0.3923787474632263,
		0.02291518822312355
	],
	"left_wrist": [
		0.4200720191001892,
		1.374356985092163,
		0.30717575550079346,
		0.03135809674859047
	],
	"right_shoulder": [
		0.4402148127555847,
		0.6196885704994202,
		-0.7255054116249084,
		0.9983789920806885
	],
	"right_elbow": [
		0.37458062171936035,
		1.1762828826904297,
		-0.6947838068008423,
		0.4489307701587677
	],
	"right_wrist": [
		0.37920454144477844,
		1.5687134265899658,
		-0.34898608922958374,
		0.2705165445804596
	],
	"nose": [
		0.5957457423210144,
		0.4001724123954773,
		-0.13836264610290527,
		0.9931549429893494
	],
	"left_eye": [
		0.5860342383384705,
		0.31833600997924805,
		-0.10755695402622223,
		0.9945371150970459
	],
	"right_eye": [
		0.5848892331123352,
		0.32145628333091736,
		-0.22137653827667236,
		0.9954934120178223
	],
	"left_ear": [
		0.5227006673812866,
		0.2888171672821045,
		0.04920772463083267,
		0.9958823323249817
	],
	"right_ear": [
		0.5295695066452026,
		0.30628329515457153,
		-0.47940269112586975,
		0.9975526332855225
	]
}