{
	"left_hip": [
		0.45728668570518494,
		1.6578993797302246,
		0.28993985056877136,
		0.09369059652090073
	],
	"left_knee": [
		0.4910181164741516,
		2.3304319381713867,
		0.4815351068973541,
		0.008194787427783012
	],
	"left_ankle": [
		0.5113498568534851,
		3.0312390327453613,
		1.0289041996002197,
		0.0020217427518218756
	],
	"right_hip": [
		0.4565812051296234,
		1.7373089790344238,
		-0.2880619466304779,
		0.10496949404478073
	],
	"right_knee": [
		0.4645836353302002,
		2.462556838989258,
		-0.03396495431661606,
		0.03917301073670387
	],
	"right_ankle": [
		0.4159596860408783,
		3.1813271045684814,
		0.3831523060798645,
		0.005429110489785671
	],
	"left_shoulder": [
		0.40578341484069824,
		0.6213265061378479,
		0.2518984079360962,
		0.9852831959724426
	],
	"left_elbow": [
		0.43271106481552124,
		1.1919000148773193,
		0.2274501621723175,
		0.01862942986190319
	],
	"left_wrist": [
		0.4676314890384674,
		1.597581148147583,
		0.12834985554218292,
		0.025789327919483185
	],
	"right_shoulder": [
		0.5370985269546509,
		0.6779525279998779,
		-0.7224858403205872,
		0.9982491731643677
	],
	"right_elbow": [
		0.5276825428009033,
		1.3524972200393677,
		-0.641899824142456,
		0.3912273943424225
	],
	"right_wrist": [
		0.5696045160293579,
		1.7231042385101318,
		-0.21507039666175842,
		0.22143688797950745
	],
	"nose": [
		0.6934338808059692,
		0.39863359928131104,
		-0.15385541319847107,
		0.9942713379859924
	],
	"left_eye": [
		0.6793816685676575,
		0.31612491607666016,
		-0.12427091598510742,
		0.9952641129493713
	],
	"right_eye": [
		0.6844491362571716,
		0.3202969431877136,
		-0.2368258535861969,
		0.9959055185317993
	],
	"left_ear": [
		0.604971706867218,
		0.293961763381958,
		0.004942166619002819,
		0.9962576031684875
	],
	"right_ear": [
		0.6198196411132812,
		0.310188889503479,
		-0.4908551573753357,
		0.9978700280189514
	]
}