{
	"left_hip": [
		0.4621848165988922,
		1.6488479375839233,
		0.25886645913124084,
		0.10844736546278
	],
	"left_knee": [
		0.49215880036354065,
		2.2153892517089844,
		0.4923425316810608,
		0.008356811478734016
	],
	"left_ankle": [
		0.5304179787635803,
		2.8913779258728027,
		1.0262906551361084,
		0.001988751348108053
	],
	"right_hip": [
		0.5293468236923218,
		1.7271287441253662,
		-0.2577408254146576,
		0.12307699024677277
	],
	"right_knee": [
		0.47361642122268677,
		2.338408946990967,
		0.011676042340695858,
		0.03850230574607849
	],
	"right_ankle": [
		0.45418310165405273,
		3.0474436283111572,
		0.37962237000465393,
		0.0060454607009887695
	],
	"left_shoulder": [
		0.40300416946411133,
		0.6280015707015991,
		0.2381380796432495,
		0.9832456111907959
	],
	"left_elbow": [
		0.4332076609134674,
		1.1695387363433838,
		0.3803432285785675,
		0.020071787759661674
	],
	"left_wrist": [
		0.47273221611976624,
		1.5396955013275146,
		0.6089927554130554,
		0.029296280816197395
	],
	"right_shoulder": [
		0.5929926633834839,
		0.6734291315078735,
		-0.5586511492729187,
		0.998168408870697
	],
	"right_elbow": [
		0.5959423184394836,
		1.3271126747131348,
		-0.47999849915504456,
		0.36904624104499817
	],
	"right_wrist": [
		0.5960217714309692,
		1.6328104734420776,
		-0.10961858928203583,
		0.21283088624477386
	],
	"nose": [
		0.6984755992889404,
		0.4028674066066742,
		0.14876189827919006,
		0.9932458996772766
	],
	"left_eye": [
		0.6737551093101501,
		0.31931063532829285,
		0.12912890315055847,
		0.9940271973609924
	],
	"right_eye": [
		0.6957494616508484,
		0.3254501223564148,
		0.04656783863902092,
		0.9947664141654968
	],
	"left_ear": [
		0.5913738012313843,
		0.3048430383205414,
		0.06347490102052689,
		0.9954389929771423
	],
	"right_ear": [
		0.6197624802589417,
		0.3208615481853485,
		-0.3027634024620056,
		0.9968883395195007
	]
}