{
	"left_hip": [
		0.5712627172470093,
		1.3299760818481445,
		0.13153603672981262,
		0.010897704400122166
	],
	"left_knee": [
		0.601915717124939,
		1.9787101745605469,
		0.07770073413848877,
		0.003311323234811425
	],
	"left_ankle": [
		0.6327703595161438,
		2.586315631866455,
		0.28648489713668823,
		0.00021143835328985006
	],
	"right_hip": [
		0.426863431930542,
		1.3731937408447266,
		-0.1289282590150833,
		0.009541274979710579
	],
	"right_knee": [
		0.4576641023159027,
		2.038700819015503,
		-0.1183401569724083,
		0.007360994350165129
	],
	"right_ankle": [
		0.49431198835372925,
		2.6425931453704834,
		0.009501494467258453,
		0.0004536320047918707
	],
	"left_shoulder": [
		0.5024521350860596,
		0.6068618893623352,
		0.2225387990474701,
		0.998327374458313
	],
	"left_elbow": [
		0.5893846750259399,
		0.9385405778884888,
		0.2687084376811981,
		0.2903982400894165
	],
	"left_wrist": [
		0.6717455387115479,
		1.2779154777526855,
		0.09573788195848465,
		0.11723537743091583
	],
	"right_shoulder": [
		0.3858807384967804,
		0.5712124109268188,
		-0.38441693782806396,
		0.9993318915367126
	],
	"right_elbow": [
		0.421330988407135,
		0.9399587512016296,
		-0.45540183782577515,
		0.6235015392303467
	],
	"right_wrist": [
		0.5051177144050598,
		1.3021727800369263,
		-0.5015600919723511,
		0.27720919251441956
	],
	"nose": [
		0.5586754679679871,
		0.3357332944869995,
		-0.1574377715587616,
		0.9997721314430237
	],
	"left_eye": [
		0.5417256355285645,
		0.2853351831436157,
		-0.12154366821050644,
		0.9997766017913818
	],
	"right_eye": [
		0.5333749651908875,
		0.28768059611320496,
		-0.19354428350925446,
		0.9997648596763611
	],
	"left_ear": [
		0.49858617782592773,
		0.30653443932533264,
		0.06831516325473785,
		0.9998422265052795
	],
	"right_ear": [
		0.48217764496803284,
		0.3102180063724518,
		-0.25391387939453125,
		0.9998360872268677
	]
}