{
	"left_hip": [
		0.5719385743141174,
		1.330664873123169,
		0.13137932121753693,
		0.010630187578499317
	],
	"left_knee": [
		0.6024158596992493,
		1.9805731773376465,
		0.0776875764131546,
		0.0032433068845421076
	],
	"left_ankle": [
		0.6328673958778381,
		2.589090347290039,
		0.28719738125801086,
		0.00020440683874767274
	],
	"right_hip": [
		0.4271203577518463,
		1.3734105825424194,
		-0.1287907510995865,
		0.009203385561704636
	],
	"right_knee": [
		0.4577745795249939,
		2.039633274078369,
		-0.11827355623245239,
		0.007098587229847908
	],
	"right_ankle": [
		0.4941459596157074,
		2.643195867538452,
		0.011068070307374,
		0.00042800232768058777
	],
	"left_shoulder": [
		0.5020341277122498,
		0.6069713830947876,
		0.22115185856819153,
		0.9984460473060608
	],
	"left_elbow": [
		0.5884793996810913,
		0.9391605257987976,
		0.26656240224838257,
		0.2985813617706299
	],
	"left_wrist": [
		0.6708272695541382,
		1.2795815467834473,
		0.09585678577423096,
		0.1169646605849266
	],
	"right_shoulder": [
		0.3864009976387024,
		0.5705626606941223,
		-0.3859017491340637,
		0.9993768334388733
	],
	"right_elbow": [
		0.42127856612205505,
		0.9399596452713013,
		-0.45625290274620056,
		0.6223167777061462
	],
	"right_wrist": [
		0.5051887035369873,
		1.3032771348953247,
		-0.5022079348564148,
		0.2733135223388672
	],
	"nose": [
		0.5604725480079651,
		0.3357357382774353,
		-0.15781855583190918,
		0.9997930526733398
	],
	"left_eye": [
		0.5428202152252197,
		0.28533321619033813,
		-0.12179712951183319,
		0.9997966885566711
	],
	"right_eye": [
		0.5349024534225464,
		0.28769055008888245,
		-0.1936870962381363,
		0.9997861385345459
	],
	"left_ear": [
		0.4993049204349518,
		0.30660900473594666,
		0.06815433502197266,
		0.9998559355735779
	],
	"right_ear": [
		0.4838384687900543,
		0.31028807163238525,
		-0.25474250316619873,
		0.9998509287834167
	]
}