{
	"left_hip": [
		0.5677125453948975,
		1.3164987564086914,
		0.1399996131658554,
		0.01094080414623022
	],
	"left_knee": [
		0.5985240936279297,
		1.9538882970809937,
		0.0882689580321312,
		0.0034487079828977585
	],
	"left_ankle": [
		0.6294123530387878,
		2.5499227046966553,
		0.28802230954170227,
		0.0002029095048783347
	],
	"right_hip": [
		0.42750102281570435,
		1.357912302017212,
		-0.13751064240932465,
		0.009259585291147232
	],
	"right_knee": [
		0.4574251174926758,
		2.018228769302368,
		-0.1161758303642273,
		0.007295330986380577
	],
	"right_ankle": [
		0.4914418160915375,
		2.620344638824463,
		0.009249839931726456,
		0.00041752419201657176
	],
	"left_shoulder": [
		0.5000201463699341,
		0.6043670177459717,
		0.23248355090618134,
		0.9987618923187256
	],
	"left_elbow": [
		0.5700854063034058,
		0.9207231402397156,
		0.27980130910873413,
		0.32249805331230164
	],
	"left_wrist": [
		0.6687085628509521,
		1.2355401515960693,
		0.10406506061553955,
		0.13169488310813904
	],
	"right_shoulder": [
		0.3870745003223419,
		0.5660255551338196,
		-0.39732348918914795,
		0.9995051026344299
	],
	"right_elbow": [
		0.4207523763179779,
		0.9370262026786804,
		-0.4845399856567383,
		0.6411074995994568
	],
	"right_wrist": [
		0.5097198486328125,
		1.2822577953338623,
		-0.5150201320648193,
		0.28964629769325256
	],
	"nose": [
		0.5606644153594971,
		0.33534517884254456,
		-0.15928912162780762,
		0.9998571872711182
	],
	"left_eye": [
		0.5430234670639038,
		0.2851506471633911,
		-0.12357217073440552,
		0.9998579025268555
	],
	"right_eye": [
		0.5346744060516357,
		0.28790178894996643,
		-0.19577167928218842,
		0.9998511672019958
	],
	"left_ear": [
		0.5001009702682495,
		0.30658677220344543,
		0.06529261916875839,
		0.9998971223831177
	],
	"right_ear": [
		0.4844037890434265,
		0.3105248808860779,
		-0.26149171590805054,
		0.9998958110809326
	]
}