{
	"left_hip": [
		0.5428870916366577,
		1.2833150625228882,
		0.15020330250263214,
		0.014992468059062958
	],
	"left_knee": [
		0.5698709487915039,
		1.9160128831863403,
		0.09004233777523041,
		0.004696805961430073
	],
	"left_ankle": [
		0.5971902012825012,
		2.503211736679077,
		0.26202431321144104,
		0.00022441311739385128
	],
	"right_hip": [
		0.41692179441452026,
		1.322453260421753,
		-0.1475984901189804,
		0.011643274687230587
	],
	"right_knee": [
		0.44238924980163574,
		1.9752399921417236,
		-0.10993129014968872,
		0.009972890838980675
	],
	"right_ankle": [
		0.47167879343032837,
		2.572964906692505,
		-0.015350455418229103,
		0.00045841551036573946
	],
	"left_shoulder": [
		0.4885326027870178,
		0.5906559824943542,
		0.2480964958667755,
		0.9994947910308838
	],
	"left_elbow": [
		0.5323448181152344,
		0.9255415797233582,
		0.28300780057907104,
		0.4617074728012085
	],
	"left_wrist": [
		0.6286014914512634,
		1.246456503868103,
		0.10052350908517838,
		0.16298933327198029
	],
	"right_shoulder": [
		0.3920879364013672,
		0.5644230842590332,
		-0.3665522336959839,
		0.9997668862342834
	],
	"right_elbow": [
		0.4227951169013977,
		0.9259772300720215,
		-0.4446887969970703,
		0.6951689720153809
	],
	"right_wrist": [
		0.5036943554878235,
		1.2737741470336914,
		-0.479417622089386,
		0.32290294766426086
	],
	"nose": [
		0.5612295866012573,
		0.3278588056564331,
		-0.12863324582576752,
		0.9999630451202393
	],
	"left_eye": [
		0.5429602861404419,
		0.2805076241493225,
		-0.0936790481209755,
		0.9999616742134094
	],
	"right_eye": [
		0.5339136719703674,
		0.28283751010894775,
		-0.16458018124103546,
		0.9999595880508423
	],
	"left_ear": [
		0.49970394372940063,
		0.3015725910663605,
		0.08590114861726761,
		0.9999703168869019
	],
	"right_ear": [
		0.4829053282737732,
		0.30703824758529663,
		-0.22964195907115936,
		0.9999713897705078
	]
}