{
	"left_hip": [
		0.5372003316879272,
		1.296125054359436,
		0.1950960010290146,
		0.027142640203237534
	],
	"left_knee": [
		0.5737660527229309,
		1.8713864088058472,
		0.1938326358795166,
		0.0070971110835671425
	],
	"left_ankle": [
		0.6008641123771667,
		2.4103736877441406,
		0.33888426423072815,
		0.00039607129292562604
	],
	"right_hip": [
		0.4255637228488922,
		1.336504340171814,
		-0.19277992844581604,
		0.021896518766880035
	],
	"right_knee": [
		0.4588441252708435,
		1.9334394931793213,
		-0.12230348587036133,
		0.0181569941341877
	],
	"right_ankle": [
		0.48128414154052734,
		2.4959921836853027,
		-0.028257504105567932,
		0.0015708052087575197
	],
	"left_shoulder": [
		0.4599696099758148,
		0.5833694338798523,
		0.2956967055797577,
		0.9993802309036255
	],
	"left_elbow": [
		0.5354129076004028,
		0.9301982522010803,
		0.3188236653804779,
		0.4562170207500458
	],
	"left_wrist": [
		0.6580487489700317,
		1.1701173782348633,
		0.11068730056285858,
		0.22221292555332184
	],
	"right_shoulder": [
		0.3940638601779938,
		0.5611420273780823,
		-0.4330785274505615,
		0.999727725982666
	],
	"right_elbow": [
		0.4228033125400543,
		0.9187937378883362,
		-0.5439425110816956,
		0.726714551448822
	],
	"right_wrist": [
		0.5346626043319702,
		1.2587436437606812,
		-0.5206456780433655,
		0.4059189558029175
	],
	"nose": [
		0.5508290529251099,
		0.32960131764411926,
		-0.12538787722587585,
		0.9999751448631287
	],
	"left_eye": [
		0.5296233892440796,
		0.28228434920310974,
		-0.08967668563127518,
		0.9999721050262451
	],
	"right_eye": [
		0.5213519334793091,
		0.2848626971244812,
		-0.16854850947856903,
		0.9999715089797974
	],
	"left_ear": [
		0.4870936870574951,
		0.3024999499320984,
		0.088682159781456,
		0.9999745488166809
	],
	"right_ear": [
		0.47346624732017517,
		0.3087221384048462,
		-0.26394736766815186,
		0.9999778866767883
	]
}