{
	"left_hip": [
		0.5343176126480103,
		1.2964119911193848,
		0.19433429837226868,
		0.03417408838868141
	],
	"left_knee": [
		0.5739268660545349,
		1.878182053565979,
		0.18390797078609467,
		0.008484866470098495
	],
	"left_ankle": [
		0.6034084558486938,
		2.426971197128296,
		0.3293669819831848,
		0.0004978837678208947
	],
	"right_hip": [
		0.42634010314941406,
		1.336472988128662,
		-0.1920403093099594,
		0.028440700843930244
	],
	"right_knee": [
		0.46385812759399414,
		1.9403200149536133,
		-0.12220610678195953,
		0.021998925134539604
	],
	"right_ankle": [
		0.48867249488830566,
		2.510375738143921,
		-0.02778204344213009,
		0.0020613051019608974
	],
	"left_shoulder": [
		0.45443496108055115,
		0.5833868980407715,
		0.29273876547813416,
		0.9993106722831726
	],
	"left_elbow": [
		0.5356284379959106,
		0.9498022794723511,
		0.3158857822418213,
		0.45443111658096313
	],
	"left_wrist": [
		0.6384711265563965,
		1.1755883693695068,
		0.11144653707742691,
		0.22898946702480316
	],
	"right_shoulder": [
		0.395213782787323,
		0.5661152005195618,
		-0.4302958548069,
		0.9997175931930542
	],
	"right_elbow": [
		0.429482638835907,
		0.9283275008201599,
		-0.5334622263908386,
		0.7314656972885132
	],
	"right_wrist": [
		0.544326663017273,
		1.2601884603500366,
		-0.516434907913208,
		0.4168148636817932
	],
	"nose": [
		0.5506473779678345,
		0.33006635308265686,
		-0.12778638303279877,
		0.99997478723526
	],
	"left_eye": [
		0.5296317338943481,
		0.2823377549648285,
		-0.09260396659374237,
		0.999971330165863
	],
	"right_eye": [
		0.5211837291717529,
		0.2850550711154938,
		-0.17142292857170105,
		0.9999709725379944
	],
	"left_ear": [
		0.4868605136871338,
		0.302674800157547,
		0.08349545300006866,
		0.9999731779098511
	],
	"right_ear": [
		0.47279825806617737,
		0.30912572145462036,
		-0.26377397775650024,
		0.999977171421051
	]
}