{
	"left_hip": [
		0.5165820121765137,
		1.2337753772735596,
		0.1889733374118805,
		0.09321188181638718
	],
	"left_knee": [
		0.544101357460022,
		1.7022688388824463,
		0.14893373847007751,
		0.015143901109695435
	],
	"left_ankle": [
		0.597220242023468,
		2.217226028442383,
		0.2838326394557953,
		0.0011458343360573053
	],
	"right_hip": [
		0.4442979693412781,
		1.2391343116760254,
		-0.18742552399635315,
		0.0943891629576683
	],
	"right_knee": [
		0.47446122765541077,
		1.7243095636367798,
		-0.15208376944065094,
		0.06634307652711868
	],
	"right_ankle": [
		0.5117209553718567,
		2.2980146408081055,
		-0.11935286223888397,
		0.007166430354118347
	],
	"left_shoulder": [
		0.4479384422302246,
		0.5706111192703247,
		0.4062735438346863,
		0.9985525608062744
	],
	"left_elbow": [
		0.5013558864593506,
		0.8670006990432739,
		0.43448367714881897,
		0.4287445843219757
	],
	"left_wrist": [
		0.5962865352630615,
		1.0241849422454834,
		0.20798242092132568,
		0.32100993394851685
	],
	"right_shoulder": [
		0.3863009214401245,
		0.5243940949440002,
		-0.27685877680778503,
		0.9996373057365417
	],
	"right_elbow": [
		0.4231119751930237,
		0.8377458453178406,
		-0.39273351430892944,
		0.8060396909713745
	],
	"right_wrist": [
		0.5710746049880981,
		1.0272313356399536,
		-0.40404707193374634,
		0.6223157644271851
	],
	"nose": [
		0.5291388630867004,
		0.33059197664260864,
		0.040941838175058365,
		0.9999590516090393
	],
	"left_eye": [
		0.5126398801803589,
		0.28175923228263855,
		0.07357583940029144,
		0.9999524354934692
	],
	"right_eye": [
		0.5039769411087036,
		0.2840612232685089,
		0.0016695704543963075,
		0.999954879283905
	],
	"left_ear": [
		0.4744572639465332,
		0.3001459836959839,
		0.22765398025512695,
		0.9999509453773499
	],
	"right_ear": [
		0.4574829936027527,
		0.30423739552497864,
		-0.0933738425374031,
		0.9999568462371826
	]
}