{
	"left_hip": [
		0.495857298374176,
		1.1835917234420776,
		0.1592654585838318,
		0.11193487793207169
	],
	"left_knee": [
		0.5249868631362915,
		1.663874626159668,
		0.0795106440782547,
		0.015902545303106308
	],
	"left_ankle": [
		0.5816401839256287,
		2.1887660026550293,
		0.20559343695640564,
		0.0011831404408439994
	],
	"right_hip": [
		0.4288802742958069,
		1.2019145488739014,
		-0.1576295793056488,
		0.11747848242521286
	],
	"right_knee": [
		0.45099377632141113,
		1.6987407207489014,
		-0.1490044742822647,
		0.07045772671699524
	],
	"right_ankle": [
		0.48539724946022034,
		2.281681776046753,
		-0.11844144016504288,
		0.00743469363078475
	],
	"left_shoulder": [
		0.4476373791694641,
		0.5582738518714905,
		0.348984956741333,
		0.9983328580856323
	],
	"left_elbow": [
		0.5061734914779663,
		0.8402308821678162,
		0.41131895780563354,
		0.4174380898475647
	],
	"left_wrist": [
		0.5835686922073364,
		0.9388405680656433,
		0.21852990984916687,
		0.34437185525894165
	],
	"right_shoulder": [
		0.38568517565727234,
		0.5241575837135315,
		-0.272428035736084,
		0.9996193647384644
	],
	"right_elbow": [
		0.4409775733947754,
		0.8417233228683472,
		-0.39442694187164307,
		0.8320218920707703
	],
	"right_wrist": [
		0.5939872860908508,
		1.0064976215362549,
		-0.37485164403915405,
		0.6831029653549194
	],
	"nose": [
		0.5268160700798035,
		0.33200907707214355,
		0.029324093833565712,
		0.9999505877494812
	],
	"left_eye": [
		0.5107647180557251,
		0.28402450680732727,
		0.04153125733137131,
		0.9999423623085022
	],
	"right_eye": [
		0.5021998882293701,
		0.2858890891075134,
		-0.01878352463245392,
		0.9999476671218872
	],
	"left_ear": [
		0.4719780385494232,
		0.30016466975212097,
		0.1591574251651764,
		0.9999424815177917
	],
	"right_ear": [
		0.45497050881385803,
		0.3042360544204712,
		-0.13589191436767578,
		0.9999497532844543
	]
}