{
	"left_hip": [
		0.4826042056083679,
		1.1733925342559814,
		0.16265621781349182,
		0.11904284358024597
	],
	"left_knee": [
		0.5150127410888672,
		1.6370458602905273,
		0.1349814236164093,
		0.01435935590416193
	],
	"left_ankle": [
		0.5697506070137024,
		2.1390891075134277,
		0.29430148005485535,
		0.001112592057324946
	],
	"right_hip": [
		0.4288557469844818,
		1.1954635381698608,
		-0.1608608067035675,
		0.12598861753940582
	],
	"right_knee": [
		0.44647231698036194,
		1.6732133626937866,
		-0.1552974134683609,
		0.06529135257005692
	],
	"right_ankle": [
		0.47139042615890503,
		2.2323451042175293,
		-0.10769691318273544,
		0.007086049299687147
	],
	"left_shoulder": [
		0.4416617453098297,
		0.5451390147209167,
		0.32454729080200195,
		0.9978076219558716
	],
	"left_elbow": [
		0.4892755150794983,
		0.8341907858848572,
		0.3889390826225281,
		0.38754403591156006
	],
	"left_wrist": [
		0.578639566898346,
		0.9425280094146729,
		0.20729713141918182,
		0.3580789268016815
	],
	"right_shoulder": [
		0.3921082615852356,
		0.523647129535675,
		-0.3210316300392151,
		0.9995483756065369
	],
	"right_elbow": [
		0.4547954499721527,
		0.8355501294136047,
		-0.40376728773117065,
		0.8499256372451782
	],
	"right_wrist": [
		0.5970823764801025,
		0.9721906781196594,
		-0.32442349195480347,
		0.7304636240005493
	],
	"nose": [
		0.5265277624130249,
		0.3333929777145386,
		-0.004785923752933741,
		0.9999173879623413
	],
	"left_eye": [
		0.5105276107788086,
		0.2864139974117279,
		0.012546733021736145,
		0.9999061822891235
	],
	"right_eye": [
		0.5020080804824829,
		0.288187175989151,
		-0.05078960582613945,
		0.9999197125434875
	],
	"left_ear": [
		0.4712001383304596,
		0.3009697198867798,
		0.13698410987854004,
		0.9999052882194519
	],
	"right_ear": [
		0.4545179009437561,
		0.30500084161758423,
		-0.166517436504364,
		0.9999243021011353
	]
}