{
	"left_hip": [
		0.4764429032802582,
		1.1693724393844604,
		0.17524179816246033,
		0.1117357611656189
	],
	"left_knee": [
		0.5200965404510498,
		1.550258994102478,
		0.1801735907793045,
		0.012776111252605915
	],
	"left_ankle": [
		0.575332760810852,
		2.0403378009796143,
		0.35978594422340393,
		0.001079716719686985
	],
	"right_hip": [
		0.4293430745601654,
		1.1990225315093994,
		-0.17365345358848572,
		0.11807914823293686
	],
	"right_knee": [
		0.45146116614341736,
		1.6020119190216064,
		-0.17803439497947693,
		0.05872605741024017
	],
	"right_ankle": [
		0.47437921166419983,
		2.148789644241333,
		-0.10356098413467407,
		0.006625499110668898
	],
	"left_shoulder": [
		0.43565717339515686,
		0.5416910648345947,
		0.3066069483757019,
		0.9966142773628235
	],
	"left_elbow": [
		0.4882071912288666,
		0.837238609790802,
		0.3239683210849762,
		0.331295371055603
	],
	"left_wrist": [
		0.5617623925209045,
		0.9465387463569641,
		0.11237950623035431,
		0.32864639163017273
	],
	"right_shoulder": [
		0.3999118208885193,
		0.5244689583778381,
		-0.3732178807258606,
		0.999264121055603
	],
	"right_elbow": [
		0.49601155519485474,
		0.8371689319610596,
		-0.4153122007846832,
		0.8422307372093201
	],
	"right_wrist": [
		0.6154538989067078,
		0.9693788886070251,
		-0.27872005105018616,
		0.7399032115936279
	],
	"nose": [
		0.526635468006134,
		0.33579516410827637,
		-0.03704351931810379,
		0.9998263716697693
	],
	"left_eye": [
		0.5107704997062683,
		0.2883186340332031,
		-0.013960884883999825,
		0.9998284578323364
	],
	"right_eye": [
		0.5021970868110657,
		0.2896919548511505,
		-0.08426707983016968,
		0.9998411536216736
	],
	"left_ear": [
		0.47092390060424805,
		0.3018728196620941,
		0.1152297854423523,
		0.9998182058334351
	],
	"right_ear": [
		0.4546855390071869,
		0.3055407702922821,
		-0.20487837493419647,
		0.9998470544815063
	]
}