{
	"left_hip": [
		0.45919933915138245,
		1.1371560096740723,
		0.17989864945411682,
		0.11732552945613861
	],
	"left_knee": [
		0.5261536836624146,
		1.4431577920913696,
		0.15150679647922516,
		0.011921895667910576
	],
	"left_ankle": [
		0.586376965045929,
		1.8803129196166992,
		0.3047195374965668,
		0.002250916790217161
	],
	"right_hip": [
		0.4215776026248932,
		1.145660400390625,
		-0.17869731783866882,
		0.14187179505825043
	],
	"right_knee": [
		0.46782809495925903,
		1.4541696310043335,
		-0.20091190934181213,
		0.05856897681951523
	],
	"right_ankle": [
		0.48543983697891235,
		1.9817414283752441,
		-0.13195601105690002,
		0.009746230207383633
	],
	"left_shoulder": [
		0.4184677004814148,
		0.5326611399650574,
		0.34126144647598267,
		0.9907941222190857
	],
	"left_elbow": [
		0.4656204581260681,
		0.826241672039032,
		0.36848101019859314,
		0.1252235770225525
	],
	"left_wrist": [
		0.5638654828071594,
		0.9359720349311829,
		0.19071920216083527,
		0.14513470232486725
	],
	"right_shoulder": [
		0.4137636125087738,
		0.5041441321372986,
		-0.32999858260154724,
		0.9988001585006714
	],
	"right_elbow": [
		0.533050537109375,
		0.7638663649559021,
		-0.37126684188842773,
		0.861819863319397
	],
	"right_wrist": [
		0.6309317946434021,
		0.9062619209289551,
		-0.22714698314666748,
		0.7670339345932007
	],
	"nose": [
		0.5279837250709534,
		0.3508014380931854,
		0.020379256457090378,
		0.9990365505218506
	],
	"left_eye": [
		0.5139816403388977,
		0.29857131838798523,
		0.045387957245111465,
		0.9991161227226257
	],
	"right_eye": [
		0.508704423904419,
		0.2956654131412506,
		-0.02512364462018013,
		0.9991558790206909
	],
	"left_ear": [
		0.4721086025238037,
		0.30620890855789185,
		0.1644153892993927,
		0.9990450143814087
	],
	"right_ear": [
		0.46477922797203064,
		0.307279497385025,
		-0.15115931630134583,
		0.9991771578788757
	]
}