{
	"left_hip": [
		0.455632746219635,
		1.0557146072387695,
		0.18228670954704285,
		0.19220933318138123
	],
	"left_knee": [
		0.5770547389984131,
		0.9371967911720276,
		0.12664064764976501,
		0.02053206041455269
	],
	"left_ankle": [
		0.5738431811332703,
		1.2807410955429077,
		0.2640416622161865,
		0.005167286843061447
	],
	"right_hip": [
		0.4173119068145752,
		1.0782424211502075,
		-0.1811683177947998,
		0.210708886384964
	],
	"right_knee": [
		0.5290399789810181,
		1.0821104049682617,
		-0.270245760679245,
		0.1497199535369873
	],
	"right_ankle": [
		0.5151242613792419,
		1.3783495426177979,
		-0.1610613763332367,
		0.02428686060011387
	],
	"left_shoulder": [
		0.4246033728122711,
		0.5201357007026672,
		0.3553745150566101,
		0.9925963282585144
	],
	"left_elbow": [
		0.5028980374336243,
		0.7776061296463013,
		0.44756779074668884,
		0.12075142562389374
	],
	"left_wrist": [
		0.6063231229782104,
		0.8540861010551453,
		0.3232163190841675,
		0.15457990765571594
	],
	"right_shoulder": [
		0.4056113660335541,
		0.49028918147087097,
		-0.2714018225669861,
		0.999017596244812
	],
	"right_elbow": [
		0.5110722184181213,
		0.7209436893463135,
		-0.30667030811309814,
		0.9133564829826355
	],
	"right_wrist": [
		0.6165190935134888,
		0.8536142706871033,
		-0.16382423043251038,
		0.8531718850135803
	],
	"nose": [
		0.5245860815048218,
		0.3551342487335205,
		0.04963350296020508,
		0.9985243082046509
	],
	"left_eye": [
		0.5126523375511169,
		0.30329135060310364,
		0.07636570185422897,
		0.9983282089233398
	],
	"right_eye": [
		0.5070779323577881,
		0.2992947995662689,
		0.014347866177558899,
		0.9983455538749695
	],
	"left_ear": [
		0.4714243412017822,
		0.3103511333465576,
		0.19039520621299744,
		0.9984627962112427
	],
	"right_ear": [
		0.4640512466430664,
		0.3077767491340637,
		-0.0863259881734848,
		0.9985706210136414
	]
}