{
	"left_hip": [
		0.45505619049072266,
		1.0586814880371094,
		0.17980147898197174,
		0.20443062484264374
	],
	"left_knee": [
		0.5792883634567261,
		1.1352031230926514,
		0.09302040189504623,
		0.02637406624853611
	],
	"left_ankle": [
		0.5730503797531128,
		1.5150392055511475,
		0.2183750420808792,
		0.006149517372250557
	],
	"right_hip": [
		0.4083276391029358,
		1.070547342300415,
		-0.17858746647834778,
		0.21685642004013062
	],
	"right_knee": [
		0.4939466416835785,
		1.1957879066467285,
		-0.2614210247993469,
		0.17236730456352234
	],
	"right_ankle": [
		0.4932493269443512,
		1.6614165306091309,
		-0.1901002824306488,
		0.02646796964108944
	],
	"left_shoulder": [
		0.427816241979599,
		0.5167121291160583,
		0.3749646544456482,
		0.9931029677391052
	],
	"left_elbow": [
		0.5207656621932983,
		0.748965322971344,
		0.46285480260849,
		0.12516631186008453
	],
	"left_wrist": [
		0.6152890920639038,
		0.8311308026313782,
		0.29911449551582336,
		0.16636784374713898
	],
	"right_shoulder": [
		0.39926856756210327,
		0.4832804501056671,
		-0.2646336257457733,
		0.9990208745002747
	],
	"right_elbow": [
		0.5042556524276733,
		0.6941021084785461,
		-0.3190521001815796,
		0.9198159575462341
	],
	"right_wrist": [
		0.6162079572677612,
		0.8023692965507507,
		-0.20346879959106445,
		0.8690908551216125
	],
	"nose": [
		0.5216304659843445,
		0.3541772961616516,
		0.06371273845434189,
		0.9984211921691895
	],
	"left_eye": [
		0.5106950998306274,
		0.30312466621398926,
		0.09096094220876694,
		0.9981546998023987
	],
	"right_eye": [
		0.5028767585754395,
		0.29947957396507263,
		0.025469696149230003,
		0.9981750249862671
	],
	"left_ear": [
		0.47130680084228516,
		0.31041833758354187,
		0.21083462238311768,
		0.9983417391777039
	],
	"right_ear": [
		0.4587377607822418,
		0.3079603612422943,
		-0.0820256695151329,
		0.9984061121940613
	]
}