{
	"left_hip": [
		0.4551273286342621,
		1.062775731086731,
		0.18127277493476868,
		0.21056132018566132
	],
	"left_knee": [
		0.5834126472473145,
		1.031802773475647,
		0.09197662025690079,
		0.028770606964826584
	],
	"left_ankle": [
		0.5801323056221008,
		1.4036601781845093,
		0.21682000160217285,
		0.006420935969799757
	],
	"right_hip": [
		0.4049929082393646,
		1.0751011371612549,
		-0.17999860644340515,
		0.21624818444252014
	],
	"right_knee": [
		0.4958350658416748,
		1.1430970430374146,
		-0.27482444047927856,
		0.18354444205760956
	],
	"right_ankle": [
		0.4926944673061371,
		1.4996953010559082,
		-0.19059380888938904,
		0.026500821113586426
	],
	"left_shoulder": [
		0.43018069863319397,
		0.517692506313324,
		0.37423741817474365,
		0.9935536980628967
	],
	"left_elbow": [
		0.5396132469177246,
		0.7036482691764832,
		0.4530848562717438,
		0.13726577162742615
	],
	"left_wrist": [
		0.6229458451271057,
		0.7361643314361572,
		0.22753259539604187,
		0.1938372701406479
	],
	"right_shoulder": [
		0.3981655538082123,
		0.48269930481910706,
		-0.2641426920890808,
		0.9990448951721191
	],
	"right_elbow": [
		0.5040836334228516,
		0.6827689409255981,
		-0.3240286111831665,
		0.9235607385635376
	],
	"right_wrist": [
		0.6158146262168884,
		0.7781192660331726,
		-0.25239378213882446,
		0.8756716847419739
	],
	"nose": [
		0.521489143371582,
		0.35418906807899475,
		0.059895724058151245,
		0.9985200762748718
	],
	"left_eye": [
		0.5105900764465332,
		0.30326730012893677,
		0.08754755556583405,
		0.9982595443725586
	],
	"right_eye": [
		0.5027140378952026,
		0.2996651530265808,
		0.021680615842342377,
		0.9982768297195435
	],
	"left_ear": [
		0.47127729654312134,
		0.3105730414390564,
		0.21448560059070587,
		0.9984453916549683
	],
	"right_ear": [
		0.45777902007102966,
		0.30806273221969604,
		-0.08010634779930115,
		0.9984992742538452
	]
}