{
	"left_hip": [
		0.45835939049720764,
		1.0616984367370605,
		0.1774214208126068,
		0.268000990152359
	],
	"left_knee": [
		0.5434329509735107,
		0.8893866539001465,
		0.103543721139431,
		0.04870488867163658
	],
	"left_ankle": [
		0.5470010042190552,
		1.2067502737045288,
		0.18062658607959747,
		0.013429084792733192
	],
	"right_hip": [
		0.3989059031009674,
		1.0793497562408447,
		-0.17637428641319275,
		0.2651474177837372
	],
	"right_knee": [
		0.4694562554359436,
		0.9621942639350891,
		-0.3157515525817871,
		0.29608771204948425
	],
	"right_ankle": [
		0.5007617473602295,
		1.2411291599273682,
		-0.1807129681110382,
		0.0559554323554039
	],
	"left_shoulder": [
		0.44086116552352905,
		0.5165107846260071,
		0.3314194083213806,
		0.9950950145721436
	],
	"left_elbow": [
		0.5808871984481812,
		0.667889416217804,
		0.3481617867946625,
		0.20839621126651764
	],
	"left_wrist": [
		0.7032634615898132,
		0.7546044588088989,
		0.09730572998523712,
		0.280636727809906
	],
	"right_shoulder": [
		0.3873921036720276,
		0.47421765327453613,
		-0.28528228402137756,
		0.9990576505661011
	],
	"right_elbow": [
		0.48750120401382446,
		0.5919886231422424,
		-0.5032837390899658,
		0.9374179244041443
	],
	"right_wrist": [
		0.6149512529373169,
		0.6450881958007812,
		-0.5059361457824707,
		0.8896719217300415
	],
	"nose": [
		0.519737958908081,
		0.3513071835041046,
		-0.01807103492319584,
		0.9988811612129211
	],
	"left_eye": [
		0.5088682174682617,
		0.30092594027519226,
		0.013136731460690498,
		0.9986466765403748
	],
	"right_eye": [
		0.500495970249176,
		0.29829370975494385,
		-0.04882044345140457,
		0.9986456632614136
	],
	"left_ear": [
		0.47022509574890137,
		0.3081793487071991,
		0.17753776907920837,
		0.9988119006156921
	],
	"right_ear": [
		0.45484694838523865,
		0.30733272433280945,
		-0.10239052772521973,
		0.9988131523132324
	]
}