{
	"left_hip": [
		0.4738369584083557,
		1.0874054431915283,
		0.1942920833826065,
		0.3625110685825348
	],
	"left_knee": [
		0.5976129174232483,
		0.7747235298156738,
		0.2567121088504791,
		0.06663699448108673
	],
	"left_ankle": [
		0.8005906939506531,
		0.5715360045433044,
		0.4856797754764557,
		0.03265635296702385
	],
	"right_hip": [
		0.42882639169692993,
		1.1359835863113403,
		-0.1935877501964569,
		0.3288964629173279
	],
	"right_knee": [
		0.5587024688720703,
		0.8580809831619263,
		-0.1480189859867096,
		0.4944993853569031
	],
	"right_ankle": [
		0.7960799932479858,
		0.5570597648620605,
		0.06130189448595047,
		0.17371425032615662
	],
	"left_shoulder": [
		0.45849186182022095,
		0.5121238231658936,
		0.22005021572113037,
		0.9966576099395752
	],
	"left_elbow": [
		0.6293494701385498,
		0.4918060302734375,
		0.2636653780937195,
		0.46761441230773926
	],
	"left_wrist": [
		0.8062351942062378,
		0.5098081827163696,
		0.05650971084833145,
		0.5117995142936707
	],
	"right_shoulder": [
		0.39676156640052795,
		0.4757480323314667,
		-0.38567712903022766,
		0.9980051517486572
	],
	"right_elbow": [
		0.49484220147132874,
		0.3702843487262726,
		-0.7344686388969421,
		0.9517502784729004
	],
	"right_wrist": [
		0.634652853012085,
		0.38923701643943787,
		-0.8244537115097046,
		0.8821116089820862
	],
	"nose": [
		0.5197464823722839,
		0.3150273561477661,
		-0.138554647564888,
		0.9995322227478027
	],
	"left_eye": [
		0.5057958960533142,
		0.27668195962905884,
		-0.10593124479055405,
		0.9994193911552429
	],
	"right_eye": [
		0.4989200234413147,
		0.28030887246131897,
		-0.16907115280628204,
		0.9993938207626343
	],
	"left_ear": [
		0.4702322483062744,
		0.29831424355506897,
		0.06313687562942505,
		0.9995005130767822
	],
	"right_ear": [
		0.4603820741176605,
		0.3015408217906952,
		-0.22946806252002716,
		0.9994605779647827
	]
}