{
	"left_hip": [
		0.4735981523990631,
		1.0951589345932007,
		0.13528260588645935,
		0.4256758391857147
	],
	"left_knee": [
		0.49713125824928284,
		1.517167329788208,
		0.13072547316551208,
		0.05677969381213188
	],
	"left_ankle": [
		0.515862762928009,
		1.9261152744293213,
		0.32319194078445435,
		0.025152886286377907
	],
	"right_hip": [
		0.42023664712905884,
		1.1113609075546265,
		-0.1347196400165558,
		0.3649032413959503
	],
	"right_knee": [
		0.4121600091457367,
		1.5298722982406616,
		-0.12949299812316895,
		0.3923681676387787
	],
	"right_ankle": [
		0.41917580366134644,
		1.9774534702301025,
		-0.03647011145949364,
		0.13726255297660828
	],
	"left_shoulder": [
		0.4350742697715759,
		0.48012423515319824,
		0.16273167729377747,
		0.9969334006309509
	],
	"left_elbow": [
		0.6197163462638855,
		0.418813556432724,
		0.15051443874835968,
		0.630435585975647
	],
	"left_wrist": [
		0.795116126537323,
		0.3954521715641022,
		-0.04930703714489937,
		0.6819750070571899
	],
	"right_shoulder": [
		0.39591914415359497,
		0.47801968455314636,
		-0.3307707607746124,
		0.9957529306411743
	],
	"right_elbow": [
		0.49115052819252014,
		0.35285595059394836,
		-0.5846194624900818,
		0.9522937536239624
	],
	"right_wrist": [
		0.6028093099594116,
		0.2875150442123413,
		-0.6471782922744751,
		0.8964281678199768
	],
	"nose": [
		0.5015097856521606,
		0.3015262186527252,
		-0.15839476883411407,
		0.9996470212936401
	],
	"left_eye": [
		0.49272117018699646,
		0.25825396180152893,
		-0.12638993561267853,
		0.9995673298835754
	],
	"right_eye": [
		0.4903963506221771,
		0.26578372716903687,
		-0.180402010679245,
		0.9995652437210083
	],
	"left_ear": [
		0.46318110823631287,
		0.2750316858291626,
		0.040025558322668076,
		0.9996446371078491
	],
	"right_ear": [
		0.4594321846961975,
		0.28678739070892334,
		-0.21408239006996155,
		0.9996019601821899
	]
}