{
	"left_hip": [
		0.4913095533847809,
		1.1169111728668213,
		0.09851019084453583,
		0.6030865907669067
	],
	"left_knee": [
		0.4986787736415863,
		1.5761150121688843,
		0.0374155193567276,
		0.04046206176280975
	],
	"left_ankle": [
		0.5008404850959778,
		1.9996399879455566,
		0.25747427344322205,
		0.006398820783942938
	],
	"right_hip": [
		0.36713725328445435,
		1.1226611137390137,
		-0.09729571640491486,
		0.49516087770462036
	],
	"right_knee": [
		0.3657350540161133,
		1.5830433368682861,
		-0.14107799530029297,
		0.15037497878074646
	],
	"right_ankle": [
		0.3709080219268799,
		2.0327765941619873,
		-0.028494492173194885,
		0.031703751534223557
	],
	"left_shoulder": [
		0.4879249930381775,
		0.5264458656311035,
		0.14092989265918732,
		0.9992378950119019
	],
	"left_elbow": [
		0.6549979448318481,
		0.46237456798553467,
		0.010976109653711319,
		0.9325419068336487
	],
	"left_wrist": [
		0.8131779432296753,
		0.38518184423446655,
		-0.23515884578227997,
		0.945577085018158
	],
	"right_shoulder": [
		0.331687867641449,
		0.48426663875579834,
		-0.2807399034500122,
		0.9982839226722717
	],
	"right_elbow": [
		0.3860193192958832,
		0.28363123536109924,
		-0.7306864857673645,
		0.9893438816070557
	],
	"right_wrist": [
		0.5341629981994629,
		0.305955708026886,
		-0.9144508242607117,
		0.9766284227371216
	],
	"nose": [
		0.4668346047401428,
		0.34737783670425415,
		-0.27565997838974,
		0.9998996257781982
	],
	"left_eye": [
		0.4671074450016022,
		0.2944296896457672,
		-0.22693224251270294,
		0.9998815655708313
	],
	"right_eye": [
		0.4505402147769928,
		0.2908996343612671,
		-0.257068395614624,
		0.9998863935470581
	],
	"left_ear": [
		0.44617971777915955,
		0.3058649003505707,
		0.016639448702335358,
		0.9999161958694458
	],
	"right_ear": [
		0.41431593894958496,
		0.3041280508041382,
		-0.1237320676445961,
		0.9999060034751892
	]
}