{
	"left_hip": [
		0.4799054265022278,
		1.0835078954696655,
		0.1229248195886612,
		0.6359640955924988
	],
	"left_knee": [
		0.49671587347984314,
		1.5352766513824463,
		0.0799834281206131,
		0.05440418794751167
	],
	"left_ankle": [
		0.5088006258010864,
		1.9451165199279785,
		0.2669585943222046,
		0.004954326432198286
	],
	"right_hip": [
		0.36911410093307495,
		1.0892174243927002,
		-0.12196759134531021,
		0.5328131318092346
	],
	"right_knee": [
		0.3665878474712372,
		1.541580080986023,
		-0.1356150358915329,
		0.13750174641609192
	],
	"right_ankle": [
		0.37936705350875854,
		1.9800083637237549,
		-0.035974305123090744,
		0.022734779864549637
	],
	"left_shoulder": [
		0.4743656516075134,
		0.509843111038208,
		0.21426555514335632,
		0.9994403123855591
	],
	"left_elbow": [
		0.6333436369895935,
		0.4827376902103424,
		0.13357695937156677,
		0.9662542939186096
	],
	"left_wrist": [
		0.8163849711418152,
		0.4264223277568817,
		-0.08754952251911163,
		0.975145161151886
	],
	"right_shoulder": [
		0.3334410786628723,
		0.4536644518375397,
		-0.2802950143814087,
		0.9984796643257141
	],
	"right_elbow": [
		0.36373043060302734,
		0.365888774394989,
		-0.7342889308929443,
		0.9917894005775452
	],
	"right_wrist": [
		0.4986365735530853,
		0.38658037781715393,
		-0.9618320465087891,
		0.984785258769989
	],
	"nose": [
		0.4659390449523926,
		0.2968467175960541,
		-0.20119595527648926,
		0.9999397993087769
	],
	"left_eye": [
		0.4605720639228821,
		0.2535664737224579,
		-0.1555023342370987,
		0.9999306797981262
	],
	"right_eye": [
		0.4454459249973297,
		0.2610478401184082,
		-0.20104363560676575,
		0.9999362826347351
	],
	"left_ear": [
		0.43926024436950684,
		0.27049732208251953,
		0.07572077214717865,
		0.9999533891677856
	],
	"right_ear": [
		0.40971001982688904,
		0.2746511399745941,
		-0.14453156292438507,
		0.9999480843544006
	]
}