{
	"left_hip": [
		0.48001450300216675,
		1.0907350778579712,
		0.13164326548576355,
		0.6476196050643921
	],
	"left_knee": [
		0.4983787536621094,
		1.5364089012145996,
		0.10397790372371674,
		0.05281870439648628
	],
	"left_ankle": [
		0.5121191740036011,
		1.9463547468185425,
		0.3145276606082916,
		0.004649479407817125
	],
	"right_hip": [
		0.3694186210632324,
		1.0945723056793213,
		-0.130696639418602,
		0.5494123697280884
	],
	"right_knee": [
		0.3673481345176697,
		1.5426054000854492,
		-0.13416211307048798,
		0.1403830498456955
	],
	"right_ankle": [
		0.3847056031227112,
		1.9780765771865845,
		-0.022508271038532257,
		0.021824508905410767
	],
	"left_shoulder": [
		0.47419828176498413,
		0.5111790895462036,
		0.25447893142700195,
		0.9994437098503113
	],
	"left_elbow": [
		0.6344195604324341,
		0.48823028802871704,
		0.20342227816581726,
		0.9681207537651062
	],
	"left_wrist": [
		0.8127651214599609,
		0.43254444003105164,
		-0.025034215301275253,
		0.9773445725440979
	],
	"right_shoulder": [
		0.334602415561676,
		0.45481571555137634,
		-0.27738282084465027,
		0.9985359907150269
	],
	"right_elbow": [
		0.3626399040222168,
		0.37474438548088074,
		-0.7197332382202148,
		0.9923203587532043
	],
	"right_wrist": [
		0.5008394718170166,
		0.39561963081359863,
		-0.9344954490661621,
		0.9859756827354431
	],
	"nose": [
		0.46918973326683044,
		0.2986840307712555,
		-0.16840332746505737,
		0.999943196773529
	],
	"left_eye": [
		0.46128350496292114,
		0.25496283173561096,
		-0.12078265100717545,
		0.9999353289604187
	],
	"right_eye": [
		0.4472731649875641,
		0.26118046045303345,
		-0.17115375399589539,
		0.9999409914016724
	],
	"left_ear": [
		0.439218133687973,
		0.2713494598865509,
		0.10842673480510712,
		0.9999568462371826
	],
	"right_ear": [
		0.4112362861633301,
		0.27496087551116943,
		-0.12302510440349579,
		0.9999522566795349
	]
}