{
	"left_hip": [
		0.48029595613479614,
		1.0955544710159302,
		0.1454717218875885,
		0.6609970331192017
	],
	"left_knee": [
		0.5057145357131958,
		1.5362825393676758,
		0.10807207971811295,
		0.04513406381011009
	],
	"left_ankle": [
		0.5259764194488525,
		1.9403114318847656,
		0.31000620126724243,
		0.003526207059621811
	],
	"right_hip": [
		0.37492573261260986,
		1.1030718088150024,
		-0.14464780688285828,
		0.5678087472915649
	],
	"right_knee": [
		0.37912315130233765,
		1.5303360223770142,
		-0.15887805819511414,
		0.13113783299922943
	],
	"right_ankle": [
		0.39640286564826965,
		1.9808439016342163,
		-0.06001634523272514,
		0.017814727500081062
	],
	"left_shoulder": [
		0.4625868797302246,
		0.5104687809944153,
		0.2844650149345398,
		0.9994625449180603
	],
	"left_elbow": [
		0.6334115266799927,
		0.5143343210220337,
		0.2738220691680908,
		0.9736649990081787
	],
	"left_wrist": [
		0.8152533769607544,
		0.46472498774528503,
		0.051927536725997925,
		0.98415207862854
	],
	"right_shoulder": [
		0.3345922529697418,
		0.4499334692955017,
		-0.3017868399620056,
		0.9986494183540344
	],
	"right_elbow": [
		0.36201855540275574,
		0.44134730100631714,
		-0.6858607530593872,
		0.9933654069900513
	],
	"right_wrist": [
		0.4873557984828949,
		0.4427153766155243,
		-0.8880804777145386,
		0.9896240234375
	],
	"nose": [
		0.479848712682724,
		0.3010715842247009,
		-0.10086409002542496,
		0.9999534487724304
	],
	"left_eye": [
		0.4644644856452942,
		0.2598666250705719,
		-0.057460762560367584,
		0.9999488592147827
	],
	"right_eye": [
		0.45623913407325745,
		0.26621079444885254,
		-0.12059234082698822,
		0.9999550580978394
	],
	"left_ear": [
		0.43609270453453064,
		0.2736603915691376,
		0.1431271731853485,
		0.9999666213989258
	],
	"right_ear": [
		0.4188016355037689,
		0.28243350982666016,
		-0.13804753124713898,
		0.9999640583992004
	]
}