{
	"left_hip": [
		0.48043712973594666,
		1.0970040559768677,
		0.14882807433605194,
		0.670971691608429
	],
	"left_knee": [
		0.5062627196311951,
		1.5288939476013184,
		0.10735025256872177,
		0.045607104897499084
	],
	"left_ankle": [
		0.5357734560966492,
		1.9239528179168701,
		0.30902165174484253,
		0.003450636053457856
	],
	"right_hip": [
		0.3789483904838562,
		1.1052067279815674,
		-0.1479538381099701,
		0.5787106156349182
	],
	"right_knee": [
		0.3835369050502777,
		1.5155658721923828,
		-0.1615307480096817,
		0.14263491332530975
	],
	"right_ankle": [
		0.4028352200984955,
		1.9729262590408325,
		-0.062337715178728104,
		0.01908624731004238
	],
	"left_shoulder": [
		0.46455082297325134,
		0.5145817399024963,
		0.28958556056022644,
		0.9994960427284241
	],
	"left_elbow": [
		0.635640561580658,
		0.5300585031509399,
		0.2690719962120056,
		0.9762300848960876
	],
	"left_wrist": [
		0.8167710304260254,
		0.46901968121528625,
		0.038179125636816025,
		0.9867006540298462
	],
	"right_shoulder": [
		0.3321390748023987,
		0.4512678384780884,
		-0.3079241216182709,
		0.998696506023407
	],
	"right_elbow": [
		0.351919949054718,
		0.45184430480003357,
		-0.7153524160385132,
		0.993798553943634
	],
	"right_wrist": [
		0.4841737151145935,
		0.46485626697540283,
		-0.9072368741035461,
		0.9907853007316589
	],
	"nose": [
		0.4835721552371979,
		0.30164283514022827,
		-0.11010821163654327,
		0.9999573826789856
	],
	"left_eye": [
		0.46754854917526245,
		0.2603635787963867,
		-0.06254234910011292,
		0.999954104423523
	],
	"right_eye": [
		0.4592740535736084,
		0.2662622928619385,
		-0.1275852620601654,
		0.9999604225158691
	],
	"left_ear": [
		0.43610769510269165,
		0.27422550320625305,
		0.15154336392879486,
		0.9999703764915466
	],
	"right_ear": [
		0.41988295316696167,
		0.28599849343299866,
		-0.1429828256368637,
		0.9999685883522034
	]
}