{
	"left_hip": [
		0.4934602379798889,
		1.1481609344482422,
		0.1274126172065735,
		0.6521843671798706
	],
	"left_knee": [
		0.5157498121261597,
		1.6047351360321045,
		0.12940920889377594,
		0.03513780236244202
	],
	"left_ankle": [
		0.5313948392868042,
		2.033958911895752,
		0.35402581095695496,
		0.0025128929410129786
	],
	"right_hip": [
		0.3880080282688141,
		1.1724954843521118,
		-0.12631557881832123,
		0.5353601574897766
	],
	"right_knee": [
		0.3949611485004425,
		1.6276600360870361,
		-0.1200113445520401,
		0.13251228630542755
	],
	"right_ankle": [
		0.4061190187931061,
		2.0833446979522705,
		-0.0006439530989155173,
		0.015513012185692787
	],
	"left_shoulder": [
		0.4759198725223541,
		0.5341266393661499,
		0.210322767496109,
		0.9996266961097717
	],
	"left_elbow": [
		0.6650679707527161,
		0.5284070372581482,
		0.21726301312446594,
		0.9832940101623535
	],
	"left_wrist": [
		0.8213421702384949,
		0.467838853597641,
		0.009551996365189552,
		0.9917078614234924
	],
	"right_shoulder": [
		0.34144356846809387,
		0.5030078887939453,
		-0.3035915791988373,
		0.9987673759460449
	],
	"right_elbow": [
		0.29471075534820557,
		0.472001314163208,
		-0.6659157872200012,
		0.9935625791549683
	],
	"right_wrist": [
		0.4539600908756256,
		0.470915287733078,
		-0.8591612577438354,
		0.9909887909889221
	],
	"nose": [
		0.4918171763420105,
		0.3048132061958313,
		-0.1761307567358017,
		0.9999714493751526
	],
	"left_eye": [
		0.4741010069847107,
		0.2615261375904083,
		-0.12980298697948456,
		0.9999693632125854
	],
	"right_eye": [
		0.4648644030094147,
		0.2671630084514618,
		-0.18547114729881287,
		0.9999739527702332
	],
	"left_ear": [
		0.4381179213523865,
		0.2820068597793579,
		0.07977797091007233,
		0.9999806880950928
	],
	"right_ear": [
		0.42124900221824646,
		0.3005952835083008,
		-0.17629143595695496,
		0.9999791383743286
	]
}