{
	"left_hip": [
		0.5013123154640198,
		1.1730396747589111,
		0.13696423172950745,
		0.6482746005058289
	],
	"left_knee": [
		0.5113133192062378,
		1.6084493398666382,
		0.1408860981464386,
		0.021277224645018578
	],
	"left_ankle": [
		0.5240833759307861,
		2.033586263656616,
		0.3915460407733917,
		0.0016369821969419718
	],
	"right_hip": [
		0.3898417055606842,
		1.192333459854126,
		-0.1359805166721344,
		0.6018068194389343
	],
	"right_knee": [
		0.38156968355178833,
		1.6216343641281128,
		-0.1251070201396942,
		0.13427665829658508
	],
	"right_ankle": [
		0.3867395222187042,
		2.095592498779297,
		0.007896226830780506,
		0.019968479871749878
	],
	"left_shoulder": [
		0.49794119596481323,
		0.5367483496665955,
		0.2607384920120239,
		0.9997480511665344
	],
	"left_elbow": [
		0.6635392904281616,
		0.5269277691841125,
		0.27545467019081116,
		0.991366982460022
	],
	"left_wrist": [
		0.8105887174606323,
		0.48662900924682617,
		0.1102645993232727,
		0.9971343278884888
	],
	"right_shoulder": [
		0.3484867811203003,
		0.5069583654403687,
		-0.2927699685096741,
		0.9994755387306213
	],
	"right_elbow": [
		0.26432961225509644,
		0.3705548346042633,
		-0.7503970861434937,
		0.9964955449104309
	],
	"right_wrist": [
		0.42909693717956543,
		0.4118471145629883,
		-0.9503691792488098,
		0.9942267537117004
	],
	"nose": [
		0.49163395166397095,
		0.3172944188117981,
		-0.20584900677204132,
		0.9999910593032837
	],
	"left_eye": [
		0.47424474358558655,
		0.26937803626060486,
		-0.15591099858283997,
		0.9999892711639404
	],
	"right_eye": [
		0.4579697549343109,
		0.2764320373535156,
		-0.20417945086956024,
		0.9999923706054688
	],
	"left_ear": [
		0.4414304792881012,
		0.29174748063087463,
		0.0870036631822586,
		0.9999939203262329
	],
	"right_ear": [
		0.41801705956459045,
		0.3049883544445038,
		-0.13620029389858246,
		0.9999944567680359
	]
}