{
	"left_hip": [
		0.501541018486023,
		1.174420714378357,
		0.13569872081279755,
		0.6410356163978577
	],
	"left_knee": [
		0.5113447904586792,
		1.6207283735275269,
		0.1431806981563568,
		0.019828805699944496
	],
	"left_ankle": [
		0.5231083631515503,
		2.0509307384490967,
		0.4008519649505615,
		0.0015802100533619523
	],
	"right_hip": [
		0.3896140158176422,
		1.1940668821334839,
		-0.13470180332660675,
		0.6008336544036865
	],
	"right_knee": [
		0.3817349374294281,
		1.6333211660385132,
		-0.11173977702856064,
		0.13039271533489227
	],
	"right_ankle": [
		0.3863934576511383,
		2.107147216796875,
		0.0285477377474308,
		0.019852399826049805
	],
	"left_shoulder": [
		0.49880385398864746,
		0.5362981557846069,
		0.2562628984451294,
		0.9997563362121582
	],
	"left_elbow": [
		0.6634680032730103,
		0.5269056558609009,
		0.26521074771881104,
		0.9918252229690552
	],
	"left_wrist": [
		0.810817539691925,
		0.4864504635334015,
		0.09500724077224731,
		0.997359573841095
	],
	"right_shoulder": [
		0.3482435345649719,
		0.5074266791343689,
		-0.28613078594207764,
		0.9995465278625488
	],
	"right_elbow": [
		0.25803089141845703,
		0.3711913526058197,
		-0.7332274317741394,
		0.9969532489776611
	],
	"right_wrist": [
		0.4284341335296631,
		0.4132831394672394,
		-0.9115544557571411,
		0.9946775436401367
	],
	"nose": [
		0.4915095269680023,
		0.317417711019516,
		-0.21573381125926971,
		0.9999921321868896
	],
	"left_eye": [
		0.4739466607570648,
		0.2694476246833801,
		-0.16606569290161133,
		0.9999903440475464
	],
	"right_eye": [
		0.45758405327796936,
		0.2766034007072449,
		-0.2136952131986618,
		0.9999933242797852
	],
	"left_ear": [
		0.44133391976356506,
		0.29173213243484497,
		0.07476339489221573,
		0.9999946355819702
	],
	"right_ear": [
		0.41741761565208435,
		0.3049560785293579,
		-0.1373632550239563,
		0.999995231628418
	]
}