{
	"left_hip": [
		0.505245566368103,
		1.1784766912460327,
		0.11000118404626846,
		0.7888695001602173
	],
	"left_knee": [
		0.5149000883102417,
		1.6540014743804932,
		0.10507937520742416,
		0.025819262489676476
	],
	"left_ankle": [
		0.5164219737052917,
		2.0935280323028564,
		0.34448885917663574,
		0.0019760888535529375
	],
	"right_hip": [
		0.3844660818576813,
		1.1976637840270996,
		-0.10923560708761215,
		0.7570251226425171
	],
	"right_knee": [
		0.37886443734169006,
		1.6690964698791504,
		-0.11203505843877792,
		0.1101154237985611
	],
	"right_ankle": [
		0.3807094097137451,
		2.1368629932403564,
		0.01173638366162777,
		0.019378751516342163
	],
	"left_shoulder": [
		0.5040117502212524,
		0.5258635878562927,
		0.2351037710905075,
		0.9998716115951538
	],
	"left_elbow": [
		0.6680287718772888,
		0.5141283273696899,
		0.26701611280441284,
		0.9962531328201294
	],
	"left_wrist": [
		0.8093242645263672,
		0.4761493504047394,
		0.14117375016212463,
		0.9985240697860718
	],
	"right_shoulder": [
		0.34479281306266785,
		0.5043408870697021,
		-0.26448312401771545,
		0.9998332858085632
	],
	"right_elbow": [
		0.24902018904685974,
		0.37374359369277954,
		-0.6987529993057251,
		0.998805046081543
	],
	"right_wrist": [
		0.4241553246974945,
		0.4140412509441376,
		-0.8677464723587036,
		0.9960399270057678
	],
	"nose": [
		0.4892348647117615,
		0.3186621069908142,
		-0.19142721593379974,
		0.999995768070221
	],
	"left_eye": [
		0.4722430109977722,
		0.2692091763019562,
		-0.1425565630197525,
		0.9999938607215881
	],
	"right_eye": [
		0.45574337244033813,
		0.2762477397918701,
		-0.19188496470451355,
		0.999996542930603
	],
	"left_ear": [
		0.4409884810447693,
		0.29102110862731934,
		0.08785358816385269,
		0.9999969601631165
	],
	"right_ear": [
		0.41586703062057495,
		0.30114537477493286,
		-0.1314205527305603,
		0.9999980926513672
	]
}