{
	"left_hip": [
		0.5065125226974487,
		1.1813361644744873,
		0.11083078384399414,
		0.785720705986023
	],
	"left_knee": [
		0.5181095004081726,
		1.6566325426101685,
		0.10890790075063705,
		0.026227382943034172
	],
	"left_ankle": [
		0.5188719034194946,
		2.0983309745788574,
		0.34901243448257446,
		0.001970941899344325
	],
	"right_hip": [
		0.38696879148483276,
		1.1999361515045166,
		-0.11010527610778809,
		0.754321277141571
	],
	"right_knee": [
		0.38141563534736633,
		1.6725964546203613,
		-0.10944143682718277,
		0.11032995581626892
	],
	"right_ankle": [
		0.3823830187320709,
		2.142673969268799,
		0.018954414874315262,
		0.020350825041532516
	],
	"left_shoulder": [
		0.5022667050361633,
		0.5275887846946716,
		0.23364078998565674,
		0.9998677968978882
	],
	"left_elbow": [
		0.6721023321151733,
		0.5183054208755493,
		0.2666943669319153,
		0.9963634014129639
	],
	"left_wrist": [
		0.8092389106750488,
		0.47841158509254456,
		0.14683222770690918,
		0.9984431266784668
	],
	"right_shoulder": [
		0.35018113255500793,
		0.5037106871604919,
		-0.26089927554130554,
		0.9998437762260437
	],
	"right_elbow": [
		0.24499031901359558,
		0.3764263391494751,
		-0.6808501482009888,
		0.9988540410995483
	],
	"right_wrist": [
		0.424058735370636,
		0.4170127511024475,
		-0.8361822962760925,
		0.9956196546554565
	],
	"nose": [
		0.48903775215148926,
		0.31476685404777527,
		-0.19034764170646667,
		0.9999956488609314
	],
	"left_eye": [
		0.4713423252105713,
		0.2667323648929596,
		-0.14228487014770508,
		0.999993622303009
	],
	"right_eye": [
		0.4554359018802643,
		0.273475706577301,
		-0.1902957260608673,
		0.9999964833259583
	],
	"left_ear": [
		0.4405904710292816,
		0.29030898213386536,
		0.08410928398370743,
		0.9999969005584717
	],
	"right_ear": [
		0.41611823439598083,
		0.2999006509780884,
		-0.13042788207530975,
		0.9999982118606567
	]
}