{
	"left_hip": [
		0.508515477180481,
		1.1804018020629883,
		0.11035338789224625,
		0.772513747215271
	],
	"left_knee": [
		0.5216424465179443,
		1.6559346914291382,
		0.11252176761627197,
		0.024253522977232933
	],
	"left_ankle": [
		0.5253649353981018,
		2.0955893993377686,
		0.35557305812835693,
		0.0018183671636506915
	],
	"right_hip": [
		0.3897683024406433,
		1.1974687576293945,
		-0.10958468914031982,
		0.7537412047386169
	],
	"right_knee": [
		0.38878482580184937,
		1.6714614629745483,
		-0.10537226498126984,
		0.10698682069778442
	],
	"right_ankle": [
		0.3894430100917816,
		2.1452317237854004,
		0.020045597106218338,
		0.018303701654076576
	],
	"left_shoulder": [
		0.5017606019973755,
		0.5323910117149353,
		0.231266587972641,
		0.9998660087585449
	],
	"left_elbow": [
		0.6690433621406555,
		0.5345344543457031,
		0.2195764034986496,
		0.9958823919296265
	],
	"left_wrist": [
		0.8080713152885437,
		0.498975932598114,
		0.04053336754441261,
		0.9982720613479614
	],
	"right_shoulder": [
		0.35104846954345703,
		0.5032005906105042,
		-0.23781898617744446,
		0.9998691082000732
	],
	"right_elbow": [
		0.2427128553390503,
		0.37781837582588196,
		-0.6650277972221375,
		0.9989324808120728
	],
	"right_wrist": [
		0.42436742782592773,
		0.4216236472129822,
		-0.839958667755127,
		0.9957959055900574
	],
	"nose": [
		0.4872701168060303,
		0.31964197754859924,
		-0.2164195328950882,
		0.9999959468841553
	],
	"left_eye": [
		0.47030624747276306,
		0.2719593942165375,
		-0.16932407021522522,
		0.9999939203262329
	],
	"right_eye": [
		0.4537501931190491,
		0.27885982394218445,
		-0.20999565720558167,
		0.9999966025352478
	],
	"left_ear": [
		0.44097214937210083,
		0.29199832677841187,
		0.06522081047296524,
		0.9999969601631165
	],
	"right_ear": [
		0.41591063141822815,
		0.3026005029678345,
		-0.11968307197093964,
		0.9999983906745911
	]
}