{
	"left_hip": [
		0.5083245038986206,
		1.180376648902893,
		0.10984551906585693,
		0.7758197784423828
	],
	"left_knee": [
		0.5215412974357605,
		1.6559001207351685,
		0.10754295438528061,
		0.023924296721816063
	],
	"left_ankle": [
		0.5252540111541748,
		2.095489501953125,
		0.3533744513988495,
		0.0017742872005328536
	],
	"right_hip": [
		0.38964182138442993,
		1.1970348358154297,
		-0.10906988382339478,
		0.7597551345825195
	],
	"right_knee": [
		0.38872864842414856,
		1.6709434986114502,
		-0.10570459067821503,
		0.10549686849117279
	],
	"right_ankle": [
		0.38945016264915466,
		2.1449363231658936,
		0.020083928480744362,
		0.017561180517077446
	],
	"left_shoulder": [
		0.5015190839767456,
		0.5332502722740173,
		0.23127126693725586,
		0.9998663663864136
	],
	"left_elbow": [
		0.6678200960159302,
		0.5364471673965454,
		0.22465312480926514,
		0.9957792162895203
	],
	"left_wrist": [
		0.8068744540214539,
		0.5002493858337402,
		0.059148531407117844,
		0.998241662979126
	],
	"right_shoulder": [
		0.3509995937347412,
		0.503158450126648,
		-0.2381337434053421,
		0.999874472618103
	],
	"right_elbow": [
		0.2426833212375641,
		0.3778793215751648,
		-0.6689113974571228,
		0.9989681243896484
	],
	"right_wrist": [
		0.4244299829006195,
		0.4229830205440521,
		-0.8588140606880188,
		0.995915949344635
	],
	"nose": [
		0.48673057556152344,
		0.32033076882362366,
		-0.21783849596977234,
		0.9999959468841553
	],
	"left_eye": [
		0.46999531984329224,
		0.2726333737373352,
		-0.17047466337680817,
		0.9999938607215881
	],
	"right_eye": [
		0.45325809717178345,
		0.2795409560203552,
		-0.21138155460357666,
		0.999996542930603
	],
	"left_ear": [
		0.4411141276359558,
		0.2924351096153259,
		0.06564046442508698,
		0.9999969005584717
	],
	"right_ear": [
		0.415769100189209,
		0.3030368387699127,
		-0.11928793042898178,
		0.9999983906745911
	]
}