{
	"left_hip": [
		0.5083394646644592,
		1.1781270503997803,
		0.11026092618703842,
		0.7643482089042664
	],
	"left_knee": [
		0.5220628976821899,
		1.656214714050293,
		0.10195020586252213,
		0.023772353306412697
	],
	"left_ankle": [
		0.527572751045227,
		2.096932888031006,
		0.33758023381233215,
		0.0017470791935920715
	],
	"right_hip": [
		0.3897565007209778,
		1.193043828010559,
		-0.10941068083047867,
		0.7501235604286194
	],
	"right_knee": [
		0.3904457986354828,
		1.6706966161727905,
		-0.12295810133218765,
		0.10449250042438507
	],
	"right_ankle": [
		0.3910524547100067,
		2.1482343673706055,
		-0.01921241544187069,
		0.017058800905942917
	],
	"left_shoulder": [
		0.501510739326477,
		0.533386766910553,
		0.22848966717720032,
		0.9998680353164673
	],
	"left_elbow": [
		0.6676240563392639,
		0.5371577143669128,
		0.19364985823631287,
		0.995731770992279
	],
	"left_wrist": [
		0.8064200282096863,
		0.5005120038986206,
		-0.01716829463839531,
		0.9982073903083801
	],
	"right_shoulder": [
		0.3509089946746826,
		0.5028806328773499,
		-0.2448771446943283,
		0.9998767375946045
	],
	"right_elbow": [
		0.24268738925457,
		0.37800511717796326,
		-0.6883381605148315,
		0.9989623427391052
	],
	"right_wrist": [
		0.4244227409362793,
		0.42351651191711426,
		-0.9043178558349609,
		0.9959536790847778
	],
	"nose": [
		0.4863749146461487,
		0.3205662965774536,
		-0.22744543850421906,
		0.9999959468841553
	],
	"left_eye": [
		0.469804048538208,
		0.2728785276412964,
		-0.17991653084754944,
		0.9999939203262329
	],
	"right_eye": [
		0.45298609137535095,
		0.27986371517181396,
		-0.22157104313373566,
		0.999996542930603
	],
	"left_ear": [
		0.44114208221435547,
		0.29256510734558105,
		0.06003699451684952,
		0.9999969005584717
	],
	"right_ear": [
		0.415689080953598,
		0.3032572269439697,
		-0.12712830305099487,
		0.9999983906745911
	]
}