{
	"left_hip": [
		0.507599413394928,
		1.1793309450149536,
		0.10948441922664642,
		0.7519618272781372
	],
	"left_knee": [
		0.5189172029495239,
		1.6569111347198486,
		0.11359457671642303,
		0.021405691280961037
	],
	"left_ankle": [
		0.5209551453590393,
		2.0962026119232178,
		0.36513233184814453,
		0.0016644728602841496
	],
	"right_hip": [
		0.38444221019744873,
		1.1976038217544556,
		-0.10854306071996689,
		0.7467470169067383
	],
	"right_knee": [
		0.3855281472206116,
		1.6734737157821655,
		-0.11206450313329697,
		0.09227066487073898
	],
	"right_ankle": [
		0.38513338565826416,
		2.147202253341675,
		0.027292300015687943,
		0.015103201381862164
	],
	"left_shoulder": [
		0.5029076933860779,
		0.5307495594024658,
		0.2254755049943924,
		0.9998629689216614
	],
	"left_elbow": [
		0.6689835786819458,
		0.5280559062957764,
		0.2503105700016022,
		0.9955405592918396
	],
	"left_wrist": [
		0.8029535412788391,
		0.4933048188686371,
		0.12652136385440826,
		0.9981500506401062
	],
	"right_shoulder": [
		0.34732785820961,
		0.5030643343925476,
		-0.2636120915412903,
		0.999890923500061
	],
	"right_elbow": [
		0.24200889468193054,
		0.3779061436653137,
		-0.7030240297317505,
		0.9990435838699341
	],
	"right_wrist": [
		0.42026814818382263,
		0.4197287857532501,
		-0.8571216464042664,
		0.9958629608154297
	],
	"nose": [
		0.4862212538719177,
		0.3206603527069092,
		-0.24050751328468323,
		0.9999960660934448
	],
	"left_eye": [
		0.469606876373291,
		0.27333542704582214,
		-0.19289667904376984,
		0.9999939799308777
	],
	"right_eye": [
		0.4529128968715668,
		0.2806050777435303,
		-0.23530824482440948,
		0.9999967217445374
	],
	"left_ear": [
		0.44152045249938965,
		0.2929229438304901,
		0.048964742571115494,
		0.9999969005584717
	],
	"right_ear": [
		0.41569429636001587,
		0.30417200922966003,
		-0.14381085336208344,
		0.9999985694885254
	]
}