{
	"left_hip": [
		0.5071147680282593,
		1.1786253452301025,
		0.1074422150850296,
		0.7575981616973877
	],
	"left_knee": [
		0.5171175599098206,
		1.6551427841186523,
		0.11194761842489243,
		0.020254584029316902
	],
	"left_ankle": [
		0.5181368589401245,
		2.0941946506500244,
		0.3644055426120758,
		0.001581403543241322
	],
	"right_hip": [
		0.3825928568840027,
		1.1978049278259277,
		-0.10645215213298798,
		0.7546991109848022
	],
	"right_knee": [
		0.3833017945289612,
		1.6718827486038208,
		-0.11107297241687775,
		0.0848294273018837
	],
	"right_ankle": [
		0.38312819600105286,
		2.1422414779663086,
		0.028897175565361977,
		0.013720646500587463
	],
	"left_shoulder": [
		0.5031503438949585,
		0.529032289981842,
		0.2230592668056488,
		0.9998603463172913
	],
	"left_elbow": [
		0.6694893836975098,
		0.5271763205528259,
		0.24737486243247986,
		0.9955516457557678
	],
	"left_wrist": [
		0.8026031255722046,
		0.4917117655277252,
		0.1184210553765297,
		0.9981017112731934
	],
	"right_shoulder": [
		0.3451325297355652,
		0.5029576420783997,
		-0.2700827121734619,
		0.9998967051506042
	],
	"right_elbow": [
		0.24165180325508118,
		0.3779548406600952,
		-0.7034620046615601,
		0.9991165399551392
	],
	"right_wrist": [
		0.41850656270980835,
		0.4163287878036499,
		-0.8443135023117065,
		0.9959748387336731
	],
	"nose": [
		0.48612937331199646,
		0.3206862211227417,
		-0.25165989995002747,
		0.9999960660934448
	],
	"left_eye": [
		0.46947669982910156,
		0.2734418213367462,
		-0.20425300300121307,
		0.9999939203262329
	],
	"right_eye": [
		0.45287060737609863,
		0.2807859480381012,
		-0.247723788022995,
		0.9999967813491821
	],
	"left_ear": [
		0.4415409564971924,
		0.2929782569408417,
		0.04098718613386154,
		0.9999969005584717
	],
	"right_ear": [
		0.4156997799873352,
		0.30428487062454224,
		-0.153896301984787,
		0.9999986886978149
	]
}