{
	"left_hip": [
		0.5053094625473022,
		1.1773234605789185,
		0.10427572578191757,
		0.7717607021331787
	],
	"left_knee": [
		0.5100300908088684,
		1.6513848304748535,
		0.11952312290668488,
		0.018030673265457153
	],
	"left_ankle": [
		0.508677065372467,
		2.0865836143493652,
		0.3759734034538269,
		0.0014860397204756737
	],
	"right_hip": [
		0.37924277782440186,
		1.1986171007156372,
		-0.10318927466869354,
		0.7684824466705322
	],
	"right_knee": [
		0.3767276704311371,
		1.6691330671310425,
		-0.10046179592609406,
		0.06870634853839874
	],
	"right_ankle": [
		0.3738082945346832,
		2.1343111991882324,
		0.041767243295907974,
		0.011022095568478107
	],
	"left_shoulder": [
		0.5053204894065857,
		0.5251847505569458,
		0.2062990665435791,
		0.9998677968978882
	],
	"left_elbow": [
		0.6729494333267212,
		0.5254876017570496,
		0.21826906502246857,
		0.9957774877548218
	],
	"left_wrist": [
		0.8043420910835266,
		0.4786290228366852,
		0.07424971461296082,
		0.9981244206428528
	],
	"right_shoulder": [
		0.34011340141296387,
		0.5051971077919006,
		-0.28161361813545227,
		0.9999101758003235
	],
	"right_elbow": [
		0.23998622596263885,
		0.3810611665248871,
		-0.7194379568099976,
		0.999231219291687
	],
	"right_wrist": [
		0.4142003655433655,
		0.4123913049697876,
		-0.8893481492996216,
		0.9960472583770752
	],
	"nose": [
		0.4862818717956543,
		0.32052379846572876,
		-0.26695916056632996,
		0.9999966621398926
	],
	"left_eye": [
		0.4693821966648102,
		0.27350762486457825,
		-0.2198820859193802,
		0.9999946355819702
	],
	"right_eye": [
		0.45313000679016113,
		0.2813536524772644,
		-0.2631920874118805,
		0.9999973177909851
	],
	"left_ear": [
		0.44156378507614136,
		0.29345110058784485,
		0.024425631389021873,
		0.9999972581863403
	],
	"right_ear": [
		0.41545024514198303,
		0.3067491054534912,
		-0.17065103352069855,
		0.999998927116394
	]
}