{
	"left_hip": [
		0.5046371221542358,
		1.1744822263717651,
		0.10320644080638885,
		0.7430723905563354
	],
	"left_knee": [
		0.5095213651657104,
		1.6513649225234985,
		0.10318623483181,
		0.016167402267456055
	],
	"left_ankle": [
		0.5085678696632385,
		2.089911699295044,
		0.3578053116798401,
		0.0012949728406965733
	],
	"right_hip": [
		0.377564013004303,
		1.1949247121810913,
		-0.10205857455730438,
		0.7367762327194214
	],
	"right_knee": [
		0.37504297494888306,
		1.668967604637146,
		-0.11753412336111069,
		0.060276903212070465
	],
	"right_ankle": [
		0.3709927201271057,
		2.137705087661743,
		0.014495907351374626,
		0.009208076633512974
	],
	"left_shoulder": [
		0.5056935548782349,
		0.5243328213691711,
		0.20443013310432434,
		0.9998779296875
	],
	"left_elbow": [
		0.6718087792396545,
		0.5256655812263489,
		0.185271218419075,
		0.995896577835083
	],
	"left_wrist": [
		0.8051222562789917,
		0.47438013553619385,
		0.001090893754735589,
		0.9982057809829712
	],
	"right_shoulder": [
		0.3387741148471832,
		0.5050452947616577,
		-0.2683466672897339,
		0.9999123215675354
	],
	"right_elbow": [
		0.24028202891349792,
		0.38205012679100037,
		-0.7262768745422363,
		0.9992213845252991
	],
	"right_wrist": [
		0.4140835702419281,
		0.4122207760810852,
		-0.9488868713378906,
		0.9962232708930969
	],
	"nose": [
		0.48622816801071167,
		0.3207003176212311,
		-0.2675361633300781,
		0.9999968409538269
	],
	"left_eye": [
		0.4693242013454437,
		0.2737291753292084,
		-0.22012464702129364,
		0.9999948740005493
	],
	"right_eye": [
		0.45317912101745605,
		0.28178730607032776,
		-0.26216599345207214,
		0.9999973773956299
	],
	"left_ear": [
		0.44153842329978943,
		0.2938474714756012,
		0.026713725179433823,
		0.9999973177909851
	],
	"right_ear": [
		0.4153379499912262,
		0.30738556385040283,
		-0.16087019443511963,
		0.999998927116394
	]
}