{
	"left_hip": [
		0.5027557611465454,
		1.2015475034713745,
		0.09767737984657288,
		0.5132746696472168
	],
	"left_knee": [
		0.5386744737625122,
		1.7105685472488403,
		0.07983921468257904,
		0.01567840203642845
	],
	"left_ankle": [
		0.5460897088050842,
		2.176356077194214,
		0.35438984632492065,
		0.0008819756330922246
	],
	"right_hip": [
		0.36465001106262207,
		1.24397873878479,
		-0.09652549773454666,
		0.4861055016517639
	],
	"right_knee": [
		0.39763909578323364,
		1.75023353099823,
		-0.1391175091266632,
		0.046036068350076675
	],
	"right_ankle": [
		0.40203604102134705,
		2.249439239501953,
		-0.000492050196044147,
		0.0068765925243496895
	],
	"left_shoulder": [
		0.5047381520271301,
		0.5124046206474304,
		0.14940489828586578,
		0.9998976588249207
	],
	"left_elbow": [
		0.6884970664978027,
		0.5220028162002563,
		0.26462334394454956,
		0.9973401427268982
	],
	"left_wrist": [
		0.8235589861869812,
		0.5464473962783813,
		0.12572768330574036,
		0.9988592267036438
	],
	"right_shoulder": [
		0.29537612199783325,
		0.5543032288551331,
		-0.34878790378570557,
		0.9998602271080017
	],
	"right_elbow": [
		0.11037061363458633,
		0.6294687390327454,
		-0.7515512704849243,
		0.9979816675186157
	],
	"right_wrist": [
		0.26308152079582214,
		0.43720558285713196,
		-1.0947694778442383,
		0.9958012700080872
	],
	"nose": [
		0.49633103609085083,
		0.3098598122596741,
		-0.24880976974964142,
		0.9999930262565613
	],
	"left_eye": [
		0.47981971502304077,
		0.2657332122325897,
		-0.1978342980146408,
		0.999984622001648
	],
	"right_eye": [
		0.46983417868614197,
		0.26956483721733093,
		-0.2614615857601166,
		0.999992847442627
	],
	"left_ear": [
		0.4444974362850189,
		0.29236680269241333,
		0.014941222965717316,
		0.9999908208847046
	],
	"right_ear": [
		0.42203211784362793,
		0.3058484196662903,
		-0.2663046419620514,
		0.9999955892562866
	]
}