{
	"left_hip": [
		0.5024144053459167,
		1.2022194862365723,
		0.09061455726623535,
		0.5152283906936646
	],
	"left_knee": [
		0.5326166749000549,
		1.712677001953125,
		0.09289898723363876,
		0.013765372335910797
	],
	"left_ankle": [
		0.5327321290969849,
		2.1795589923858643,
		0.3797972798347473,
		0.000725885562133044
	],
	"right_hip": [
		0.3611742854118347,
		1.2425096035003662,
		-0.08949435502290726,
		0.4851595163345337
	],
	"right_knee": [
		0.38749969005584717,
		1.7518682479858398,
		-0.11007322371006012,
		0.03922179341316223
	],
	"right_ankle": [
		0.39176076650619507,
		2.251293897628784,
		0.0469062402844429,
		0.005536238197237253
	],
	"left_shoulder": [
		0.5047991275787354,
		0.509801983833313,
		0.13858118653297424,
		0.9999157786369324
	],
	"left_elbow": [
		0.6856967210769653,
		0.5196592807769775,
		0.2600846588611603,
		0.9978882074356079
	],
	"left_wrist": [
		0.8165324926376343,
		0.5412741303443909,
		0.15277457237243652,
		0.999073326587677
	],
	"right_shoulder": [
		0.290750116109848,
		0.5508290529251099,
		-0.33479827642440796,
		0.9998893737792969
	],
	"right_elbow": [
		0.10903433710336685,
		0.6230499744415283,
		-0.7419946789741516,
		0.9982417225837708
	],
	"right_wrist": [
		0.25168389081954956,
		0.43051382899284363,
		-1.0852981805801392,
		0.9965322017669678
	],
	"nose": [
		0.49434131383895874,
		0.3086513876914978,
		-0.2651001214981079,
		0.9999939799308777
	],
	"left_eye": [
		0.4794006943702698,
		0.2648146450519562,
		-0.21430186927318573,
		0.9999859929084778
	],
	"right_eye": [
		0.46893683075904846,
		0.2679954469203949,
		-0.27355602383613586,
		0.9999937415122986
	],
	"left_ear": [
		0.44413241744041443,
		0.29128286242485046,
		0.0008456896175630391,
		0.9999915957450867
	],
	"right_ear": [
		0.4200309216976166,
		0.30432721972465515,
		-0.26140695810317993,
		0.9999961256980896
	]
}