{
	"left_hip": [
		0.5001869201660156,
		1.1865493059158325,
		0.1067948117852211,
		0.5423700213432312
	],
	"left_knee": [
		0.5364745855331421,
		1.6965937614440918,
		0.08618828654289246,
		0.014368902891874313
	],
	"left_ankle": [
		0.5431438684463501,
		2.1627590656280518,
		0.3605998158454895,
		0.0006655339966528118
	],
	"right_hip": [
		0.36167746782302856,
		1.229582667350769,
		-0.10574795305728912,
		0.49896594882011414
	],
	"right_knee": [
		0.3923724889755249,
		1.7310566902160645,
		-0.15719304978847504,
		0.035853061825037
	],
	"right_ankle": [
		0.40008440613746643,
		2.227409839630127,
		-0.0218555498868227,
		0.005031936801970005
	],
	"left_shoulder": [
		0.5038904547691345,
		0.5079522132873535,
		0.15893973410129547,
		0.9999269247055054
	],
	"left_elbow": [
		0.6786128282546997,
		0.5170294046401978,
		0.3012593388557434,
		0.9982897043228149
	],
	"left_wrist": [
		0.8067623376846313,
		0.5396884679794312,
		0.2026582509279251,
		0.999243438243866
	],
	"right_shoulder": [
		0.29172083735466003,
		0.5484485626220703,
		-0.3792581260204315,
		0.9998952746391296
	],
	"right_elbow": [
		0.10879075527191162,
		0.610910952091217,
		-0.8608865737915039,
		0.9984259009361267
	],
	"right_wrist": [
		0.24769429862499237,
		0.4289446175098419,
		-1.2534937858581543,
		0.9971132874488831
	],
	"nose": [
		0.4943014085292816,
		0.3080039620399475,
		-0.2690935730934143,
		0.9999915957450867
	],
	"left_eye": [
		0.4793289303779602,
		0.26446032524108887,
		-0.21775028109550476,
		0.999981164932251
	],
	"right_eye": [
		0.46944403648376465,
		0.2672629952430725,
		-0.2841053307056427,
		0.9999917149543762
	],
	"left_ear": [
		0.44369974732398987,
		0.2905423641204834,
		0.011780942790210247,
		0.9999889135360718
	],
	"right_ear": [
		0.4204534590244293,
		0.30274951457977295,
		-0.2949041724205017,
		0.9999948143959045
	]
}