{
	"left_hip": [
		0.4958992898464203,
		1.1693897247314453,
		0.09385178238153458,
		0.6024898290634155
	],
	"left_knee": [
		0.5336024165153503,
		1.6727375984191895,
		0.06757412105798721,
		0.01418932806700468
	],
	"left_ankle": [
		0.5428784489631653,
		2.128014087677002,
		0.3309231698513031,
		0.0005618291907012463
	],
	"right_hip": [
		0.35859960317611694,
		1.2169772386550903,
		-0.09298425912857056,
		0.5313212871551514
	],
	"right_knee": [
		0.3882260024547577,
		1.7086044549942017,
		-0.13914427161216736,
		0.027580078691244125
	],
	"right_ankle": [
		0.3959181308746338,
		2.1958372592926025,
		-0.00530005618929863,
		0.004021001514047384
	],
	"left_shoulder": [
		0.5046371221542358,
		0.5088555216789246,
		0.15288791060447693,
		0.9999514818191528
	],
	"left_elbow": [
		0.6848138570785522,
		0.5099842548370361,
		0.2553477883338928,
		0.9990047216415405
	],
	"left_wrist": [
		0.7997348308563232,
		0.5519260168075562,
		0.10469607263803482,
		0.9995033740997314
	],
	"right_shoulder": [
		0.2913239300251007,
		0.5414548516273499,
		-0.3538219630718231,
		0.9998921155929565
	],
	"right_elbow": [
		0.10872381925582886,
		0.593381941318512,
		-0.7914543151855469,
		0.9984933733940125
	],
	"right_wrist": [
		0.250188410282135,
		0.4219294488430023,
		-1.1651148796081543,
		0.9975801110267639
	],
	"nose": [
		0.4949008822441101,
		0.30551066994667053,
		-0.25469890236854553,
		0.9999890923500061
	],
	"left_eye": [
		0.47920355200767517,
		0.2622684836387634,
		-0.20232948660850525,
		0.999976396560669
	],
	"right_eye": [
		0.47038134932518005,
		0.26511624455451965,
		-0.2701791524887085,
		0.9999890327453613
	],
	"left_ear": [
		0.4428611397743225,
		0.28982752561569214,
		0.021671630442142487,
		0.9999865293502808
	],
	"right_ear": [
		0.422879159450531,
		0.29868602752685547,
		-0.27982109785079956,
		0.9999924898147583
	]
}