{
	"left_hip": [
		0.5003713965415955,
		1.1896734237670898,
		0.09324875473976135,
		0.5451200008392334
	],
	"left_knee": [
		0.5407854318618774,
		1.702048659324646,
		0.09778433293104172,
		0.0075731342658400536
	],
	"left_ankle": [
		0.5508083701133728,
		2.1731739044189453,
		0.37930554151535034,
		0.00021176476730033755
	],
	"right_hip": [
		0.36665278673171997,
		1.2364270687103271,
		-0.09227514266967773,
		0.4481678903102875
	],
	"right_knee": [
		0.4012923836708069,
		1.7431225776672363,
		-0.1323564499616623,
		0.014625100418925285
	],
	"right_ankle": [
		0.4119090139865875,
		2.247088670730591,
		0.022140180692076683,
		0.0014193403767421842
	],
	"left_shoulder": [
		0.5012750625610352,
		0.517159640789032,
		0.10050557553768158,
		0.9999715089797974
	],
	"left_elbow": [
		0.6716012358665466,
		0.5635730624198914,
		0.225704163312912,
		0.9992627501487732
	],
	"left_wrist": [
		0.8142687082290649,
		0.6097564101219177,
		0.08579128980636597,
		0.9995301961898804
	],
	"right_shoulder": [
		0.28897348046302795,
		0.5387064814567566,
		-0.4142525792121887,
		0.9999302625656128
	],
	"right_elbow": [
		0.11377668380737305,
		0.5505346059799194,
		-0.8813290596008301,
		0.9984402060508728
	],
	"right_wrist": [
		0.27296677231788635,
		0.40575212240219116,
		-1.2775554656982422,
		0.997484028339386
	],
	"nose": [
		0.4919929504394531,
		0.3139505088329315,
		-0.30843183398246765,
		0.9999918341636658
	],
	"left_eye": [
		0.47771120071411133,
		0.26887044310569763,
		-0.25714290142059326,
		0.9999809265136719
	],
	"right_eye": [
		0.4684804081916809,
		0.2707674205303192,
		-0.32522860169410706,
		0.9999909996986389
	],
	"left_ear": [
		0.4431079030036926,
		0.2942367196083069,
		-0.030463989824056625,
		0.9999903440475464
	],
	"right_ear": [
		0.4196988642215729,
		0.30134305357933044,
		-0.33811110258102417,
		0.9999937415122986
	]
}