{
	"left_hip": [
		0.5200937390327454,
		1.1972620487213135,
		0.1593138873577118,
		0.3427272439002991
	],
	"left_knee": [
		0.550936222076416,
		1.6647146940231323,
		0.1894744336605072,
		0.00983393657952547
	],
	"left_ankle": [
		0.5734675526618958,
		2.109373092651367,
		0.39801153540611267,
		0.0006118520395830274
	],
	"right_hip": [
		0.4193277955055237,
		1.2224825620651245,
		-0.15775066614151,
		0.28149673342704773
	],
	"right_knee": [
		0.4564632475376129,
		1.7096247673034668,
		-0.10344348847866058,
		0.02487192116677761
	],
	"right_ankle": [
		0.4742068648338318,
		2.1610360145568848,
		0.03490675240755081,
		0.0025049978867173195
	],
	"left_shoulder": [
		0.47708550095558167,
		0.5729182958602905,
		0.23450307548046112,
		0.9990439414978027
	],
	"left_elbow": [
		0.5483376979827881,
		0.8585799932479858,
		0.2842564582824707,
		0.7461709976196289
	],
	"left_wrist": [
		0.6586067080497742,
		1.0657849311828613,
		0.1307811737060547,
		0.7982549667358398
	],
	"right_shoulder": [
		0.39633095264434814,
		0.5562424659729004,
		-0.42353352904319763,
		0.999725878238678
	],
	"right_elbow": [
		0.42853841185569763,
		0.8931964635848999,
		-0.5188266038894653,
		0.9263736605644226
	],
	"right_wrist": [
		0.5387058854103088,
		1.199836254119873,
		-0.5221083760261536,
		0.8609329462051392
	],
	"nose": [
		0.5510482788085938,
		0.3285529315471649,
		-0.1442066878080368,
		0.9999383091926575
	],
	"left_eye": [
		0.534841001033783,
		0.28126004338264465,
		-0.1133941188454628,
		0.9999049305915833
	],
	"right_eye": [
		0.5258660912513733,
		0.2842393219470978,
		-0.18635912239551544,
		0.9999309778213501
	],
	"left_ear": [
		0.4961012005805969,
		0.29858529567718506,
		0.0431545116007328,
		0.9998911023139954
	],
	"right_ear": [
		0.48081058263778687,
		0.30394062399864197,
		-0.2751477360725403,
		0.9999389052391052
	]
}