{
	"left_hip": [
		0.5107265710830688,
		1.194584846496582,
		0.16474372148513794,
		0.3208746314048767
	],
	"left_knee": [
		0.5406783223152161,
		1.6151165962219238,
		0.1812628209590912,
		0.00931310560554266
	],
	"left_ankle": [
		0.5726135969161987,
		2.047729253768921,
		0.3943656384944916,
		0.0006186137907207012
	],
	"right_hip": [
		0.42071813344955444,
		1.2151432037353516,
		-0.16331161558628082,
		0.2646193206310272
	],
	"right_knee": [
		0.4524196982383728,
		1.6459194421768188,
		-0.12080574035644531,
		0.025101687759160995
	],
	"right_ankle": [
		0.4708349108695984,
		2.0901918411254883,
		0.011557478457689285,
		0.0026384706143289804
	],
	"left_shoulder": [
		0.4781818389892578,
		0.572251558303833,
		0.2592421770095825,
		0.9985252618789673
	],
	"left_elbow": [
		0.5413551330566406,
		0.8613560795783997,
		0.2991141676902771,
		0.6901620030403137
	],
	"left_wrist": [
		0.645379900932312,
		1.0674601793289185,
		0.13088372349739075,
		0.7634232044219971
	],
	"right_shoulder": [
		0.39238977432250977,
		0.5482345819473267,
		-0.42195743322372437,
		0.9996502995491028
	],
	"right_elbow": [
		0.4235198497772217,
		0.8734034895896912,
		-0.5144203901290894,
		0.9213628172874451
	],
	"right_wrist": [
		0.5457590222358704,
		1.1433278322219849,
		-0.5208233594894409,
		0.8558142185211182
	],
	"nose": [
		0.5494040250778198,
		0.32875174283981323,
		-0.12074009329080582,
		0.999886691570282
	],
	"left_eye": [
		0.5339740514755249,
		0.28129345178604126,
		-0.0912596732378006,
		0.9998347163200378
	],
	"right_eye": [
		0.5251672267913818,
		0.28414395451545715,
		-0.1652175486087799,
		0.9998794794082642
	],
	"left_ear": [
		0.4943787455558777,
		0.2986108958721161,
		0.0562654510140419,
		0.9998028874397278
	],
	"right_ear": [
		0.4804411828517914,
		0.3037208318710327,
		-0.2711637616157532,
		0.9998918771743774
	]
}