{
	"left_hip": [
		0.46808385848999023,
		1.1213622093200684,
		0.20955593883991241,
		0.23586277663707733
	],
	"left_knee": [
		0.5567055940628052,
		1.1362565755844116,
		0.16157975792884827,
		0.014240257441997528
	],
	"left_ankle": [
		0.5476462841033936,
		1.5162055492401123,
		0.31959065794944763,
		0.002153756096959114
	],
	"right_hip": [
		0.4164574146270752,
		1.142868161201477,
		-0.20818014442920685,
		0.21484209597110748
	],
	"right_knee": [
		0.5269381403923035,
		1.2034406661987305,
		-0.2937753200531006,
		0.07275331765413284
	],
	"right_ankle": [
		0.47812896966934204,
		1.573905348777771,
		-0.12842299044132233,
		0.009160785935819149
	],
	"left_shoulder": [
		0.4689972996711731,
		0.5516055822372437,
		0.35254329442977905,
		0.9950937628746033
	],
	"left_elbow": [
		0.5212235450744629,
		0.8201165199279785,
		0.4025028347969055,
		0.39478549361228943
	],
	"left_wrist": [
		0.5960615873336792,
		0.940987229347229,
		0.18779300153255463,
		0.5097683072090149
	],
	"right_shoulder": [
		0.3946601450443268,
		0.5145471692085266,
		-0.4113292694091797,
		0.9992249608039856
	],
	"right_elbow": [
		0.4556345045566559,
		0.8263478875160217,
		-0.46827125549316406,
		0.9328982830047607
	],
	"right_wrist": [
		0.600439727306366,
		0.9853777289390564,
		-0.34794217348098755,
		0.8723085522651672
	],
	"nose": [
		0.541932225227356,
		0.32667654752731323,
		-0.043781764805316925,
		0.9991294741630554
	],
	"left_eye": [
		0.5259801149368286,
		0.2785378098487854,
		-0.01205897144973278,
		0.9987896680831909
	],
	"right_eye": [
		0.5186469554901123,
		0.28157493472099304,
		-0.09038899838924408,
		0.9991151690483093
	],
	"left_ear": [
		0.48746904730796814,
		0.2947370707988739,
		0.1342519223690033,
		0.9986959099769592
	],
	"right_ear": [
		0.4734647870063782,
		0.30020344257354736,
		-0.20427139103412628,
		0.9992421269416809
	]
}