{
	"left_hip": [
		0.4576975405216217,
		1.080431342124939,
		0.21189332008361816,
		0.29314368963241577
	],
	"left_knee": [
		0.5820944309234619,
		0.8589238524436951,
		0.1977217197418213,
		0.039726343005895615
	],
	"left_ankle": [
		0.5756783485412598,
		1.1114565134048462,
		0.380545437335968,
		0.015456113032996655
	],
	"right_hip": [
		0.42401546239852905,
		1.1096333265304565,
		-0.21093876659870148,
		0.2899297773838043
	],
	"right_knee": [
		0.5665163993835449,
		0.9021562933921814,
		-0.29767173528671265,
		0.26313287019729614
	],
	"right_ankle": [
		0.5472527742385864,
		1.139383316040039,
		-0.02099146693944931,
		0.046117670834064484
	],
	"left_shoulder": [
		0.43925732374191284,
		0.536542534828186,
		0.37697628140449524,
		0.9957783818244934
	],
	"left_elbow": [
		0.4936412274837494,
		0.7870280146598816,
		0.449820339679718,
		0.2049902379512787
	],
	"left_wrist": [
		0.581783652305603,
		0.8801705837249756,
		0.26798754930496216,
		0.2632322311401367
	],
	"right_shoulder": [
		0.411548376083374,
		0.5117092132568359,
		-0.37082046270370483,
		0.9993164539337158
	],
	"right_elbow": [
		0.5222195982933044,
		0.7832676768302917,
		-0.4168113172054291,
		0.9570390582084656
	],
	"right_wrist": [
		0.6298279762268066,
		0.9189546704292297,
		-0.24842235445976257,
		0.8821135759353638
	],
	"nose": [
		0.5374756455421448,
		0.33610430359840393,
		-0.0015649080742150545,
		0.9989932775497437
	],
	"left_eye": [
		0.5195604562759399,
		0.2842804491519928,
		0.02897665835916996,
		0.9987202286720276
	],
	"right_eye": [
		0.514918863773346,
		0.2865546643733978,
		-0.04919234290719032,
		0.9989273548126221
	],
	"left_ear": [
		0.4803449511528015,
		0.2988183796405792,
		0.1690412014722824,
		0.9988047480583191
	],
	"right_ear": [
		0.4714171290397644,
		0.303472101688385,
		-0.17611853778362274,
		0.9992759227752686
	]
}