{
	"left_hip": [
		0.452180951833725,
		1.0509635210037231,
		0.206218883395195,
		0.3201853036880493
	],
	"left_knee": [
		0.583562433719635,
		0.8237633109092712,
		0.1839316040277481,
		0.0531407855451107
	],
	"left_ankle": [
		0.5820233225822449,
		1.0403460264205933,
		0.34388211369514465,
		0.022534266114234924
	],
	"right_hip": [
		0.42563867568969727,
		1.0803031921386719,
		-0.20554247498512268,
		0.30786943435668945
	],
	"right_knee": [
		0.5749521851539612,
		0.8864092230796814,
		-0.2763408124446869,
		0.3193911015987396
	],
	"right_ankle": [
		0.5551289916038513,
		1.0599479675292969,
		-0.04439382627606392,
		0.06414574384689331
	],
	"left_shoulder": [
		0.42941349744796753,
		0.5255420804023743,
		0.3781451880931854,
		0.9961435198783875
	],
	"left_elbow": [
		0.49272236227989197,
		0.7742325067520142,
		0.4510113298892975,
		0.1715274304151535
	],
	"left_wrist": [
		0.5877294540405273,
		0.8775241374969482,
		0.2783728539943695,
		0.21491658687591553
	],
	"right_shoulder": [
		0.4184374213218689,
		0.5087271928787231,
		-0.3245113492012024,
		0.999304473400116
	],
	"right_elbow": [
		0.5172469019889832,
		0.7673823237419128,
		-0.38394254446029663,
		0.9616173505783081
	],
	"right_wrist": [
		0.6307758688926697,
		0.8985155820846558,
		-0.2229277789592743,
		0.8818944692611694
	],
	"nose": [
		0.5374411940574646,
		0.34031185507774353,
		0.03312952071428299,
		0.9989458322525024
	],
	"left_eye": [
		0.5197860598564148,
		0.28730013966560364,
		0.06343851238489151,
		0.9986935257911682
	],
	"right_eye": [
		0.5151563286781311,
		0.2896888256072998,
		-0.010320055298507214,
		0.9988256692886353
	],
	"left_ear": [
		0.4802865982055664,
		0.2995002269744873,
		0.19399522244930267,
		0.9988017082214355
	],
	"right_ear": [
		0.47363513708114624,
		0.3038879334926605,
		-0.1329573392868042,
		0.999198853969574
	]
}