{
	"left_hip": [
		0.4525216519832611,
		1.046776294708252,
		0.20205608010292053,
		0.34444621205329895
	],
	"left_knee": [
		0.5878636837005615,
		0.822786808013916,
		0.16221392154693604,
		0.06103919446468353
	],
	"left_ankle": [
		0.5879489183425903,
		1.0517860651016235,
		0.3040969669818878,
		0.025818802416324615
	],
	"right_hip": [
		0.425203412771225,
		1.0674313306808472,
		-0.2014564722776413,
		0.3246808648109436
	],
	"right_knee": [
		0.5750818848609924,
		0.8824687600135803,
		-0.271599143743515,
		0.35294756293296814
	],
	"right_ankle": [
		0.5640916228294373,
		1.0633516311645508,
		-0.06514083594083786,
		0.07410894334316254
	],
	"left_shoulder": [
		0.429192453622818,
		0.5252189636230469,
		0.41218695044517517,
		0.9962676167488098
	],
	"left_elbow": [
		0.49496474862098694,
		0.7675271034240723,
		0.48779311776161194,
		0.16409331560134888
	],
	"left_wrist": [
		0.5957683324813843,
		0.8725270628929138,
		0.33336183428764343,
		0.19966687262058258
	],
	"right_shoulder": [
		0.41897082328796387,
		0.5059785842895508,
		-0.28216809034347534,
		0.9992965459823608
	],
	"right_elbow": [
		0.5169879794120789,
		0.7518649101257324,
		-0.331798255443573,
		0.9616157412528992
	],
	"right_wrist": [
		0.6279481649398804,
		0.8946408033370972,
		-0.17822587490081787,
		0.8784682750701904
	],
	"nose": [
		0.5374358296394348,
		0.3451041281223297,
		0.06901012361049652,
		0.9989870190620422
	],
	"left_eye": [
		0.5201674103736877,
		0.2918061316013336,
		0.10049263387918472,
		0.9987647533416748
	],
	"right_eye": [
		0.515591025352478,
		0.2933923900127411,
		0.028325960040092468,
		0.9988712668418884
	],
	"left_ear": [
		0.48037320375442505,
		0.3020341098308563,
		0.23208746314048767,
		0.9988738298416138
	],
	"right_ear": [
		0.47378426790237427,
		0.30506375432014465,
		-0.08682702481746674,
		0.9992199540138245
	]
}