{
	"left_hip": [
		0.4529241919517517,
		1.0390586853027344,
		0.19979754090309143,
		0.370887815952301
	],
	"left_knee": [
		0.5853162407875061,
		0.8205150365829468,
		0.17041048407554626,
		0.06973905861377716
	],
	"left_ankle": [
		0.5719369053840637,
		1.056098461151123,
		0.3291402757167816,
		0.030027208849787712
	],
	"right_hip": [
		0.4249573349952698,
		1.0636402368545532,
		-0.1992061585187912,
		0.33867347240448
	],
	"right_knee": [
		0.5767720937728882,
		0.8913905024528503,
		-0.2580028176307678,
		0.37809044122695923
	],
	"right_ankle": [
		0.5476952195167542,
		1.0797604322433472,
		-0.0352465882897377,
		0.08548659086227417
	],
	"left_shoulder": [
		0.43048080801963806,
		0.5235138535499573,
		0.37805816531181335,
		0.9964881539344788
	],
	"left_elbow": [
		0.516710638999939,
		0.7671903967857361,
		0.4548908770084381,
		0.16430781781673431
	],
	"left_wrist": [
		0.6088165044784546,
		0.8693994879722595,
		0.29410091042518616,
		0.18792058527469635
	],
	"right_shoulder": [
		0.4198419153690338,
		0.5041351318359375,
		-0.3174211382865906,
		0.9992710947990417
	],
	"right_elbow": [
		0.520751953125,
		0.7547134160995483,
		-0.36551353335380554,
		0.9607141017913818
	],
	"right_wrist": [
		0.6247564554214478,
		0.888431191444397,
		-0.1960163116455078,
		0.8734277486801147
	],
	"nose": [
		0.5374557375907898,
		0.3459327220916748,
		0.02749975025653839,
		0.9989961385726929
	],
	"left_eye": [
		0.5208250284194946,
		0.2925254702568054,
		0.057474780827760696,
		0.9987867474555969
	],
	"right_eye": [
		0.5165190696716309,
		0.2936837673187256,
		-0.01537952572107315,
		0.9988714456558228
	],
	"left_ear": [
		0.4805547595024109,
		0.3024371862411499,
		0.19191083312034607,
		0.9989069104194641
	],
	"right_ear": [
		0.474886417388916,
		0.30500659346580505,
		-0.129653662443161,
		0.9992020726203918
	]
}