{
	"left_hip": [
		0.45583033561706543,
		1.0039341449737549,
		0.1828884780406952,
		0.41585052013397217
	],
	"left_knee": [
		0.5903471112251282,
		0.7923899292945862,
		0.058926720172166824,
		0.09065140038728714
	],
	"left_ankle": [
		0.6104576587677002,
		1.0003604888916016,
		0.13267557322978973,
		0.0377749428153038
	],
	"right_hip": [
		0.41233474016189575,
		1.0162358283996582,
		-0.18220171332359314,
		0.3614327609539032
	],
	"right_knee": [
		0.5523158311843872,
		0.9031641483306885,
		-0.29412034153938293,
		0.4261784851551056
	],
	"right_ankle": [
		0.5922612547874451,
		0.9958879351615906,
		-0.18505147099494934,
		0.10514684021472931
	],
	"left_shoulder": [
		0.43853893876075745,
		0.5170676708221436,
		0.4279073178768158,
		0.9967209100723267
	],
	"left_elbow": [
		0.5342398285865784,
		0.7473238706588745,
		0.4942019581794739,
		0.16125787794589996
	],
	"left_wrist": [
		0.6100763082504272,
		0.8529702425003052,
		0.3373642563819885,
		0.171097993850708
	],
	"right_shoulder": [
		0.4118828773498535,
		0.48445773124694824,
		-0.22336871922016144,
		0.9992036819458008
	],
	"right_elbow": [
		0.48990583419799805,
		0.6879588961601257,
		-0.2918030917644501,
		0.9618217349052429
	],
	"right_wrist": [
		0.6106823086738586,
		0.8357048630714417,
		-0.19083604216575623,
		0.8694201707839966
	],
	"nose": [
		0.5373370051383972,
		0.3405880928039551,
		0.11215810477733612,
		0.9990391135215759
	],
	"left_eye": [
		0.5207611322402954,
		0.2896215617656708,
		0.14478911459445953,
		0.9988572597503662
	],
	"right_eye": [
		0.5168084502220154,
		0.29084116220474243,
		0.07745320349931717,
		0.9989302158355713
	],
	"left_ear": [
		0.48036447167396545,
		0.3013477325439453,
		0.27378740906715393,
		0.9989884495735168
	],
	"right_ear": [
		0.4755968153476715,
		0.3028201162815094,
		-0.024916771799325943,
		0.9992306232452393
	]
}