{
	"left_hip": [
		0.45905032753944397,
		1.0085200071334839,
		0.18423816561698914,
		0.41755056381225586
	],
	"left_knee": [
		0.5950839519500732,
		0.8024337291717529,
		0.07247017323970795,
		0.09607001394033432
	],
	"left_ankle": [
		0.5963362455368042,
		1.0129894018173218,
		0.18057256937026978,
		0.03813770040869713
	],
	"right_hip": [
		0.4109150469303131,
		1.0204086303710938,
		-0.18352803587913513,
		0.35783934593200684
	],
	"right_knee": [
		0.5410728454589844,
		0.9073638916015625,
		-0.30161887407302856,
		0.4306771755218506
	],
	"right_ankle": [
		0.5819453597068787,
		1.0045093297958374,
		-0.18289446830749512,
		0.10482646524906158
	],
	"left_shoulder": [
		0.4440060555934906,
		0.519603431224823,
		0.44343915581703186,
		0.9967106580734253
	],
	"left_elbow": [
		0.5483822822570801,
		0.7347567081451416,
		0.5167698860168457,
		0.16678476333618164
	],
	"left_wrist": [
		0.6098424196243286,
		0.8282616138458252,
		0.3335316479206085,
		0.17847192287445068
	],
	"right_shoulder": [
		0.4069007337093353,
		0.4840584695339203,
		-0.2335204780101776,
		0.9991803169250488
	],
	"right_elbow": [
		0.48755010962486267,
		0.6716700792312622,
		-0.3131781816482544,
		0.9626638889312744
	],
	"right_wrist": [
		0.607997477054596,
		0.8054665327072144,
		-0.2206970751285553,
		0.8725202083587646
	],
	"nose": [
		0.5363022089004517,
		0.34129875898361206,
		0.1088942438364029,
		0.9990645051002502
	],
	"left_eye": [
		0.5204259157180786,
		0.29069268703460693,
		0.14247405529022217,
		0.9988848567008972
	],
	"right_eye": [
		0.5161857008934021,
		0.29122307896614075,
		0.0720149427652359,
		0.9989517331123352
	],
	"left_ear": [
		0.4801963269710541,
		0.30167660117149353,
		0.2806786298751831,
		0.9990138411521912
	],
	"right_ear": [
		0.47390031814575195,
		0.3028591573238373,
		-0.03206109255552292,
		0.9992411136627197
	]
}