{
	"left_hip": [
		0.4805595874786377,
		0.9842540621757507,
		0.17185324430465698,
		0.4388340711593628
	],
	"left_knee": [
		0.5768705010414124,
		0.715340793132782,
		0.10199834406375885,
		0.09285581111907959
	],
	"left_ankle": [
		0.8257738947868347,
		0.5677353143692017,
		0.13939715921878815,
		0.0506327860057354
	],
	"right_hip": [
		0.41437679529190063,
		1.0258294343948364,
		-0.17129985988140106,
		0.4346584379673004
	],
	"right_knee": [
		0.48191842436790466,
		0.8538291454315186,
		-0.26245248317718506,
		0.5831952691078186
	],
	"right_ankle": [
		0.658182680606842,
		0.7897902727127075,
		-0.18805673718452454,
		0.17671716213226318
	],
	"left_shoulder": [
		0.4813736379146576,
		0.5038966536521912,
		0.24113568663597107,
		0.99800044298172
	],
	"left_elbow": [
		0.640889048576355,
		0.4978176951408386,
		0.1821829080581665,
		0.48264816403388977
	],
	"left_wrist": [
		0.812140941619873,
		0.5307990312576294,
		-0.08544238656759262,
		0.5360097289085388
	],
	"right_shoulder": [
		0.376754492521286,
		0.4487663805484772,
		-0.30077043175697327,
		0.9982051849365234
	],
	"right_elbow": [
		0.4491427540779114,
		0.36934953927993774,
		-0.7092641592025757,
		0.9635820984840393
	],
	"right_wrist": [
		0.6160598993301392,
		0.3906700909137726,
		-0.8236897587776184,
		0.8643324375152588
	],
	"nose": [
		0.5213861465454102,
		0.315213143825531,
		-0.13457238674163818,
		0.999630868434906
	],
	"left_eye": [
		0.5090383887290955,
		0.27774596214294434,
		-0.09146516025066376,
		0.9995389580726624
	],
	"right_eye": [
		0.5037872791290283,
		0.27990245819091797,
		-0.14424067735671997,
		0.9995032548904419
	],
	"left_ear": [
		0.4720115661621094,
		0.29373908042907715,
		0.1099262684583664,
		0.9996102452278137
	],
	"right_ear": [
		0.46289482712745667,
		0.2970041334629059,
		-0.1285548061132431,
		0.9996301531791687
	]
}