{
	"left_hip": [
		0.46617770195007324,
		1.0127358436584473,
		0.1496729552745819,
		0.46404939889907837
	],
	"left_knee": [
		0.4898785650730133,
		0.8212621212005615,
		0.13052354753017426,
		0.08634248375892639
	],
	"left_ankle": [
		0.575659453868866,
		0.933310866355896,
		0.3054467439651489,
		0.055209532380104065
	],
	"right_hip": [
		0.40213972330093384,
		1.0538033246994019,
		-0.14898774027824402,
		0.43948274850845337
	],
	"right_knee": [
		0.42736998200416565,
		1.1474822759628296,
		-0.17499016225337982,
		0.5304959416389465
	],
	"right_ankle": [
		0.43682870268821716,
		1.3997920751571655,
		-0.01209838967770338,
		0.1552654206752777
	],
	"left_shoulder": [
		0.468304306268692,
		0.49713224172592163,
		0.053739286959171295,
		0.998114824295044
	],
	"left_elbow": [
		0.6278790235519409,
		0.4101695716381073,
		-0.07662661373615265,
		0.6284776329994202
	],
	"left_wrist": [
		0.7998630404472351,
		0.4061656892299652,
		-0.38459765911102295,
		0.6680553555488586
	],
	"right_shoulder": [
		0.3755302429199219,
		0.4663565456867218,
		-0.4446273446083069,
		0.9961075186729431
	],
	"right_elbow": [
		0.43555116653442383,
		0.33981019258499146,
		-0.7993990182876587,
		0.9668434858322144
	],
	"right_wrist": [
		0.584160327911377,
		0.30013927817344666,
		-0.8572219014167786,
		0.8771543502807617
	],
	"nose": [
		0.502230703830719,
		0.3006424605846405,
		-0.3203596770763397,
		0.9995886087417603
	],
	"left_eye": [
		0.49504199624061584,
		0.26103854179382324,
		-0.27925562858581543,
		0.9994661211967468
	],
	"right_eye": [
		0.4909733235836029,
		0.26595813035964966,
		-0.32962602376937866,
		0.9994269013404846
	],
	"left_ear": [
		0.463595449924469,
		0.27696532011032104,
		-0.07470016181468964,
		0.9996098279953003
	],
	"right_ear": [
		0.455538272857666,
		0.28746429085731506,
		-0.30437448620796204,
		0.9995929598808289
	]
}