{
	"left_hip": [
		0.4759157598018646,
		1.0929362773895264,
		0.0982571691274643,
		0.7738662958145142
	],
	"left_knee": [
		0.4862877428531647,
		1.5166327953338623,
		0.07405265420675278,
		0.0917862206697464
	],
	"left_ankle": [
		0.4867740273475647,
		1.9075833559036255,
		0.29396453499794006,
		0.014804842881858349
	],
	"right_hip": [
		0.3618938624858856,
		1.1041057109832764,
		-0.09727320820093155,
		0.7001112699508667
	],
	"right_knee": [
		0.358981192111969,
		1.5249192714691162,
		-0.1084466427564621,
		0.24520966410636902
	],
	"right_ankle": [
		0.36484676599502563,
		1.9341003894805908,
		0.027202557772397995,
		0.048382729291915894
	],
	"left_shoulder": [
		0.4865390360355377,
		0.5241255164146423,
		0.1736508309841156,
		0.9993847012519836
	],
	"left_elbow": [
		0.650668740272522,
		0.4630765914916992,
		0.08204086124897003,
		0.9573078155517578
	],
	"left_wrist": [
		0.8054421544075012,
		0.4097466766834259,
		-0.12245570123195648,
		0.9657238721847534
	],
	"right_shoulder": [
		0.3196328282356262,
		0.4836861193180084,
		-0.30190178751945496,
		0.9977423548698425
	],
	"right_elbow": [
		0.36873236298561096,
		0.31719180941581726,
		-0.7710755467414856,
		0.9929808378219604
	],
	"right_wrist": [
		0.5044804811477661,
		0.33105742931365967,
		-0.9712797999382019,
		0.9799196124076843
	],
	"nose": [
		0.4607457220554352,
		0.3173694312572479,
		-0.21208445727825165,
		0.999853789806366
	],
	"left_eye": [
		0.458329975605011,
		0.2716015875339508,
		-0.16129986941814423,
		0.9998359084129333
	],
	"right_eye": [
		0.442343145608902,
		0.2673359513282776,
		-0.20573683083057404,
		0.9998453259468079
	],
	"left_ear": [
		0.440432071685791,
		0.29344117641448975,
		0.06305071711540222,
		0.9999022483825684
	],
	"right_ear": [
		0.4062144160270691,
		0.2830667495727539,
		-0.1344035118818283,
		0.999893307685852
	]
}