{
	"left_hip": [
		0.4788319170475006,
		1.0983866453170776,
		0.13224294781684875,
		0.7260146141052246
	],
	"left_knee": [
		0.49245327711105347,
		1.5354093313217163,
		0.11653647571802139,
		0.0544062964618206
	],
	"left_ankle": [
		0.501693844795227,
		1.9600871801376343,
		0.34388864040374756,
		0.005437121726572514
	],
	"right_hip": [
		0.3689126670360565,
		1.11397385597229,
		-0.1311633139848709,
		0.6446813941001892
	],
	"right_knee": [
		0.3669714331626892,
		1.5599693059921265,
		-0.1264188438653946,
		0.14302034676074982
	],
	"right_ankle": [
		0.37426111102104187,
		1.9862284660339355,
		-0.001591048901900649,
		0.021427445113658905
	],
	"left_shoulder": [
		0.4676591753959656,
		0.5191158056259155,
		0.21472397446632385,
		0.9995579719543457
	],
	"left_elbow": [
		0.6434332132339478,
		0.5304120182991028,
		0.20768007636070251,
		0.9799537062644958
	],
	"left_wrist": [
		0.8001190423965454,
		0.4905249774456024,
		0.00611767265945673,
		0.9889916181564331
	],
	"right_shoulder": [
		0.3251469135284424,
		0.45955273509025574,
		-0.31607791781425476,
		0.9984607100486755
	],
	"right_elbow": [
		0.34438973665237427,
		0.4765128791332245,
		-0.7292050123214722,
		0.99372798204422
	],
	"right_wrist": [
		0.4737223982810974,
		0.46975094079971313,
		-0.9053025245666504,
		0.9895512461662292
	],
	"nose": [
		0.4793001711368561,
		0.308312326669693,
		-0.17871442437171936,
		0.9999257326126099
	],
	"left_eye": [
		0.46328815817832947,
		0.2647004723548889,
		-0.13308802247047424,
		0.9999233484268188
	],
	"right_eye": [
		0.4538612365722656,
		0.2708430588245392,
		-0.19230584800243378,
		0.9999333620071411
	],
	"left_ear": [
		0.4319919943809509,
		0.27929362654685974,
		0.08558034896850586,
		0.9999560713768005
	],
	"right_ear": [
		0.4131607115268707,
		0.29231858253479004,
		-0.18190957605838776,
		0.999954104423523
	]
}