{
	"left_hip": [
		0.48085036873817444,
		1.113425612449646,
		0.1281270682811737,
		0.746129035949707
	],
	"left_knee": [
		0.4919895529747009,
		1.5524482727050781,
		0.11924197524785995,
		0.046225737780332565
	],
	"left_ankle": [
		0.4915590286254883,
		1.9748011827468872,
		0.36324459314346313,
		0.004508803598582745
	],
	"right_hip": [
		0.368774950504303,
		1.1278560161590576,
		-0.12693986296653748,
		0.6650097370147705
	],
	"right_knee": [
		0.36338749527931213,
		1.5730458498001099,
		-0.12110424041748047,
		0.12650248408317566
	],
	"right_ankle": [
		0.36782968044281006,
		2.0080161094665527,
		0.016173915937542915,
		0.018145810812711716
	],
	"left_shoulder": [
		0.47479066252708435,
		0.5196062922477722,
		0.20934569835662842,
		0.9996236562728882
	],
	"left_elbow": [
		0.6493873596191406,
		0.5286024808883667,
		0.21640002727508545,
		0.983130931854248
	],
	"left_wrist": [
		0.8039716482162476,
		0.48687008023262024,
		0.03210453316569328,
		0.990993857383728
	],
	"right_shoulder": [
		0.3256956934928894,
		0.4663289487361908,
		-0.3270505368709564,
		0.9986959099769592
	],
	"right_elbow": [
		0.28737232089042664,
		0.46789079904556274,
		-0.737420916557312,
		0.9943868517875671
	],
	"right_wrist": [
		0.45114096999168396,
		0.47539022564888,
		-0.9105385541915894,
		0.9907480478286743
	],
	"nose": [
		0.48177075386047363,
		0.3102351427078247,
		-0.17922109365463257,
		0.9999384880065918
	],
	"left_eye": [
		0.4645136892795563,
		0.26560965180397034,
		-0.13239073753356934,
		0.9999364018440247
	],
	"right_eye": [
		0.4555218815803528,
		0.2720181345939636,
		-0.19177305698394775,
		0.9999449849128723
	],
	"left_ear": [
		0.4319474697113037,
		0.2837394177913666,
		0.07711198925971985,
		0.9999637603759766
	],
	"right_ear": [
		0.41457194089889526,
		0.2989899814128876,
		-0.1822269707918167,
		0.9999622702598572
	]
}