{
	"left_hip": [
		0.49845653772354126,
		1.1656525135040283,
		0.12658756971359253,
		0.7959311604499817
	],
	"left_knee": [
		0.510225772857666,
		1.6328790187835693,
		0.13568831980228424,
		0.025315023958683014
	],
	"left_ankle": [
		0.5146049857139587,
		2.0607423782348633,
		0.38041096925735474,
		0.0021550680976361036
	],
	"right_hip": [
		0.38440972566604614,
		1.1904641389846802,
		-0.12572917342185974,
		0.7472010850906372
	],
	"right_knee": [
		0.3777690529823303,
		1.6536803245544434,
		-0.11017538607120514,
		0.14142395555973053
	],
	"right_ankle": [
		0.383247435092926,
		2.1127560138702393,
		0.01489145029336214,
		0.022339312359690666
	],
	"left_shoulder": [
		0.5029070973396301,
		0.5360672473907471,
		0.21008336544036865,
		0.9998568296432495
	],
	"left_elbow": [
		0.6675758361816406,
		0.5205754637718201,
		0.17242446541786194,
		0.995577871799469
	],
	"left_wrist": [
		0.8111544847488403,
		0.4763341248035431,
		-0.03694716840982437,
		0.99834805727005
	],
	"right_shoulder": [
		0.3365495800971985,
		0.5133997201919556,
		-0.2959356904029846,
		0.9996953010559082
	],
	"right_elbow": [
		0.24735787510871887,
		0.37222418189048767,
		-0.7273672819137573,
		0.9982258677482605
	],
	"right_wrist": [
		0.4299505650997162,
		0.4193807542324066,
		-0.8902716636657715,
		0.9953861236572266
	],
	"nose": [
		0.48129788041114807,
		0.3136482536792755,
		-0.24814149737358093,
		0.9999898672103882
	],
	"left_eye": [
		0.46561869978904724,
		0.26766929030418396,
		-0.19562694430351257,
		0.999988317489624
	],
	"right_eye": [
		0.44840869307518005,
		0.2735822796821594,
		-0.2394166886806488,
		0.9999911785125732
	],
	"left_ear": [
		0.4375823438167572,
		0.29063311219215393,
		0.047900017350912094,
		0.9999938011169434
	],
	"right_ear": [
		0.4104798436164856,
		0.3015606105327606,
		-0.1556096225976944,
		0.9999945163726807
	]
}