{
	"left_hip": [
		0.4997929036617279,
		1.1816943883895874,
		0.11792681366205215,
		0.8186377882957458
	],
	"left_knee": [
		0.5102160573005676,
		1.6523929834365845,
		0.13038702309131622,
		0.023492174223065376
	],
	"left_ankle": [
		0.511072039604187,
		2.080874443054199,
		0.4023110270500183,
		0.0019396941643208265
	],
	"right_hip": [
		0.3799475431442261,
		1.2061315774917603,
		-0.1170634999871254,
		0.7790918946266174
	],
	"right_knee": [
		0.37660425901412964,
		1.668607234954834,
		-0.09848447144031525,
		0.13343599438667297
	],
	"right_ankle": [
		0.38010990619659424,
		2.125161647796631,
		0.061889298260211945,
		0.02026948891580105
	],
	"left_shoulder": [
		0.5091521739959717,
		0.533775269985199,
		0.2018451690673828,
		0.9998652338981628
	],
	"left_elbow": [
		0.6791719198226929,
		0.5136229991912842,
		0.18254220485687256,
		0.996487021446228
	],
	"left_wrist": [
		0.8105069398880005,
		0.46058323979377747,
		0.013305683620274067,
		0.9987221360206604
	],
	"right_shoulder": [
		0.3331925868988037,
		0.5203178524971008,
		-0.309126079082489,
		0.9997557997703552
	],
	"right_elbow": [
		0.2431010901927948,
		0.37398043274879456,
		-0.8216641545295715,
		0.9986351132392883
	],
	"right_wrist": [
		0.4254356026649475,
		0.4181155562400818,
		-1.068902850151062,
		0.9955664277076721
	],
	"nose": [
		0.4819965958595276,
		0.3200783133506775,
		-0.2764264643192291,
		0.9999917149543762
	],
	"left_eye": [
		0.4665706157684326,
		0.27095356583595276,
		-0.22327017784118652,
		0.9999895691871643
	],
	"right_eye": [
		0.44776028394699097,
		0.27858975529670715,
		-0.26955491304397583,
		0.9999930262565613
	],
	"left_ear": [
		0.43852728605270386,
		0.2921060025691986,
		0.03216193988919258,
		0.9999948143959045
	],
	"right_ear": [
		0.41006574034690857,
		0.30398714542388916,
		-0.17136293649673462,
		0.9999959468841553
	]
}