{
	"left_hip": [
		0.4997596740722656,
		1.1812779903411865,
		0.1174682006239891,
		0.8244701623916626
	],
	"left_knee": [
		0.5101979970932007,
		1.6516125202178955,
		0.13072797656059265,
		0.023096613585948944
	],
	"left_ankle": [
		0.5107901096343994,
		2.080253839492798,
		0.4023292064666748,
		0.0019074416486546397
	],
	"right_hip": [
		0.3788764774799347,
		1.2056406736373901,
		-0.11659522354602814,
		0.7870169878005981
	],
	"right_knee": [
		0.3765820264816284,
		1.6679816246032715,
		-0.09855487197637558,
		0.13033539056777954
	],
	"right_ankle": [
		0.3800600469112396,
		2.1244187355041504,
		0.057090502232313156,
		0.019780531525611877
	],
	"left_shoulder": [
		0.5092887878417969,
		0.5327094197273254,
		0.2017577886581421,
		0.9998669624328613
	],
	"left_elbow": [
		0.6791399121284485,
		0.5114718079566956,
		0.18353281915187836,
		0.9966291785240173
	],
	"left_wrist": [
		0.8100093007087708,
		0.4596579074859619,
		0.011559967882931232,
		0.998778760433197
	],
	"right_shoulder": [
		0.33229056000709534,
		0.5190666913986206,
		-0.31010425090789795,
		0.9997673630714417
	],
	"right_elbow": [
		0.2433536797761917,
		0.3741590976715088,
		-0.8240412473678589,
		0.998712956905365
	],
	"right_wrist": [
		0.42508840560913086,
		0.41816097497940063,
		-1.0735876560211182,
		0.995680570602417
	],
	"nose": [
		0.48197871446609497,
		0.3209443688392639,
		-0.27966922521591187,
		0.9999918341636658
	],
	"left_eye": [
		0.466590940952301,
		0.2715585231781006,
		-0.2265314757823944,
		0.9999894499778748
	],
	"right_eye": [
		0.447763055562973,
		0.27926069498062134,
		-0.2723716199398041,
		0.9999931454658508
	],
	"left_ear": [
		0.43872809410095215,
		0.2921508252620697,
		0.031001802533864975,
		0.9999948143959045
	],
	"right_ear": [
		0.4100244641304016,
		0.3041832149028778,
		-0.17226694524288177,
		0.9999961256980896
	]
}