{
	"left_hip": [
		0.5010190606117249,
		1.1851078271865845,
		0.1141037791967392,
		0.8286982774734497
	],
	"left_knee": [
		0.5137112736701965,
		1.6627196073532104,
		0.12113980203866959,
		0.021545276045799255
	],
	"left_ankle": [
		0.5200744867324829,
		2.097093343734741,
		0.38743412494659424,
		0.0018164070788770914
	],
	"right_hip": [
		0.3781006932258606,
		1.2095392942428589,
		-0.1131909117102623,
		0.8030521869659424
	],
	"right_knee": [
		0.38125190138816833,
		1.6801292896270752,
		-0.10143226385116577,
		0.12561160326004028
	],
	"right_ankle": [
		0.3880879878997803,
		2.145583152770996,
		0.039298802614212036,
		0.018974848091602325
	],
	"left_shoulder": [
		0.5097260475158691,
		0.5310047268867493,
		0.20512768626213074,
		0.9998739957809448
	],
	"left_elbow": [
		0.6782529950141907,
		0.518040120601654,
		0.2019588053226471,
		0.9971284866333008
	],
	"left_wrist": [
		0.8109316825866699,
		0.4718905985355377,
		0.014608892612159252,
		0.9989832639694214
	],
	"right_shoulder": [
		0.3308226764202118,
		0.5164938569068909,
		-0.3002384603023529,
		0.9998249411582947
	],
	"right_elbow": [
		0.24435508251190186,
		0.37681636214256287,
		-0.7922588586807251,
		0.9990683794021606
	],
	"right_wrist": [
		0.4245663285255432,
		0.41557642817497253,
		-0.9999138116836548,
		0.9963107705116272
	],
	"nose": [
		0.4837563633918762,
		0.3240169286727905,
		-0.2685176730155945,
		0.9999930262565613
	],
	"left_eye": [
		0.4689883291721344,
		0.2742392122745514,
		-0.21837282180786133,
		0.9999901056289673
	],
	"right_eye": [
		0.4505288004875183,
		0.28229114413261414,
		-0.2641753554344177,
		0.999994158744812
	],
	"left_ear": [
		0.44001978635787964,
		0.29308781027793884,
		0.030995184555649757,
		0.9999954104423523
	],
	"right_ear": [
		0.4110327661037445,
		0.30633974075317383,
		-0.1723385751247406,
		0.9999969601631165
	]
}