{
	"left_hip": [
		0.5007807612419128,
		1.1952043771743774,
		0.12193961441516876,
		0.8078671097755432
	],
	"left_knee": [
		0.5134962797164917,
		1.6740957498550415,
		0.13625583052635193,
		0.024590354412794113
	],
	"left_ankle": [
		0.519940197467804,
		2.108186721801758,
		0.3986506462097168,
		0.002200840041041374
	],
	"right_hip": [
		0.37908196449279785,
		1.216085433959961,
		-0.12111189216375351,
		0.784455418586731
	],
	"right_knee": [
		0.3816211223602295,
		1.6902199983596802,
		-0.10888761281967163,
		0.1408238261938095
	],
	"right_ankle": [
		0.3872549533843994,
		2.1583657264709473,
		0.030059659853577614,
		0.024165049195289612
	],
	"left_shoulder": [
		0.5055448412895203,
		0.5318917036056519,
		0.2332187443971634,
		0.9998624324798584
	],
	"left_elbow": [
		0.6739816069602966,
		0.5194809436798096,
		0.25406140089035034,
		0.9968553781509399
	],
	"left_wrist": [
		0.8103817701339722,
		0.47607049345970154,
		0.09478972852230072,
		0.9989597201347351
	],
	"right_shoulder": [
		0.336386114358902,
		0.5164552330970764,
		-0.3074384331703186,
		0.999832034111023
	],
	"right_elbow": [
		0.2474677860736847,
		0.3773597180843353,
		-0.7999716997146606,
		0.9990695714950562
	],
	"right_wrist": [
		0.4199945330619812,
		0.4149326682090759,
		-1.0355740785598755,
		0.9963727593421936
	],
	"nose": [
		0.4855790138244629,
		0.3251742124557495,
		-0.23789699375629425,
		0.9999937415122986
	],
	"left_eye": [
		0.4699113368988037,
		0.27535519003868103,
		-0.18725821375846863,
		0.9999908208847046
	],
	"right_eye": [
		0.45252400636672974,
		0.28333577513694763,
		-0.23721730709075928,
		0.9999947547912598
	],
	"left_ear": [
		0.44009631872177124,
		0.29379117488861084,
		0.05862393230199814,
		0.999995768070221
	],
	"right_ear": [
		0.41262269020080566,
		0.30770450830459595,
		-0.1630304455757141,
		0.9999973177909851
	]
}