{
	"left_hip": [
		0.5007935166358948,
		1.1948195695877075,
		0.11844600737094879,
		0.7681305408477783
	],
	"left_knee": [
		0.5097264051437378,
		1.6806987524032593,
		0.11476542055606842,
		0.023607319220900536
	],
	"left_ankle": [
		0.5100851058959961,
		2.124896287918091,
		0.3693769574165344,
		0.0020167448092252016
	],
	"right_hip": [
		0.3777610957622528,
		1.2156494855880737,
		-0.11759240925312042,
		0.7439971566200256
	],
	"right_knee": [
		0.37608426809310913,
		1.6941944360733032,
		-0.1184021458029747,
		0.1305093765258789
	],
	"right_ankle": [
		0.37596791982650757,
		2.168454170227051,
		0.017054203897714615,
		0.02052745595574379
	],
	"left_shoulder": [
		0.5043562650680542,
		0.5328304171562195,
		0.22726956009864807,
		0.9998490810394287
	],
	"left_elbow": [
		0.6741244792938232,
		0.5301785469055176,
		0.21507307887077332,
		0.9963092803955078
	],
	"left_wrist": [
		0.804559588432312,
		0.5014820694923401,
		0.019600698724389076,
		0.9987977743148804
	],
	"right_shoulder": [
		0.3384607136249542,
		0.5136330127716064,
		-0.2736024558544159,
		0.9998432993888855
	],
	"right_elbow": [
		0.24879956245422363,
		0.3788268268108368,
		-0.747848391532898,
		0.9991346001625061
	],
	"right_wrist": [
		0.42122602462768555,
		0.41492512822151184,
		-0.9708769917488098,
		0.9965061545372009
	],
	"nose": [
		0.48518913984298706,
		0.3271075487136841,
		-0.2472754716873169,
		0.9999936819076538
	],
	"left_eye": [
		0.4695708155632019,
		0.2767409384250641,
		-0.19717971980571747,
		0.9999902248382568
	],
	"right_eye": [
		0.45188385248184204,
		0.28484201431274414,
		-0.2425611913204193,
		0.9999946355819702
	],
	"left_ear": [
		0.44033756852149963,
		0.29412928223609924,
		0.052125293761491776,
		0.9999954104423523
	],
	"right_ear": [
		0.41253557801246643,
		0.3089371621608734,
		-0.14496871829032898,
		0.9999974966049194
	]
}