{
	"left_hip": [
		0.5007150769233704,
		1.194744348526001,
		0.11833971738815308,
		0.7605059742927551
	],
	"left_knee": [
		0.5094410181045532,
		1.681025505065918,
		0.1114886999130249,
		0.023505283519625664
	],
	"left_ankle": [
		0.5094507336616516,
		2.126293659210205,
		0.3625186085700989,
		0.0019653241615742445
	],
	"right_hip": [
		0.377632737159729,
		1.2152748107910156,
		-0.11747623980045319,
		0.7363651394844055
	],
	"right_knee": [
		0.37567687034606934,
		1.6940568685531616,
		-0.12309658527374268,
		0.12825681269168854
	],
	"right_ankle": [
		0.37494781613349915,
		2.1698508262634277,
		0.006931727286428213,
		0.019686484709382057
	],
	"left_shoulder": [
		0.5045375823974609,
		0.5328371524810791,
		0.2270389348268509,
		0.9998487830162048
	],
	"left_elbow": [
		0.6743213534355164,
		0.5308017730712891,
		0.2072242796421051,
		0.996207594871521
	],
	"left_wrist": [
		0.8044474720954895,
		0.501530110836029,
		0.006121926940977573,
		0.9987569451332092
	],
	"right_shoulder": [
		0.3384646773338318,
		0.5136857032775879,
		-0.2717803120613098,
		0.9998437166213989
	],
	"right_elbow": [
		0.2487448751926422,
		0.3788280785083771,
		-0.7440438866615295,
		0.9991316199302673
	],
	"right_wrist": [
		0.4224984645843506,
		0.4146929979324341,
		-0.9654750823974609,
		0.9965072274208069
	],
	"nose": [
		0.48518267273902893,
		0.3271072506904602,
		-0.24717430770397186,
		0.999993622303009
	],
	"left_eye": [
		0.4695201814174652,
		0.27674785256385803,
		-0.19712230563163757,
		0.9999901652336121
	],
	"right_eye": [
		0.45177388191223145,
		0.28485050797462463,
		-0.24168579280376434,
		0.9999945759773254
	],
	"left_ear": [
		0.44031745195388794,
		0.29414793848991394,
		0.0519900843501091,
		0.9999953508377075
	],
	"right_ear": [
		0.4124855399131775,
		0.3089526295661926,
		-0.14192214608192444,
		0.9999974966049194
	]
}