{
	"left_hip": [
		0.5025330781936646,
		1.1930314302444458,
		0.11986944824457169,
		0.7058774828910828
	],
	"left_knee": [
		0.5110396146774292,
		1.676141619682312,
		0.12023486942052841,
		0.02451344206929207
	],
	"left_ankle": [
		0.5122359991073608,
		2.11785626411438,
		0.35880500078201294,
		0.001758249243721366
	],
	"right_hip": [
		0.38317978382110596,
		1.2099426984786987,
		-0.11896129697561264,
		0.6949556469917297
	],
	"right_knee": [
		0.3785656690597534,
		1.6880202293395996,
		-0.11348958313465118,
		0.1373380869626999
	],
	"right_ankle": [
		0.3765343129634857,
		2.168027877807617,
		0.007112826220691204,
		0.0188903771340847
	],
	"left_shoulder": [
		0.5045373439788818,
		0.534995973110199,
		0.23165962100028992,
		0.999834418296814
	],
	"left_elbow": [
		0.6735188961029053,
		0.536876380443573,
		0.22055239975452423,
		0.9954050779342651
	],
	"left_wrist": [
		0.8057222366333008,
		0.5084471702575684,
		0.05222853273153305,
		0.9983845949172974
	],
	"right_shoulder": [
		0.3448164165019989,
		0.5105796456336975,
		-0.25626713037490845,
		0.9998433589935303
	],
	"right_elbow": [
		0.23189905285835266,
		0.3780278265476227,
		-0.6974530220031738,
		0.9989578723907471
	],
	"right_wrist": [
		0.4190479815006256,
		0.42606911063194275,
		-0.8915849924087524,
		0.9960023164749146
	],
	"nose": [
		0.48529475927352905,
		0.3174416124820709,
		-0.22234229743480682,
		0.9999949336051941
	],
	"left_eye": [
		0.46875864267349243,
		0.2676834464073181,
		-0.17352208495140076,
		0.9999924898147583
	],
	"right_eye": [
		0.452031672000885,
		0.2753427028656006,
		-0.21515563130378723,
		0.999995768070221
	],
	"left_ear": [
		0.43931421637535095,
		0.29293277859687805,
		0.06332625448703766,
		0.9999963641166687
	],
	"right_ear": [
		0.41319578886032104,
		0.3046475648880005,
		-0.1309545338153839,
		0.9999979734420776
	]
}