{
	"left_hip": [
		0.503028929233551,
		1.1867668628692627,
		0.10929469764232635,
		0.7102922797203064
	],
	"left_knee": [
		0.5113124847412109,
		1.6681652069091797,
		0.1149088516831398,
		0.021355312317609787
	],
	"left_ankle": [
		0.5136504769325256,
		2.1059281826019287,
		0.35557466745376587,
		0.0015422679716721177
	],
	"right_hip": [
		0.3805527985095978,
		1.2089555263519287,
		-0.10832351446151733,
		0.6953088045120239
	],
	"right_knee": [
		0.3783918023109436,
		1.6828083992004395,
		-0.10010398924350739,
		0.12062662839889526
	],
	"right_ankle": [
		0.376992404460907,
		2.157590866088867,
		0.025090888142585754,
		0.015868116170167923
	],
	"left_shoulder": [
		0.5085212588310242,
		0.5308762192726135,
		0.19995523989200592,
		0.9998618364334106
	],
	"left_elbow": [
		0.6756277680397034,
		0.5284110903739929,
		0.16691091656684875,
		0.9960273504257202
	],
	"left_wrist": [
		0.8100211024284363,
		0.48556262254714966,
		-0.021483290940523148,
		0.9985837340354919
	],
	"right_shoulder": [
		0.3401900827884674,
		0.5125192999839783,
		-0.24481770396232605,
		0.9998590350151062
	],
	"right_elbow": [
		0.22881798446178436,
		0.38011229038238525,
		-0.6926149129867554,
		0.9989668726921082
	],
	"right_wrist": [
		0.4168836176395416,
		0.42727625370025635,
		-0.8993746042251587,
		0.995672881603241
	],
	"nose": [
		0.4843171238899231,
		0.3182157278060913,
		-0.25136226415634155,
		0.9999958872795105
	],
	"left_eye": [
		0.46752840280532837,
		0.2683391571044922,
		-0.20228120684623718,
		0.9999938607215881
	],
	"right_eye": [
		0.45069900155067444,
		0.2767023742198944,
		-0.2398841381072998,
		0.9999964833259583
	],
	"left_ear": [
		0.4392704963684082,
		0.2935417592525482,
		0.03921819478273392,
		0.9999970197677612
	],
	"right_ear": [
		0.4121742844581604,
		0.30589571595191956,
		-0.13009855151176453,
		0.9999983310699463
	]
}