{
	"left_hip": [
		0.5030204057693481,
		1.1825459003448486,
		0.11649836599826813,
		0.6835163831710815
	],
	"left_knee": [
		0.5109835267066956,
		1.6350265741348267,
		0.1371542066335678,
		0.021473705768585205
	],
	"left_ankle": [
		0.5197999477386475,
		2.0576932430267334,
		0.40234822034835815,
		0.0016390002565458417
	],
	"right_hip": [
		0.381541907787323,
		1.2039002180099487,
		-0.11545848846435547,
		0.6737127304077148
	],
	"right_knee": [
		0.3818766474723816,
		1.6388933658599854,
		-0.09311221539974213,
		0.1242169439792633
	],
	"right_ankle": [
		0.3817923963069916,
		2.1169862747192383,
		0.04029233008623123,
		0.016802817583084106
	],
	"left_shoulder": [
		0.5082553625106812,
		0.5304985642433167,
		0.2057248055934906,
		0.9998537302017212
	],
	"left_elbow": [
		0.6745488047599792,
		0.5287469029426575,
		0.16973455250263214,
		0.9957041144371033
	],
	"left_wrist": [
		0.810273289680481,
		0.4853839576244354,
		-0.04627225548028946,
		0.9984046816825867
	],
	"right_shoulder": [
		0.34019118547439575,
		0.5125209093093872,
		-0.2459428310394287,
		0.9998569488525391
	],
	"right_elbow": [
		0.22899234294891357,
		0.38014331459999084,
		-0.6931930780410767,
		0.9989440441131592
	],
	"right_wrist": [
		0.417225182056427,
		0.4272540807723999,
		-0.900397002696991,
		0.9954955577850342
	],
	"nose": [
		0.483892023563385,
		0.3185229003429413,
		-0.2500460743904114,
		0.9999958276748657
	],
	"left_eye": [
		0.4671390950679779,
		0.268621027469635,
		-0.20104172825813293,
		0.9999937415122986
	],
	"right_eye": [
		0.4501205086708069,
		0.27697625756263733,
		-0.23968593776226044,
		0.9999964237213135
	],
	"left_ear": [
		0.43927201628685,
		0.2935519516468048,
		0.040323104709386826,
		0.9999969005584717
	],
	"right_ear": [
		0.4119897484779358,
		0.3059057295322418,
		-0.13151338696479797,
		0.9999982714653015
	]
}