{
	"left_hip": [
		0.4935022294521332,
		1.167114019393921,
		0.15479259192943573,
		0.6248958706855774
	],
	"left_knee": [
		0.5127010941505432,
		1.5226733684539795,
		0.21220079064369202,
		0.02143179252743721
	],
	"left_ankle": [
		0.5447942018508911,
		1.9517184495925903,
		0.4500996172428131,
		0.0019332090159878135
	],
	"right_hip": [
		0.38651242852211,
		1.194930076599121,
		-0.15328219532966614,
		0.6242016553878784
	],
	"right_knee": [
		0.40276867151260376,
		1.5522452592849731,
		-0.1131424680352211,
		0.12929759919643402
	],
	"right_ankle": [
		0.4086269736289978,
		2.048819065093994,
		0.04112280160188675,
		0.019656697288155556
	],
	"left_shoulder": [
		0.503069281578064,
		0.5290290713310242,
		0.22376923263072968,
		0.9998337030410767
	],
	"left_elbow": [
		0.6748132705688477,
		0.5133004784584045,
		0.22637483477592468,
		0.9934974908828735
	],
	"left_wrist": [
		0.8169819712638855,
		0.482808917760849,
		0.023626599460840225,
		0.9966638684272766
	],
	"right_shoulder": [
		0.3323809802532196,
		0.5117448568344116,
		-0.30672499537467957,
		0.9998393058776855
	],
	"right_elbow": [
		0.21141710877418518,
		0.408494234085083,
		-0.7781088948249817,
		0.9985355138778687
	],
	"right_wrist": [
		0.4057578146457672,
		0.41846606135368347,
		-1.0209369659423828,
		0.9937713742256165
	],
	"nose": [
		0.48586028814315796,
		0.3174154460430145,
		-0.2219087779521942,
		0.999995768070221
	],
	"left_eye": [
		0.4689384400844574,
		0.26841700077056885,
		-0.17024658620357513,
		0.9999933242797852
	],
	"right_eye": [
		0.4541091024875641,
		0.2761245369911194,
		-0.22646817564964294,
		0.9999961853027344
	],
	"left_ear": [
		0.43986088037490845,
		0.29342061281204224,
		0.06301374733448029,
		0.9999966621398926
	],
	"right_ear": [
		0.41307932138442993,
		0.3054722845554352,
		-0.16968904435634613,
		0.9999980926513672
	]
}