{
	"left_hip": [
		0.4939790368080139,
		1.1664711236953735,
		0.14773961901664734,
		0.601234495639801
	],
	"left_knee": [
		0.5116167068481445,
		1.5475271940231323,
		0.20005452632904053,
		0.022087829187512398
	],
	"left_ankle": [
		0.5402323603630066,
		1.9752761125564575,
		0.4995025098323822,
		0.0020285772625356913
	],
	"right_hip": [
		0.3863273859024048,
		1.1951017379760742,
		-0.1465095430612564,
		0.5990402102470398
	],
	"right_knee": [
		0.39987531304359436,
		1.5621223449707031,
		-0.10864675045013428,
		0.12813809514045715
	],
	"right_ankle": [
		0.4035843014717102,
		2.049325942993164,
		0.08400268852710724,
		0.020803086459636688
	],
	"left_shoulder": [
		0.5041483044624329,
		0.5206857919692993,
		0.1950840950012207,
		0.9998269081115723
	],
	"left_elbow": [
		0.6814326047897339,
		0.5026074647903442,
		0.1834593117237091,
		0.9936856627464294
	],
	"left_wrist": [
		0.8245218992233276,
		0.47939181327819824,
		-0.03182344138622284,
		0.9967785477638245
	],
	"right_shoulder": [
		0.3259675204753876,
		0.5114361643791199,
		-0.3736281991004944,
		0.9998105764389038
	],
	"right_elbow": [
		0.18584296107292175,
		0.4424656927585602,
		-0.8761215209960938,
		0.9983232617378235
	],
	"right_wrist": [
		0.390621542930603,
		0.42542001605033875,
		-1.1790671348571777,
		0.9932013154029846
	],
	"nose": [
		0.4865867495536804,
		0.3091915547847748,
		-0.28814610838890076,
		0.9999924302101135
	],
	"left_eye": [
		0.46891990303993225,
		0.2619815468788147,
		-0.23396828770637512,
		0.9999871850013733
	],
	"right_eye": [
		0.45598095655441284,
		0.26900044083595276,
		-0.29561907052993774,
		0.9999930262565613
	],
	"left_ear": [
		0.43924030661582947,
		0.29203078150749207,
		0.016669614240527153,
		0.9999935626983643
	],
	"right_ear": [
		0.4138116240501404,
		0.30516913533210754,
		-0.25260210037231445,
		0.9999963045120239
	]
}