{
	"left_hip": [
		0.49724188446998596,
		1.1725256443023682,
		0.09478459507226944,
		0.5901200771331787
	],
	"left_knee": [
		0.5338500738143921,
		1.6752749681472778,
		0.08169597387313843,
		0.013799465261399746
	],
	"left_ankle": [
		0.5439974665641785,
		2.1330490112304688,
		0.36278361082077026,
		0.0006567663513123989
	],
	"right_hip": [
		0.3628641963005066,
		1.2219053506851196,
		-0.09404132515192032,
		0.5385036468505859
	],
	"right_knee": [
		0.3915061354637146,
		1.7088525295257568,
		-0.1263146847486496,
		0.035787373781204224
	],
	"right_ankle": [
		0.4017367362976074,
		2.1966347694396973,
		0.024974390864372253,
		0.005521514918655157
	],
	"left_shoulder": [
		0.49797821044921875,
		0.5097476840019226,
		0.12143455445766449,
		0.999921977519989
	],
	"left_elbow": [
		0.6857494115829468,
		0.49702221155166626,
		0.2164737731218338,
		0.9985432624816895
	],
	"left_wrist": [
		0.7840182781219482,
		0.5403568744659424,
		0.056033480912446976,
		0.9991680383682251
	],
	"right_shoulder": [
		0.2966403365135193,
		0.5459560751914978,
		-0.36315011978149414,
		0.9998776316642761
	],
	"right_elbow": [
		0.1129276305437088,
		0.603031575679779,
		-0.8141089677810669,
		0.9987029433250427
	],
	"right_wrist": [
		0.24160881340503693,
		0.4332323372364044,
		-1.1810691356658936,
		0.9971400499343872
	],
	"nose": [
		0.49443483352661133,
		0.3061027526855469,
		-0.28570184111595154,
		0.9999829530715942
	],
	"left_eye": [
		0.4786357283592224,
		0.2620723247528076,
		-0.23317284882068634,
		0.9999638795852661
	],
	"right_eye": [
		0.4692198634147644,
		0.26515549421310425,
		-0.30100637674331665,
		0.9999850988388062
	],
	"left_ear": [
		0.4430764317512512,
		0.290024071931839,
		-0.004443426616489887,
		0.9999797344207764
	],
	"right_ear": [
		0.42321139574050903,
		0.3000471591949463,
		-0.3056604564189911,
		0.9999906420707703
	]
}