{
	"left_hip": [
		0.4996406137943268,
		1.1859697103500366,
		0.09708677232265472,
		0.633275032043457
	],
	"left_knee": [
		0.5262956023216248,
		1.6992895603179932,
		0.1423054337501526,
		0.011148758232593536
	],
	"left_ankle": [
		0.5299323201179504,
		2.1704225540161133,
		0.49346527457237244,
		0.00047540548257529736
	],
	"right_hip": [
		0.3628944456577301,
		1.2269423007965088,
		-0.09603511542081833,
		0.584355354309082
	],
	"right_knee": [
		0.38285571336746216,
		1.7346125841140747,
		-0.07549598813056946,
		0.02612629160284996
	],
	"right_ankle": [
		0.39024144411087036,
		2.2317943572998047,
		0.1475820392370224,
		0.0037362214643508196
	],
	"left_shoulder": [
		0.4993802607059479,
		0.510917603969574,
		0.10450063645839691,
		0.9999264478683472
	],
	"left_elbow": [
		0.6823674440383911,
		0.5101123452186584,
		0.2595181167125702,
		0.9986752867698669
	],
	"left_wrist": [
		0.7872647047042847,
		0.5139511823654175,
		0.18153166770935059,
		0.9990938901901245
	],
	"right_shoulder": [
		0.2937801778316498,
		0.5440442562103271,
		-0.4133378863334656,
		0.9999136924743652
	],
	"right_elbow": [
		0.11132945865392685,
		0.5898005366325378,
		-0.8328730463981628,
		0.9989283680915833
	],
	"right_wrist": [
		0.245418518781662,
		0.4326460361480713,
		-1.1076587438583374,
		0.9976361989974976
	],
	"nose": [
		0.49447256326675415,
		0.31167006492614746,
		-0.33851543068885803,
		0.9999839067459106
	],
	"left_eye": [
		0.4788801670074463,
		0.26624611020088196,
		-0.2881438136100769,
		0.9999656677246094
	],
	"right_eye": [
		0.4708613455295563,
		0.2694622278213501,
		-0.3525997996330261,
		0.9999869465827942
	],
	"left_ear": [
		0.44261831045150757,
		0.2933214008808136,
		-0.0567750446498394,
		0.9999809265136719
	],
	"right_ear": [
		0.42522192001342773,
		0.30061253905296326,
		-0.3450237512588501,
		0.9999924898147583
	]
}