{
	"left_hip": [
		0.497291624546051,
		1.176327109336853,
		0.08453197777271271,
		0.6071167588233948
	],
	"left_knee": [
		0.5281239151954651,
		1.6835249662399292,
		0.10054327547550201,
		0.008873773738741875
	],
	"left_ankle": [
		0.5407049059867859,
		2.156773567199707,
		0.4055132269859314,
		0.0003466331691015512
	],
	"right_hip": [
		0.3572145104408264,
		1.2208423614501953,
		-0.08340510725975037,
		0.5442880392074585
	],
	"right_knee": [
		0.3885917663574219,
		1.7187156677246094,
		-0.10354610532522202,
		0.017194990068674088
	],
	"right_ankle": [
		0.4007181227207184,
		2.2118124961853027,
		0.06841479241847992,
		0.0023827331606298685
	],
	"left_shoulder": [
		0.49775704741477966,
		0.5075185894966125,
		0.09169059991836548,
		0.9999480247497559
	],
	"left_elbow": [
		0.6717289686203003,
		0.5190892815589905,
		0.2171211540699005,
		0.9989964962005615
	],
	"left_wrist": [
		0.7727490663528442,
		0.545620322227478,
		0.14324244856834412,
		0.9992144107818604
	],
	"right_shoulder": [
		0.29317694902420044,
		0.5376635193824768,
		-0.3833351731300354,
		0.9999256730079651
	],
	"right_elbow": [
		0.11126349121332169,
		0.5776526927947998,
		-0.8205211758613586,
		0.9988923072814941
	],
	"right_wrist": [
		0.25101199746131897,
		0.4325093924999237,
		-1.145029067993164,
		0.9972373843193054
	],
	"nose": [
		0.4928376078605652,
		0.3110722303390503,
		-0.3207295536994934,
		0.9999857544898987
	],
	"left_eye": [
		0.47667670249938965,
		0.26623690128326416,
		-0.2712150812149048,
		0.9999693036079407
	],
	"right_eye": [
		0.4693412780761719,
		0.2690536081790924,
		-0.3348468244075775,
		0.9999874234199524
	],
	"left_ear": [
		0.4406702518463135,
		0.2928965091705322,
		-0.04497184604406357,
		0.9999838471412659
	],
	"right_ear": [
		0.42521771788597107,
		0.2993668019771576,
		-0.3290991485118866,
		0.9999929070472717
	]
}