{
	"left_hip": [
		0.5138005018234253,
		1.2105094194412231,
		0.0681091919541359,
		0.5097305774688721
	],
	"left_knee": [
		0.5247988104820251,
		1.7223314046859741,
		0.037866655737161636,
		0.013670130632817745
	],
	"left_ankle": [
		0.5255410075187683,
		2.1992194652557373,
		0.33627891540527344,
		0.0008782855002209544
	],
	"right_hip": [
		0.3782183527946472,
		1.236035943031311,
		-0.06691927462816238,
		0.45870089530944824
	],
	"right_knee": [
		0.4010769724845886,
		1.7626538276672363,
		-0.10359760373830795,
		0.029556240886449814
	],
	"right_ankle": [
		0.3940660059452057,
		2.2648208141326904,
		0.022611383348703384,
		0.003562414087355137
	],
	"left_shoulder": [
		0.4938323497772217,
		0.5616916418075562,
		0.1050434485077858,
		0.9999651312828064
	],
	"left_elbow": [
		0.5819333791732788,
		0.8127143383026123,
		0.33723780512809753,
		0.9915794134140015
	],
	"left_wrist": [
		0.6879783868789673,
		0.9993524551391602,
		0.4027503430843353,
		0.9787149429321289
	],
	"right_shoulder": [
		0.3074515759944916,
		0.536592960357666,
		-0.2653887867927551,
		0.9999510049819946
	],
	"right_elbow": [
		0.1436859518289566,
		0.52447509765625,
		-0.6845421195030212,
		0.9991322159767151
	],
	"right_wrist": [
		0.3123486638069153,
		0.37070736289024353,
		-0.9642383456230164,
		0.9978751540184021
	],
	"nose": [
		0.49784618616104126,
		0.3165932893753052,
		-0.3213213086128235,
		0.9999912977218628
	],
	"left_eye": [
		0.48812079429626465,
		0.27271854877471924,
		-0.2781115174293518,
		0.999980092048645
	],
	"right_eye": [
		0.4719269275665283,
		0.2739774286746979,
		-0.3222505450248718,
		0.99998939037323
	],
	"left_ear": [
		0.46064862608909607,
		0.29582104086875916,
		-0.03586418926715851,
		0.99998939037323
	],
	"right_ear": [
		0.42023220658302307,
		0.3050585389137268,
		-0.24255874752998352,
		0.9999926686286926
	]
}