{
	"left_hip": [
		0.5145208835601807,
		1.2102935314178467,
		0.06284300237894058,
		0.4924417734146118
	],
	"left_knee": [
		0.5280494093894958,
		1.7221091985702515,
		0.03312888741493225,
		0.013109280727803707
	],
	"left_ankle": [
		0.5276357531547546,
		2.2054104804992676,
		0.3344818353652954,
		0.0008423865656368434
	],
	"right_hip": [
		0.37794196605682373,
		1.2335305213928223,
		-0.061650682240724564,
		0.45062947273254395
	],
	"right_knee": [
		0.4009702205657959,
		1.758836269378662,
		-0.1062888354063034,
		0.027915552258491516
	],
	"right_ankle": [
		0.39478155970573425,
		2.2636868953704834,
		0.025167355313897133,
		0.003306611441075802
	],
	"left_shoulder": [
		0.49333468079566956,
		0.5647184252738953,
		0.10546406358480453,
		0.9999608397483826
	],
	"left_elbow": [
		0.5745458602905273,
		0.8440955281257629,
		0.3336431384086609,
		0.9888947010040283
	],
	"left_wrist": [
		0.676613450050354,
		1.0225191116333008,
		0.4131415784358978,
		0.9607792496681213
	],
	"right_shoulder": [
		0.3093346357345581,
		0.534701943397522,
		-0.26562735438346863,
		0.9999538064002991
	],
	"right_elbow": [
		0.14548049867153168,
		0.5210451483726501,
		-0.7078992128372192,
		0.9991747736930847
	],
	"right_wrist": [
		0.31679052114486694,
		0.3661123514175415,
		-0.9910619854927063,
		0.9977369904518127
	],
	"nose": [
		0.4982008934020996,
		0.3181145191192627,
		-0.3230225443840027,
		0.9999905228614807
	],
	"left_eye": [
		0.4888867437839508,
		0.2747419476509094,
		-0.27814412117004395,
		0.9999791979789734
	],
	"right_eye": [
		0.47195905447006226,
		0.27534571290016174,
		-0.32357844710350037,
		0.9999887347221375
	],
	"left_ear": [
		0.46247076988220215,
		0.29747089743614197,
		-0.029546033591032028,
		0.9999887347221375
	],
	"right_ear": [
		0.4202776551246643,
		0.30602890253067017,
		-0.23647210001945496,
		0.9999926090240479
	]
}