{
	"left_hip": [
		0.5158590078353882,
		1.2101380825042725,
		0.06571586430072784,
		0.45489174127578735
	],
	"left_knee": [
		0.5365790128707886,
		1.7220536470413208,
		0.03020380437374115,
		0.012116417288780212
	],
	"left_ankle": [
		0.5455218553543091,
		2.2060887813568115,
		0.32254892587661743,
		0.0007799239247106016
	],
	"right_hip": [
		0.3779415488243103,
		1.2336163520812988,
		-0.06462673842906952,
		0.4192081093788147
	],
	"right_knee": [
		0.4073302149772644,
		1.7587738037109375,
		-0.13122788071632385,
		0.025717705488204956
	],
	"right_ankle": [
		0.41426506638526917,
		2.26316499710083,
		-0.0063376897014677525,
		0.0030036286916583776
	],
	"left_shoulder": [
		0.4929423928260803,
		0.5649929046630859,
		0.1112496480345726,
		0.9999570846557617
	],
	"left_elbow": [
		0.5593096017837524,
		0.8600366115570068,
		0.3314461410045624,
		0.9794958829879761
	],
	"left_wrist": [
		0.6581932306289673,
		1.0439724922180176,
		0.392433762550354,
		0.9417228698730469
	],
	"right_shoulder": [
		0.3113826513290405,
		0.5335640907287598,
		-0.2782050371170044,
		0.9999561309814453
	],
	"right_elbow": [
		0.1450166404247284,
		0.5205811262130737,
		-0.7182401418685913,
		0.9991514682769775
	],
	"right_wrist": [
		0.31591182947158813,
		0.36375692486763,
		-0.995376467704773,
		0.9975878596305847
	],
	"nose": [
		0.49844416975975037,
		0.31917160749435425,
		-0.3195570707321167,
		0.9999909400939941
	],
	"left_eye": [
		0.48925328254699707,
		0.27518969774246216,
		-0.2735621929168701,
		0.9999802708625793
	],
	"right_eye": [
		0.47196847200393677,
		0.27599644660949707,
		-0.3189876973628998,
		0.9999892115592957
	],
	"left_ear": [
		0.4628303647041321,
		0.29765114188194275,
		-0.02408449724316597,
		0.9999891519546509
	],
	"right_ear": [
		0.42037472128868103,
		0.30624935030937195,
		-0.23896315693855286,
		0.9999929666519165
	]
}