{
	"left_hip": [
		0.5220950245857239,
		1.2243037223815918,
		0.13145510852336884,
		0.282582551240921
	],
	"left_knee": [
		0.5549994707107544,
		1.718001127243042,
		0.12685814499855042,
		0.017919547855854034
	],
	"left_ankle": [
		0.5732094049453735,
		2.1821134090423584,
		0.3407822847366333,
		0.001282624900341034
	],
	"right_hip": [
		0.4194933772087097,
		1.254550814628601,
		-0.1297822892665863,
		0.29901519417762756
	],
	"right_knee": [
		0.4453648030757904,
		1.7708059549331665,
		-0.11660859733819962,
		0.04231330007314682
	],
	"right_ankle": [
		0.4510365426540375,
		2.2521591186523438,
		-0.006789627019315958,
		0.004230249673128128
	],
	"left_shoulder": [
		0.4788833260536194,
		0.5744878053665161,
		0.22142696380615234,
		0.9973661303520203
	],
	"left_elbow": [
		0.5144807696342468,
		0.8936008214950562,
		0.2784497141838074,
		0.6774505972862244
	],
	"left_wrist": [
		0.5878274440765381,
		1.0961174964904785,
		0.12796612083911896,
		0.5969822406768799
	],
	"right_shoulder": [
		0.3806406557559967,
		0.552787721157074,
		-0.3760560154914856,
		0.999731719493866
	],
	"right_elbow": [
		0.4023407995700836,
		0.8868848085403442,
		-0.4379684329032898,
		0.9646132588386536
	],
	"right_wrist": [
		0.4987632632255554,
		1.1804730892181396,
		-0.45955508947372437,
		0.9133079051971436
	],
	"nose": [
		0.5547300577163696,
		0.3431939482688904,
		-0.12740877270698547,
		0.9999098181724548
	],
	"left_eye": [
		0.5383484959602356,
		0.2975485622882843,
		-0.09931913018226624,
		0.9998630881309509
	],
	"right_eye": [
		0.5309191346168518,
		0.2984801232814789,
		-0.16867779195308685,
		0.9999260306358337
	],
	"left_ear": [
		0.49996787309646606,
		0.30808842182159424,
		0.051734089851379395,
		0.9999000430107117
	],
	"right_ear": [
		0.4843023717403412,
		0.3124065101146698,
		-0.25384587049484253,
		0.9999626278877258
	]
}