{
	"left_hip": [
		0.5267122387886047,
		1.23502779006958,
		0.1401248276233673,
		0.14868557453155518
	],
	"left_knee": [
		0.5577481389045715,
		1.7281060218811035,
		0.12984059751033783,
		0.010229022242128849
	],
	"left_ankle": [
		0.5745468735694885,
		2.1950693130493164,
		0.3601333498954773,
		0.000732087530195713
	],
	"right_hip": [
		0.41660815477371216,
		1.2598830461502075,
		-0.13833434879779816,
		0.1554693728685379
	],
	"right_knee": [
		0.4502738416194916,
		1.762018084526062,
		-0.12231932580471039,
		0.023954162374138832
	],
	"right_ankle": [
		0.4571940004825592,
		2.244222402572632,
		0.03474817052483559,
		0.002262663561850786
	],
	"left_shoulder": [
		0.4950684905052185,
		0.5977995991706848,
		0.2337382286787033,
		0.9969573020935059
	],
	"left_elbow": [
		0.5408009886741638,
		0.8953335285186768,
		0.2964332699775696,
		0.4148179292678833
	],
	"left_wrist": [
		0.6233047246932983,
		1.106516718864441,
		0.16542711853981018,
		0.44686996936798096
	],
	"right_shoulder": [
		0.38661497831344604,
		0.5498090386390686,
		-0.3939982056617737,
		0.9996103048324585
	],
	"right_elbow": [
		0.3883572220802307,
		0.8658844828605652,
		-0.45609426498413086,
		0.8647780418395996
	],
	"right_wrist": [
		0.49413543939590454,
		1.170661211013794,
		-0.48154085874557495,
		0.7284085750579834
	],
	"nose": [
		0.5600695013999939,
		0.35235804319381714,
		-0.13665001094341278,
		0.9998745918273926
	],
	"left_eye": [
		0.5460625886917114,
		0.3022975027561188,
		-0.10671031475067139,
		0.9998204708099365
	],
	"right_eye": [
		0.5358930826187134,
		0.3036864399909973,
		-0.176229327917099,
		0.9998798370361328
	],
	"left_ear": [
		0.5076082348823547,
		0.31479084491729736,
		0.054269421845674515,
		0.9998338222503662
	],
	"right_ear": [
		0.4901764988899231,
		0.31616297364234924,
		-0.2755621671676636,
		0.9999256134033203
	]
}