{
	"left_hip": [
		0.5253739356994629,
		1.2371009588241577,
		0.14356379210948944,
		0.128640815615654
	],
	"left_knee": [
		0.552960991859436,
		1.7276642322540283,
		0.1412477046251297,
		0.008916566148400307
	],
	"left_ankle": [
		0.5683432817459106,
		2.192387342453003,
		0.37783223390579224,
		0.0006487647187896073
	],
	"right_hip": [
		0.41609492897987366,
		1.2574559450149536,
		-0.1418498158454895,
		0.13324688374996185
	],
	"right_knee": [
		0.44567427039146423,
		1.7587718963623047,
		-0.12484345585107803,
		0.02130640670657158
	],
	"right_ankle": [
		0.44886112213134766,
		2.2382583618164062,
		0.02121426910161972,
		0.001970805926248431
	],
	"left_shoulder": [
		0.49615567922592163,
		0.6010328531265259,
		0.2407163679599762,
		0.9966820478439331
	],
	"left_elbow": [
		0.5405997037887573,
		0.9053437113761902,
		0.2971173822879791,
		0.3713255226612091
	],
	"left_wrist": [
		0.6201860308647156,
		1.117294192314148,
		0.14112676680088043,
		0.43178266286849976
	],
	"right_shoulder": [
		0.3888847231864929,
		0.5472556352615356,
		-0.3969109356403351,
		0.9995690584182739
	],
	"right_elbow": [
		0.38691169023513794,
		0.8628180027008057,
		-0.46160975098609924,
		0.8550052642822266
	],
	"right_wrist": [
		0.49149975180625916,
		1.1725163459777832,
		-0.49447101354599,
		0.7069528102874756
	],
	"nose": [
		0.5610065460205078,
		0.3513857126235962,
		-0.1306397169828415,
		0.9998564124107361
	],
	"left_eye": [
		0.5467824935913086,
		0.30188676714897156,
		-0.10124172270298004,
		0.9997994303703308
	],
	"right_eye": [
		0.5368789434432983,
		0.30341947078704834,
		-0.17292727530002594,
		0.9998621344566345
	],
	"left_ear": [
		0.5089399814605713,
		0.31488263607025146,
		0.054300881922245026,
		0.9998077750205994
	],
	"right_ear": [
		0.4921906590461731,
		0.31657055020332336,
		-0.2734978199005127,
		0.9999123215675354
	]
}