{
	"left_hip": [
		0.5198085904121399,
		1.235419750213623,
		0.15131185948848724,
		0.11200159788131714
	],
	"left_knee": [
		0.5468777418136597,
		1.7143625020980835,
		0.154042586684227,
		0.008222978562116623
	],
	"left_ankle": [
		0.5651803612709045,
		2.168226957321167,
		0.38557934761047363,
		0.000635543605312705
	],
	"right_hip": [
		0.41590461134910583,
		1.2507798671722412,
		-0.14968404173851013,
		0.11577768623828888
	],
	"right_knee": [
		0.44407811760902405,
		1.745525598526001,
		-0.12859278917312622,
		0.020229900255799294
	],
	"right_ankle": [
		0.4473457336425781,
		2.2194619178771973,
		0.021031364798545837,
		0.0019171389285475016
	],
	"left_shoulder": [
		0.4943022131919861,
		0.5995729565620422,
		0.25165799260139465,
		0.9959336519241333
	],
	"left_elbow": [
		0.5359257459640503,
		0.8999711871147156,
		0.29165419936180115,
		0.32463812828063965
	],
	"left_wrist": [
		0.6173059344291687,
		1.124834656715393,
		0.12246062606573105,
		0.4041340947151184
	],
	"right_shoulder": [
		0.39106470346450806,
		0.5419632792472839,
		-0.4033278822898865,
		0.9995105862617493
	],
	"right_elbow": [
		0.3935547173023224,
		0.8612218499183655,
		-0.4804888367652893,
		0.8410980105400085
	],
	"right_wrist": [
		0.49603524804115295,
		1.16231107711792,
		-0.4996604323387146,
		0.6877442598342896
	],
	"nose": [
		0.5643221139907837,
		0.3501485288143158,
		-0.1234937310218811,
		0.9998236894607544
	],
	"left_eye": [
		0.5495601296424866,
		0.3011278808116913,
		-0.09417970478534698,
		0.9997514486312866
	],
	"right_eye": [
		0.5400194525718689,
		0.3027726113796234,
		-0.16774486005306244,
		0.9998260736465454
	],
	"left_ear": [
		0.5111427307128906,
		0.31438007950782776,
		0.05890573933720589,
		0.9997491240501404
	],
	"right_ear": [
		0.4951043128967285,
		0.31587693095207214,
		-0.27305474877357483,
		0.999883770942688
	]
}