{
	"left_hip": [
		0.514882504940033,
		1.2329262495040894,
		0.1589898318052292,
		0.07922839373350143
	],
	"left_knee": [
		0.5417439341545105,
		1.6709704399108887,
		0.15575774013996124,
		0.006854240316897631
	],
	"left_ankle": [
		0.5641006231307983,
		2.1169865131378174,
		0.37301668524742126,
		0.0006565513904206455
	],
	"right_hip": [
		0.41698846220970154,
		1.2477678060531616,
		-0.15725365281105042,
		0.07910224050283432
	],
	"right_knee": [
		0.4434162676334381,
		1.6959434747695923,
		-0.1441587209701538,
		0.019542990252375603
	],
	"right_ankle": [
		0.4455219805240631,
		2.1584365367889404,
		-0.003743989858776331,
		0.002004714449867606
	],
	"left_shoulder": [
		0.4949549734592438,
		0.59836745262146,
		0.2628963887691498,
		0.9931688904762268
	],
	"left_elbow": [
		0.5352860689163208,
		0.9045608043670654,
		0.28071197867393494,
		0.2093908041715622
	],
	"left_wrist": [
		0.6146572828292847,
		1.1317601203918457,
		0.11718461662530899,
		0.3465050160884857
	],
	"right_shoulder": [
		0.39336955547332764,
		0.5395485758781433,
		-0.4128749966621399,
		0.9990103840827942
	],
	"right_elbow": [
		0.40279603004455566,
		0.8833123445510864,
		-0.503430962562561,
		0.7915112376213074
	],
	"right_wrist": [
		0.49041104316711426,
		1.1836963891983032,
		-0.5152043104171753,
		0.645357608795166
	],
	"nose": [
		0.5676815509796143,
		0.3466235399246216,
		-0.12035051733255386,
		0.9996510744094849
	],
	"left_eye": [
		0.5516665577888489,
		0.2977003753185272,
		-0.0890129804611206,
		0.9995212554931641
	],
	"right_eye": [
		0.5430978536605835,
		0.2995637059211731,
		-0.16504612565040588,
		0.9996452927589417
	],
	"left_ear": [
		0.5132827162742615,
		0.31281909346580505,
		0.06714875251054764,
		0.9994412660598755
	],
	"right_ear": [
		0.49911874532699585,
		0.3140472173690796,
		-0.2761838734149933,
		0.9997140765190125
	]
}