{
	"left_hip": [
		0.501125693321228,
		1.1543607711791992,
		0.16158649325370789,
		0.07914651185274124
	],
	"left_knee": [
		0.5534536838531494,
		1.481059193611145,
		0.10561583191156387,
		0.008752445690333843
	],
	"left_ankle": [
		0.5652469396591187,
		1.9228270053863525,
		0.2844051718711853,
		0.0011094214860349894
	],
	"right_hip": [
		0.4151185154914856,
		1.1601585149765015,
		-0.1599387377500534,
		0.07806777209043503
	],
	"right_knee": [
		0.44871339201927185,
		1.4929391145706177,
		-0.16726994514465332,
		0.03652801364660263
	],
	"right_ankle": [
		0.4709450602531433,
		1.9504151344299316,
		-0.062303971499204636,
		0.004020445514470339
	],
	"left_shoulder": [
		0.48676976561546326,
		0.5718953609466553,
		0.3151368796825409,
		0.9909963011741638
	],
	"left_elbow": [
		0.5420438051223755,
		0.8485901355743408,
		0.36761870980262756,
		0.14384061098098755
	],
	"left_wrist": [
		0.6251199841499329,
		1.004141092300415,
		0.1625828891992569,
		0.2860906422138214
	],
	"right_shoulder": [
		0.38529905676841736,
		0.5199360251426697,
		-0.36554044485092163,
		0.9985253810882568
	],
	"right_elbow": [
		0.4209207594394684,
		0.8322867155075073,
		-0.4581138491630554,
		0.8385190963745117
	],
	"right_wrist": [
		0.5762074589729309,
		1.056908130645752,
		-0.46030402183532715,
		0.725047767162323
	],
	"nose": [
		0.5443965792655945,
		0.3212817907333374,
		-0.05945166200399399,
		0.9990342855453491
	],
	"left_eye": [
		0.5291409492492676,
		0.2771540880203247,
		-0.029590388759970665,
		0.998690664768219
	],
	"right_eye": [
		0.5213253498077393,
		0.2791619598865509,
		-0.10495342314243317,
		0.9990409016609192
	],
	"left_ear": [
		0.49278920888900757,
		0.29694506525993347,
		0.11802031099796295,
		0.9984126091003418
	],
	"right_ear": [
		0.47538596391677856,
		0.30249351263046265,
		-0.2161284238100052,
		0.9991291761398315
	]
}