{
	"left_hip": [
		0.4815455377101898,
		1.1098806858062744,
		0.17271749675273895,
		0.1042979285120964
	],
	"left_knee": [
		0.5701882243156433,
		1.272627830505371,
		0.07254765927791595,
		0.01648438721895218
	],
	"left_ankle": [
		0.5716727375984192,
		1.6667085886001587,
		0.22808483242988586,
		0.002555773127824068
	],
	"right_hip": [
		0.4051487445831299,
		1.1193455457687378,
		-0.17116037011146545,
		0.10580570250749588
	],
	"right_knee": [
		0.4627726972103119,
		1.3125795125961304,
		-0.24297387897968292,
		0.06265220791101456
	],
	"right_ankle": [
		0.4749971926212311,
		1.7379179000854492,
		-0.1449568122625351,
		0.00715411314740777
	],
	"left_shoulder": [
		0.4785667061805725,
		0.556657075881958,
		0.34447023272514343,
		0.99139404296875
	],
	"left_elbow": [
		0.5243122577667236,
		0.8216066956520081,
		0.4086934030056,
		0.14422547817230225
	],
	"left_wrist": [
		0.6104104518890381,
		0.9546796679496765,
		0.18946853280067444,
		0.26480111479759216
	],
	"right_shoulder": [
		0.38485077023506165,
		0.5087050795555115,
		-0.3603789210319519,
		0.9986025094985962
	],
	"right_elbow": [
		0.4319402575492859,
		0.7949889302253723,
		-0.4595138430595398,
		0.8621889352798462
	],
	"right_wrist": [
		0.5878507494926453,
		1.0019738674163818,
		-0.448528915643692,
		0.7587288022041321
	],
	"nose": [
		0.5408373475074768,
		0.3258993923664093,
		-0.0211081113666296,
		0.9988782405853271
	],
	"left_eye": [
		0.5250779986381531,
		0.27997398376464844,
		0.009576316922903061,
		0.9984228014945984
	],
	"right_eye": [
		0.5184078216552734,
		0.28185760974884033,
		-0.06686484068632126,
		0.9987950921058655
	],
	"left_ear": [
		0.4879763126373291,
		0.2972642481327057,
		0.1531277596950531,
		0.9981374144554138
	],
	"right_ear": [
		0.4747653901576996,
		0.30207106471061707,
		-0.1866406500339508,
		0.9989079236984253
	]
}