{
	"left_hip": [
		0.4447285532951355,
		1.0542893409729004,
		0.20990951359272003,
		0.24027219414710999
	],
	"left_knee": [
		0.5574145317077637,
		0.8375668525695801,
		0.19542668759822845,
		0.048614997416734695
	],
	"left_ankle": [
		0.5418217778205872,
		1.0611326694488525,
		0.3714600205421448,
		0.02096014842391014
	],
	"right_hip": [
		0.4195932447910309,
		1.0796468257904053,
		-0.20916417241096497,
		0.24465049803256989
	],
	"right_knee": [
		0.5657194256782532,
		0.9019187092781067,
		-0.2717687487602234,
		0.2941427230834961
	],
	"right_ankle": [
		0.5363793969154358,
		1.0955666303634644,
		-0.03074076399207115,
		0.06200963258743286
	],
	"left_shoulder": [
		0.4303653836250305,
		0.5211762189865112,
		0.3678058981895447,
		0.9951539039611816
	],
	"left_elbow": [
		0.4951714873313904,
		0.7658533453941345,
		0.44143247604370117,
		0.12545539438724518
	],
	"left_wrist": [
		0.575973629951477,
		0.8798900842666626,
		0.27300646901130676,
		0.17836199700832367
	],
	"right_shoulder": [
		0.4094785153865814,
		0.504392147064209,
		-0.3728744089603424,
		0.9992008805274963
	],
	"right_elbow": [
		0.5048485994338989,
		0.7728870511054993,
		-0.40655654668807983,
		0.9403234124183655
	],
	"right_wrist": [
		0.6179617643356323,
		0.9162828326225281,
		-0.2431674301624298,
		0.8649589419364929
	],
	"nose": [
		0.5325717926025391,
		0.3470882475376129,
		-0.006088155787438154,
		0.9989908933639526
	],
	"left_eye": [
		0.5172877311706543,
		0.295070618391037,
		0.02363317459821701,
		0.9986197352409363
	],
	"right_eye": [
		0.5129909515380859,
		0.29558366537094116,
		-0.054648637771606445,
		0.9988304972648621
	],
	"left_ear": [
		0.47702986001968384,
		0.30267709493637085,
		0.1608434021472931,
		0.9985600709915161
	],
	"right_ear": [
		0.47155529260635376,
		0.30517515540122986,
		-0.1825009435415268,
		0.9991182088851929
	]
}