{
	"left_hip": [
		0.44907909631729126,
		1.0327155590057373,
		0.2023477554321289,
		0.30740809440612793
	],
	"left_knee": [
		0.5739893913269043,
		0.8131967782974243,
		0.13651713728904724,
		0.07252798229455948
	],
	"left_ankle": [
		0.5639700293540955,
		1.0121268033981323,
		0.27957913279533386,
		0.032213013619184494
	],
	"right_hip": [
		0.4169999063014984,
		1.0534906387329102,
		-0.20165041089057922,
		0.2762076258659363
	],
	"right_knee": [
		0.5595924854278564,
		0.8740173578262329,
		-0.2874370217323303,
		0.36981841921806335
	],
	"right_ankle": [
		0.541504979133606,
		1.0318523645401,
		-0.09597615897655487,
		0.08909320086240768
	],
	"left_shoulder": [
		0.435079425573349,
		0.5167766809463501,
		0.39824607968330383,
		0.9967284202575684
	],
	"left_elbow": [
		0.5184353590011597,
		0.751508891582489,
		0.48473697900772095,
		0.17913097143173218
	],
	"left_wrist": [
		0.6022543907165527,
		0.8565247058868408,
		0.31551024317741394,
		0.2120756059885025
	],
	"right_shoulder": [
		0.4117794930934906,
		0.4971100986003876,
		-0.3150019347667694,
		0.9992715120315552
	],
	"right_elbow": [
		0.5100412368774414,
		0.7308197617530823,
		-0.3763670027256012,
		0.958170473575592
	],
	"right_wrist": [
		0.6148759126663208,
		0.8701257705688477,
		-0.22632214426994324,
		0.8878470659255981
	],
	"nose": [
		0.5335761308670044,
		0.34628552198410034,
		0.037343576550483704,
		0.999158501625061
	],
	"left_eye": [
		0.5185595154762268,
		0.29420313239097595,
		0.06923075020313263,
		0.9988418817520142
	],
	"right_eye": [
		0.5131112337112427,
		0.29542607069015503,
		-0.004832713399082422,
		0.9989838600158691
	],
	"left_ear": [
		0.4781408905982971,
		0.3027782440185547,
		0.2086709439754486,
		0.9988614320755005
	],
	"right_ear": [
		0.4712544083595276,
		0.3056211471557617,
		-0.11924104392528534,
		0.9992327690124512
	]
}