{
	"left_hip": [
		0.4497530460357666,
		1.0340007543563843,
		0.20099464058876038,
		0.3168065547943115
	],
	"left_knee": [
		0.573509693145752,
		0.8159007430076599,
		0.13395407795906067,
		0.07592959702014923
	],
	"left_ankle": [
		0.5635055303573608,
		1.023725986480713,
		0.2776454985141754,
		0.033263351768255234
	],
	"right_hip": [
		0.41542911529541016,
		1.0517778396606445,
		-0.20030982792377472,
		0.28231164813041687
	],
	"right_knee": [
		0.5564190149307251,
		0.8778786659240723,
		-0.28722208738327026,
		0.37629443407058716
	],
	"right_ankle": [
		0.5385952591896057,
		1.0452582836151123,
		-0.09733115881681442,
		0.09179164469242096
	],
	"left_shoulder": [
		0.4359729290008545,
		0.5169138312339783,
		0.41857290267944336,
		0.9967631101608276
	],
	"left_elbow": [
		0.5182822942733765,
		0.7516441941261292,
		0.5003595352172852,
		0.1809312403202057
	],
	"left_wrist": [
		0.6022329926490784,
		0.8555765748023987,
		0.32700544595718384,
		0.21104000508785248
	],
	"right_shoulder": [
		0.4115981161594391,
		0.493684321641922,
		-0.2978569567203522,
		0.9992727637290955
	],
	"right_elbow": [
		0.5034235715866089,
		0.7234333157539368,
		-0.3634856641292572,
		0.9594988822937012
	],
	"right_wrist": [
		0.6121536493301392,
		0.8614488244056702,
		-0.22638094425201416,
		0.8894101977348328
	],
	"nose": [
		0.5337622165679932,
		0.3462739884853363,
		0.057926733046770096,
		0.9991664290428162
	],
	"left_eye": [
		0.5185875296592712,
		0.2941845655441284,
		0.09089869260787964,
		0.998856782913208
	],
	"right_eye": [
		0.5132538080215454,
		0.2954227924346924,
		0.016557829454541206,
		0.9989970922470093
	],
	"left_ear": [
		0.4781716763973236,
		0.3027869760990143,
		0.23163136839866638,
		0.9988793134689331
	],
	"right_ear": [
		0.47151604294776917,
		0.3056264817714691,
		-0.09720899164676666,
		0.9992412328720093
	]
}