{
	"left_hip": [
		0.4508875906467438,
		1.031600832939148,
		0.20017123222351074,
		0.3228057026863098
	],
	"left_knee": [
		0.5733808875083923,
		0.8264833688735962,
		0.13532128930091858,
		0.07715706527233124
	],
	"left_ankle": [
		0.5637592077255249,
		1.029143214225769,
		0.2792496085166931,
		0.03331349790096283
	],
	"right_hip": [
		0.41471657156944275,
		1.0448557138442993,
		-0.19948886334896088,
		0.28536298871040344
	],
	"right_knee": [
		0.5557256937026978,
		0.8845644593238831,
		-0.28708788752555847,
		0.37776461243629456
	],
	"right_ankle": [
		0.5381178259849548,
		1.0522410869598389,
		-0.11418207734823227,
		0.09289812296628952
	],
	"left_shoulder": [
		0.4385705590248108,
		0.5169315934181213,
		0.4220545291900635,
		0.9967303276062012
	],
	"left_elbow": [
		0.518492579460144,
		0.7496894001960754,
		0.5016568303108215,
		0.18141809105873108
	],
	"left_wrist": [
		0.6026101112365723,
		0.8560720086097717,
		0.3297164738178253,
		0.20946180820465088
	],
	"right_shoulder": [
		0.4107007384300232,
		0.49007976055145264,
		-0.2871929705142975,
		0.9992628693580627
	],
	"right_elbow": [
		0.4918307363986969,
		0.727766752243042,
		-0.35878509283065796,
		0.9604069590568542
	],
	"right_wrist": [
		0.6100298762321472,
		0.856378436088562,
		-0.23363009095191956,
		0.8906012177467346
	],
	"nose": [
		0.5337846875190735,
		0.346265584230423,
		0.06627671420574188,
		0.9991275668144226
	],
	"left_eye": [
		0.5186029076576233,
		0.2941720187664032,
		0.09913511574268341,
		0.9988079071044922
	],
	"right_eye": [
		0.5133964419364929,
		0.29542306065559387,
		0.02568313106894493,
		0.9989538192749023
	],
	"left_ear": [
		0.4782130718231201,
		0.3028258979320526,
		0.23867492377758026,
		0.9988356232643127
	],
	"right_ear": [
		0.47183942794799805,
		0.3056317865848541,
		-0.08616822957992554,
		0.999200165271759
	]
}