{
	"left_hip": [
		0.4680415093898773,
		1.0036473274230957,
		0.1853170096874237,
		0.36596667766571045
	],
	"left_knee": [
		0.5335897207260132,
		0.7459228038787842,
		0.2288942039012909,
		0.08723988384008408
	],
	"left_ankle": [
		0.6544482707977295,
		0.7463945746421814,
		0.42291316390037537,
		0.041639309376478195
	],
	"right_hip": [
		0.4170170724391937,
		1.0346903800964355,
		-0.18476136028766632,
		0.33731648325920105
	],
	"right_knee": [
		0.5244739651679993,
		0.8105864524841309,
		-0.238255113363266,
		0.523224413394928
	],
	"right_ankle": [
		0.6048825979232788,
		0.8202211260795593,
		-0.030649298802018166,
		0.15107415616512299
	],
	"left_shoulder": [
		0.4779736399650574,
		0.5036893486976624,
		0.27707743644714355,
		0.9978854060173035
	],
	"left_elbow": [
		0.6368250846862793,
		0.5315703749656677,
		0.30919912457466125,
		0.5119039416313171
	],
	"left_wrist": [
		0.7992278337478638,
		0.559295117855072,
		0.11701889336109161,
		0.5825526714324951
	],
	"right_shoulder": [
		0.38609954714775085,
		0.4541240930557251,
		-0.33024662733078003,
		0.9979381561279297
	],
	"right_elbow": [
		0.49941331148147583,
		0.4087243378162384,
		-0.6780798435211182,
		0.9669293165206909
	],
	"right_wrist": [
		0.6395722031593323,
		0.4339854121208191,
		-0.7144595980644226,
		0.8983309864997864
	],
	"nose": [
		0.5266013145446777,
		0.32242873311042786,
		-0.12321646511554718,
		0.9995574355125427
	],
	"left_eye": [
		0.5133682489395142,
		0.2808375358581543,
		-0.08145156502723694,
		0.9994004964828491
	],
	"right_eye": [
		0.5066910982131958,
		0.2844718098640442,
		-0.14018979668617249,
		0.9993906617164612
	],
	"left_ear": [
		0.475801557302475,
		0.29783934354782104,
		0.12067750841379166,
		0.9994825720787048
	],
	"right_ear": [
		0.46607962250709534,
		0.3010558784008026,
		-0.15103468298912048,
		0.9995131492614746
	]
}