{
	"left_hip": [
		0.4671887457370758,
		0.9944465756416321,
		0.18521317839622498,
		0.3560466170310974
	],
	"left_knee": [
		0.5312207937240601,
		0.7400586605072021,
		0.2189135104417801,
		0.08144184947013855
	],
	"left_ankle": [
		0.6491926908493042,
		0.7224684953689575,
		0.3950319290161133,
		0.04098803177475929
	],
	"right_hip": [
		0.41899991035461426,
		1.0356724262237549,
		-0.18467703461647034,
		0.3281976282596588
	],
	"right_knee": [
		0.5178284645080566,
		0.8169093728065491,
		-0.24503783881664276,
		0.5068342685699463
	],
	"right_ankle": [
		0.5887398719787598,
		0.8439513444900513,
		-0.02251841500401497,
		0.14793483912944794
	],
	"left_shoulder": [
		0.4761289656162262,
		0.4932801425457001,
		0.19345596432685852,
		0.9979122877120972
	],
	"left_elbow": [
		0.6330466866493225,
		0.48682042956352234,
		0.19199293851852417,
		0.5316962003707886
	],
	"left_wrist": [
		0.7982730269432068,
		0.5252423882484436,
		-0.02488098107278347,
		0.5933805704116821
	],
	"right_shoulder": [
		0.38645583391189575,
		0.45426705479621887,
		-0.3964855968952179,
		0.9976527094841003
	],
	"right_elbow": [
		0.49952301383018494,
		0.4037972688674927,
		-0.7129249572753906,
		0.9604341387748718
	],
	"right_wrist": [
		0.6273080110549927,
		0.4025014042854309,
		-0.7735193967819214,
		0.887340247631073
	],
	"nose": [
		0.5266352295875549,
		0.3133820593357086,
		-0.17917805910110474,
		0.9995712041854858
	],
	"left_eye": [
		0.5133417844772339,
		0.27501988410949707,
		-0.14335136115550995,
		0.9994142651557922
	],
	"right_eye": [
		0.5071463584899902,
		0.27973437309265137,
		-0.20666997134685516,
		0.9993962645530701
	],
	"left_ear": [
		0.4757104814052582,
		0.2937942445278168,
		0.03925834968686104,
		0.9994915127754211
	],
	"right_ear": [
		0.4672434329986572,
		0.29865506291389465,
		-0.25148648023605347,
		0.9995216131210327
	]
}