{
	"left_hip": [
		0.4432848393917084,
		1.0122476816177368,
		0.16336481273174286,
		0.3292959928512573
	],
	"left_knee": [
		0.4674144685268402,
		0.9502373337745667,
		0.32137611508369446,
		0.0697261169552803
	],
	"left_ankle": [
		0.45416197180747986,
		1.1462229490280151,
		0.647301197052002,
		0.038044318556785583
	],
	"right_hip": [
		0.4283023476600647,
		1.0521759986877441,
		-0.16284452378749847,
		0.28481629490852356
	],
	"right_knee": [
		0.5058749318122864,
		0.9411675930023193,
		-0.08925051987171173,
		0.42960742115974426
	],
	"right_ankle": [
		0.4315662980079651,
		1.1534450054168701,
		0.25025755167007446,
		0.12731000781059265
	],
	"left_shoulder": [
		0.4277651309967041,
		0.47110408544540405,
		0.0940491110086441,
		0.9975042343139648
	],
	"left_elbow": [
		0.5929158926010132,
		0.4264240562915802,
		0.10847892612218857,
		0.5990743041038513
	],
	"left_wrist": [
		0.7956146597862244,
		0.43907466530799866,
		-0.0636436864733696,
		0.6508133411407471
	],
	"right_shoulder": [
		0.4091225564479828,
		0.48350316286087036,
		-0.39866986870765686,
		0.992333710193634
	],
	"right_elbow": [
		0.5385413765907288,
		0.3874068856239319,
		-0.6071659326553345,
		0.9380412101745605
	],
	"right_wrist": [
		0.6168661117553711,
		0.33710697293281555,
		-0.649243175983429,
		0.8623448610305786
	],
	"nose": [
		0.521919310092926,
		0.29840168356895447,
		-0.1602180153131485,
		0.9993988871574402
	],
	"left_eye": [
		0.5082687139511108,
		0.2612053155899048,
		-0.1398305892944336,
		0.9991041421890259
	],
	"right_eye": [
		0.5066056251525879,
		0.26870056986808777,
		-0.1993597000837326,
		0.9990240335464478
	],
	"left_ear": [
		0.47289371490478516,
		0.28012993931770325,
		-0.024249795824289322,
		0.9992644190788269
	],
	"right_ear": [
		0.47054529190063477,
		0.29028546810150146,
		-0.29571008682250977,
		0.9990825653076172
	]
}