{
	"left_hip": [
		0.4659248888492584,
		1.000449538230896,
		0.14876766502857208,
		0.3407272696495056
	],
	"left_knee": [
		0.4934816360473633,
		0.8892303705215454,
		0.11273050308227539,
		0.06580527871847153
	],
	"left_ankle": [
		0.4978129267692566,
		1.1281460523605347,
		0.3037591576576233,
		0.034690868109464645
	],
	"right_hip": [
		0.4079616665840149,
		1.0379427671432495,
		-0.14797711372375488,
		0.2976926267147064
	],
	"right_knee": [
		0.42368966341018677,
		0.944696307182312,
		-0.32210904359817505,
		0.4183301329612732
	],
	"right_ankle": [
		0.4092613756656647,
		1.1775723695755005,
		-0.08623531460762024,
		0.11535800248384476
	],
	"left_shoulder": [
		0.4549798369407654,
		0.4766451418399811,
		0.13824951648712158,
		0.997812807559967
	],
	"left_elbow": [
		0.6308057308197021,
		0.4546935558319092,
		0.0967181921005249,
		0.6698513627052307
	],
	"left_wrist": [
		0.8208125233650208,
		0.40965700149536133,
		-0.13601098954677582,
		0.7150171399116516
	],
	"right_shoulder": [
		0.3774040639400482,
		0.4791434109210968,
		-0.3796062469482422,
		0.9927272200584412
	],
	"right_elbow": [
		0.42605313658714294,
		0.3816450238227844,
		-0.7169498205184937,
		0.9453315138816833
	],
	"right_wrist": [
		0.5906789898872375,
		0.3139258325099945,
		-0.8036561012268066,
		0.8785960078239441
	],
	"nose": [
		0.5122869610786438,
		0.2996593713760376,
		-0.2258269488811493,
		0.9994720220565796
	],
	"left_eye": [
		0.5031169056892395,
		0.26082056760787964,
		-0.1833973377943039,
		0.9991951584815979
	],
	"right_eye": [
		0.4992174506187439,
		0.26730677485466003,
		-0.23737123608589172,
		0.9991391897201538
	],
	"left_ear": [
		0.4676324725151062,
		0.27985066175460815,
		0.013764502480626106,
		0.999348521232605
	],
	"right_ear": [
		0.4622443616390228,
		0.2899187505245209,
		-0.2446572333574295,
		0.999203622341156
	]
}