{
	"left_hip": [
		0.46903735399246216,
		1.037207007408142,
		0.13017255067825317,
		0.4780164062976837
	],
	"left_knee": [
		0.4617094397544861,
		1.3967679738998413,
		0.10226766765117645,
		0.11279693990945816
	],
	"left_ankle": [
		0.46798175573349,
		1.7521950006484985,
		0.32271522283554077,
		0.03209396451711655
	],
	"right_hip": [
		0.3806871771812439,
		1.0492502450942993,
		-0.12938955426216125,
		0.3741416931152344
	],
	"right_knee": [
		0.3693949282169342,
		1.4047287702560425,
		-0.1337134689092636,
		0.36218276619911194
	],
	"right_ankle": [
		0.3641867935657501,
		1.7923518419265747,
		-0.025010284036397934,
		0.09673988819122314
	],
	"left_shoulder": [
		0.4843248426914215,
		0.49598947167396545,
		0.13489705324172974,
		0.9982476234436035
	],
	"left_elbow": [
		0.6510836482048035,
		0.42542317509651184,
		0.08307872712612152,
		0.8444432020187378
	],
	"left_wrist": [
		0.812767505645752,
		0.3538515865802765,
		-0.12208154052495956,
		0.8733792304992676
	],
	"right_shoulder": [
		0.3504341244697571,
		0.4758989214897156,
		-0.38652294874191284,
		0.9916070699691772
	],
	"right_elbow": [
		0.4266490042209625,
		0.30954957008361816,
		-0.7825237512588501,
		0.9697247743606567
	],
	"right_wrist": [
		0.572502851486206,
		0.25052937865257263,
		-0.8606054186820984,
		0.9306373000144958
	],
	"nose": [
		0.4910147190093994,
		0.33192938566207886,
		-0.26440316438674927,
		0.9994311928749084
	],
	"left_eye": [
		0.4866816997528076,
		0.28880295157432556,
		-0.2185734510421753,
		0.9992079734802246
	],
	"right_eye": [
		0.4764654040336609,
		0.29157039523124695,
		-0.271487295627594,
		0.9992631673812866
	],
	"left_ear": [
		0.4576355814933777,
		0.29979777336120605,
		-0.017683282494544983,
		0.9994613528251648
	],
	"right_ear": [
		0.43773287534713745,
		0.3086771070957184,
		-0.23803742229938507,
		0.9993746876716614
	]
}