{
	"left_hip": [
		0.477614164352417,
		1.0557758808135986,
		0.11105495691299438,
		0.5995475649833679
	],
	"left_knee": [
		0.4808845520019531,
		1.4706312417984009,
		0.07196597754955292,
		0.16625897586345673
	],
	"left_ankle": [
		0.47674769163131714,
		1.8464024066925049,
		0.2821696698665619,
		0.03321843594312668
	],
	"right_hip": [
		0.3687157928943634,
		1.066834807395935,
		-0.11004479229450226,
		0.4886135160923004
	],
	"right_knee": [
		0.3648263216018677,
		1.471632719039917,
		-0.16468147933483124,
		0.3795885741710663
	],
	"right_ankle": [
		0.36490899324417114,
		1.875334620475769,
		-0.0615411102771759,
		0.09662245959043503
	],
	"left_shoulder": [
		0.49742579460144043,
		0.5125884413719177,
		0.10360300540924072,
		0.9987760782241821
	],
	"left_elbow": [
		0.6652560234069824,
		0.43395641446113586,
		-0.011890316382050514,
		0.9142376780509949
	],
	"left_wrist": [
		0.8131669163703918,
		0.35221466422080994,
		-0.2311357706785202,
		0.9317907691001892
	],
	"right_shoulder": [
		0.3324086666107178,
		0.4753270447254181,
		-0.3617057204246521,
		0.9940819144248962
	],
	"right_elbow": [
		0.38639897108078003,
		0.36804237961769104,
		-0.8184793591499329,
		0.9826548099517822
	],
	"right_wrist": [
		0.5464182496070862,
		0.2599346935749054,
		-0.9362530708312988,
		0.9602574110031128
	],
	"nose": [
		0.46755990386009216,
		0.3542833924293518,
		-0.32830098271369934,
		0.9994970560073853
	],
	"left_eye": [
		0.47199884057044983,
		0.30735084414482117,
		-0.27997997403144836,
		0.9993588328361511
	],
	"right_eye": [
		0.4511110782623291,
		0.30482086539268494,
		-0.3056381046772003,
		0.9994167685508728
	],
	"left_ear": [
		0.4501732885837555,
		0.31510162353515625,
		-0.02555089257657528,
		0.9995879530906677
	],
	"right_ear": [
		0.41101354360580444,
		0.31372013688087463,
		-0.19879880547523499,
		0.9995500445365906
	]
}