{
	"left_hip": [
		0.4623531699180603,
		1.0408824682235718,
		0.10909118503332138,
		0.7250713109970093
	],
	"left_knee": [
		0.47563260793685913,
		1.4472711086273193,
		0.059848617762327194,
		0.16182610392570496
	],
	"left_ankle": [
		0.480368435382843,
		1.806647539138794,
		0.281034380197525,
		0.025113258510828018
	],
	"right_hip": [
		0.3666946291923523,
		1.0476338863372803,
		-0.10848966985940933,
		0.6342282295227051
	],
	"right_knee": [
		0.3583722710609436,
		1.4441200494766235,
		-0.12015825510025024,
		0.32935085892677307
	],
	"right_ankle": [
		0.36087051033973694,
		1.8446831703186035,
		-0.0009410309721715748,
		0.0836644396185875
	],
	"left_shoulder": [
		0.4884323477745056,
		0.5181201696395874,
		0.14277756214141846,
		0.9992198944091797
	],
	"left_elbow": [
		0.6517135500907898,
		0.45700934529304504,
		0.022165151312947273,
		0.9602909684181213
	],
	"left_wrist": [
		0.807996928691864,
		0.40772297978401184,
		-0.19720421731472015,
		0.9698394536972046
	],
	"right_shoulder": [
		0.32398703694343567,
		0.47470542788505554,
		-0.33766603469848633,
		0.9960713386535645
	],
	"right_elbow": [
		0.37154245376586914,
		0.29806363582611084,
		-0.8055381774902344,
		0.990185022354126
	],
	"right_wrist": [
		0.5126568078994751,
		0.32487237453460693,
		-1.0218126773834229,
		0.9786038994789124
	],
	"nose": [
		0.45849400758743286,
		0.32427000999450684,
		-0.2693040370941162,
		0.9996994733810425
	],
	"left_eye": [
		0.45804229378700256,
		0.2756274938583374,
		-0.21799997985363007,
		0.9996293187141418
	],
	"right_eye": [
		0.44099846482276917,
		0.2725318670272827,
		-0.2628176808357239,
		0.9996659755706787
	],
	"left_ear": [
		0.4405743181705475,
		0.2966633439064026,
		0.021248502656817436,
		0.9997712969779968
	],
	"right_ear": [
		0.4062759280204773,
		0.28824010491371155,
		-0.17897751927375793,
		0.9997445940971375
	]
}