{
	"left_hip": [
		0.471701443195343,
		1.0529130697250366,
		0.10986621677875519,
		0.7779439091682434
	],
	"left_knee": [
		0.4813254773616791,
		1.4540925025939941,
		0.1040676012635231,
		0.15393222868442535
	],
	"left_ankle": [
		0.4869793951511383,
		1.814680814743042,
		0.3586103916168213,
		0.020677581429481506
	],
	"right_hip": [
		0.36922937631607056,
		1.0658360719680786,
		-0.109214186668396,
		0.6967117786407471
	],
	"right_knee": [
		0.35863763093948364,
		1.460385799407959,
		-0.09393944591283798,
		0.28019383549690247
	],
	"right_ankle": [
		0.36421701312065125,
		1.8444546461105347,
		0.05983201786875725,
		0.07499758154153824
	],
	"left_shoulder": [
		0.4805067181587219,
		0.5134310126304626,
		0.1313808560371399,
		0.9993355870246887
	],
	"left_elbow": [
		0.6433888077735901,
		0.4892497956752777,
		0.01141023077070713,
		0.9765112400054932
	],
	"left_wrist": [
		0.8103467226028442,
		0.44326192140579224,
		-0.2188832014799118,
		0.9829551577568054
	],
	"right_shoulder": [
		0.32373160123825073,
		0.4806831479072571,
		-0.355293869972229,
		0.9965697526931763
	],
	"right_elbow": [
		0.35134896636009216,
		0.3427419662475586,
		-0.8458253741264343,
		0.9919309020042419
	],
	"right_wrist": [
		0.48457518219947815,
		0.38337862491607666,
		-1.0893144607543945,
		0.9835507273674011
	],
	"nose": [
		0.45757579803466797,
		0.31263813376426697,
		-0.28889748454093933,
		0.9997356534004211
	],
	"left_eye": [
		0.4541253447532654,
		0.26888003945350647,
		-0.23866398632526398,
		0.9996965527534485
	],
	"right_eye": [
		0.4373590350151062,
		0.2718999981880188,
		-0.2847718894481659,
		0.9997313022613525
	],
	"left_ear": [
		0.4349750876426697,
		0.28207600116729736,
		0.000804874871391803,
		0.9998279809951782
	],
	"right_ear": [
		0.40417274832725525,
		0.28637978434562683,
		-0.20857436954975128,
		0.9998045563697815
	]
}