{
	"left_hip": [
		0.4677116274833679,
		1.0582642555236816,
		0.14683613181114197,
		0.6956761479377747
	],
	"left_knee": [
		0.4732242524623871,
		1.4131579399108887,
		0.175567626953125,
		0.12461216747760773
	],
	"left_ankle": [
		0.5030303001403809,
		1.7387475967407227,
		0.4025723934173584,
		0.016468210145831108
	],
	"right_hip": [
		0.3745223879814148,
		1.0701384544372559,
		-0.1458260715007782,
		0.6314350366592407
	],
	"right_knee": [
		0.3793337643146515,
		1.3401368856430054,
		-0.13324008882045746,
		0.24396495521068573
	],
	"right_ankle": [
		0.3800073266029358,
		1.7773720026016235,
		0.04521045833826065,
		0.06197787821292877
	],
	"left_shoulder": [
		0.4622146189212799,
		0.518724262714386,
		0.22800961136817932,
		0.9991280436515808
	],
	"left_elbow": [
		0.6269503831863403,
		0.5219300389289856,
		0.19656866788864136,
		0.9687409996986389
	],
	"left_wrist": [
		0.7968030571937561,
		0.4940493702888489,
		-0.044517483562231064,
		0.9831627011299133
	],
	"right_shoulder": [
		0.3271889090538025,
		0.4726448953151703,
		-0.37846288084983826,
		0.9967186450958252
	],
	"right_elbow": [
		0.35581791400909424,
		0.4017007052898407,
		-0.7844678163528442,
		0.9902446866035461
	],
	"right_wrist": [
		0.4919109344482422,
		0.431447833776474,
		-0.963498592376709,
		0.9821813106536865
	],
	"nose": [
		0.47190675139427185,
		0.3125246465206146,
		-0.17956110835075378,
		0.9997712969779968
	],
	"left_eye": [
		0.457267701625824,
		0.26885396242141724,
		-0.13382591307163239,
		0.9997336864471436
	],
	"right_eye": [
		0.4486989974975586,
		0.27230286598205566,
		-0.19973142445087433,
		0.9997727870941162
	],
	"left_ear": [
		0.4321571886539459,
		0.2820599675178528,
		0.07733611762523651,
		0.9998483061790466
	],
	"right_ear": [
		0.4121791422367096,
		0.2870633900165558,
		-0.21896660327911377,
		0.9998369812965393
	]
}