{
	"left_hip": [
		0.47467589378356934,
		1.0614967346191406,
		0.10817785561084747,
		0.6456647515296936
	],
	"left_knee": [
		0.4871188700199127,
		1.488905429840088,
		0.09724978357553482,
		0.08162269741296768
	],
	"left_ankle": [
		0.49247947335243225,
		1.8929952383041382,
		0.3186782896518707,
		0.00985680241137743
	],
	"right_hip": [
		0.3693269193172455,
		1.0720163583755493,
		-0.10698358714580536,
		0.5758622884750366
	],
	"right_knee": [
		0.3666974902153015,
		1.5044499635696411,
		-0.11939698457717896,
		0.16994580626487732
	],
	"right_ankle": [
		0.37043634057044983,
		1.9204401969909668,
		0.005761045031249523,
		0.038919031620025635
	],
	"left_shoulder": [
		0.4772249162197113,
		0.5143864750862122,
		0.1952836513519287,
		0.9992315173149109
	],
	"left_elbow": [
		0.6493475437164307,
		0.5280330181121826,
		0.1806647777557373,
		0.9622730612754822
	],
	"left_wrist": [
		0.8156534433364868,
		0.48476800322532654,
		-0.0062347776256501675,
		0.9839515686035156
	],
	"right_shoulder": [
		0.32552653551101685,
		0.4524719715118408,
		-0.30736684799194336,
		0.9974468946456909
	],
	"right_elbow": [
		0.29538068175315857,
		0.45406100153923035,
		-0.721072793006897,
		0.9846059083938599
	],
	"right_wrist": [
		0.45775002241134644,
		0.46687552332878113,
		-0.9370401501655579,
		0.9797864556312561
	],
	"nose": [
		0.48251381516456604,
		0.3053443729877472,
		-0.17141060531139374,
		0.9998577833175659
	],
	"left_eye": [
		0.46758994460105896,
		0.2642030119895935,
		-0.1241375058889389,
		0.9998364448547363
	],
	"right_eye": [
		0.45869573950767517,
		0.2677544057369232,
		-0.1846565306186676,
		0.9998620748519897
	],
	"left_ear": [
		0.43409425020217896,
		0.28090807795524597,
		0.0934888944029808,
		0.9999064803123474
	],
	"right_ear": [
		0.4194590151309967,
		0.2882179319858551,
		-0.17004796862602234,
		0.9998988509178162
	]
}