{
	"left_hip": [
		0.47956809401512146,
		1.084834337234497,
		0.10944217443466187,
		0.6823179125785828
	],
	"left_knee": [
		0.4880874752998352,
		1.5149896144866943,
		0.16861650347709656,
		0.06978072971105576
	],
	"left_ankle": [
		0.4883717894554138,
		1.9126160144805908,
		0.4513005316257477,
		0.008236332796514034
	],
	"right_hip": [
		0.36742621660232544,
		1.0987077951431274,
		-0.10825951397418976,
		0.6103660464286804
	],
	"right_knee": [
		0.3617800772190094,
		1.5355415344238281,
		-0.0650569349527359,
		0.15041939914226532
	],
	"right_ankle": [
		0.3669462502002716,
		1.9477735757827759,
		0.1141853779554367,
		0.03317020460963249
	],
	"left_shoulder": [
		0.48789262771606445,
		0.5193604826927185,
		0.15932591259479523,
		0.9993659853935242
	],
	"left_elbow": [
		0.6525903344154358,
		0.5271679759025574,
		0.19815696775913239,
		0.969027042388916
	],
	"left_wrist": [
		0.8143013715744019,
		0.48395225405693054,
		0.06229143217206001,
		0.9869171380996704
	],
	"right_shoulder": [
		0.3260294198989868,
		0.4616953730583191,
		-0.37628448009490967,
		0.9978826642036438
	],
	"right_elbow": [
		0.2818599343299866,
		0.4488694667816162,
		-0.7946297526359558,
		0.9868150949478149
	],
	"right_wrist": [
		0.44572871923446655,
		0.4659108817577362,
		-0.9541302919387817,
		0.9818423390388489
	],
	"nose": [
		0.483036607503891,
		0.3042695224285126,
		-0.2450026571750641,
		0.9998834729194641
	],
	"left_eye": [
		0.4685351252555847,
		0.26351022720336914,
		-0.19545622169971466,
		0.9998659491539001
	],
	"right_eye": [
		0.45850977301597595,
		0.26698583364486694,
		-0.2514726519584656,
		0.999887228012085
	],
	"left_ear": [
		0.43576329946517944,
		0.28127622604370117,
		0.03137332201004028,
		0.9999235272407532
	],
	"right_ear": [
		0.4192139208316803,
		0.29056426882743835,
		-0.22914235293865204,
		0.9999174475669861
	]
}