{
	"left_hip": [
		0.4943923056125641,
		1.1433624029159546,
		0.11132027953863144,
		0.7678939700126648
	],
	"left_knee": [
		0.5052155256271362,
		1.5894540548324585,
		0.15534654259681702,
		0.032105546444654465
	],
	"left_ankle": [
		0.5067588686943054,
		1.9956551790237427,
		0.4360537528991699,
		0.0032862930092960596
	],
	"right_hip": [
		0.3775051236152649,
		1.1666734218597412,
		-0.11025185883045197,
		0.7051373720169067
	],
	"right_knee": [
		0.3729667067527771,
		1.6096853017807007,
		-0.06923350691795349,
		0.10193683207035065
	],
	"right_ankle": [
		0.3799627125263214,
		2.039217948913574,
		0.0990755558013916,
		0.017880162224173546
	],
	"left_shoulder": [
		0.49931225180625916,
		0.5305172204971313,
		0.198624849319458,
		0.9997318983078003
	],
	"left_elbow": [
		0.6589543223381042,
		0.5149965286254883,
		0.22254708409309387,
		0.9881929159164429
	],
	"left_wrist": [
		0.8096696734428406,
		0.45270293951034546,
		0.06570358574390411,
		0.9954662919044495
	],
	"right_shoulder": [
		0.3384583592414856,
		0.5006152987480164,
		-0.31319230794906616,
		0.9991881847381592
	],
	"right_elbow": [
		0.26312458515167236,
		0.3891514539718628,
		-0.7432540059089661,
		0.9941526651382446
	],
	"right_wrist": [
		0.4271946847438812,
		0.4329841732978821,
		-0.9374467730522156,
		0.9897005558013916
	],
	"nose": [
		0.48442357778549194,
		0.31222081184387207,
		-0.23273667693138123,
		0.9999609589576721
	],
	"left_eye": [
		0.47068509459495544,
		0.2686959505081177,
		-0.1816597878932953,
		0.9999547004699707
	],
	"right_eye": [
		0.45766696333885193,
		0.2736069858074188,
		-0.229514479637146,
		0.9999626874923706
	],
	"left_ear": [
		0.4397053122520447,
		0.29003214836120605,
		0.04985123127698898,
		0.9999746084213257
	],
	"right_ear": [
		0.4179728925228119,
		0.3025749623775482,
		-0.1711912304162979,
		0.9999731183052063
	]
}