{
	"left_hip": [
		0.4981732964515686,
		1.1674855947494507,
		0.1130036935210228,
		0.7756571173667908
	],
	"left_knee": [
		0.5097164511680603,
		1.6232322454452515,
		0.13998088240623474,
		0.028034720569849014
	],
	"left_ankle": [
		0.5143659114837646,
		2.038052558898926,
		0.3899212181568146,
		0.002768632024526596
	],
	"right_hip": [
		0.37969863414764404,
		1.1923640966415405,
		-0.11211365461349487,
		0.7268519997596741
	],
	"right_knee": [
		0.3778611719608307,
		1.6440013647079468,
		-0.08727452158927917,
		0.11169487237930298
	],
	"right_ankle": [
		0.3839273154735565,
		2.087394952774048,
		0.04778754711151123,
		0.01948523335158825
	],
	"left_shoulder": [
		0.5054935812950134,
		0.5341750383377075,
		0.2034769505262375,
		0.9997817873954773
	],
	"left_elbow": [
		0.666978120803833,
		0.5158631205558777,
		0.19790391623973846,
		0.9916676878929138
	],
	"left_wrist": [
		0.8084620237350464,
		0.45847856998443604,
		0.026787597686052322,
		0.9969176054000854
	],
	"right_shoulder": [
		0.3364936411380768,
		0.5146988034248352,
		-0.2934871017932892,
		0.9994419813156128
	],
	"right_elbow": [
		0.2520033121109009,
		0.3762289881706238,
		-0.7391685247421265,
		0.995998203754425
	],
	"right_wrist": [
		0.42460307478904724,
		0.41936054825782776,
		-0.9165970683097839,
		0.9914777874946594
	],
	"nose": [
		0.48349475860595703,
		0.3145765960216522,
		-0.25437963008880615,
		0.9999755620956421
	],
	"left_eye": [
		0.46976709365844727,
		0.2684294581413269,
		-0.2026306688785553,
		0.9999710917472839
	],
	"right_eye": [
		0.4531377851963043,
		0.27409827709198,
		-0.248369961977005,
		0.9999768137931824
	],
	"left_ear": [
		0.44032469391822815,
		0.2902131974697113,
		0.039592355489730835,
		0.9999839663505554
	],
	"right_ear": [
		0.41273799538612366,
		0.3025403916835785,
		-0.15517841279506683,
		0.9999836087226868
	]
}