{
	"left_hip": [
		0.5022233724594116,
		1.1741459369659424,
		0.11429016292095184,
		0.785851001739502
	],
	"left_knee": [
		0.5121538639068604,
		1.6470040082931519,
		0.126608744263649,
		0.02079814113676548
	],
	"left_ankle": [
		0.5124595761299133,
		2.0758790969848633,
		0.368865042924881,
		0.001798009849153459
	],
	"right_hip": [
		0.381454199552536,
		1.1990113258361816,
		-0.113408163189888,
		0.7640726566314697
	],
	"right_knee": [
		0.37888669967651367,
		1.6655293703079224,
		-0.10500361025333405,
		0.10672304779291153
	],
	"right_ankle": [
		0.3785470128059387,
		2.1263785362243652,
		0.027472173795104027,
		0.016221344470977783
	],
	"left_shoulder": [
		0.5064576864242554,
		0.5336498022079468,
		0.21374554932117462,
		0.9998626708984375
	],
	"left_elbow": [
		0.6754884719848633,
		0.5181196331977844,
		0.1743568331003189,
		0.996350109577179
	],
	"left_wrist": [
		0.8101378679275513,
		0.4667726159095764,
		-0.009153718128800392,
		0.9986928701400757
	],
	"right_shoulder": [
		0.3330325782299042,
		0.5103629231452942,
		-0.2552010715007782,
		0.9998190999031067
	],
	"right_elbow": [
		0.23844802379608154,
		0.37456345558166504,
		-0.69098961353302,
		0.9987052083015442
	],
	"right_wrist": [
		0.4166337847709656,
		0.4121631681919098,
		-0.8621881604194641,
		0.9953538179397583
	],
	"nose": [
		0.48081183433532715,
		0.32292911410331726,
		-0.263963520526886,
		0.9999931454658508
	],
	"left_eye": [
		0.467639297246933,
		0.2709991931915283,
		-0.21476097404956818,
		0.9999906420707703
	],
	"right_eye": [
		0.4485899806022644,
		0.2789055109024048,
		-0.2530190646648407,
		0.9999939799308777
	],
	"left_ear": [
		0.43883466720581055,
		0.2913086414337158,
		0.033443134278059006,
		0.9999951720237732
	],
	"right_ear": [
		0.40828147530555725,
		0.3036453425884247,
		-0.14378613233566284,
		0.9999964237213135
	]
}