{
	"left_hip": [
		0.49844902753829956,
		1.1631358861923218,
		0.12759065628051758,
		0.6968736052513123
	],
	"left_knee": [
		0.5074208974838257,
		1.5845767259597778,
		0.12756213545799255,
		0.020700672641396523
	],
	"left_ankle": [
		0.5209472179412842,
		1.9858191013336182,
		0.37667399644851685,
		0.0018856701208278537
	],
	"right_hip": [
		0.38127556443214417,
		1.1896723508834839,
		-0.12662647664546967,
		0.6792964935302734
	],
	"right_knee": [
		0.37915652990341187,
		1.5909391641616821,
		-0.11808715015649796,
		0.11075206845998764
	],
	"right_ankle": [
		0.3782406449317932,
		2.0526654720306396,
		0.006619208957999945,
		0.01912505365908146
	],
	"left_shoulder": [
		0.5061388611793518,
		0.5321553349494934,
		0.211688831448555,
		0.9998471140861511
	],
	"left_elbow": [
		0.6731131672859192,
		0.5124396085739136,
		0.1834990680217743,
		0.9964738488197327
	],
	"left_wrist": [
		0.8104637265205383,
		0.4618915319442749,
		-0.006313342601060867,
		0.9985470175743103
	],
	"right_shoulder": [
		0.332093745470047,
		0.5100061297416687,
		-0.31390106678009033,
		0.9998204112052917
	],
	"right_elbow": [
		0.23120304942131042,
		0.3793482780456543,
		-0.7884092926979065,
		0.9987139701843262
	],
	"right_wrist": [
		0.4178137183189392,
		0.4091879725456238,
		-0.9900611639022827,
		0.9945027828216553
	],
	"nose": [
		0.4811314642429352,
		0.3191228210926056,
		-0.2624289393424988,
		0.9999932050704956
	],
	"left_eye": [
		0.46776217222213745,
		0.27161863446235657,
		-0.2095910757780075,
		0.9999898076057434
	],
	"right_eye": [
		0.449164479970932,
		0.27888455986976624,
		-0.255100280046463,
		0.9999940395355225
	],
	"left_ear": [
		0.438900887966156,
		0.2934015393257141,
		0.03953547030687332,
		0.9999947547912598
	],
	"right_ear": [
		0.4091005325317383,
		0.30433088541030884,
		-0.17392227053642273,
		0.9999967217445374
	]
}