{
	"left_hip": [
		0.5013397336006165,
		1.2144911289215088,
		0.11745941638946533,
		0.44855207204818726
	],
	"left_knee": [
		0.5347152948379517,
		1.7154901027679443,
		0.11431717872619629,
		0.019584335386753082
	],
	"left_ankle": [
		0.5473312139511108,
		2.1600263118743896,
		0.42891067266464233,
		0.0013878722675144672
	],
	"right_hip": [
		0.37140440940856934,
		1.2496840953826904,
		-0.11645674705505371,
		0.4335310161113739
	],
	"right_knee": [
		0.40418490767478943,
		1.7515411376953125,
		-0.11335356533527374,
		0.07285674661397934
	],
	"right_ankle": [
		0.4059116840362549,
		2.237863302230835,
		0.07173003256320953,
		0.012871470302343369
	],
	"left_shoulder": [
		0.5086825489997864,
		0.510839581489563,
		0.19245019555091858,
		0.9997668862342834
	],
	"left_elbow": [
		0.6909978985786438,
		0.4906236529350281,
		0.3095768690109253,
		0.9961044192314148
	],
	"left_wrist": [
		0.8217035531997681,
		0.5083808302879333,
		0.2070249766111374,
		0.9984487295150757
	],
	"right_shoulder": [
		0.3004376292228699,
		0.5545628070831299,
		-0.35643571615219116,
		0.9997530579566956
	],
	"right_elbow": [
		0.11192406713962555,
		0.6305697560310364,
		-0.7607342600822449,
		0.9972792863845825
	],
	"right_wrist": [
		0.27298504114151,
		0.4463219940662384,
		-1.0344970226287842,
		0.9933973550796509
	],
	"nose": [
		0.5003412961959839,
		0.29985901713371277,
		-0.2407647669315338,
		0.9999892711639404
	],
	"left_eye": [
		0.48438936471939087,
		0.2564120292663574,
		-0.1879252940416336,
		0.9999758005142212
	],
	"right_eye": [
		0.47462907433509827,
		0.2602142095565796,
		-0.2547972798347473,
		0.9999900460243225
	],
	"left_ear": [
		0.4491792619228363,
		0.2858373522758484,
		0.028420183807611465,
		0.9999849200248718
	],
	"right_ear": [
		0.42496442794799805,
		0.30131131410598755,
		-0.26100701093673706,
		0.9999943375587463
	]
}