{
	"left_hip": [
		0.5010975003242493,
		1.1943678855895996,
		0.11804888397455215,
		0.5042924284934998
	],
	"left_knee": [
		0.5429436564445496,
		1.694952130317688,
		0.11310897767543793,
		0.014806273393332958
	],
	"left_ankle": [
		0.5550681948661804,
		2.1446993350982666,
		0.4400833547115326,
		0.0007231293711811304
	],
	"right_hip": [
		0.36648234724998474,
		1.2388073205947876,
		-0.11717043071985245,
		0.4735223650932312
	],
	"right_knee": [
		0.4018397927284241,
		1.7317779064178467,
		-0.13224083185195923,
		0.04249849542975426
	],
	"right_ankle": [
		0.4109218120574951,
		2.216036081314087,
		0.07273153960704803,
		0.0066582150757312775
	],
	"left_shoulder": [
		0.5089550018310547,
		0.5104135274887085,
		0.15477831661701202,
		0.9998480677604675
	],
	"left_elbow": [
		0.684264600276947,
		0.49958232045173645,
		0.25493648648262024,
		0.9978964328765869
	],
	"left_wrist": [
		0.7957726716995239,
		0.5158795714378357,
		0.11767578125,
		0.9990804195404053
	],
	"right_shoulder": [
		0.29424306750297546,
		0.5476153492927551,
		-0.41343778371810913,
		0.999853253364563
	],
	"right_elbow": [
		0.11148810386657715,
		0.6205694079399109,
		-0.879864513874054,
		0.9985838532447815
	],
	"right_wrist": [
		0.260821133852005,
		0.4316529333591461,
		-1.2522720098495483,
		0.9968529939651489
	],
	"nose": [
		0.49682745337486267,
		0.3011733293533325,
		-0.31289637088775635,
		0.9999846816062927
	],
	"left_eye": [
		0.4821992516517639,
		0.2586849629878998,
		-0.25777819752693176,
		0.9999623894691467
	],
	"right_eye": [
		0.4721505641937256,
		0.26044607162475586,
		-0.3291146159172058,
		0.9999868869781494
	],
	"left_ear": [
		0.4482421875,
		0.28511935472488403,
		-0.0136558311060071,
		0.9999770522117615
	],
	"right_ear": [
		0.4234134554862976,
		0.2970335781574249,
		-0.33019131422042847,
		0.9999926090240479
	]
}