{
	"left_hip": [
		0.4998117983341217,
		1.1878252029418945,
		0.09413126856088638,
		0.6129820346832275
	],
	"left_knee": [
		0.5279608964920044,
		1.689079761505127,
		0.09059925377368927,
		0.012934954836964607
	],
	"left_ankle": [
		0.5324830412864685,
		2.157146692276001,
		0.38257312774658203,
		0.0005639299051836133
	],
	"right_hip": [
		0.3612918257713318,
		1.2322026491165161,
		-0.09302637726068497,
		0.5786883234977722
	],
	"right_knee": [
		0.3840251863002777,
		1.7262850999832153,
		-0.10945694148540497,
		0.02930385246872902
	],
	"right_ankle": [
		0.3927266299724579,
		2.213304281234741,
		0.04769158735871315,
		0.004435176961123943
	],
	"left_shoulder": [
		0.5076410174369812,
		0.5089759230613708,
		0.10412497818470001,
		0.9998921751976013
	],
	"left_elbow": [
		0.6809268593788147,
		0.5120354294776917,
		0.24613769352436066,
		0.9987428188323975
	],
	"left_wrist": [
		0.776763916015625,
		0.5547174215316772,
		0.14845189452171326,
		0.9991419315338135
	],
	"right_shoulder": [
		0.29250556230545044,
		0.5421350002288818,
		-0.3818066418170929,
		0.999905526638031
	],
	"right_elbow": [
		0.11291798204183578,
		0.6158879399299622,
		-0.8193345069885254,
		0.9992843270301819
	],
	"right_wrist": [
		0.25763458013534546,
		0.42901676893234253,
		-1.163817286491394,
		0.9982253909111023
	],
	"nose": [
		0.4951513707637787,
		0.3016464412212372,
		-0.3207284212112427,
		0.9999709129333496
	],
	"left_eye": [
		0.4809076189994812,
		0.2586187422275543,
		-0.27050116658210754,
		0.9999257922172546
	],
	"right_eye": [
		0.4697757661342621,
		0.2603055238723755,
		-0.3344549536705017,
		0.9999765753746033
	],
	"left_ear": [
		0.4480102062225342,
		0.28476229310035706,
		-0.04391925036907196,
		0.999955952167511
	],
	"right_ear": [
		0.4223404824733734,
		0.29470235109329224,
		-0.3250354826450348,
		0.999986469745636
	]
}