{
	"left_hip": [
		0.4925374388694763,
		1.1728510856628418,
		0.08312878012657166,
		0.547819197177887
	],
	"left_knee": [
		0.5214710831642151,
		1.674613356590271,
		0.08424882590770721,
		0.007867854088544846
	],
	"left_ankle": [
		0.5306706428527832,
		2.14638352394104,
		0.39109256863594055,
		0.0003120123583357781
	],
	"right_hip": [
		0.35310301184654236,
		1.2180981636047363,
		-0.08188405632972717,
		0.5042935013771057
	],
	"right_knee": [
		0.38092219829559326,
		1.7133941650390625,
		-0.11109401285648346,
		0.016323119401931763
	],
	"right_ankle": [
		0.38926932215690613,
		2.202629804611206,
		0.06051170825958252,
		0.0021983918268233538
	],
	"left_shoulder": [
		0.5022863149642944,
		0.5086179375648499,
		0.10603227466344833,
		0.9999261498451233
	],
	"left_elbow": [
		0.6661550402641296,
		0.5352442264556885,
		0.22564566135406494,
		0.9987917542457581
	],
	"left_wrist": [
		0.7619141340255737,
		0.556628406047821,
		0.10583815723657608,
		0.9991401433944702
	],
	"right_shoulder": [
		0.2919861376285553,
		0.5415517687797546,
		-0.35499411821365356,
		0.9999330043792725
	],
	"right_elbow": [
		0.11290325969457626,
		0.6110413670539856,
		-0.7742458581924438,
		0.9993536472320557
	],
	"right_wrist": [
		0.2546771466732025,
		0.43102017045021057,
		-1.0933163166046143,
		0.9984694123268127
	],
	"nose": [
		0.49424704909324646,
		0.30451035499572754,
		-0.30426767468452454,
		0.9999817609786987
	],
	"left_eye": [
		0.4796473979949951,
		0.2604876458644867,
		-0.25479844212532043,
		0.9999537467956543
	],
	"right_eye": [
		0.4688355028629303,
		0.26277896761894226,
		-0.3135164678096771,
		0.9999844431877136
	],
	"left_ear": [
		0.44543296098709106,
		0.28610172867774963,
		-0.032131046056747437,
		0.9999726414680481
	],
	"right_ear": [
		0.42124634981155396,
		0.29577943682670593,
		-0.2997385859489441,
		0.9999914169311523
	]
}