{
	"left_hip": [
		0.49831023812294006,
		1.170555830001831,
		0.08772217482328415,
		0.6193957328796387
	],
	"left_knee": [
		0.5265908241271973,
		1.6661936044692993,
		0.07605703175067902,
		0.009486868046224117
	],
	"left_ankle": [
		0.535036563873291,
		2.1271586418151855,
		0.3640161454677582,
		0.0003549669636413455
	],
	"right_hip": [
		0.36153644323349,
		1.2150429487228394,
		-0.0867670476436615,
		0.5830408930778503
	],
	"right_knee": [
		0.3825852870941162,
		1.7046642303466797,
		-0.12444467842578888,
		0.017273975536227226
	],
	"right_ankle": [
		0.39314574003219604,
		2.1881537437438965,
		0.03439473360776901,
		0.0022203384432941675
	],
	"left_shoulder": [
		0.5034825205802917,
		0.5076773762702942,
		0.0926775336265564,
		0.9999232292175293
	],
	"left_elbow": [
		0.6826561093330383,
		0.5183874368667603,
		0.1862480640411377,
		0.9989114999771118
	],
	"left_wrist": [
		0.7847689390182495,
		0.5636021494865417,
		0.040894217789173126,
		0.9990568161010742
	],
	"right_shoulder": [
		0.29094091057777405,
		0.5378611087799072,
		-0.3764670789241791,
		0.9999319314956665
	],
	"right_elbow": [
		0.11366013437509537,
		0.6057778000831604,
		-0.8446274995803833,
		0.9994277358055115
	],
	"right_wrist": [
		0.262791246175766,
		0.42764604091644287,
		-1.2281215190887451,
		0.9985653758049011
	],
	"nose": [
		0.4913521409034729,
		0.3126588761806488,
		-0.3296264410018921,
		0.9999693632125854
	],
	"left_eye": [
		0.4785013794898987,
		0.26703324913978577,
		-0.27762630581855774,
		0.9999263882637024
	],
	"right_eye": [
		0.4671877920627594,
		0.26835888624191284,
		-0.34112098813056946,
		0.999975323677063
	],
	"left_ear": [
		0.4451943337917328,
		0.28924986720085144,
		-0.03716324642300606,
		0.9999576807022095
	],
	"right_ear": [
		0.42108744382858276,
		0.29737743735313416,
		-0.32139861583709717,
		0.9999862313270569
	]
}