{
	"left_hip": [
		0.4941937029361725,
		1.1834825277328491,
		0.1143915206193924,
		0.6228861212730408
	],
	"left_knee": [
		0.5308376550674438,
		1.6849992275238037,
		0.1381707489490509,
		0.009692368097603321
	],
	"left_ankle": [
		0.5389689207077026,
		2.140439510345459,
		0.4586780071258545,
		0.00033558791619725525
	],
	"right_hip": [
		0.36210447549819946,
		1.2266637086868286,
		-0.11361696571111679,
		0.553485631942749
	],
	"right_knee": [
		0.3878863453865051,
		1.7246873378753662,
		-0.12133220583200455,
		0.018792150542140007
	],
	"right_ankle": [
		0.39699214696884155,
		2.213451862335205,
		0.06805019080638885,
		0.0022658193483948708
	],
	"left_shoulder": [
		0.5001370310783386,
		0.5160107612609863,
		0.16300080716609955,
		0.9999457001686096
	],
	"left_elbow": [
		0.6725366711616516,
		0.5706055164337158,
		0.31305164098739624,
		0.9991855025291443
	],
	"left_wrist": [
		0.8076590299606323,
		0.6277340054512024,
		0.18849146366119385,
		0.9993408918380737
	],
	"right_shoulder": [
		0.2952152192592621,
		0.5385722517967224,
		-0.40150609612464905,
		0.9999151229858398
	],
	"right_elbow": [
		0.11554349958896637,
		0.5917771458625793,
		-0.8707020878791809,
		0.9991308450698853
	],
	"right_wrist": [
		0.26891615986824036,
		0.42510780692100525,
		-1.2678592205047607,
		0.9985360503196716
	],
	"nose": [
		0.49236783385276794,
		0.30697184801101685,
		-0.27031800150871277,
		0.9999749660491943
	],
	"left_eye": [
		0.478566974401474,
		0.26159361004829407,
		-0.21737892925739288,
		0.9999409914016724
	],
	"right_eye": [
		0.4682307839393616,
		0.2650747299194336,
		-0.29102861881256104,
		0.999977707862854
	],
	"left_ear": [
		0.44440287351608276,
		0.286459743976593,
		0.01327110081911087,
		0.9999665021896362
	],
	"right_ear": [
		0.4227023720741272,
		0.2962227165699005,
		-0.3044256567955017,
		0.9999860525131226
	]
}