{
	"left_hip": [
		0.4939616322517395,
		1.1832162141799927,
		0.117953822016716,
		0.6213569045066833
	],
	"left_knee": [
		0.5307939052581787,
		1.6849263906478882,
		0.12891079485416412,
		0.010438847355544567
	],
	"left_ankle": [
		0.5389531254768372,
		2.1410071849823,
		0.4406420588493347,
		0.00036358757643029094
	],
	"right_hip": [
		0.36208072304725647,
		1.2241820096969604,
		-0.11708524078130722,
		0.5478876829147339
	],
	"right_knee": [
		0.38862282037734985,
		1.7244185209274292,
		-0.14031556248664856,
		0.021169336512684822
	],
	"right_ankle": [
		0.39697474241256714,
		2.214301347732544,
		0.018373457714915276,
		0.0024798617232590914
	],
	"left_shoulder": [
		0.5001600980758667,
		0.5161819458007812,
		0.16905567049980164,
		0.9999492168426514
	],
	"left_elbow": [
		0.6699758172035217,
		0.5858783721923828,
		0.314003050327301,
		0.9992082118988037
	],
	"left_wrist": [
		0.8065759539604187,
		0.6470538377761841,
		0.17584997415542603,
		0.9993782043457031
	],
	"right_shoulder": [
		0.2951050400733948,
		0.5366639494895935,
		-0.39982134103775024,
		0.9999176859855652
	],
	"right_elbow": [
		0.11594970524311066,
		0.5904503464698792,
		-0.8651822805404663,
		0.9991364479064941
	],
	"right_wrist": [
		0.26804912090301514,
		0.42520201206207275,
		-1.255603313446045,
		0.9985969066619873
	],
	"nose": [
		0.4939160943031311,
		0.30370309948921204,
		-0.2691163122653961,
		0.999976396560669
	],
	"left_eye": [
		0.4793976843357086,
		0.25879886746406555,
		-0.21619054675102234,
		0.9999444484710693
	],
	"right_eye": [
		0.4695296287536621,
		0.2623155415058136,
		-0.28949490189552307,
		0.9999788403511047
	],
	"left_ear": [
		0.4449004530906677,
		0.2851702868938446,
		0.0157079566270113,
		0.999968409538269
	],
	"right_ear": [
		0.4232926368713379,
		0.2954076826572418,
		-0.3053585886955261,
		0.9999865889549255
	]
}