{
	"left_hip": [
		0.529674232006073,
		1.2227662801742554,
		0.09101100265979767,
		0.37147849798202515
	],
	"left_knee": [
		0.5617896914482117,
		1.722022533416748,
		0.0625501498579979,
		0.007172437850385904
	],
	"left_ankle": [
		0.5726979374885559,
		2.2025299072265625,
		0.3434823155403137,
		0.00032203298178501427
	],
	"right_hip": [
		0.40585431456565857,
		1.2559967041015625,
		-0.09003107994794846,
		0.3804381489753723
	],
	"right_knee": [
		0.43296757340431213,
		1.7741142511367798,
		-0.11592874675989151,
		0.018371431156992912
	],
	"right_ankle": [
		0.4416012763977051,
		2.2613959312438965,
		0.017192058265209198,
		0.0012107474030926824
	],
	"left_shoulder": [
		0.4800242781639099,
		0.5345608592033386,
		0.18491210043430328,
		0.9992364645004272
	],
	"left_elbow": [
		0.524260938167572,
		0.7724701762199402,
		0.5252208709716797,
		0.8439543843269348
	],
	"left_wrist": [
		0.5335182547569275,
		0.7297599911689758,
		0.7712715268135071,
		0.73368239402771
	],
	"right_shoulder": [
		0.33158430457115173,
		0.5332844257354736,
		-0.2761901021003723,
		0.9998998045921326
	],
	"right_elbow": [
		0.16587001085281372,
		0.5494385361671448,
		-0.7047806978225708,
		0.9986500144004822
	],
	"right_wrist": [
		0.3196609914302826,
		0.37781551480293274,
		-0.967182993888855,
		0.9966248869895935
	],
	"nose": [
		0.5117452144622803,
		0.30402350425720215,
		-0.15159884095191956,
		0.9998865723609924
	],
	"left_eye": [
		0.49435776472091675,
		0.2594495117664337,
		-0.1205311194062233,
		0.9998297095298767
	],
	"right_eye": [
		0.48641934990882874,
		0.2639100253582001,
		-0.18281269073486328,
		0.9999224543571472
	],
	"left_ear": [
		0.46274250745773315,
		0.28217196464538574,
		0.05502297729253769,
		0.9999158382415771
	],
	"right_ear": [
		0.4410427510738373,
		0.29535380005836487,
		-0.22392074763774872,
		0.9999639391899109
	]
}