{
	"left_hip": [
		0.5153981447219849,
		1.2096186876296997,
		0.13975517451763153,
		0.39069557189941406
	],
	"left_knee": [
		0.540489673614502,
		1.6878631114959717,
		0.14830578863620758,
		0.013917716220021248
	],
	"left_ankle": [
		0.5552726984024048,
		2.141200065612793,
		0.37333616614341736,
		0.000669941189698875
	],
	"right_hip": [
		0.41409069299697876,
		1.2284245491027832,
		-0.13807398080825806,
		0.4057008922100067
	],
	"right_knee": [
		0.42765769362449646,
		1.7310138940811157,
		-0.11735160648822784,
		0.0326964370906353
	],
	"right_ankle": [
		0.42724165320396423,
		2.1847293376922607,
		0.02323758788406849,
		0.0011599609861150384
	],
	"left_shoulder": [
		0.47306889295578003,
		0.5643016695976257,
		0.25140267610549927,
		0.9984607696533203
	],
	"left_elbow": [
		0.5219592452049255,
		0.8774167895317078,
		0.32490766048431396,
		0.5712432265281677
	],
	"left_wrist": [
		0.6175528764724731,
		1.0604526996612549,
		0.19856397807598114,
		0.5081786513328552
	],
	"right_shoulder": [
		0.38220667839050293,
		0.5464734435081482,
		-0.3897860050201416,
		0.9996657371520996
	],
	"right_elbow": [
		0.40930548310279846,
		0.8906738758087158,
		-0.4632750451564789,
		0.9721878170967102
	],
	"right_wrist": [
		0.5123535394668579,
		1.1554116010665894,
		-0.47193098068237305,
		0.9496021270751953
	],
	"nose": [
		0.5445635914802551,
		0.33985042572021484,
		-0.11517906188964844,
		0.9998496174812317
	],
	"left_eye": [
		0.529011070728302,
		0.2953699827194214,
		-0.08568993210792542,
		0.9998117685317993
	],
	"right_eye": [
		0.5204814672470093,
		0.2960283160209656,
		-0.1613592952489853,
		0.9998858571052551
	],
	"left_ear": [
		0.4914625287055969,
		0.30555644631385803,
		0.07713857293128967,
		0.999853253364563
	],
	"right_ear": [
		0.4745114743709564,
		0.3078767955303192,
		-0.25002652406692505,
		0.9999244213104248
	]
}