{
	"left_hip": [
		0.5162731409072876,
		1.224143147468567,
		0.13599033653736115,
		0.2831284701824188
	],
	"left_knee": [
		0.5462279915809631,
		1.7055580615997314,
		0.12311749160289764,
		0.010960489511489868
	],
	"left_ankle": [
		0.5594455003738403,
		2.163468837738037,
		0.3201470673084259,
		0.000590114330407232
	],
	"right_hip": [
		0.4148465692996979,
		1.2476627826690674,
		-0.13422566652297974,
		0.2891331613063812
	],
	"right_knee": [
		0.43534475564956665,
		1.738971471786499,
		-0.11639243364334106,
		0.026091553270816803
	],
	"right_ankle": [
		0.43625545501708984,
		2.209404706954956,
		0.00531721580773592,
		0.001071082311682403
	],
	"left_shoulder": [
		0.48036709427833557,
		0.580162525177002,
		0.24428661167621613,
		0.9980763792991638
	],
	"left_elbow": [
		0.5304494500160217,
		0.8816103339195251,
		0.2960006296634674,
		0.4843181371688843
	],
	"left_wrist": [
		0.6205942034721375,
		1.0932304859161377,
		0.14895962178707123,
		0.5015383362770081
	],
	"right_shoulder": [
		0.38522449135780334,
		0.5523824691772461,
		-0.38892871141433716,
		0.9995955228805542
	],
	"right_elbow": [
		0.4048076570034027,
		0.8929609656333923,
		-0.45998281240463257,
		0.929664134979248
	],
	"right_wrist": [
		0.5246108770370483,
		1.159283995628357,
		-0.47173991799354553,
		0.8523253202438354
	],
	"nose": [
		0.5475691556930542,
		0.3508418798446655,
		-0.11494755744934082,
		0.9998482465744019
	],
	"left_eye": [
		0.5349668264389038,
		0.30101335048675537,
		-0.08592499792575836,
		0.9998075366020203
	],
	"right_eye": [
		0.5260564088821411,
		0.3017238974571228,
		-0.15823142230510712,
		0.9998739957809448
	],
	"left_ear": [
		0.4972807466983795,
		0.3107646703720093,
		0.05147339031100273,
		0.9998267889022827
	],
	"right_ear": [
		0.4809795022010803,
		0.31281179189682007,
		-0.2558986246585846,
		0.9999125599861145
	]
}