{
	"left_hip": [
		0.5128544569015503,
		1.221508502960205,
		0.14400610327720642,
		0.23099341988563538
	],
	"left_knee": [
		0.5456148386001587,
		1.7013030052185059,
		0.14561912417411804,
		0.00953313522040844
	],
	"left_ankle": [
		0.5634002685546875,
		2.145653486251831,
		0.35895365476608276,
		0.0005666334182024002
	],
	"right_hip": [
		0.41640979051589966,
		1.2443363666534424,
		-0.14237576723098755,
		0.23344381153583527
	],
	"right_knee": [
		0.4413907527923584,
		1.7319514751434326,
		-0.11754918098449707,
		0.02384125255048275
	],
	"right_ankle": [
		0.44388657808303833,
		2.1983530521392822,
		0.010434037074446678,
		0.0011749638943001628
	],
	"left_shoulder": [
		0.4792458415031433,
		0.5791175365447998,
		0.2496490478515625,
		0.9974978566169739
	],
	"left_elbow": [
		0.5285236835479736,
		0.8785039782524109,
		0.29868409037590027,
		0.42266547679901123
	],
	"left_wrist": [
		0.6207740902900696,
		1.0841898918151855,
		0.14833123981952667,
		0.5026992559432983
	],
	"right_shoulder": [
		0.3880236744880676,
		0.5503494739532471,
		-0.3873888850212097,
		0.999542772769928
	],
	"right_elbow": [
		0.4146956503391266,
		0.9185973405838013,
		-0.4632686972618103,
		0.9142971634864807
	],
	"right_wrist": [
		0.5156937837600708,
		1.1607129573822021,
		-0.47128182649612427,
		0.8258588314056396
	],
	"nose": [
		0.5506235361099243,
		0.3483901619911194,
		-0.11253628879785538,
		0.9998340606689453
	],
	"left_eye": [
		0.5366376042366028,
		0.30040669441223145,
		-0.08372103422880173,
		0.9997851848602295
	],
	"right_eye": [
		0.527121901512146,
		0.3007591962814331,
		-0.15596576035022736,
		0.9998534917831421
	],
	"left_ear": [
		0.4984242916107178,
		0.3102514445781708,
		0.05635129660367966,
		0.9997909665107727
	],
	"right_ear": [
		0.48244786262512207,
		0.3123808205127716,
		-0.2556680142879486,
		0.9998941421508789
	]
}