{
	"left_hip": [
		0.5052950978279114,
		1.2229315042495728,
		0.16541370749473572,
		0.16987216472625732
	],
	"left_knee": [
		0.532730221748352,
		1.6313918828964233,
		0.16676270961761475,
		0.00812404416501522
	],
	"left_ankle": [
		0.5614832639694214,
		2.0583384037017822,
		0.3741617798805237,
		0.0006238477653823793
	],
	"right_hip": [
		0.4178515374660492,
		1.2440084218978882,
		-0.16386230289936066,
		0.16969415545463562
	],
	"right_knee": [
		0.4409402906894684,
		1.6641055345535278,
		-0.1413089781999588,
		0.024842990562319756
	],
	"right_ankle": [
		0.4475300908088684,
		2.103145122528076,
		-0.016176830977201462,
		0.0018292845925316215
	],
	"left_shoulder": [
		0.47647833824157715,
		0.5853606462478638,
		0.28084319829940796,
		0.9959248304367065
	],
	"left_elbow": [
		0.5210793614387512,
		0.8890424370765686,
		0.2995065748691559,
		0.3189130127429962
	],
	"left_wrist": [
		0.6182651519775391,
		1.106704831123352,
		0.13008131086826324,
		0.46375519037246704
	],
	"right_shoulder": [
		0.3896537721157074,
		0.5462666749954224,
		-0.40039730072021484,
		0.9993497133255005
	],
	"right_elbow": [
		0.4057671129703522,
		0.9193244576454163,
		-0.492046594619751,
		0.8834827542304993
	],
	"right_wrist": [
		0.5080320239067078,
		1.1578593254089355,
		-0.4953279495239258,
		0.7825340628623962
	],
	"nose": [
		0.5524712204933167,
		0.3471004068851471,
		-0.10210969299077988,
		0.9997551441192627
	],
	"left_eye": [
		0.5375362038612366,
		0.29915034770965576,
		-0.07044197618961334,
		0.9996827244758606
	],
	"right_eye": [
		0.528123140335083,
		0.2995792627334595,
		-0.14601555466651917,
		0.9997715950012207
	],
	"left_ear": [
		0.4999392628669739,
		0.3099774718284607,
		0.08348331600427628,
		0.9996538162231445
	],
	"right_ear": [
		0.48319125175476074,
		0.31237608194351196,
		-0.2577802538871765,
		0.9998220205307007
	]
}