{
	"left_hip": [
		0.5046711564064026,
		1.2228697538375854,
		0.16866019368171692,
		0.16085369884967804
	],
	"left_knee": [
		0.5322191715240479,
		1.632293701171875,
		0.1716325730085373,
		0.007877163589000702
	],
	"left_ankle": [
		0.5614272952079773,
		2.064675807952881,
		0.385114848613739,
		0.0006406582542695105
	],
	"right_hip": [
		0.4186459183692932,
		1.2434742450714111,
		-0.16709557175636292,
		0.16028660535812378
	],
	"right_knee": [
		0.4406967759132385,
		1.6664789915084839,
		-0.14327049255371094,
		0.025486571714282036
	],
	"right_ankle": [
		0.4475070834159851,
		2.112137794494629,
		-0.013874624855816364,
		0.0020097780507057905
	],
	"left_shoulder": [
		0.47663551568984985,
		0.5852059125900269,
		0.2844621539115906,
		0.9954581260681152
	],
	"left_elbow": [
		0.5218489766120911,
		0.8884968161582947,
		0.3062346577644348,
		0.29877784848213196
	],
	"left_wrist": [
		0.6235067844390869,
		1.0992887020111084,
		0.13445593416690826,
		0.4543057382106781
	],
	"right_shoulder": [
		0.39024725556373596,
		0.5449008345603943,
		-0.4039344787597656,
		0.9992860555648804
	],
	"right_elbow": [
		0.40558329224586487,
		0.9176025986671448,
		-0.49993401765823364,
		0.8768007755279541
	],
	"right_wrist": [
		0.5069732069969177,
		1.1552250385284424,
		-0.49730023741722107,
		0.7777665257453918
	],
	"nose": [
		0.5537432432174683,
		0.34525248408317566,
		-0.10328240692615509,
		0.9997261166572571
	],
	"left_eye": [
		0.5379894375801086,
		0.2975603938102722,
		-0.0713602751493454,
		0.9996463060379028
	],
	"right_eye": [
		0.5287960767745972,
		0.29849469661712646,
		-0.14692005515098572,
		0.9997431635856628
	],
	"left_ear": [
		0.500695526599884,
		0.3098328411579132,
		0.08449135720729828,
		0.9996030330657959
	],
	"right_ear": [
		0.48421889543533325,
		0.3123498558998108,
		-0.25728821754455566,
		0.9997959136962891
	]
}