{
	"left_hip": [
		0.5078749060630798,
		1.2225900888442993,
		0.15822617709636688,
		0.1063414216041565
	],
	"left_knee": [
		0.5374600291252136,
		1.689508318901062,
		0.19304855167865753,
		0.005543352570384741
	],
	"left_ankle": [
		0.5594619512557983,
		2.1320743560791016,
		0.44226932525634766,
		0.0005162302404642105
	],
	"right_hip": [
		0.41433024406433105,
		1.2435870170593262,
		-0.15680648386478424,
		0.10159917175769806
	],
	"right_knee": [
		0.43906283378601074,
		1.7306952476501465,
		-0.10671846568584442,
		0.01808457262814045
	],
	"right_ankle": [
		0.4442804753780365,
		2.187668561935425,
		0.06795516610145569,
		0.001644503208808601
	],
	"left_shoulder": [
		0.4805656373500824,
		0.5856844186782837,
		0.22909331321716309,
		0.9948520064353943
	],
	"left_elbow": [
		0.5290124416351318,
		0.8891540765762329,
		0.27576392889022827,
		0.21729408204555511
	],
	"left_wrist": [
		0.6345365047454834,
		1.1078439950942993,
		0.11415658891201019,
		0.41666606068611145
	],
	"right_shoulder": [
		0.3941073715686798,
		0.5456472039222717,
		-0.4241258502006531,
		0.9990805983543396
	],
	"right_elbow": [
		0.4011635184288025,
		0.8871194124221802,
		-0.5014777779579163,
		0.7928359508514404
	],
	"right_wrist": [
		0.5031909942626953,
		1.1817704439163208,
		-0.5078026652336121,
		0.6690912246704102
	],
	"nose": [
		0.558982253074646,
		0.3372889757156372,
		-0.14349043369293213,
		0.9996681809425354
	],
	"left_eye": [
		0.5420488119125366,
		0.2866433262825012,
		-0.1132645234465599,
		0.9995684623718262
	],
	"right_eye": [
		0.5333089232444763,
		0.2893235385417938,
		-0.1880936324596405,
		0.9996675252914429
	],
	"left_ear": [
		0.503785252571106,
		0.30464568734169006,
		0.038912445306777954,
		0.9995272755622864
	],
	"right_ear": [
		0.4878101348876953,
		0.30931147933006287,
		-0.2941582202911377,
		0.9997476935386658
	]
}