{
	"left_hip": [
		0.5084514617919922,
		1.222124457359314,
		0.1609945297241211,
		0.09578806906938553
	],
	"left_knee": [
		0.5376162528991699,
		1.6797782182693481,
		0.19746121764183044,
		0.0053189704194664955
	],
	"left_ankle": [
		0.5599949955940247,
		2.117276906967163,
		0.45823341608047485,
		0.000534348888322711
	],
	"right_hip": [
		0.41466182470321655,
		1.2423665523529053,
		-0.1595904678106308,
		0.09055928885936737
	],
	"right_knee": [
		0.4397149085998535,
		1.7157210111618042,
		-0.10789729654788971,
		0.017359206452965736
	],
	"right_ankle": [
		0.44717279076576233,
		2.1628928184509277,
		0.07400347292423248,
		0.0017072433838620782
	],
	"left_shoulder": [
		0.4819350838661194,
		0.5845048427581787,
		0.2355758249759674,
		0.9940275549888611
	],
	"left_elbow": [
		0.5290187001228333,
		0.8889439702033997,
		0.28257614374160767,
		0.1954156458377838
	],
	"left_wrist": [
		0.634189248085022,
		1.1078366041183472,
		0.11691652238368988,
		0.3933694064617157
	],
	"right_shoulder": [
		0.39586788415908813,
		0.5451265573501587,
		-0.44314536452293396,
		0.9989544749259949
	],
	"right_elbow": [
		0.40578389167785645,
		0.9147425293922424,
		-0.523239254951477,
		0.7754729390144348
	],
	"right_wrist": [
		0.5025577545166016,
		1.1799836158752441,
		-0.519045889377594,
		0.6465985774993896
	],
	"nose": [
		0.5616244077682495,
		0.33381393551826477,
		-0.14168819785118103,
		0.999555230140686
	],
	"left_eye": [
		0.543641209602356,
		0.2820476293563843,
		-0.11090954393148422,
		0.9994304776191711
	],
	"right_eye": [
		0.5355594158172607,
		0.2848154604434967,
		-0.187783345580101,
		0.9995582103729248
	],
	"left_ear": [
		0.5041677355766296,
		0.30186551809310913,
		0.04279663413763046,
		0.9993770122528076
	],
	"right_ear": [
		0.4898913502693176,
		0.30630239844322205,
		-0.30119258165359497,
		0.9996702671051025
	]
}