{
	"left_hip": [
		0.5098134279251099,
		1.2158458232879639,
		0.157699853181839,
		0.0742289274930954
	],
	"left_knee": [
		0.5375761985778809,
		1.6622936725616455,
		0.1888754665851593,
		0.004410609602928162
	],
	"left_ankle": [
		0.5608034729957581,
		2.0942211151123047,
		0.4303738474845886,
		0.0004928522394038737
	],
	"right_hip": [
		0.4142916798591614,
		1.2356162071228027,
		-0.1562781035900116,
		0.06813342869281769
	],
	"right_knee": [
		0.4380263388156891,
		1.6931565999984741,
		-0.10240395367145538,
		0.014894004911184311
	],
	"right_ankle": [
		0.4507625102996826,
		2.1295363903045654,
		0.06925531476736069,
		0.0016357694985345006
	],
	"left_shoulder": [
		0.4826713502407074,
		0.5850301384925842,
		0.24047891795635223,
		0.99341881275177
	],
	"left_elbow": [
		0.529976487159729,
		0.8895803093910217,
		0.2954677641391754,
		0.16555088758468628
	],
	"left_wrist": [
		0.6350513100624084,
		1.0885295867919922,
		0.1315002143383026,
		0.3869534432888031
	],
	"right_shoulder": [
		0.39579007029533386,
		0.544437050819397,
		-0.4221305251121521,
		0.998785674571991
	],
	"right_elbow": [
		0.3980982303619385,
		0.8684359788894653,
		-0.5071402788162231,
		0.7441137433052063
	],
	"right_wrist": [
		0.4913182258605957,
		1.1681885719299316,
		-0.5197069048881531,
		0.614879310131073
	],
	"nose": [
		0.5599403381347656,
		0.33402177691459656,
		-0.13705433905124664,
		0.999453604221344
	],
	"left_eye": [
		0.5428259372711182,
		0.2829577922821045,
		-0.10676784813404083,
		0.9992996454238892
	],
	"right_eye": [
		0.5348107218742371,
		0.28591692447662354,
		-0.1826210618019104,
		0.9994503855705261
	],
	"left_ear": [
		0.5019792318344116,
		0.30248165130615234,
		0.04784061387181282,
		0.999209463596344
	],
	"right_ear": [
		0.4891553819179535,
		0.3067367672920227,
		-0.28818193078041077,
		0.9995824098587036
	]
}