{
	"left_hip": [
		0.5068143606185913,
		1.201081395149231,
		0.17328551411628723,
		0.07327278703451157
	],
	"left_knee": [
		0.535165548324585,
		1.5551866292953491,
		0.1731298863887787,
		0.005377276800572872
	],
	"left_ankle": [
		0.5644876956939697,
		1.9901952743530273,
		0.38711047172546387,
		0.0007281489670276642
	],
	"right_hip": [
		0.4182888865470886,
		1.215094804763794,
		-0.17167747020721436,
		0.06521310657262802
	],
	"right_knee": [
		0.4521840214729309,
		1.5815434455871582,
		-0.16652321815490723,
		0.024511151015758514
	],
	"right_ankle": [
		0.4648056626319885,
		2.0346603393554688,
		-0.03643440827727318,
		0.0028692358173429966
	],
	"left_shoulder": [
		0.4836732745170593,
		0.5765842199325562,
		0.3001524806022644,
		0.9919124245643616
	],
	"left_elbow": [
		0.5404596328735352,
		0.8630684614181519,
		0.3403523564338684,
		0.14709120988845825
	],
	"left_wrist": [
		0.6400458216667175,
		1.0700956583023071,
		0.14135709404945374,
		0.39143091440200806
	],
	"right_shoulder": [
		0.3920782208442688,
		0.5358133912086487,
		-0.43574637174606323,
		0.9984413981437683
	],
	"right_elbow": [
		0.4124486446380615,
		0.8626079559326172,
		-0.5311847925186157,
		0.7688131928443909
	],
	"right_wrist": [
		0.5297409892082214,
		1.1277774572372437,
		-0.5463359951972961,
		0.6618749499320984
	],
	"nose": [
		0.5514467358589172,
		0.32523059844970703,
		-0.10398072004318237,
		0.9992082715034485
	],
	"left_eye": [
		0.5363418459892273,
		0.27735093235969543,
		-0.07114815711975098,
		0.9989370703697205
	],
	"right_eye": [
		0.5280796885490417,
		0.28082847595214844,
		-0.15139774978160858,
		0.9992038011550903
	],
	"left_ear": [
		0.49436551332473755,
		0.2966932952404022,
		0.08897320926189423,
		0.9986831545829773
	],
	"right_ear": [
		0.4794085621833801,
		0.3032973110675812,
		-0.27037543058395386,
		0.999322235584259
	]
}