{
	"left_hip": [
		0.46332985162734985,
		1.0894562005996704,
		0.2114013135433197,
		0.15855257213115692
	],
	"left_knee": [
		0.5664678812026978,
		0.9596377611160278,
		0.17665956914424896,
		0.02326330542564392
	],
	"left_ankle": [
		0.5532557368278503,
		1.293229341506958,
		0.3493720591068268,
		0.005721642170101404
	],
	"right_hip": [
		0.4083797335624695,
		1.113144040107727,
		-0.21038004755973816,
		0.16667358577251434
	],
	"right_knee": [
		0.5382696986198425,
		1.0279172658920288,
		-0.3302730321884155,
		0.15029184520244598
	],
	"right_ankle": [
		0.5008572936058044,
		1.3312907218933105,
		-0.10839112102985382,
		0.020276634022593498
	],
	"left_shoulder": [
		0.46026167273521423,
		0.5416623950004578,
		0.3731769919395447,
		0.9930766820907593
	],
	"left_elbow": [
		0.5080975294113159,
		0.7897310853004456,
		0.426774799823761,
		0.13409243524074554
	],
	"left_wrist": [
		0.5954309105873108,
		0.9146962761878967,
		0.224596306681633,
		0.2751908600330353
	],
	"right_shoulder": [
		0.3934008777141571,
		0.5113623738288879,
		-0.3908233642578125,
		0.9989310503005981
	],
	"right_elbow": [
		0.47774267196655273,
		0.7864627838134766,
		-0.4351113438606262,
		0.9018574953079224
	],
	"right_wrist": [
		0.6077927350997925,
		0.9354303479194641,
		-0.2863851487636566,
		0.8324337601661682
	],
	"nose": [
		0.5337706208229065,
		0.33446764945983887,
		-0.013653358444571495,
		0.9988167881965637
	],
	"left_eye": [
		0.5180666446685791,
		0.2839890718460083,
		0.018159905448555946,
		0.9983174204826355
	],
	"right_eye": [
		0.5125438570976257,
		0.28720539808273315,
		-0.059824008494615555,
		0.9987657070159912
	],
	"left_ear": [
		0.4775148928165436,
		0.296193391084671,
		0.16173118352890015,
		0.998196005821228
	],
	"right_ear": [
		0.47040778398513794,
		0.3017207086086273,
		-0.1836516559123993,
		0.999045729637146
	]
}