{
	"left_hip": [
		0.4491789937019348,
		1.072966456413269,
		0.2146238386631012,
		0.20419128239154816
	],
	"left_knee": [
		0.5520705580711365,
		0.8774421215057373,
		0.24019606411457062,
		0.028708146885037422
	],
	"left_ankle": [
		0.5286737680435181,
		1.1142334938049316,
		0.44183582067489624,
		0.010004518553614616
	],
	"right_hip": [
		0.42170238494873047,
		1.102920413017273,
		-0.21378293633460999,
		0.20420759916305542
	],
	"right_knee": [
		0.5597399473190308,
		0.9300817251205444,
		-0.2595970034599304,
		0.20396073162555695
	],
	"right_ankle": [
		0.5021921992301941,
		1.150320053100586,
		0.031158631667494774,
		0.032727085053920746
	],
	"left_shoulder": [
		0.4435960352420807,
		0.5308970212936401,
		0.3385530114173889,
		0.9942388534545898
	],
	"left_elbow": [
		0.4895058572292328,
		0.783470869064331,
		0.39914199709892273,
		0.12222697585821152
	],
	"left_wrist": [
		0.5772562026977539,
		0.8965350985527039,
		0.21342448890209198,
		0.22190964221954346
	],
	"right_shoulder": [
		0.4070771634578705,
		0.5123505592346191,
		-0.4076603353023529,
		0.9990420341491699
	],
	"right_elbow": [
		0.5041540265083313,
		0.7855333685874939,
		-0.4290669858455658,
		0.9232469201087952
	],
	"right_wrist": [
		0.617725133895874,
		0.9262996912002563,
		-0.22707557678222656,
		0.847000241279602
	],
	"nose": [
		0.5332118272781372,
		0.3380000591278076,
		-0.03807814046740532,
		0.9985941648483276
	],
	"left_eye": [
		0.5174981951713562,
		0.28700903058052063,
		-0.009087679907679558,
		0.998108446598053
	],
	"right_eye": [
		0.5115543603897095,
		0.2897936999797821,
		-0.08658324182033539,
		0.9984784722328186
	],
	"left_ear": [
		0.4766429364681244,
		0.29910528659820557,
		0.12430963665246964,
		0.9981440901756287
	],
	"right_ear": [
		0.4691123068332672,
		0.30441588163375854,
		-0.21821334958076477,
		0.998944103717804
	]
}