{
	"left_hip": [
		0.45069995522499084,
		1.0689160823822021,
		0.21291208267211914,
		0.23595061898231506
	],
	"left_knee": [
		0.5649669170379639,
		0.8298795223236084,
		0.23525623977184296,
		0.03774655982851982
	],
	"left_ankle": [
		0.5538501739501953,
		1.055302619934082,
		0.4335874021053314,
		0.015065749175846577
	],
	"right_hip": [
		0.4256261885166168,
		1.1015738248825073,
		-0.21210913360118866,
		0.22824858129024506
	],
	"right_knee": [
		0.5753732919692993,
		0.8918077945709229,
		-0.24830731749534607,
		0.2432272583246231
	],
	"right_ankle": [
		0.5466348528862,
		1.0856602191925049,
		0.04308055713772774,
		0.04424947500228882
	],
	"left_shoulder": [
		0.438010036945343,
		0.5297164916992188,
		0.34432557225227356,
		0.9947592616081238
	],
	"left_elbow": [
		0.4929176867008209,
		0.7829685807228088,
		0.4092888832092285,
		0.12161161005496979
	],
	"left_wrist": [
		0.5804298520088196,
		0.8925192356109619,
		0.230059415102005,
		0.20491628348827362
	],
	"right_shoulder": [
		0.4113117754459381,
		0.5122190713882446,
		-0.4029361307621002,
		0.9990667104721069
	],
	"right_elbow": [
		0.5130099058151245,
		0.7822414636611938,
		-0.43028193712234497,
		0.9316476583480835
	],
	"right_wrist": [
		0.619744598865509,
		0.9161795973777771,
		-0.224796861410141,
		0.8523698449134827
	],
	"nose": [
		0.5334396362304688,
		0.3386285901069641,
		-0.02914729155600071,
		0.9986005425453186
	],
	"left_eye": [
		0.5175654888153076,
		0.28766173124313354,
		-1.3043698345427401e-05,
		0.9981527924537659
	],
	"right_eye": [
		0.5116499066352844,
		0.29031267762184143,
		-0.07781046628952026,
		0.9984508156776428
	],
	"left_ear": [
		0.47676777839660645,
		0.29969000816345215,
		0.13356857001781464,
		0.9982216358184814
	],
	"right_ear": [
		0.4694821834564209,
		0.3050250709056854,
		-0.2118115872144699,
		0.9989293217658997
	]
}