{
	"left_hip": [
		0.4522368311882019,
		1.0641257762908936,
		0.21162864565849304,
		0.2807370722293854
	],
	"left_knee": [
		0.5775184631347656,
		0.8539859652519226,
		0.18516045808792114,
		0.054287176579236984
	],
	"left_ankle": [
		0.5557600855827332,
		1.0967494249343872,
		0.34078043699264526,
		0.023459535092115402
	],
	"right_hip": [
		0.424583375453949,
		1.0935916900634766,
		-0.21076209843158722,
		0.2652880549430847
	],
	"right_knee": [
		0.5607694387435913,
		0.9155833125114441,
		-0.28891226649284363,
		0.3018661141395569
	],
	"right_ankle": [
		0.5297307372093201,
		1.1217108964920044,
		-0.025947559624910355,
		0.06245100498199463
	],
	"left_shoulder": [
		0.4379727244377136,
		0.5282290577888489,
		0.3749164938926697,
		0.9954110980033875
	],
	"left_elbow": [
		0.4961252212524414,
		0.7808712124824524,
		0.4426244795322418,
		0.12481031566858292
	],
	"left_wrist": [
		0.5877968072891235,
		0.8815612196922302,
		0.25936585664749146,
		0.1876266449689865
	],
	"right_shoulder": [
		0.4127577841281891,
		0.5080999135971069,
		-0.3707377016544342,
		0.9991300702095032
	],
	"right_elbow": [
		0.5149324536323547,
		0.7704688906669617,
		-0.41090089082717896,
		0.9425395727157593
	],
	"right_wrist": [
		0.6224648952484131,
		0.9001470804214478,
		-0.21589252352714539,
		0.8631899356842041
	],
	"nose": [
		0.5335574150085449,
		0.33969056606292725,
		0.0006564311333931983,
		0.998726487159729
	],
	"left_eye": [
		0.5176517963409424,
		0.2883175313472748,
		0.031421270221471786,
		0.9983481168746948
	],
	"right_eye": [
		0.5118261575698853,
		0.29077616333961487,
		-0.04671566188335419,
		0.9985842108726501
	],
	"left_ear": [
		0.4770296514034271,
		0.29994797706604004,
		0.17073439061641693,
		0.9984303116798401
	],
	"right_ear": [
		0.47082599997520447,
		0.3052424490451813,
		-0.1752205640077591,
		0.9990308880805969
	]
}