{
	"left_hip": [
		0.4544580578804016,
		1.0298775434494019,
		0.19490927457809448,
		0.3831121623516083
	],
	"left_knee": [
		0.5739669799804688,
		1.0209989547729492,
		0.08021752536296844,
		0.08139730989933014
	],
	"left_ankle": [
		0.5330554246902466,
		1.3435122966766357,
		0.2089507281780243,
		0.03081035427749157
	],
	"right_hip": [
		0.39812272787094116,
		1.0331294536590576,
		-0.1941342055797577,
		0.3297172784805298
	],
	"right_knee": [
		0.4940657615661621,
		1.1070805788040161,
		-0.3045026659965515,
		0.38693735003471375
	],
	"right_ankle": [
		0.4448489248752594,
		1.373274564743042,
		-0.19232319295406342,
		0.08410435169935226
	],
	"left_shoulder": [
		0.45194941759109497,
		0.51871657371521,
		0.43387794494628906,
		0.9963655471801758
	],
	"left_elbow": [
		0.5475012063980103,
		0.7378247976303101,
		0.41140443086624146,
		0.19026297330856323
	],
	"left_wrist": [
		0.6225583553314209,
		0.8194713592529297,
		0.11571148782968521,
		0.21440045535564423
	],
	"right_shoulder": [
		0.4045468866825104,
		0.48024943470954895,
		-0.2725391387939453,
		0.9992121458053589
	],
	"right_elbow": [
		0.5003905892372131,
		0.6857001781463623,
		-0.36325451731681824,
		0.964526891708374
	],
	"right_wrist": [
		0.6149455308914185,
		0.8013673424720764,
		-0.29675859212875366,
		0.8994156122207642
	],
	"nose": [
		0.5367957353591919,
		0.3427375257015228,
		0.06698866933584213,
		0.9984612464904785
	],
	"left_eye": [
		0.5205305814743042,
		0.2918035089969635,
		0.10083315521478653,
		0.9980295300483704
	],
	"right_eye": [
		0.5149973630905151,
		0.29299259185791016,
		0.028592264279723167,
		0.9983404278755188
	],
	"left_ear": [
		0.4815664291381836,
		0.3024781346321106,
		0.2468559294939041,
		0.998233437538147
	],
	"right_ear": [
		0.47410470247268677,
		0.3052377700805664,
		-0.07091326266527176,
		0.9988648295402527
	]
}