{
	"left_hip": [
		0.4658965468406677,
		1.0175644159317017,
		0.1819937527179718,
		0.40570491552352905
	],
	"left_knee": [
		0.5271746516227722,
		0.6329948306083679,
		0.20959046483039856,
		0.09788064658641815
	],
	"left_ankle": [
		0.7493749856948853,
		0.6617279648780823,
		0.35852769017219543,
		0.04391150921583176
	],
	"right_hip": [
		0.41138729453086853,
		1.0406044721603394,
		-0.18137873709201813,
		0.36652687191963196
	],
	"right_knee": [
		0.5222163796424866,
		0.7677080631256104,
		-0.21331770718097687,
		0.5468956232070923
	],
	"right_ankle": [
		0.6986020803451538,
		0.7337960004806519,
		-0.046529509127140045,
		0.15883441269397736
	],
	"left_shoulder": [
		0.48900502920150757,
		0.5261626243591309,
		0.31216174364089966,
		0.9975329637527466
	],
	"left_elbow": [
		0.6345340013504028,
		0.572356641292572,
		0.363711953163147,
		0.4267521798610687
	],
	"left_wrist": [
		0.7989131212234497,
		0.6536120772361755,
		0.21122965216636658,
		0.4698851406574249
	],
	"right_shoulder": [
		0.3908807635307312,
		0.4582315981388092,
		-0.28699493408203125,
		0.9978731870651245
	],
	"right_elbow": [
		0.4887731969356537,
		0.44608259201049805,
		-0.6579951047897339,
		0.9622705578804016
	],
	"right_wrist": [
		0.6423853635787964,
		0.4880884289741516,
		-0.7520926594734192,
		0.8900851607322693
	],
	"nose": [
		0.5293543934822083,
		0.32989978790283203,
		-0.08414090424776077,
		0.9992484450340271
	],
	"left_eye": [
		0.5157827138900757,
		0.2860013246536255,
		-0.043799348175525665,
		0.999058187007904
	],
	"right_eye": [
		0.5093302130699158,
		0.28691670298576355,
		-0.10030343383550644,
		0.9991268515586853
	],
	"left_ear": [
		0.4779833257198334,
		0.3013611137866974,
		0.1525493711233139,
		0.9991779327392578
	],
	"right_ear": [
		0.4662821888923645,
		0.30346018075942993,
		-0.10973475128412247,
		0.9993719458580017
	]
}