{
	"left_hip": [
		0.4705921709537506,
		0.9843724370002747,
		0.17317011952400208,
		0.41091689467430115
	],
	"left_knee": [
		0.568730354309082,
		0.7127091288566589,
		0.14583399891853333,
		0.08733757585287094
	],
	"left_ankle": [
		0.7977762222290039,
		0.5166329741477966,
		0.2559284567832947,
		0.055482637137174606
	],
	"right_hip": [
		0.42171511054039,
		1.0322844982147217,
		-0.17270492017269135,
		0.3987199366092682
	],
	"right_knee": [
		0.5251790285110474,
		0.8483482003211975,
		-0.21502220630645752,
		0.5334256291389465
	],
	"right_ankle": [
		0.6591562032699585,
		0.7179929614067078,
		-0.0619540698826313,
		0.17230381071567535
	],
	"left_shoulder": [
		0.48229628801345825,
		0.4843927025794983,
		0.18760523200035095,
		0.9975152015686035
	],
	"left_elbow": [
		0.6009026765823364,
		0.44559118151664734,
		0.1911953091621399,
		0.47461509704589844
	],
	"left_wrist": [
		0.758540153503418,
		0.4616605043411255,
		-0.011058056727051735,
		0.49548155069351196
	],
	"right_shoulder": [
		0.3911725580692291,
		0.4542454183101654,
		-0.3656192719936371,
		0.9972190260887146
	],
	"right_elbow": [
		0.5016294121742249,
		0.369375079870224,
		-0.6864674687385559,
		0.953026533126831
	],
	"right_wrist": [
		0.6150535941123962,
		0.3730500042438507,
		-0.7398839592933655,
		0.8477171659469604
	],
	"nose": [
		0.5271785259246826,
		0.314313143491745,
		-0.1637406349182129,
		0.9994560480117798
	],
	"left_eye": [
		0.5141514539718628,
		0.276353657245636,
		-0.1318449079990387,
		0.9993129968643188
	],
	"right_eye": [
		0.5096080899238586,
		0.2800757586956024,
		-0.18956266343593597,
		0.9993228912353516
	],
	"left_ear": [
		0.47574228048324585,
		0.29037320613861084,
		0.04004673287272453,
		0.9993822574615479
	],
	"right_ear": [
		0.4698670506477356,
		0.2962413430213928,
		-0.22506988048553467,
		0.9995082020759583
	]
}