{
	"left_hip": [
		0.4655323028564453,
		1.0094513893127441,
		0.12545940279960632,
		0.4467431902885437
	],
	"left_knee": [
		0.46575480699539185,
		1.3586746454238892,
		0.07321802526712418,
		0.09941545873880386
	],
	"left_ankle": [
		0.4663102626800537,
		1.7086873054504395,
		0.26319146156311035,
		0.042219776660203934
	],
	"right_hip": [
		0.3839394748210907,
		1.0322535037994385,
		-0.12467195838689804,
		0.39163801074028015
	],
	"right_knee": [
		0.3794308304786682,
		1.3596292734146118,
		-0.16442687809467316,
		0.40858596563339233
	],
	"right_ankle": [
		0.3640080392360687,
		1.7422219514846802,
		-0.06658904254436493,
		0.11998780816793442
	],
	"left_shoulder": [
		0.485076904296875,
		0.4888518750667572,
		0.10898109525442123,
		0.9976311326026917
	],
	"left_elbow": [
		0.6440147161483765,
		0.4246152937412262,
		0.0584416463971138,
		0.7086454629898071
	],
	"left_wrist": [
		0.8101948499679565,
		0.3677150011062622,
		-0.1490047723054886,
		0.7235188484191895
	],
	"right_shoulder": [
		0.3563185930252075,
		0.4599734842777252,
		-0.40018755197525024,
		0.993179976940155
	],
	"right_elbow": [
		0.41019123792648315,
		0.3769022822380066,
		-0.7661958932876587,
		0.9597171545028687
	],
	"right_wrist": [
		0.5685482621192932,
		0.2810347378253937,
		-0.880865752696991,
		0.8871598243713379
	],
	"nose": [
		0.4854322373867035,
		0.30578434467315674,
		-0.2799447774887085,
		0.9993495345115662
	],
	"left_eye": [
		0.48425421118736267,
		0.2680814862251282,
		-0.23731593787670135,
		0.999062180519104
	],
	"right_eye": [
		0.47287851572036743,
		0.2725554406642914,
		-0.2920513153076172,
		0.9991025924682617
	],
	"left_ear": [
		0.4609810709953308,
		0.2810564935207367,
		-0.028691019862890244,
		0.999268114566803
	],
	"right_ear": [
		0.44129595160484314,
		0.2914663553237915,
		-0.27204516530036926,
		0.9992815256118774
	]
}