{
	"left_hip": [
		0.48080819845199585,
		1.0657602548599243,
		0.0967661663889885,
		0.7731589078903198
	],
	"left_knee": [
		0.4846951365470886,
		1.4730440378189087,
		0.08322669565677643,
		0.09136135131120682
	],
	"left_ankle": [
		0.4761575162410736,
		1.8547844886779785,
		0.28815555572509766,
		0.014820714481174946
	],
	"right_hip": [
		0.3641664683818817,
		1.0711218118667603,
		-0.09571035951375961,
		0.6902866959571838
	],
	"right_knee": [
		0.35490232706069946,
		1.4714746475219727,
		-0.16139736771583557,
		0.2147475630044937
	],
	"right_ankle": [
		0.355946809053421,
		1.865288496017456,
		-0.050917159765958786,
		0.0442969873547554
	],
	"left_shoulder": [
		0.48691731691360474,
		0.5128494501113892,
		0.15166659653186798,
		0.9992149472236633
	],
	"left_elbow": [
		0.6499036550521851,
		0.45932525396347046,
		0.06776480376720428,
		0.9467467665672302
	],
	"left_wrist": [
		0.8003617525100708,
		0.3974537253379822,
		-0.11059194803237915,
		0.9527391195297241
	],
	"right_shoulder": [
		0.32509613037109375,
		0.47670039534568787,
		-0.3180903494358063,
		0.9968016743659973
	],
	"right_elbow": [
		0.380664199590683,
		0.30019232630729675,
		-0.7859541177749634,
		0.9904929995536804
	],
	"right_wrist": [
		0.5243998765945435,
		0.31227192282676697,
		-0.9830917119979858,
		0.9745744466781616
	],
	"nose": [
		0.46971410512924194,
		0.3419108986854553,
		-0.2447367012500763,
		0.9996970891952515
	],
	"left_eye": [
		0.46712222695350647,
		0.28870171308517456,
		-0.194242924451828,
		0.9996341466903687
	],
	"right_eye": [
		0.4520913064479828,
		0.2828179597854614,
		-0.2385706901550293,
		0.9996646642684937
	],
	"left_ear": [
		0.44391170144081116,
		0.30104848742485046,
		0.038219649344682693,
		0.9997692704200745
	],
	"right_ear": [
		0.4107167720794678,
		0.29206883907318115,
		-0.1573466956615448,
		0.9997584223747253
	]
}