{
	"left_hip": [
		0.47154173254966736,
		1.0569908618927002,
		0.14043335616588593,
		0.6929172277450562
	],
	"left_knee": [
		0.48694056272506714,
		1.4624662399291992,
		0.09407293796539307,
		0.06879942864179611
	],
	"left_ankle": [
		0.5034523606300354,
		1.8533955812454224,
		0.2970406413078308,
		0.006701486185193062
	],
	"right_hip": [
		0.37831059098243713,
		1.066409707069397,
		-0.13947325944900513,
		0.619175374507904
	],
	"right_knee": [
		0.3747524619102478,
		1.4659830331802368,
		-0.1445392519235611,
		0.15552549064159393
	],
	"right_ankle": [
		0.38066500425338745,
		1.8904672861099243,
		-0.03152799606323242,
		0.029069166630506516
	],
	"left_shoulder": [
		0.4689981937408447,
		0.5221758484840393,
		0.24812476336956024,
		0.9992161989212036
	],
	"left_elbow": [
		0.6422774791717529,
		0.5246078968048096,
		0.21865494549274445,
		0.969028651714325
	],
	"left_wrist": [
		0.8132052421569824,
		0.49298417568206787,
		0.014722822234034538,
		0.9854628443717957
	],
	"right_shoulder": [
		0.3349093794822693,
		0.45064136385917664,
		-0.3266613185405731,
		0.9973804354667664
	],
	"right_elbow": [
		0.35127535462379456,
		0.4573286771774292,
		-0.7437567114830017,
		0.9883800148963928
	],
	"right_wrist": [
		0.48370546102523804,
		0.4650552272796631,
		-0.9445293545722961,
		0.9849711060523987
	],
	"nose": [
		0.4844892919063568,
		0.3057602047920227,
		-0.13568684458732605,
		0.9998530745506287
	],
	"left_eye": [
		0.4685641825199127,
		0.26521873474121094,
		-0.08784142136573792,
		0.9998395442962646
	],
	"right_eye": [
		0.4608614444732666,
		0.2684241533279419,
		-0.15130652487277985,
		0.9998599290847778
	],
	"left_ear": [
		0.43978151679039,
		0.2814795672893524,
		0.12308579683303833,
		0.9999063014984131
	],
	"right_ear": [
		0.42433270812034607,
		0.2845679223537445,
		-0.16665944457054138,
		0.9998990297317505
	]
}