{
	"left_hip": [
		0.47580307722091675,
		1.067240834236145,
		0.12973915040493011,
		0.6983485221862793
	],
	"left_knee": [
		0.490034818649292,
		1.4896994829177856,
		0.09908553212881088,
		0.0640491172671318
	],
	"left_ankle": [
		0.501296877861023,
		1.8923567533493042,
		0.31049901247024536,
		0.00612519308924675
	],
	"right_hip": [
		0.37635481357574463,
		1.074803352355957,
		-0.12865446507930756,
		0.6210476756095886
	],
	"right_knee": [
		0.3736225962638855,
		1.4999761581420898,
		-0.1391395777463913,
		0.14538609981536865
	],
	"right_ankle": [
		0.3770439028739929,
		1.9226516485214233,
		-0.014169405214488506,
		0.026789162307977676
	],
	"left_shoulder": [
		0.4786262512207031,
		0.5219947695732117,
		0.24153122305870056,
		0.9992780685424805
	],
	"left_elbow": [
		0.6460986733436584,
		0.5271868705749512,
		0.2190987765789032,
		0.9716249108314514
	],
	"left_wrist": [
		0.8135544061660767,
		0.4895769953727722,
		0.023197190836071968,
		0.9868389964103699
	],
	"right_shoulder": [
		0.3338208794593811,
		0.45093998312950134,
		-0.3271312713623047,
		0.9975646138191223
	],
	"right_elbow": [
		0.3244496285915375,
		0.4521696865558624,
		-0.7458130121231079,
		0.988601803779602
	],
	"right_wrist": [
		0.47903814911842346,
		0.4690113663673401,
		-0.9451678991317749,
		0.985603392124176
	],
	"nose": [
		0.4856751561164856,
		0.30461758375167847,
		-0.1452663093805313,
		0.9998658299446106
	],
	"left_eye": [
		0.4697096347808838,
		0.2644472122192383,
		-0.0971602126955986,
		0.9998534917831421
	],
	"right_eye": [
		0.4611806273460388,
		0.26796966791152954,
		-0.15917927026748657,
		0.9998723268508911
	],
	"left_ear": [
		0.4398341774940491,
		0.2815677523612976,
		0.11491958051919937,
		0.9999145269393921
	],
	"right_ear": [
		0.42420536279678345,
		0.2858620882034302,
		-0.16778022050857544,
		0.999907910823822
	]
}