{
	"left_hip": [
		0.49082931876182556,
		1.145933985710144,
		0.12870082259178162,
		0.7841711640357971
	],
	"left_knee": [
		0.5011864900588989,
		1.5940653085708618,
		0.1862318217754364,
		0.03385079279541969
	],
	"left_ankle": [
		0.5025876760482788,
		1.9982171058654785,
		0.4592226445674896,
		0.002989384578540921
	],
	"right_hip": [
		0.3832704424858093,
		1.1629359722137451,
		-0.12756076455116272,
		0.7212180495262146
	],
	"right_knee": [
		0.37721049785614014,
		1.613571286201477,
		-0.08176950365304947,
		0.13983581960201263
	],
	"right_ankle": [
		0.38002291321754456,
		2.0454964637756348,
		0.06469567120075226,
		0.020000426098704338
	],
	"left_shoulder": [
		0.4944847524166107,
		0.5355656147003174,
		0.20213671028614044,
		0.9996827840805054
	],
	"left_elbow": [
		0.6595813035964966,
		0.5230056047439575,
		0.22715480625629425,
		0.9876559376716614
	],
	"left_wrist": [
		0.8097366094589233,
		0.47584593296051025,
		0.06374332308769226,
		0.995025634765625
	],
	"right_shoulder": [
		0.3431106209754944,
		0.4986763000488281,
		-0.32656577229499817,
		0.998998761177063
	],
	"right_elbow": [
		0.2736144959926605,
		0.4214247763156891,
		-0.7823868989944458,
		0.9940489530563354
	],
	"right_wrist": [
		0.4376246929168701,
		0.4595198333263397,
		-0.9915405511856079,
		0.9915438294410706
	],
	"nose": [
		0.4886865019798279,
		0.31330856680870056,
		-0.23947791755199432,
		0.9999505281448364
	],
	"left_eye": [
		0.47442564368247986,
		0.2701691687107086,
		-0.18928903341293335,
		0.9999455809593201
	],
	"right_eye": [
		0.4627518057823181,
		0.27518847584724426,
		-0.23956508934497833,
		0.9999533295631409
	],
	"left_ear": [
		0.44377321004867554,
		0.29201215505599976,
		0.04483739286661148,
		0.9999686479568481
	],
	"right_ear": [
		0.42421045899391174,
		0.3043212592601776,
		-0.17942559719085693,
		0.9999666810035706
	]
}