{
	"left_hip": [
		0.49847835302352905,
		1.1628059148788452,
		0.10985952615737915,
		0.8629177808761597
	],
	"left_knee": [
		0.5078860521316528,
		1.617786169052124,
		0.1638747900724411,
		0.025876257568597794
	],
	"left_ankle": [
		0.5061202645301819,
		2.0345444679260254,
		0.46920767426490784,
		0.002233757171779871
	],
	"right_hip": [
		0.37831491231918335,
		1.1821368932724,
		-0.10898458957672119,
		0.8251386880874634
	],
	"right_knee": [
		0.3719611167907715,
		1.6340489387512207,
		-0.06742990016937256,
		0.12796446681022644
	],
	"right_ankle": [
		0.37297165393829346,
		2.0732626914978027,
		0.12657451629638672,
		0.019204022362828255
	],
	"left_shoulder": [
		0.5072301626205444,
		0.5279468894004822,
		0.1807081252336502,
		0.9998483657836914
	],
	"left_elbow": [
		0.6751028299331665,
		0.5018631219863892,
		0.1585886925458908,
		0.9950999617576599
	],
	"left_wrist": [
		0.8186392784118652,
		0.44978010654449463,
		-0.023601006716489792,
		0.9981826543807983
	],
	"right_shoulder": [
		0.3344483971595764,
		0.5096830129623413,
		-0.31998199224472046,
		0.9996213912963867
	],
	"right_elbow": [
		0.254189670085907,
		0.38110098242759705,
		-0.8174907565116882,
		0.9977891445159912
	],
	"right_wrist": [
		0.4269620478153229,
		0.42443621158599854,
		-1.0435870885849,
		0.9950340986251831
	],
	"nose": [
		0.48203080892562866,
		0.32456380128860474,
		-0.2995271682739258,
		0.9999822378158569
	],
	"left_eye": [
		0.470491886138916,
		0.27507370710372925,
		-0.24830849468708038,
		0.99997878074646
	],
	"right_eye": [
		0.4485507905483246,
		0.28295981884002686,
		-0.2923421859741211,
		0.9999836683273315
	],
	"left_ear": [
		0.4438970983028412,
		0.29468435049057007,
		0.007715231738984585,
		0.9999884963035583
	],
	"right_ear": [
		0.4092572331428528,
		0.3097771406173706,
		-0.18811900913715363,
		0.9999891519546509
	]
}