{
	"left_hip": [
		0.4978659152984619,
		1.1653742790222168,
		0.11498340219259262,
		0.866105318069458
	],
	"left_knee": [
		0.5105465650558472,
		1.6180988550186157,
		0.17133817076683044,
		0.02516196109354496
	],
	"left_ankle": [
		0.5149973630905151,
		2.0324041843414307,
		0.4531777501106262,
		0.002145415870472789
	],
	"right_hip": [
		0.38048863410949707,
		1.1888489723205566,
		-0.11425844579935074,
		0.8312377333641052
	],
	"right_knee": [
		0.382192462682724,
		1.634873628616333,
		-0.06693258881568909,
		0.13204754889011383
	],
	"right_ankle": [
		0.3858130872249603,
		2.0752389430999756,
		0.10744984447956085,
		0.02148686721920967
	],
	"left_shoulder": [
		0.5076881647109985,
		0.5295405387878418,
		0.1974206566810608,
		0.9998562335968018
	],
	"left_elbow": [
		0.6721542477607727,
		0.5013099312782288,
		0.19411751627922058,
		0.9958662390708923
	],
	"left_wrist": [
		0.8182168006896973,
		0.45423901081085205,
		0.0024639074690639973,
		0.9985137581825256
	],
	"right_shoulder": [
		0.33609992265701294,
		0.5121589303016663,
		-0.31899088621139526,
		0.9996640682220459
	],
	"right_elbow": [
		0.2550509572029114,
		0.3709252178668976,
		-0.8096327781677246,
		0.9980923533439636
	],
	"right_wrist": [
		0.4252158999443054,
		0.413470059633255,
		-1.0579990148544312,
		0.9952459931373596
	],
	"nose": [
		0.484564870595932,
		0.3228406608104706,
		-0.23507389426231384,
		0.9999850392341614
	],
	"left_eye": [
		0.4722108244895935,
		0.2733307480812073,
		-0.18436045944690704,
		0.9999814033508301
	],
	"right_eye": [
		0.4537193775177002,
		0.27970200777053833,
		-0.23713672161102295,
		0.9999863505363464
	],
	"left_ear": [
		0.44370609521865845,
		0.29370442032814026,
		0.0483529306948185,
		0.9999902844429016
	],
	"right_ear": [
		0.4123600125312805,
		0.30670589208602905,
		-0.18208715319633484,
		0.9999911189079285
	]
}