{
	"left_hip": [
		0.49901342391967773,
		1.1713403463363647,
		0.12921136617660522,
		0.8445779085159302
	],
	"left_knee": [
		0.5128118395805359,
		1.6186124086380005,
		0.15899810194969177,
		0.02974526584148407
	],
	"left_ankle": [
		0.5215466618537903,
		2.0387260913848877,
		0.44166213274002075,
		0.002617151942104101
	],
	"right_hip": [
		0.383453905582428,
		1.1939113140106201,
		-0.12847431004047394,
		0.8195450901985168
	],
	"right_knee": [
		0.38566696643829346,
		1.633513331413269,
		-0.09931326657533646,
		0.17659132182598114
	],
	"right_ankle": [
		0.3917870819568634,
		2.090421676635742,
		0.05634516477584839,
		0.03311439976096153
	],
	"left_shoulder": [
		0.5096728205680847,
		0.5325498580932617,
		0.21560057997703552,
		0.9998151063919067
	],
	"left_elbow": [
		0.674871563911438,
		0.503824770450592,
		0.20540377497673035,
		0.9962245225906372
	],
	"left_wrist": [
		0.8140708804130554,
		0.46835610270500183,
		0.00812794454395771,
		0.9986963868141174
	],
	"right_shoulder": [
		0.3374570906162262,
		0.5086637139320374,
		-0.3500517010688782,
		0.9996819496154785
	],
	"right_elbow": [
		0.25421470403671265,
		0.37287238240242004,
		-0.8921928405761719,
		0.9985986948013306
	],
	"right_wrist": [
		0.421308696269989,
		0.40780699253082275,
		-1.1894559860229492,
		0.9957503080368042
	],
	"nose": [
		0.4891960024833679,
		0.3175765872001648,
		-0.2660995125770569,
		0.9999850988388062
	],
	"left_eye": [
		0.4764014780521393,
		0.26827505230903625,
		-0.2114088535308838,
		0.9999788403511047
	],
	"right_eye": [
		0.4598142206668854,
		0.2739871144294739,
		-0.26697903871536255,
		0.9999872446060181
	],
	"left_ear": [
		0.4459749758243561,
		0.2902466058731079,
		0.046176981180906296,
		0.9999897480010986
	],
	"right_ear": [
		0.4156903326511383,
		0.304121196269989,
		-0.19901801645755768,
		0.9999923706054688
	]
}