{
	"left_hip": [
		0.4997938275337219,
		1.1723248958587646,
		0.12995262444019318,
		0.8435497879981995
	],
	"left_knee": [
		0.5177947878837585,
		1.6246086359024048,
		0.16259843111038208,
		0.03235367685556412
	],
	"left_ankle": [
		0.5270434021949768,
		2.0450668334960938,
		0.475083589553833,
		0.0028364735189825296
	],
	"right_hip": [
		0.38339963555336,
		1.1938447952270508,
		-0.12919387221336365,
		0.8287381529808044
	],
	"right_knee": [
		0.3869987428188324,
		1.636161208152771,
		-0.10907679796218872,
		0.18498638272285461
	],
	"right_ankle": [
		0.3952239155769348,
		2.0930416584014893,
		0.07954965531826019,
		0.03877571225166321
	],
	"left_shoulder": [
		0.509598970413208,
		0.5353606343269348,
		0.20109529793262482,
		0.9997590184211731
	],
	"left_elbow": [
		0.6753911972045898,
		0.5067625045776367,
		0.181593656539917,
		0.9963624477386475
	],
	"left_wrist": [
		0.8142557144165039,
		0.4678409993648529,
		-0.02211626246571541,
		0.9988051652908325
	],
	"right_shoulder": [
		0.3359237611293793,
		0.5024941563606262,
		-0.3801969885826111,
		0.9996830821037292
	],
	"right_elbow": [
		0.25444814562797546,
		0.37832364439964294,
		-0.961296558380127,
		0.9989123940467834
	],
	"right_wrist": [
		0.4166763722896576,
		0.40833544731140137,
		-1.3134053945541382,
		0.9963359236717224
	],
	"nose": [
		0.4897473454475403,
		0.32149630784988403,
		-0.3088797926902771,
		0.9999786615371704
	],
	"left_eye": [
		0.4771122336387634,
		0.27274689078330994,
		-0.2541266083717346,
		0.9999670386314392
	],
	"right_eye": [
		0.45990046858787537,
		0.27812618017196655,
		-0.30851179361343384,
		0.9999833106994629
	],
	"left_ear": [
		0.4462234079837799,
		0.2913665473461151,
		0.017513228580355644,
		0.9999846816062927
	],
	"right_ear": [
		0.41689959168434143,
		0.30455929040908813,
		-0.22585909068584442,
		0.9999909996986389
	]
}