{
	"left_hip": [
		0.5062302947044373,
		1.17689847946167,
		0.11855141818523407,
		0.9164685010910034
	],
	"left_knee": [
		0.5227845907211304,
		1.642798662185669,
		0.19240841269493103,
		0.03423060104250908
	],
	"left_ankle": [
		0.5266035795211792,
		2.065075397491455,
		0.5272387862205505,
		0.0034103496000170708
	],
	"right_hip": [
		0.38062652945518494,
		1.1979740858078003,
		-0.11770737171173096,
		0.9055579304695129
	],
	"right_knee": [
		0.38516440987586975,
		1.654449462890625,
		-0.06981395184993744,
		0.1554596871137619
	],
	"right_ankle": [
		0.3944198191165924,
		2.101297616958618,
		0.14826078712940216,
		0.03365137800574303
	],
	"left_shoulder": [
		0.5171862244606018,
		0.5317255258560181,
		0.1568046361207962,
		0.99980229139328
	],
	"left_elbow": [
		0.6782891750335693,
		0.5074942111968994,
		0.13861501216888428,
		0.9974019527435303
	],
	"left_wrist": [
		0.8145848512649536,
		0.46870097517967224,
		-0.039400991052389145,
		0.9986760020256042
	],
	"right_shoulder": [
		0.3319905400276184,
		0.5067849159240723,
		-0.389362633228302,
		0.9998067617416382
	],
	"right_elbow": [
		0.2545835077762604,
		0.3841794431209564,
		-0.9677770733833313,
		0.9994864463806152
	],
	"right_wrist": [
		0.4237823486328125,
		0.41038092970848083,
		-1.291804313659668,
		0.9969061017036438
	],
	"nose": [
		0.485783189535141,
		0.3287537097930908,
		-0.3789377808570862,
		0.9999693632125854
	],
	"left_eye": [
		0.4747164249420166,
		0.2802944481372833,
		-0.32281070947647095,
		0.999947726726532
	],
	"right_eye": [
		0.45351725816726685,
		0.2885799705982208,
		-0.3716087341308594,
		0.9999774694442749
	],
	"left_ear": [
		0.44663935899734497,
		0.29439470171928406,
		-0.034827813506126404,
		0.9999759197235107
	],
	"right_ear": [
		0.4147499203681946,
		0.31013554334640503,
		-0.2543516159057617,
		0.9999902844429016
	]
}