{
	"left_hip": [
		0.5062083005905151,
		1.1769561767578125,
		0.11844474077224731,
		0.9184485077857971
	],
	"left_knee": [
		0.522733747959137,
		1.6431000232696533,
		0.1917487233877182,
		0.03344620764255524
	],
	"left_ankle": [
		0.5264503955841064,
		2.065603256225586,
		0.5269378423690796,
		0.0033010579645633698
	],
	"right_hip": [
		0.3804260492324829,
		1.1980167627334595,
		-0.1175989955663681,
		0.9075093269348145
	],
	"right_knee": [
		0.3849887251853943,
		1.6545814275741577,
		-0.07023651152849197,
		0.15141820907592773
	],
	"right_ankle": [
		0.394376277923584,
		2.1014444828033447,
		0.14706912636756897,
		0.0323014110326767
	],
	"left_shoulder": [
		0.5174039602279663,
		0.5314644575119019,
		0.1563931405544281,
		0.9998036026954651
	],
	"left_elbow": [
		0.6784916520118713,
		0.5073790550231934,
		0.13736623525619507,
		0.9974377155303955
	],
	"left_wrist": [
		0.8145907521247864,
		0.46874409914016724,
		-0.04410121589899063,
		0.9986719489097595
	],
	"right_shoulder": [
		0.33198481798171997,
		0.5068239569664001,
		-0.38763466477394104,
		0.9998096227645874
	],
	"right_elbow": [
		0.25467902421951294,
		0.38478755950927734,
		-0.9667184948921204,
		0.999504566192627
	],
	"right_wrist": [
		0.42391863465309143,
		0.41037052869796753,
		-1.294829249382019,
		0.9969248175621033
	],
	"nose": [
		0.4857446253299713,
		0.3287738561630249,
		-0.37803250551223755,
		0.9999684691429138
	],
	"left_eye": [
		0.4746924936771393,
		0.2803746163845062,
		-0.32185107469558716,
		0.9999463558197021
	],
	"right_eye": [
		0.4534897208213806,
		0.28862690925598145,
		-0.370928019285202,
		0.9999768733978271
	],
	"left_ear": [
		0.44671306014060974,
		0.2944387197494507,
		-0.03417859226465225,
		0.999975323677063
	],
	"right_ear": [
		0.41474610567092896,
		0.31020939350128174,
		-0.25392264127731323,
		0.9999901056289673
	]
}