{
	"left_hip": [
		0.5060192346572876,
		1.176619291305542,
		0.11327685415744781,
		0.9296389222145081
	],
	"left_knee": [
		0.5221186280250549,
		1.642258882522583,
		0.18682079017162323,
		0.03226989880204201
	],
	"left_ankle": [
		0.5257269740104675,
		2.0647025108337402,
		0.5289583206176758,
		0.003089489880949259
	],
	"right_hip": [
		0.37888413667678833,
		1.1975606679916382,
		-0.11243315041065216,
		0.9194933176040649
	],
	"right_knee": [
		0.3831082284450531,
		1.653128981590271,
		-0.06320323050022125,
		0.13862009346485138
	],
	"right_ankle": [
		0.39408984780311584,
		2.0981295108795166,
		0.1601925641298294,
		0.028441552072763443
	],
	"left_shoulder": [
		0.5186183452606201,
		0.5295218825340271,
		0.14853355288505554,
		0.9998061060905457
	],
	"left_elbow": [
		0.6794413328170776,
		0.5072498917579651,
		0.13203535974025726,
		0.997612714767456
	],
	"left_wrist": [
		0.8148444294929504,
		0.46955013275146484,
		-0.04777023196220398,
		0.9986148476600647
	],
	"right_shoulder": [
		0.3317889869213104,
		0.5065245032310486,
		-0.38418588042259216,
		0.9998186826705933
	],
	"right_elbow": [
		0.2549867630004883,
		0.38597315549850464,
		-0.9582319259643555,
		0.9995737075805664
	],
	"right_wrist": [
		0.42430734634399414,
		0.41034120321273804,
		-1.2827669382095337,
		0.9969395995140076
	],
	"nose": [
		0.48543110489845276,
		0.3284725546836853,
		-0.383060485124588,
		0.9999629855155945
	],
	"left_eye": [
		0.4745813012123108,
		0.280307412147522,
		-0.3276880383491516,
		0.9999380111694336
	],
	"right_eye": [
		0.4532904028892517,
		0.2884666323661804,
		-0.3757356107234955,
		0.9999732971191406
	],
	"left_ear": [
		0.44708847999572754,
		0.29442089796066284,
		-0.0404166653752327,
		0.9999718070030212
	],
	"right_ear": [
		0.4147077202796936,
		0.31022879481315613,
		-0.25508055090904236,
		0.9999891519546509
	]
}