{
	"left_hip": [
		0.5059830546379089,
		1.1761988401412964,
		0.11251704394817352,
		0.9344515800476074
	],
	"left_knee": [
		0.5219889283180237,
		1.6416329145431519,
		0.1853044033050537,
		0.031945232301950455
	],
	"left_ankle": [
		0.5254735350608826,
		2.0643694400787354,
		0.5278487801551819,
		0.003015889786183834
	],
	"right_hip": [
		0.37844333052635193,
		1.1968780755996704,
		-0.11167893558740616,
		0.9248197674751282
	],
	"right_knee": [
		0.38271281123161316,
		1.6522926092147827,
		-0.06287509202957153,
		0.1334574967622757
	],
	"right_ankle": [
		0.3940083086490631,
		2.0970239639282227,
		0.15963760018348694,
		0.02688944898545742
	],
	"left_shoulder": [
		0.518710732460022,
		0.5289673805236816,
		0.1486128270626068,
		0.9998066425323486
	],
	"left_elbow": [
		0.679568886756897,
		0.5071390271186829,
		0.1329094022512436,
		0.9976762533187866
	],
	"left_wrist": [
		0.8149116635322571,
		0.4696616232395172,
		-0.036771148443222046,
		0.9985783100128174
	],
	"right_shoulder": [
		0.33167368173599243,
		0.5061668157577515,
		-0.38348403573036194,
		0.9998244047164917
	],
	"right_elbow": [
		0.2550038993358612,
		0.3860917389392853,
		-0.9560537338256836,
		0.9996011853218079
	],
	"right_wrist": [
		0.42483702301979065,
		0.4103811979293823,
		-1.276197075843811,
		0.996951162815094
	],
	"nose": [
		0.48523950576782227,
		0.3281010091304779,
		-0.38329431414604187,
		0.9999610781669617
	],
	"left_eye": [
		0.4745635986328125,
		0.2801322638988495,
		-0.327858030796051,
		0.9999350309371948
	],
	"right_eye": [
		0.4531918168067932,
		0.28817442059516907,
		-0.37576189637184143,
		0.9999721646308899
	],
	"left_ear": [
		0.4473998546600342,
		0.2942536473274231,
		-0.040430568158626556,
		0.9999704957008362
	],
	"right_ear": [
		0.4146612286567688,
		0.3100581169128418,
		-0.25491148233413696,
		0.9999889135360718
	]
}