{
	"left_hip": [
		0.5058640241622925,
		1.1749579906463623,
		0.11338994652032852,
		0.9420055747032166
	],
	"left_knee": [
		0.5215800404548645,
		1.6387224197387695,
		0.18488773703575134,
		0.031387802213430405
	],
	"left_ankle": [
		0.5248478651046753,
		2.062228202819824,
		0.5209346413612366,
		0.0029980838298797607
	],
	"right_hip": [
		0.37782442569732666,
		1.1950212717056274,
		-0.11257217824459076,
		0.9335995316505432
	],
	"right_knee": [
		0.38253718614578247,
		1.649948000907898,
		-0.0638083815574646,
		0.13091368973255157
	],
	"right_ankle": [
		0.39351320266723633,
		2.0952088832855225,
		0.15317700803279877,
		0.025440338999032974
	],
	"left_shoulder": [
		0.5187519788742065,
		0.5285933017730713,
		0.1540018618106842,
		0.9998043179512024
	],
	"left_elbow": [
		0.6797406077384949,
		0.5074452757835388,
		0.1360301822423935,
		0.9977083206176758
	],
	"left_wrist": [
		0.8148167729377747,
		0.4682758152484894,
		-0.03135146200656891,
		0.9985421299934387
	],
	"right_shoulder": [
		0.33146512508392334,
		0.5041795969009399,
		-0.37361863255500793,
		0.999836266040802
	],
	"right_elbow": [
		0.25465157628059387,
		0.3866807818412781,
		-0.9485989809036255,
		0.9996479153633118
	],
	"right_wrist": [
		0.4278264045715332,
		0.41176411509513855,
		-1.2668715715408325,
		0.9970341920852661
	],
	"nose": [
		0.4849059581756592,
		0.3253428339958191,
		-0.3838428258895874,
		0.9999600648880005
	],
	"left_eye": [
		0.47457176446914673,
		0.2779759466648102,
		-0.32721656560897827,
		0.9999337792396545
	],
	"right_eye": [
		0.4531145691871643,
		0.28578609228134155,
		-0.37315991520881653,
		0.999971866607666
	],
	"left_ear": [
		0.44904565811157227,
		0.29277026653289795,
		-0.03614737465977669,
		0.9999696016311646
	],
	"right_ear": [
		0.41449278593063354,
		0.3088153600692749,
		-0.24378450214862823,
		0.9999890923500061
	]
}