{
	"left_hip": [
		0.5057332515716553,
		1.1712297201156616,
		0.11233639717102051,
		0.9466990828514099
	],
	"left_knee": [
		0.5202617645263672,
		1.6332621574401855,
		0.16679289937019348,
		0.03098193183541298
	],
	"left_ankle": [
		0.5230937600135803,
		2.0592708587646484,
		0.4805229604244232,
		0.0029376994352787733
	],
	"right_hip": [
		0.37705087661743164,
		1.1907544136047363,
		-0.11148910224437714,
		0.9398127794265747
	],
	"right_knee": [
		0.38209766149520874,
		1.6446113586425781,
		-0.07643987983465195,
		0.1286434531211853
	],
	"right_ankle": [
		0.39228174090385437,
		2.091407299041748,
		0.11571650207042694,
		0.023381762206554413
	],
	"left_shoulder": [
		0.5185544490814209,
		0.5281669497489929,
		0.1724853813648224,
		0.9998103976249695
	],
	"left_elbow": [
		0.6790815591812134,
		0.5143892765045166,
		0.17688517272472382,
		0.9976104497909546
	],
	"left_wrist": [
		0.8130208253860474,
		0.4681657552719116,
		0.032346393913030624,
		0.9984732866287231
	],
	"right_shoulder": [
		0.33127787709236145,
		0.5022677183151245,
		-0.3551335036754608,
		0.9998589754104614
	],
	"right_elbow": [
		0.255089670419693,
		0.38714542984962463,
		-0.9126192927360535,
		0.9996960163116455
	],
	"right_wrist": [
		0.43154996633529663,
		0.4147235155105591,
		-1.1956437826156616,
		0.9972412586212158
	],
	"nose": [
		0.4846798777580261,
		0.3246473968029022,
		-0.36069363355636597,
		0.9999647736549377
	],
	"left_eye": [
		0.47466129064559937,
		0.2775225341320038,
		-0.3060643970966339,
		0.9999414682388306
	],
	"right_eye": [
		0.4530969262123108,
		0.2848408818244934,
		-0.35124701261520386,
		0.9999755024909973
	],
	"left_ear": [
		0.45032215118408203,
		0.2921183705329895,
		-0.021796464920043945,
		0.9999728798866272
	],
	"right_ear": [
		0.414381742477417,
		0.3076360523700714,
		-0.22372274100780487,
		0.9999907612800598
	]
}