{
	"left_hip": [
		0.505637526512146,
		1.1712040901184082,
		0.11236248165369034,
		0.9495319724082947
	],
	"left_knee": [
		0.5196638703346252,
		1.6331862211227417,
		0.16813787817955017,
		0.031544554978609085
	],
	"left_ankle": [
		0.5224543809890747,
		2.0593345165252686,
		0.48496612906455994,
		0.002965902676805854
	],
	"right_hip": [
		0.3767087161540985,
		1.1906074285507202,
		-0.11151555925607681,
		0.9433466792106628
	],
	"right_knee": [
		0.3819723427295685,
		1.6446239948272705,
		-0.0767778679728508,
		0.12907709181308746
	],
	"right_ankle": [
		0.39104825258255005,
		2.09161114692688,
		0.11829374730587006,
		0.022469686344265938
	],
	"left_shoulder": [
		0.5183077454566956,
		0.5283390283584595,
		0.17828689515590668,
		0.9998216032981873
	],
	"left_elbow": [
		0.679148256778717,
		0.5190517902374268,
		0.18313995003700256,
		0.9975726008415222
	],
	"left_wrist": [
		0.8129822611808777,
		0.46985360980033875,
		0.031507350504398346,
		0.9984761476516724
	],
	"right_shoulder": [
		0.3312569260597229,
		0.5010329484939575,
		-0.3568653166294098,
		0.9998732805252075
	],
	"right_elbow": [
		0.25560396909713745,
		0.3872624933719635,
		-0.9095870852470398,
		0.999718427658081
	],
	"right_wrist": [
		0.43289175629615784,
		0.4166269302368164,
		-1.1809748411178589,
		0.9972999095916748
	],
	"nose": [
		0.48463502526283264,
		0.32458963990211487,
		-0.3551349341869354,
		0.9999693036079407
	],
	"left_eye": [
		0.47471165657043457,
		0.2774904668331146,
		-0.3011379539966583,
		0.999949038028717
	],
	"right_eye": [
		0.4531400203704834,
		0.28455594182014465,
		-0.3473653793334961,
		0.99997878074646
	],
	"left_ear": [
		0.45050230622291565,
		0.2919819951057434,
		-0.018559040501713753,
		0.999976396560669
	],
	"right_ear": [
		0.4143570065498352,
		0.3069819509983063,
		-0.2247612178325653,
		0.9999921321868896
	]
}