{
	"left_hip": [
		0.5080579519271851,
		1.173932433128357,
		0.13158133625984192,
		0.8909781575202942
	],
	"left_knee": [
		0.5301424860954285,
		1.6322064399719238,
		0.25368088483810425,
		0.029785651713609695
	],
	"left_ankle": [
		0.5458439588546753,
		2.0596249103546143,
		0.6352022290229797,
		0.0027740064542740583
	],
	"right_hip": [
		0.38682469725608826,
		1.2056471109390259,
		-0.1306639313697815,
		0.8801234364509583
	],
	"right_knee": [
		0.40654605627059937,
		1.6551027297973633,
		-0.03449875861406326,
		0.12804485857486725
	],
	"right_ankle": [
		0.41406121850013733,
		2.121565818786621,
		0.20726175606250763,
		0.02330096811056137
	],
	"left_shoulder": [
		0.5177805423736572,
		0.5193091630935669,
		0.17714332044124603,
		0.9998412132263184
	],
	"left_elbow": [
		0.6863419413566589,
		0.5093790292739868,
		0.21865364909172058,
		0.9973384737968445
	],
	"left_wrist": [
		0.8274210691452026,
		0.4821680784225464,
		0.06926649063825607,
		0.9986082911491394
	],
	"right_shoulder": [
		0.3303681015968323,
		0.5060939192771912,
		-0.4183584749698639,
		0.9998677372932434
	],
	"right_elbow": [
		0.18878906965255737,
		0.44550028443336487,
		-0.9165459871292114,
		0.9994727969169617
	],
	"right_wrist": [
		0.39516305923461914,
		0.4260861277580261,
		-1.2186088562011719,
		0.9966222643852234
	],
	"nose": [
		0.4904490113258362,
		0.3131897449493408,
		-0.3108674883842468,
		0.9999772310256958
	],
	"left_eye": [
		0.4765864908695221,
		0.2678349018096924,
		-0.25919440388679504,
		0.9999616742134094
	],
	"right_eye": [
		0.4604344964027405,
		0.2748129367828369,
		-0.2995449900627136,
		0.9999836087226868
	],
	"left_ear": [
		0.4501189589500427,
		0.2899959683418274,
		-0.0052814120426774025,
		0.9999822974205017
	],
	"right_ear": [
		0.41760653257369995,
		0.30689293146133423,
		-0.29544752836227417,
		0.9999935626983643
	]
}