{
	"left_hip": [
		0.5015650391578674,
		1.210504174232483,
		0.12216280400753021,
		0.604209303855896
	],
	"left_knee": [
		0.5350488424301147,
		1.715446949005127,
		0.10636571794748306,
		0.026728346943855286
	],
	"left_ankle": [
		0.5497933626174927,
		2.168086290359497,
		0.3963804841041565,
		0.002205355791375041
	],
	"right_hip": [
		0.37469029426574707,
		1.2457505464553833,
		-0.1209825873374939,
		0.5853842496871948
	],
	"right_knee": [
		0.4103543758392334,
		1.7539911270141602,
		-0.1424293965101242,
		0.0932537242770195
	],
	"right_ankle": [
		0.40527111291885376,
		2.253356695175171,
		0.013904104940593243,
		0.017473362386226654
	],
	"left_shoulder": [
		0.513359010219574,
		0.5163924694061279,
		0.2100193053483963,
		0.9998322129249573
	],
	"left_elbow": [
		0.6904536485671997,
		0.5017693042755127,
		0.3002561926841736,
		0.9970576763153076
	],
	"left_wrist": [
		0.8365804553031921,
		0.5286083221435547,
		0.1455388367176056,
		0.9985973834991455
	],
	"right_shoulder": [
		0.3038073480129242,
		0.5537269115447998,
		-0.349357545375824,
		0.9998180270195007
	],
	"right_elbow": [
		0.12279381603002548,
		0.6290827989578247,
		-0.7612895965576172,
		0.9984027743339539
	],
	"right_wrist": [
		0.2879970371723175,
		0.4302639365196228,
		-1.0577223300933838,
		0.9957018494606018
	],
	"nose": [
		0.5055286884307861,
		0.30195313692092896,
		-0.22301295399665833,
		0.9999836683273315
	],
	"left_eye": [
		0.4872764050960541,
		0.2582511603832245,
		-0.1696859747171402,
		0.9999688267707825
	],
	"right_eye": [
		0.47845348715782166,
		0.2628193795681,
		-0.23663420975208282,
		0.9999869465827942
	],
	"left_ear": [
		0.45075759291648865,
		0.2878290116786957,
		0.05036749318242073,
		0.9999837875366211
	],
	"right_ear": [
		0.4305787682533264,
		0.30269894003868103,
		-0.2462640106678009,
		0.9999938011169434
	]
}