{
	"left_hip": [
		0.49997419118881226,
		1.1972663402557373,
		0.10666903108358383,
		0.5724604725837708
	],
	"left_knee": [
		0.5338503122329712,
		1.702690601348877,
		0.07099160552024841,
		0.019265811890363693
	],
	"left_ankle": [
		0.5365280508995056,
		2.1579627990722656,
		0.34337514638900757,
		0.0012676368933171034
	],
	"right_hip": [
		0.366019070148468,
		1.2384291887283325,
		-0.10566423833370209,
		0.5357380509376526
	],
	"right_knee": [
		0.38911181688308716,
		1.7365585565567017,
		-0.149168461561203,
		0.05673708766698837
	],
	"right_ankle": [
		0.3906959295272827,
		2.2269716262817383,
		-0.0030816884245723486,
		0.010036506690084934
	],
	"left_shoulder": [
		0.5036115646362305,
		0.5156255960464478,
		0.1516396701335907,
		0.9998733401298523
	],
	"left_elbow": [
		0.6814385652542114,
		0.5074086785316467,
		0.2478070706129074,
		0.9980427622795105
	],
	"left_wrist": [
		0.8029076457023621,
		0.5277811884880066,
		0.10434224456548691,
		0.9991012811660767
	],
	"right_shoulder": [
		0.2957252860069275,
		0.552470326423645,
		-0.3859522342681885,
		0.9998451471328735
	],
	"right_elbow": [
		0.11784585565328598,
		0.610604465007782,
		-0.8509140014648438,
		0.9986259341239929
	],
	"right_wrist": [
		0.2554910480976105,
		0.4261333644390106,
		-1.2273153066635132,
		0.9971133470535278
	],
	"nose": [
		0.5036917924880981,
		0.30723708868026733,
		-0.27800729870796204,
		0.9999819397926331
	],
	"left_eye": [
		0.4872201085090637,
		0.26344579458236694,
		-0.22551985085010529,
		0.9999629855155945
	],
	"right_eye": [
		0.4780753552913666,
		0.26661330461502075,
		-0.29573631286621094,
		0.9999846816062927
	],
	"left_ear": [
		0.45028287172317505,
		0.2901551425457001,
		0.005822370760142803,
		0.9999791383743286
	],
	"right_ear": [
		0.4302491247653961,
		0.3024902641773224,
		-0.3080385625362396,
		0.9999914765357971
	]
}