{
	"left_hip": [
		0.5005089044570923,
		1.1868960857391357,
		0.11629696935415268,
		0.5494512915611267
	],
	"left_knee": [
		0.5392104387283325,
		1.698708176612854,
		0.09175333380699158,
		0.01887938752770424
	],
	"left_ankle": [
		0.5487478971481323,
		2.1493325233459473,
		0.3902372717857361,
		0.0010603643022477627
	],
	"right_hip": [
		0.3690387010574341,
		1.2326728105545044,
		-0.11533914506435394,
		0.4923096299171448
	],
	"right_knee": [
		0.3961457312107086,
		1.7304435968399048,
		-0.14879390597343445,
		0.04690764471888542
	],
	"right_ankle": [
		0.4004780352115631,
		2.220879554748535,
		0.03326499089598656,
		0.008383247070014477
	],
	"left_shoulder": [
		0.505556583404541,
		0.5167394280433655,
		0.15344427525997162,
		0.9998907446861267
	],
	"left_elbow": [
		0.6876309514045715,
		0.5131977796554565,
		0.24863019585609436,
		0.9983313083648682
	],
	"left_wrist": [
		0.806449294090271,
		0.5367040038108826,
		0.08996529877185822,
		0.9992024898529053
	],
	"right_shoulder": [
		0.29836800694465637,
		0.551622211933136,
		-0.4042360782623291,
		0.9997931718826294
	],
	"right_elbow": [
		0.119423508644104,
		0.6062462329864502,
		-0.8706253170967102,
		0.9981735944747925
	],
	"right_wrist": [
		0.2547895312309265,
		0.4261394739151001,
		-1.2358258962631226,
		0.9967668652534485
	],
	"nose": [
		0.5031436085700989,
		0.30711135268211365,
		-0.28529101610183716,
		0.9999793171882629
	],
	"left_eye": [
		0.48610299825668335,
		0.2633170187473297,
		-0.2307688295841217,
		0.9999591112136841
	],
	"right_eye": [
		0.4779822826385498,
		0.26658982038497925,
		-0.3051707446575165,
		0.9999818801879883
	],
	"left_ear": [
		0.44900375604629517,
		0.2898002862930298,
		0.00527208624407649,
		0.999977171421051
	],
	"right_ear": [
		0.4312317371368408,
		0.30129581689834595,
		-0.32386669516563416,
		0.9999886751174927
	]
}