{
	"left_hip": [
		0.4986781179904938,
		1.1755623817443848,
		0.11085784435272217,
		0.5697797536849976
	],
	"left_knee": [
		0.5363337993621826,
		1.6786190271377563,
		0.11322705447673798,
		0.01705378293991089
	],
	"left_ankle": [
		0.5455065369606018,
		2.1284537315368652,
		0.4461158215999603,
		0.0009234151802957058
	],
	"right_hip": [
		0.36743834614753723,
		1.225401759147644,
		-0.10999010503292084,
		0.5053535103797913
	],
	"right_knee": [
		0.39124634861946106,
		1.7108098268508911,
		-0.10972364991903305,
		0.04126390069723129
	],
	"right_ankle": [
		0.3992259204387665,
		2.194397211074829,
		0.09655413776636124,
		0.007403134368360043
	],
	"left_shoulder": [
		0.5055280923843384,
		0.5146110653877258,
		0.13343802094459534,
		0.9998965859413147
	],
	"left_elbow": [
		0.6873819828033447,
		0.512759804725647,
		0.2493789941072464,
		0.9984667301177979
	],
	"left_wrist": [
		0.8021208643913269,
		0.5371249914169312,
		0.13620001077651978,
		0.9992704391479492
	],
	"right_shoulder": [
		0.2950415015220642,
		0.5431456565856934,
		-0.4069620668888092,
		0.9997965097427368
	],
	"right_elbow": [
		0.11850380897521973,
		0.6039826273918152,
		-0.8727884292602539,
		0.9982801675796509
	],
	"right_wrist": [
		0.2558034360408783,
		0.426171213388443,
		-1.254834532737732,
		0.997086226940155
	],
	"nose": [
		0.5027798414230347,
		0.3071706295013428,
		-0.2976686358451843,
		0.9999757409095764
	],
	"left_eye": [
		0.48548704385757446,
		0.26330918073654175,
		-0.24511954188346863,
		0.9999526739120483
	],
	"right_eye": [
		0.4777854084968567,
		0.2665286362171173,
		-0.31669721007347107,
		0.9999793767929077
	],
	"left_ear": [
		0.4484833776950836,
		0.2895452380180359,
		-0.012165436521172523,
		0.9999736547470093
	],
	"right_ear": [
		0.43099895119667053,
		0.3003056049346924,
		-0.3311900198459625,
		0.9999871850013733
	]
}