{
	"left_hip": [
		0.49889296293258667,
		1.1760070323944092,
		0.10977895557880402,
		0.5821501612663269
	],
	"left_knee": [
		0.5363128781318665,
		1.6788392066955566,
		0.1147291511297226,
		0.0165951419621706
	],
	"left_ankle": [
		0.5453428626060486,
		2.128565788269043,
		0.4384738802909851,
		0.0008797455811873078
	],
	"right_hip": [
		0.36747807264328003,
		1.2258375883102417,
		-0.10893172025680542,
		0.5178481340408325
	],
	"right_knee": [
		0.3912278711795807,
		1.71180260181427,
		-0.10707050561904907,
		0.039782457053661346
	],
	"right_ankle": [
		0.3990720808506012,
		2.1956546306610107,
		0.08574658632278442,
		0.007136977277696133
	],
	"left_shoulder": [
		0.5062115788459778,
		0.5140323638916016,
		0.13976624608039856,
		0.9998990297317505
	],
	"left_elbow": [
		0.6877850890159607,
		0.5127395391464233,
		0.27404218912124634,
		0.9985302686691284
	],
	"left_wrist": [
		0.8027209043502808,
		0.5463749766349792,
		0.1808563768863678,
		0.9992989301681519
	],
	"right_shoulder": [
		0.2943353056907654,
		0.5401581525802612,
		-0.407938152551651,
		0.9998044371604919
	],
	"right_elbow": [
		0.11810678243637085,
		0.6011199355125427,
		-0.8687200546264648,
		0.998365044593811
	],
	"right_wrist": [
		0.2569616436958313,
		0.4206593632698059,
		-1.2410905361175537,
		0.9972577095031738
	],
	"nose": [
		0.5026361346244812,
		0.30680766701698303,
		-0.29362252354621887,
		0.9999758005142212
	],
	"left_eye": [
		0.4852866530418396,
		0.2628028094768524,
		-0.24054527282714844,
		0.9999521970748901
	],
	"right_eye": [
		0.4771791398525238,
		0.2660113275051117,
		-0.31163567304611206,
		0.9999794363975525
	],
	"left_ear": [
		0.448458731174469,
		0.2891635596752167,
		-0.008830314502120018,
		0.9999733567237854
	],
	"right_ear": [
		0.43003416061401367,
		0.29986801743507385,
		-0.3282703459262848,
		0.9999871253967285
	]
}