{
	"left_hip": [
		0.49935364723205566,
		1.1734102964401245,
		0.09634377062320709,
		0.6223230957984924
	],
	"left_knee": [
		0.5328429937362671,
		1.6731070280075073,
		0.11725809425115585,
		0.016084007918834686
	],
	"left_ankle": [
		0.54079669713974,
		2.1276180744171143,
		0.4398670792579651,
		0.0008002177346497774
	],
	"right_hip": [
		0.3663967549800873,
		1.2233057022094727,
		-0.09542205929756165,
		0.5556799173355103
	],
	"right_knee": [
		0.3892109990119934,
		1.7115567922592163,
		-0.08803070336580276,
		0.035940319299697876
	],
	"right_ankle": [
		0.39678677916526794,
		2.197972059249878,
		0.10871303081512451,
		0.006479550618678331
	],
	"left_shoulder": [
		0.5073295831680298,
		0.5091826319694519,
		0.11331392824649811,
		0.9999136924743652
	],
	"left_elbow": [
		0.686348021030426,
		0.5110677480697632,
		0.24437406659126282,
		0.9987298846244812
	],
	"left_wrist": [
		0.7911292314529419,
		0.5569819211959839,
		0.1426330804824829,
		0.9993487000465393
	],
	"right_shoulder": [
		0.29334527254104614,
		0.5373167991638184,
		-0.39695024490356445,
		0.9998295903205872
	],
	"right_elbow": [
		0.11838853359222412,
		0.5932502150535583,
		-0.8476213216781616,
		0.9986087679862976
	],
	"right_wrist": [
		0.25910699367523193,
		0.41758278012275696,
		-1.2005963325500488,
		0.9976567625999451
	],
	"nose": [
		0.5010781288146973,
		0.3082776665687561,
		-0.3084399104118347,
		0.9999755620956421
	],
	"left_eye": [
		0.48434895277023315,
		0.26387718319892883,
		-0.25838741660118103,
		0.9999493360519409
	],
	"right_eye": [
		0.47530436515808105,
		0.2665368318557739,
		-0.3253251314163208,
		0.99997878074646
	],
	"left_ear": [
		0.4479798376560211,
		0.2900688648223877,
		-0.026318978518247604,
		0.9999711513519287
	],
	"right_ear": [
		0.42773646116256714,
		0.2996184825897217,
		-0.32803767919540405,
		0.9999859929084778
	]
}