{
	"left_hip": [
		0.5000946521759033,
		1.1800163984298706,
		0.09016437083482742,
		0.6222684979438782
	],
	"left_knee": [
		0.5287560224533081,
		1.6875828504562378,
		0.12962274253368378,
		0.011913459748029709
	],
	"left_ankle": [
		0.5396271347999573,
		2.152449131011963,
		0.46409305930137634,
		0.0005520083359442651
	],
	"right_hip": [
		0.36093688011169434,
		1.2255682945251465,
		-0.0890764445066452,
		0.5675970911979675
	],
	"right_knee": [
		0.38733381032943726,
		1.727126955986023,
		-0.07824669778347015,
		0.024725429713726044
	],
	"right_ankle": [
		0.39821529388427734,
		2.220285177230835,
		0.12280639261007309,
		0.004177648574113846
	],
	"left_shoulder": [
		0.5079678893089294,
		0.509276270866394,
		0.09198322147130966,
		0.9999210834503174
	],
	"left_elbow": [
		0.68030846118927,
		0.5247063636779785,
		0.23025651276111603,
		0.9986670613288879
	],
	"left_wrist": [
		0.7812970876693726,
		0.5421294569969177,
		0.14996254444122314,
		0.9991061091423035
	],
	"right_shoulder": [
		0.29212820529937744,
		0.5374796390533447,
		-0.39909037947654724,
		0.9998859763145447
	],
	"right_elbow": [
		0.11607952415943146,
		0.5818737745285034,
		-0.8127809762954712,
		0.99882972240448
	],
	"right_wrist": [
		0.2570648789405823,
		0.4176328480243683,
		-1.1042455434799194,
		0.9975723028182983
	],
	"nose": [
		0.49697741866111755,
		0.31008198857307434,
		-0.34084901213645935,
		0.9999810457229614
	],
	"left_eye": [
		0.4811227321624756,
		0.265328973531723,
		-0.2909630239009857,
		0.9999588131904602
	],
	"right_eye": [
		0.4723745882511139,
		0.2684829533100128,
		-0.3532598912715912,
		0.9999840259552002
	],
	"left_ear": [
		0.4462068974971771,
		0.29254424571990967,
		-0.05725830793380737,
		0.999977171421051
	],
	"right_ear": [
		0.42567190527915955,
		0.30102720856666565,
		-0.33633387088775635,
		0.9999903440475464
	]
}