{
	"left_hip": [
		0.5008692145347595,
		1.180952787399292,
		0.0863119512796402,
		0.587512195110321
	],
	"left_knee": [
		0.533933699131012,
		1.6877793073654175,
		0.1181178092956543,
		0.00814521312713623
	],
	"left_ankle": [
		0.5471766591072083,
		2.159186601638794,
		0.4821566045284271,
		0.00036289377021603286
	],
	"right_hip": [
		0.3577353358268738,
		1.2282642126083374,
		-0.08498047292232513,
		0.5244759917259216
	],
	"right_knee": [
		0.3929457664489746,
		1.7322653532028198,
		-0.08211277425289154,
		0.016877805814146996
	],
	"right_ankle": [
		0.4046795964241028,
		2.2249081134796143,
		0.1362321525812149,
		0.0026893627364188433
	],
	"left_shoulder": [
		0.5052089691162109,
		0.5080476999282837,
		0.10003381967544556,
		0.9999352693557739
	],
	"left_elbow": [
		0.6668416261672974,
		0.5275284051895142,
		0.2787785530090332,
		0.9987524747848511
	],
	"left_wrist": [
		0.7718285322189331,
		0.5517709851264954,
		0.23749613761901855,
		0.9991886019706726
	],
	"right_shoulder": [
		0.29108038544654846,
		0.5357215404510498,
		-0.40177589654922485,
		0.9999082684516907
	],
	"right_elbow": [
		0.11611030250787735,
		0.5691909193992615,
		-0.8033729791641235,
		0.9989550709724426
	],
	"right_wrist": [
		0.2698212265968323,
		0.41691237688064575,
		-1.0622657537460327,
		0.9977536797523499
	],
	"nose": [
		0.49662256240844727,
		0.3103007972240448,
		-0.31490558385849,
		0.9999841451644897
	],
	"left_eye": [
		0.48095378279685974,
		0.26547423005104065,
		-0.27217039465904236,
		0.9999640583992004
	],
	"right_eye": [
		0.47229617834091187,
		0.2685212194919586,
		-0.33659932017326355,
		0.999985933303833
	],
	"left_ear": [
		0.44569888710975647,
		0.29248613119125366,
		-0.0499674528837204,
		0.999980092048645
	],
	"right_ear": [
		0.425429105758667,
		0.3009813725948334,
		-0.3417017459869385,
		0.9999915361404419
	]
}