{
	"left_hip": [
		0.4995740056037903,
		1.1991597414016724,
		0.10170324146747589,
		0.5692332983016968
	],
	"left_knee": [
		0.5304757356643677,
		1.7140523195266724,
		0.16416391730308533,
		0.006978651508688927
	],
	"left_ankle": [
		0.5375627279281616,
		2.1840035915374756,
		0.5413967370986938,
		0.0002933476062025875
	],
	"right_hip": [
		0.3576904237270355,
		1.2396671772003174,
		-0.1002698764204979,
		0.5013895034790039
	],
	"right_knee": [
		0.3881910443305969,
		1.755323052406311,
		-0.07746478915214539,
		0.014651549980044365
	],
	"right_ankle": [
		0.3963988125324249,
		2.252480983734131,
		0.15539208054542542,
		0.0021379413083195686
	],
	"left_shoulder": [
		0.5048235654830933,
		0.5092160105705261,
		0.13036981225013733,
		0.9999412894248962
	],
	"left_elbow": [
		0.6718072295188904,
		0.5237500071525574,
		0.2977014183998108,
		0.9987742304801941
	],
	"left_wrist": [
		0.7755376696586609,
		0.5474596619606018,
		0.24578508734703064,
		0.9992318153381348
	],
	"right_shoulder": [
		0.2909005284309387,
		0.5369911789894104,
		-0.4298136830329895,
		0.9999204277992249
	],
	"right_elbow": [
		0.1160842776298523,
		0.5657724738121033,
		-0.8416882753372192,
		0.9989399313926697
	],
	"right_wrist": [
		0.2739195227622986,
		0.4157797694206238,
		-1.0981171131134033,
		0.9978642463684082
	],
	"nose": [
		0.4965949058532715,
		0.3103153705596924,
		-0.3168784976005554,
		0.9999869465827942
	],
	"left_eye": [
		0.4809519350528717,
		0.2654106020927429,
		-0.2664341926574707,
		0.9999701380729675
	],
	"right_eye": [
		0.47237539291381836,
		0.2685406804084778,
		-0.33701664209365845,
		0.9999882578849792
	],
	"left_ear": [
		0.44565993547439575,
		0.29230254888534546,
		-0.03491494059562683,
		0.9999836087226868
	],
	"right_ear": [
		0.42557477951049805,
		0.300940603017807,
		-0.34665584564208984,
		0.9999930262565613
	]
}