{
	"left_hip": [
		0.5003421306610107,
		1.2041181325912476,
		0.08331011980772018,
		0.5331497192382812
	],
	"left_knee": [
		0.5308856964111328,
		1.7198854684829712,
		0.14416052401065826,
		0.004934093449264765
	],
	"left_ankle": [
		0.5339635610580444,
		2.1924407482147217,
		0.5122607946395874,
		0.00017056673823390156
	],
	"right_hip": [
		0.35769227147102356,
		1.2493857145309448,
		-0.08212454617023468,
		0.4288557469844818
	],
	"right_knee": [
		0.3830784857273102,
		1.7596757411956787,
		-0.06379490345716476,
		0.009459721855819225
	],
	"right_ankle": [
		0.3899765610694885,
		2.251889228820801,
		0.17624333500862122,
		0.0011117266258224845
	],
	"left_shoulder": [
		0.503363311290741,
		0.5186972618103027,
		0.07505855709314346,
		0.999962329864502
	],
	"left_elbow": [
		0.6811767816543579,
		0.5635718107223511,
		0.2347271889448166,
		0.9991214871406555
	],
	"left_wrist": [
		0.8206809163093567,
		0.6263011693954468,
		0.12877969443798065,
		0.9994211792945862
	],
	"right_shoulder": [
		0.28906339406967163,
		0.5423207879066467,
		-0.4286347031593323,
		0.9999244213104248
	],
	"right_elbow": [
		0.10854180157184601,
		0.5632029175758362,
		-0.8912045359611511,
		0.9983455538749695
	],
	"right_wrist": [
		0.2768166959285736,
		0.4198426306247711,
		-1.2709267139434814,
		0.997287929058075
	],
	"nose": [
		0.4966421127319336,
		0.3092411756515503,
		-0.32576984167099,
		0.99998939037323
	],
	"left_eye": [
		0.4806358218193054,
		0.2633320093154907,
		-0.2738025486469269,
		0.999974250793457
	],
	"right_eye": [
		0.4725819528102875,
		0.2670682966709137,
		-0.34049075841903687,
		0.9999885559082031
	],
	"left_ear": [
		0.44513288140296936,
		0.29066184163093567,
		-0.04959778115153313,
		0.9999867081642151
	],
	"right_ear": [
		0.42603588104248047,
		0.29961130023002625,
		-0.34977537393569946,
		0.9999925494194031
	]
}