{
	"left_hip": [
		0.5273978114128113,
		1.2365965843200684,
		0.1295495331287384,
		0.34265536069869995
	],
	"left_knee": [
		0.5546616911888123,
		1.7424081563949585,
		0.12957604229450226,
		0.005183080676943064
	],
	"left_ankle": [
		0.5657702684402466,
		2.2153303623199463,
		0.3810220956802368,
		0.00035940809175372124
	],
	"right_hip": [
		0.413595974445343,
		1.267490267753601,
		-0.12795233726501465,
		0.2931516170501709
	],
	"right_knee": [
		0.4383261203765869,
		1.7929792404174805,
		-0.10374562442302704,
		0.011912013404071331
	],
	"right_ankle": [
		0.4475153386592865,
		2.264136552810669,
		0.05815276503562927,
		0.001309894840233028
	],
	"left_shoulder": [
		0.48422980308532715,
		0.588648796081543,
		0.20708224177360535,
		0.9991296529769897
	],
	"left_elbow": [
		0.5390774011611938,
		0.9012603759765625,
		0.29462283849716187,
		0.7262848615646362
	],
	"left_wrist": [
		0.6197699904441833,
		1.1230289936065674,
		0.1973399817943573,
		0.7527379393577576
	],
	"right_shoulder": [
		0.390703022480011,
		0.5672329068183899,
		-0.41426020860671997,
		0.9997893571853638
	],
	"right_elbow": [
		0.4093128740787506,
		0.9162710905075073,
		-0.46583351492881775,
		0.9146823883056641
	],
	"right_wrist": [
		0.4983866810798645,
		1.2121003866195679,
		-0.48319011926651,
		0.8086739778518677
	],
	"nose": [
		0.56251460313797,
		0.34831342101097107,
		-0.1474199891090393,
		0.9999307990074158
	],
	"left_eye": [
		0.5450480580329895,
		0.30076533555984497,
		-0.11830717325210571,
		0.9999105930328369
	],
	"right_eye": [
		0.5360018014907837,
		0.3037172257900238,
		-0.19147032499313354,
		0.9999350905418396
	],
	"left_ear": [
		0.5072944760322571,
		0.31501689553260803,
		0.03736301138997078,
		0.9999176263809204
	],
	"right_ear": [
		0.48848462104797363,
		0.319548100233078,
		-0.2842367887496948,
		0.9999576807022095
	]
}