{
	"left_hip": [
		0.5249565839767456,
		1.2395830154418945,
		0.15227286517620087,
		0.2597500681877136
	],
	"left_knee": [
		0.5553877353668213,
		1.7293434143066406,
		0.17518654465675354,
		0.004368114750832319
	],
	"left_ankle": [
		0.5755254030227661,
		2.180783271789551,
		0.42215389013290405,
		0.0003265958512201905
	],
	"right_hip": [
		0.414731502532959,
		1.2640005350112915,
		-0.15087665617465973,
		0.22157539427280426
	],
	"right_knee": [
		0.449108362197876,
		1.7677961587905884,
		-0.10977556556463242,
		0.010452259331941605
	],
	"right_ankle": [
		0.45574840903282166,
		2.230250835418701,
		0.07408063113689423,
		0.0011588232591748238
	],
	"left_shoulder": [
		0.4885496497154236,
		0.6022912859916687,
		0.23059220612049103,
		0.9970756769180298
	],
	"left_elbow": [
		0.5356048345565796,
		0.9059446454048157,
		0.2896127700805664,
		0.5607284903526306
	],
	"left_wrist": [
		0.6241762638092041,
		1.1214728355407715,
		0.1651272028684616,
		0.6302965879440308
	],
	"right_shoulder": [
		0.39211952686309814,
		0.5641974806785583,
		-0.4458353519439697,
		0.999463677406311
	],
	"right_elbow": [
		0.40166860818862915,
		0.9400817155838013,
		-0.5245422124862671,
		0.8486891984939575
	],
	"right_wrist": [
		0.48595041036605835,
		1.202752709388733,
		-0.5382653474807739,
		0.719636857509613
	],
	"nose": [
		0.5635676980018616,
		0.3482847213745117,
		-0.15390363335609436,
		0.999779224395752
	],
	"left_eye": [
		0.547120213508606,
		0.2992583215236664,
		-0.12432601302862167,
		0.9997072219848633
	],
	"right_eye": [
		0.5382028222084045,
		0.30243435502052307,
		-0.20225389301776886,
		0.9997825026512146
	],
	"left_ear": [
		0.507989764213562,
		0.31487107276916504,
		0.03321819379925728,
		0.9997019171714783
	],
	"right_ear": [
		0.49223822355270386,
		0.31949305534362793,
		-0.3072318434715271,
		0.9998490214347839
	]
}