{
	"left_hip": [
		0.49959054589271545,
		1.234341025352478,
		0.1747412532567978,
		0.11244826018810272
	],
	"left_knee": [
		0.5238332748413086,
		1.6245841979980469,
		0.19721008837223053,
		0.003685923293232918
	],
	"left_ankle": [
		0.5521999001502991,
		2.0523524284362793,
		0.4254179894924164,
		0.00042199596646241844
	],
	"right_hip": [
		0.41415899991989136,
		1.250374436378479,
		-0.17309632897377014,
		0.09930279850959778
	],
	"right_knee": [
		0.4462607502937317,
		1.6319127082824707,
		-0.14388741552829742,
		0.013573437929153442
	],
	"right_ankle": [
		0.46250438690185547,
		2.0797781944274902,
		0.021781619638204575,
		0.0015807924792170525
	],
	"left_shoulder": [
		0.48880869150161743,
		0.5944273471832275,
		0.2567071318626404,
		0.9911768436431885
	],
	"left_elbow": [
		0.5178014039993286,
		0.8931812047958374,
		0.28827762603759766,
		0.22181709110736847
	],
	"left_wrist": [
		0.5949699282646179,
		1.1010375022888184,
		0.11776082217693329,
		0.34767237305641174
	],
	"right_shoulder": [
		0.3937023878097534,
		0.5513129234313965,
		-0.4538598656654358,
		0.9987470507621765
	],
	"right_elbow": [
		0.4005228579044342,
		0.8850837349891663,
		-0.5285688042640686,
		0.7647879123687744
	],
	"right_wrist": [
		0.4863516390323639,
		1.1743712425231934,
		-0.5299473404884338,
		0.6494213342666626
	],
	"nose": [
		0.5666030645370483,
		0.3465788662433624,
		-0.14184871315956116,
		0.999262273311615
	],
	"left_eye": [
		0.5510491132736206,
		0.2973474860191345,
		-0.11011208593845367,
		0.9990344643592834
	],
	"right_eye": [
		0.5418606996536255,
		0.2997787892818451,
		-0.1879846751689911,
		0.9992956519126892
	],
	"left_ear": [
		0.5120803117752075,
		0.3125755786895752,
		0.04746765270829201,
		0.9989187121391296
	],
	"right_ear": [
		0.4956308901309967,
		0.31598201394081116,
		-0.29996222257614136,
		0.9994933009147644
	]
}