{
	"left_hip": [
		0.5024436116218567,
		1.200900912284851,
		0.18554697930812836,
		0.07127819210290909
	],
	"left_knee": [
		0.5611323714256287,
		1.4753257036209106,
		0.16438451409339905,
		0.008226335979998112
	],
	"left_ankle": [
		0.5697556734085083,
		1.9229497909545898,
		0.3786638379096985,
		0.0011178571730852127
	],
	"right_hip": [
		0.41925349831581116,
		1.2166974544525146,
		-0.1838405281305313,
		0.06483188271522522
	],
	"right_knee": [
		0.4627867341041565,
		1.4970182180404663,
		-0.17891238629817963,
		0.0340735949575901
	],
	"right_ankle": [
		0.48127418756484985,
		1.9614551067352295,
		-0.022323984652757645,
		0.0033487582113593817
	],
	"left_shoulder": [
		0.4909273684024811,
		0.5850238800048828,
		0.2985302805900574,
		0.9898239970207214
	],
	"left_elbow": [
		0.5449692010879517,
		0.8679075837135315,
		0.3495979309082031,
		0.08737726509571075
	],
	"left_wrist": [
		0.6459287405014038,
		1.0415705442428589,
		0.1489286720752716,
		0.20018240809440613
	],
	"right_shoulder": [
		0.3911305069923401,
		0.5311095714569092,
		-0.4332028031349182,
		0.9982118010520935
	],
	"right_elbow": [
		0.4232912063598633,
		0.8712356090545654,
		-0.5273631811141968,
		0.8047235608100891
	],
	"right_wrist": [
		0.5506569743156433,
		1.1146745681762695,
		-0.5319533944129944,
		0.7056325078010559
	],
	"nose": [
		0.5560973882675171,
		0.32637110352516174,
		-0.11196718364953995,
		0.998676061630249
	],
	"left_eye": [
		0.5406178832054138,
		0.2825812101364136,
		-0.07837899029254913,
		0.9980074167251587
	],
	"right_eye": [
		0.5332316160202026,
		0.2853035032749176,
		-0.15903706848621368,
		0.998523473739624
	],
	"left_ear": [
		0.5017820596694946,
		0.30163395404815674,
		0.08520816266536713,
		0.9977588057518005
	],
	"right_ear": [
		0.4870755672454834,
		0.30751359462738037,
		-0.27466580271720886,
		0.9988267421722412
	]
}