{
	"left_hip": [
		0.45077604055404663,
		1.0551420450210571,
		0.20808668434619904,
		0.317216157913208
	],
	"left_knee": [
		0.6001933217048645,
		0.7984666228294373,
		0.19366994500160217,
		0.07278206944465637
	],
	"left_ankle": [
		0.5961061120033264,
		1.027003526687622,
		0.35854819416999817,
		0.030794981867074966
	],
	"right_hip": [
		0.4219357371330261,
		1.0822923183441162,
		-0.20745401084423065,
		0.3235790729522705
	],
	"right_knee": [
		0.5939089059829712,
		0.8721309304237366,
		-0.2770746350288391,
		0.39072689414024353
	],
	"right_ankle": [
		0.5810527205467224,
		1.0641673803329468,
		-0.007717319764196873,
		0.08517947793006897
	],
	"left_shoulder": [
		0.4371042251586914,
		0.5286701321601868,
		0.37657430768013,
		0.9957140684127808
	],
	"left_elbow": [
		0.5189604163169861,
		0.7756791114807129,
		0.4584178924560547,
		0.10908708721399307
	],
	"left_wrist": [
		0.6071299314498901,
		0.8838172554969788,
		0.2788856029510498,
		0.13883768022060394
	],
	"right_shoulder": [
		0.41406455636024475,
		0.5027286410331726,
		-0.35075098276138306,
		0.999177873134613
	],
	"right_elbow": [
		0.519066572189331,
		0.7577625513076782,
		-0.390595018863678,
		0.9484583139419556
	],
	"right_wrist": [
		0.6259118318557739,
		0.8878844976425171,
		-0.1950734406709671,
		0.8628230094909668
	],
	"nose": [
		0.5403257608413696,
		0.3462090790271759,
		0.012439360842108727,
		0.9990875720977783
	],
	"left_eye": [
		0.5239514112472534,
		0.29346463084220886,
		0.0435788668692112,
		0.9988160133361816
	],
	"right_eye": [
		0.5187341570854187,
		0.29647916555404663,
		-0.0333891324698925,
		0.9988990426063538
	],
	"left_ear": [
		0.48321014642715454,
		0.30467718839645386,
		0.18058721721172333,
		0.9988333582878113
	],
	"right_ear": [
		0.4784916043281555,
		0.30899521708488464,
		-0.16052380204200745,
		0.9992200136184692
	]
}