{
	"left_hip": [
		0.45120739936828613,
		1.0481373071670532,
		0.2058926373720169,
		0.335165411233902
	],
	"left_knee": [
		0.6005058288574219,
		0.8026924729347229,
		0.14738216996192932,
		0.07915785908699036
	],
	"left_ankle": [
		0.5961456894874573,
		1.022527813911438,
		0.28309905529022217,
		0.03254905343055725
	],
	"right_hip": [
		0.4190097451210022,
		1.0656160116195679,
		-0.20525376498699188,
		0.33790287375450134
	],
	"right_knee": [
		0.5848941206932068,
		0.8706418871879578,
		-0.3000583052635193,
		0.4080238938331604
	],
	"right_ankle": [
		0.5721268653869629,
		1.0570675134658813,
		-0.10699118673801422,
		0.08997701853513718
	],
	"left_shoulder": [
		0.4381085932254791,
		0.5273692607879639,
		0.4408178925514221,
		0.996089518070221
	],
	"left_elbow": [
		0.5160484313964844,
		0.7743304967880249,
		0.5164610147476196,
		0.11515418440103531
	],
	"left_wrist": [
		0.6043848991394043,
		0.8750073909759521,
		0.3262913227081299,
		0.14241789281368256
	],
	"right_shoulder": [
		0.41382378339767456,
		0.4942800998687744,
		-0.291416734457016,
		0.9992393255233765
	],
	"right_elbow": [
		0.4964831471443176,
		0.7531386613845825,
		-0.3572668433189392,
		0.952695906162262
	],
	"right_wrist": [
		0.6194149255752563,
		0.8703681230545044,
		-0.20228564739227295,
		0.869206428527832
	],
	"nose": [
		0.5406135320663452,
		0.34650057554244995,
		0.08032534271478653,
		0.9991751313209534
	],
	"left_eye": [
		0.5244207382202148,
		0.2938399314880371,
		0.11476044356822968,
		0.9989328384399414
	],
	"right_eye": [
		0.5191965699195862,
		0.29689842462539673,
		0.03813107684254646,
		0.9990014433860779
	],
	"left_ear": [
		0.4833543300628662,
		0.3049197196960449,
		0.2565010190010071,
		0.9989583492279053
	],
	"right_ear": [
		0.4786585867404938,
		0.30912622809410095,
		-0.08339105546474457,
		0.9992963671684265
	]
}