{
	"left_hip": [
		0.4509994387626648,
		1.0475529432296753,
		0.20512966811656952,
		0.34082913398742676
	],
	"left_knee": [
		0.5911173224449158,
		0.8210400938987732,
		0.1571672260761261,
		0.08010486513376236
	],
	"left_ankle": [
		0.5768723487854004,
		1.0268921852111816,
		0.30866914987564087,
		0.0328703410923481
	],
	"right_hip": [
		0.4187370836734772,
		1.0663493871688843,
		-0.20449385046958923,
		0.33848774433135986
	],
	"right_knee": [
		0.583306610584259,
		0.8883819580078125,
		-0.2909546494483948,
		0.4101431965827942
	],
	"right_ankle": [
		0.5528568029403687,
		1.0619066953659058,
		-0.1009734645485878,
		0.09110428392887115
	],
	"left_shoulder": [
		0.4385836720466614,
		0.5229700207710266,
		0.4228190779685974,
		0.9962663650512695
	],
	"left_elbow": [
		0.5181425213813782,
		0.7726113796234131,
		0.5089448690414429,
		0.12338684499263763
	],
	"left_wrist": [
		0.6068287491798401,
		0.8733929991722107,
		0.3110922873020172,
		0.1486949324607849
	],
	"right_shoulder": [
		0.4137743413448334,
		0.4933570623397827,
		-0.296429306268692,
		0.9992501139640808
	],
	"right_elbow": [
		0.5002123713493347,
		0.7466790080070496,
		-0.3608957827091217,
		0.9545130729675293
	],
	"right_wrist": [
		0.6191250681877136,
		0.8712629675865173,
		-0.22749297320842743,
		0.8725951313972473
	],
	"nose": [
		0.5408737659454346,
		0.3463757038116455,
		0.06676377356052399,
		0.9991819262504578
	],
	"left_eye": [
		0.5248399972915649,
		0.29381221532821655,
		0.09860005229711533,
		0.9989372491836548
	],
	"right_eye": [
		0.5196285247802734,
		0.29685068130493164,
		0.02248729206621647,
		0.9990038871765137
	],
	"left_ear": [
		0.48382383584976196,
		0.304769366979599,
		0.23394420742988586,
		0.9989759922027588
	],
	"right_ear": [
		0.47886791825294495,
		0.3089982271194458,
		-0.10273327678442001,
		0.9992966651916504
	]
}