{
	"left_hip": [
		0.45515280961990356,
		1.0263434648513794,
		0.1956581473350525,
		0.3813726603984833
	],
	"left_knee": [
		0.5712030529975891,
		0.9254312515258789,
		0.10550151020288467,
		0.10330820083618164
	],
	"left_ankle": [
		0.544550359249115,
		1.1866356134414673,
		0.24472764134407043,
		0.03513738885521889
	],
	"right_hip": [
		0.40138736367225647,
		1.0363987684249878,
		-0.1948745995759964,
		0.327617347240448
	],
	"right_knee": [
		0.5119355916976929,
		0.9904444813728333,
		-0.30931252241134644,
		0.4352859556674957
	],
	"right_ankle": [
		0.4932478368282318,
		1.20619535446167,
		-0.13797707855701447,
		0.09933101385831833
	],
	"left_shoulder": [
		0.45262041687965393,
		0.5180199146270752,
		0.40672358870506287,
		0.9971458911895752
	],
	"left_elbow": [
		0.5514687299728394,
		0.7371031641960144,
		0.47481203079223633,
		0.24605360627174377
	],
	"left_wrist": [
		0.6464204788208008,
		0.8209763169288635,
		0.25416064262390137,
		0.27325084805488586
	],
	"right_shoulder": [
		0.4079058766365051,
		0.47718188166618347,
		-0.290014386177063,
		0.9992070198059082
	],
	"right_elbow": [
		0.4904267191886902,
		0.6708606481552124,
		-0.42785143852233887,
		0.9676293134689331
	],
	"right_wrist": [
		0.6151386499404907,
		0.7700502276420593,
		-0.36503174901008606,
		0.9046441316604614
	],
	"nose": [
		0.541159987449646,
		0.34453272819519043,
		0.0354398675262928,
		0.9991264939308167
	],
	"left_eye": [
		0.5252981781959534,
		0.29410406947135925,
		0.07006838917732239,
		0.9988338351249695
	],
	"right_eye": [
		0.5204516649246216,
		0.2961151599884033,
		-0.0016465408261865377,
		0.9989100098609924
	],
	"left_ear": [
		0.4846464693546295,
		0.3046463131904602,
		0.23050519824028015,
		0.9989660382270813
	],
	"right_ear": [
		0.4794693887233734,
		0.3072893023490906,
		-0.09051652997732162,
		0.9991762042045593
	]
}