{
	"left_hip": [
		0.4584849774837494,
		1.0181615352630615,
		0.17828550934791565,
		0.38986074924468994
	],
	"left_knee": [
		0.5591252446174622,
		0.8464257717132568,
		0.24074187874794006,
		0.10729146748781204
	],
	"left_ankle": [
		0.7122546434402466,
		0.8671501874923706,
		0.39768677949905396,
		0.040335360914468765
	],
	"right_hip": [
		0.4121890664100647,
		1.0441391468048096,
		-0.17763826251029968,
		0.32600459456443787
	],
	"right_knee": [
		0.5392725467681885,
		0.8538064956665039,
		-0.17725667357444763,
		0.4896358251571655
	],
	"right_ankle": [
		0.6721729636192322,
		0.9126574993133545,
		0.005522249266505241,
		0.11688122898340225
	],
	"left_shoulder": [
		0.46165376901626587,
		0.5253187417984009,
		0.26251649856567383,
		0.9973320960998535
	],
	"left_elbow": [
		0.6157954931259155,
		0.6124565005302429,
		0.3358990550041199,
		0.38965922594070435
	],
	"left_wrist": [
		0.7422109842300415,
		0.6814067959785461,
		0.15793874859809875,
		0.435775488615036
	],
	"right_shoulder": [
		0.4029974937438965,
		0.4698704183101654,
		-0.3164390027523041,
		0.99708491563797
	],
	"right_elbow": [
		0.5290975570678711,
		0.5080426931381226,
		-0.5570446848869324,
		0.947803258895874
	],
	"right_wrist": [
		0.6378113627433777,
		0.5591667890548706,
		-0.5710791945457458,
		0.8581400513648987
	],
	"nose": [
		0.534756600856781,
		0.34019017219543457,
		-0.0688125416636467,
		0.9992427825927734
	],
	"left_eye": [
		0.5205975770950317,
		0.2921055257320404,
		-0.040447037667036057,
		0.9990570545196533
	],
	"right_eye": [
		0.514294445514679,
		0.2936231791973114,
		-0.10284920036792755,
		0.9989028573036194
	],
	"left_ear": [
		0.4802492558956146,
		0.3050057291984558,
		0.1097957044839859,
		0.9992052912712097
	],
	"right_ear": [
		0.4707527756690979,
		0.3077253997325897,
		-0.1742829829454422,
		0.9990471005439758
	]
}