{
	"left_hip": [
		0.461620956659317,
		1.0166501998901367,
		0.18176394701004028,
		0.38134750723838806
	],
	"left_knee": [
		0.5817002058029175,
		0.7846249938011169,
		0.21254579722881317,
		0.09534196555614471
	],
	"left_ankle": [
		0.8182371258735657,
		0.641525387763977,
		0.36144906282424927,
		0.0423264279961586
	],
	"right_hip": [
		0.4171268343925476,
		1.055905818939209,
		-0.1811528205871582,
		0.3342643678188324
	],
	"right_knee": [
		0.5541735887527466,
		0.8327230215072632,
		-0.20997533202171326,
		0.5159755945205688
	],
	"right_ankle": [
		0.7350029945373535,
		0.7491989731788635,
		-0.03197595849633217,
		0.1515645980834961
	],
	"left_shoulder": [
		0.4755520820617676,
		0.5054645538330078,
		0.2298068255186081,
		0.9971588253974915
	],
	"left_elbow": [
		0.6116877794265747,
		0.5355629920959473,
		0.27569103240966797,
		0.4275185763835907
	],
	"left_wrist": [
		0.763167679309845,
		0.5890648365020752,
		0.09843531996011734,
		0.4650617837905884
	],
	"right_shoulder": [
		0.4026665687561035,
		0.4662151634693146,
		-0.35620471835136414,
		0.9967278242111206
	],
	"right_elbow": [
		0.5318579077720642,
		0.45864105224609375,
		-0.6212203502655029,
		0.9466707110404968
	],
	"right_wrist": [
		0.6419687867164612,
		0.4683627486228943,
		-0.6400132179260254,
		0.8351895809173584
	],
	"nose": [
		0.5354512333869934,
		0.33749401569366455,
		-0.11973675340414047,
		0.9993627071380615
	],
	"left_eye": [
		0.5206800699234009,
		0.2913065254688263,
		-0.08875718712806702,
		0.9991850256919861
	],
	"right_eye": [
		0.5154870748519897,
		0.29344141483306885,
		-0.15056703984737396,
		0.9990330338478088
	],
	"left_ear": [
		0.48037272691726685,
		0.3044467270374298,
		0.07589228451251984,
		0.9993038773536682
	],
	"right_ear": [
		0.4752975404262543,
		0.3079342842102051,
		-0.2084769904613495,
		0.9991670846939087
	]
}