{
	"left_hip": [
		0.4794548451900482,
		1.067758321762085,
		0.11100071668624878,
		0.5071544647216797
	],
	"left_knee": [
		0.48056691884994507,
		1.4909404516220093,
		0.1370910108089447,
		0.08278341591358185
	],
	"left_ankle": [
		0.4830004572868347,
		1.8641036748886108,
		0.3744077682495117,
		0.023596027866005898
	],
	"right_hip": [
		0.373258113861084,
		1.086672067642212,
		-0.10994853079319,
		0.40556859970092773
	],
	"right_knee": [
		0.36558109521865845,
		1.504449725151062,
		-0.10084863007068634,
		0.3103773295879364
	],
	"right_ankle": [
		0.36813026666641235,
		1.8914762735366821,
		0.030381029471755028,
		0.08200973272323608
	],
	"left_shoulder": [
		0.4919497072696686,
		0.5097809433937073,
		0.09618834406137466,
		0.9981138110160828
	],
	"left_elbow": [
		0.655520498752594,
		0.4331676661968231,
		0.028663914650678635,
		0.8466178178787231
	],
	"left_wrist": [
		0.8164179921150208,
		0.3625152111053467,
		-0.16045361757278442,
		0.8624122738838196
	],
	"right_shoulder": [
		0.34613320231437683,
		0.4759253263473511,
		-0.39086824655532837,
		0.9913251399993896
	],
	"right_elbow": [
		0.4292755126953125,
		0.30977657437324524,
		-0.8127020001411438,
		0.9661622643470764
	],
	"right_wrist": [
		0.5796720385551453,
		0.2507719099521637,
		-0.8901203274726868,
		0.9137378931045532
	],
	"nose": [
		0.4893311858177185,
		0.34645479917526245,
		-0.31049850583076477,
		0.9993224740028381
	],
	"left_eye": [
		0.48779335618019104,
		0.3050139546394348,
		-0.26391300559043884,
		0.9990935325622559
	],
	"right_eye": [
		0.47618550062179565,
		0.3038219213485718,
		-0.3099672198295593,
		0.9991506934165955
	],
	"left_ear": [
		0.46174874901771545,
		0.31133586168289185,
		-0.032687343657016754,
		0.9994062781333923
	],
	"right_ear": [
		0.4362134337425232,
		0.31478962302207947,
		-0.22264115512371063,
		0.9992899894714355
	]
}