{
	"left_hip": [
		0.4716451168060303,
		1.0727097988128662,
		0.10747867822647095,
		0.6524187922477722
	],
	"left_knee": [
		0.48398980498313904,
		1.4919371604919434,
		0.1357646882534027,
		0.09680820256471634
	],
	"left_ankle": [
		0.48307523131370544,
		1.8700282573699951,
		0.40080851316452026,
		0.01807963289320469
	],
	"right_hip": [
		0.3648224472999573,
		1.0949733257293701,
		-0.1063854843378067,
		0.5555893182754517
	],
	"right_knee": [
		0.35907793045043945,
		1.5077013969421387,
		-0.11113457381725311,
		0.29289209842681885
	],
	"right_ankle": [
		0.3622487485408783,
		1.9100998640060425,
		0.03083687461912632,
		0.0645904690027237
	],
	"left_shoulder": [
		0.49382084608078003,
		0.5141158103942871,
		0.06431351602077484,
		0.9988091588020325
	],
	"left_elbow": [
		0.6613346934318542,
		0.4491017758846283,
		-0.024422423914074898,
		0.9156023859977722
	],
	"left_wrist": [
		0.8122032880783081,
		0.3826594948768616,
		-0.24354997277259827,
		0.9261333346366882
	],
	"right_shoulder": [
		0.33256494998931885,
		0.4746135473251343,
		-0.4552363455295563,
		0.9945082068443298
	],
	"right_elbow": [
		0.3909396529197693,
		0.3569645583629608,
		-0.8992684483528137,
		0.9810956716537476
	],
	"right_wrist": [
		0.5461429357528687,
		0.2628862261772156,
		-1.051552653312683,
		0.9516026973724365
	],
	"nose": [
		0.4748384952545166,
		0.36136287450790405,
		-0.3885226845741272,
		0.9995270371437073
	],
	"left_eye": [
		0.47591668367385864,
		0.31093576550483704,
		-0.3502856194972992,
		0.9993959069252014
	],
	"right_eye": [
		0.46014314889907837,
		0.3092525899410248,
		-0.3958032727241516,
		0.999440610408783
	],
	"left_ear": [
		0.44998055696487427,
		0.31875407695770264,
		-0.0917549803853035,
		0.9996253848075867
	],
	"right_ear": [
		0.414583295583725,
		0.31891000270843506,
		-0.296606183052063,
		0.9995575547218323
	]
}