{
	"left_hip": [
		0.4737127423286438,
		1.077815055847168,
		0.10873842239379883,
		0.6740989089012146
	],
	"left_knee": [
		0.48502200841903687,
		1.493806004524231,
		0.10772992670536041,
		0.09747304022312164
	],
	"left_ankle": [
		0.48358970880508423,
		1.8741967678070068,
		0.353302001953125,
		0.017144447192549706
	],
	"right_hip": [
		0.36537685990333557,
		1.0960384607315063,
		-0.1076606884598732,
		0.5799496173858643
	],
	"right_knee": [
		0.3610244393348694,
		1.5068153142929077,
		-0.13846120238304138,
		0.28755220770835876
	],
	"right_ankle": [
		0.36360499262809753,
		1.9104410409927368,
		-0.008820525370538235,
		0.062188830226659775
	],
	"left_shoulder": [
		0.4935896396636963,
		0.51398766040802,
		0.1411534547805786,
		0.9988881945610046
	],
	"left_elbow": [
		0.6578515768051147,
		0.4532504975795746,
		0.07034235447645187,
		0.9234811067581177
	],
	"left_wrist": [
		0.809923529624939,
		0.38815179467201233,
		-0.15518265962600708,
		0.9334309697151184
	],
	"right_shoulder": [
		0.33136290311813354,
		0.4746088683605194,
		-0.413043349981308,
		0.9948943257331848
	],
	"right_elbow": [
		0.3954625427722931,
		0.3147592842578888,
		-0.8810728192329407,
		0.9828503727912903
	],
	"right_wrist": [
		0.5467638373374939,
		0.26857176423072815,
		-1.050450086593628,
		0.9562262892723083
	],
	"nose": [
		0.4762789309024811,
		0.3600591719150543,
		-0.2861045002937317,
		0.9995567202568054
	],
	"left_eye": [
		0.4766303598880768,
		0.3085533678531647,
		-0.23762521147727966,
		0.9994353652000427
	],
	"right_eye": [
		0.4617973864078522,
		0.30486804246902466,
		-0.29007312655448914,
		0.9994795918464661
	],
	"left_ear": [
		0.450418621301651,
		0.31678515672683716,
		-0.0009945834754034877,
		0.9996519088745117
	],
	"right_ear": [
		0.4165896475315094,
		0.3119536340236664,
		-0.2331990897655487,
		0.9995908737182617
	]
}