{
	"left_hip": [
		0.475952684879303,
		1.1010359525680542,
		0.10807017236948013,
		0.7182929515838623
	],
	"left_knee": [
		0.48846036195755005,
		1.5249004364013672,
		0.11411535739898682,
		0.08303447812795639
	],
	"left_ankle": [
		0.49010419845581055,
		1.9090125560760498,
		0.35503390431404114,
		0.01269607711583376
	],
	"right_hip": [
		0.3660847544670105,
		1.1159871816635132,
		-0.10713867098093033,
		0.6274136900901794
	],
	"right_knee": [
		0.36191147565841675,
		1.5368218421936035,
		-0.09303180873394012,
		0.2389889508485794
	],
	"right_ankle": [
		0.36616405844688416,
		1.9356145858764648,
		0.05566440895199776,
		0.04893451929092407
	],
	"left_shoulder": [
		0.4840022921562195,
		0.5223550796508789,
		0.1850878745317459,
		0.9990869760513306
	],
	"left_elbow": [
		0.6496538519859314,
		0.4619498550891876,
		0.14396649599075317,
		0.946925163269043
	],
	"left_wrist": [
		0.8105613589286804,
		0.41053059697151184,
		-0.027003219351172447,
		0.9558959007263184
	],
	"right_shoulder": [
		0.32805830240249634,
		0.48358699679374695,
		-0.31982338428497314,
		0.9959569573402405
	],
	"right_elbow": [
		0.39065954089164734,
		0.30077531933784485,
		-0.7623404264450073,
		0.987586498260498
	],
	"right_wrist": [
		0.5329172611236572,
		0.3158249258995056,
		-0.9333680868148804,
		0.9695354700088501
	],
	"nose": [
		0.47576913237571716,
		0.3421477973461151,
		-0.18975557386875153,
		0.9996773600578308
	],
	"left_eye": [
		0.47311583161354065,
		0.2903060019016266,
		-0.14324244856834412,
		0.9995929002761841
	],
	"right_eye": [
		0.45969146490097046,
		0.28846508264541626,
		-0.19577458500862122,
		0.9996269941329956
	],
	"left_ear": [
		0.44718021154403687,
		0.303737610578537,
		0.07068638503551483,
		0.9997528791427612
	],
	"right_ear": [
		0.41591519117355347,
		0.29824694991111755,
		-0.1648533195257187,
		0.9997113347053528
	]
}