{
	"left_hip": [
		0.48562121391296387,
		1.087402582168579,
		0.1285703331232071,
		0.6833457350730896
	],
	"left_knee": [
		0.5080847144126892,
		1.5186265707015991,
		0.08744683116674423,
		0.04081512242555618
	],
	"left_ankle": [
		0.5215861797332764,
		1.932919979095459,
		0.29949769377708435,
		0.003963398281484842
	],
	"right_hip": [
		0.37872540950775146,
		1.0888433456420898,
		-0.12741100788116455,
		0.609711766242981
	],
	"right_knee": [
		0.3829497992992401,
		1.5324708223342896,
		-0.13831892609596252,
		0.134714737534523
	],
	"right_ankle": [
		0.3891461193561554,
		1.9772123098373413,
		-0.02754771150648594,
		0.02057555317878723
	],
	"left_shoulder": [
		0.4736559987068176,
		0.52516108751297,
		0.24902132153511047,
		0.9993966817855835
	],
	"left_elbow": [
		0.6375600695610046,
		0.5283341407775879,
		0.24271126091480255,
		0.975467324256897
	],
	"left_wrist": [
		0.8113868832588196,
		0.4865827262401581,
		0.057446785271167755,
		0.9885098338127136
	],
	"right_shoulder": [
		0.3345887064933777,
		0.4552079439163208,
		-0.3059235215187073,
		0.9979809522628784
	],
	"right_elbow": [
		0.3558127284049988,
		0.4928234815597534,
		-0.7129884958267212,
		0.9907473921775818
	],
	"right_wrist": [
		0.48369351029396057,
		0.4700694680213928,
		-0.9151449203491211,
		0.98731529712677
	],
	"nose": [
		0.48812490701675415,
		0.29981571435928345,
		-0.12028591334819794,
		0.9999101758003235
	],
	"left_eye": [
		0.4741385877132416,
		0.2584135830402374,
		-0.07495032995939255,
		0.9998919367790222
	],
	"right_eye": [
		0.4633956551551819,
		0.2617214620113373,
		-0.13708685338497162,
		0.999904215335846
	],
	"left_ear": [
		0.44211071729660034,
		0.27752169966697693,
		0.1289835423231125,
		0.9999361038208008
	],
	"right_ear": [
		0.4238612651824951,
		0.28323987126350403,
		-0.15101829171180725,
		0.9999257326126099
	]
}