{
	"left_hip": [
		0.4875459671020508,
		1.104867696762085,
		0.11106900125741959,
		0.7117570638656616
	],
	"left_knee": [
		0.5051841139793396,
		1.550079345703125,
		0.12172502279281616,
		0.031594324856996536
	],
	"left_ankle": [
		0.503924548625946,
		1.9674057960510254,
		0.379893034696579,
		0.0029087981674820185
	],
	"right_hip": [
		0.37587177753448486,
		1.1239298582077026,
		-0.10971491038799286,
		0.6289442777633667
	],
	"right_knee": [
		0.37485140562057495,
		1.5727806091308594,
		-0.09545351564884186,
		0.10849791020154953
	],
	"right_ankle": [
		0.3782559633255005,
		2.005859613418579,
		0.05203799158334732,
		0.01608077809214592
	],
	"left_shoulder": [
		0.4922772943973541,
		0.5247175693511963,
		0.1783219873905182,
		0.9995676875114441
	],
	"left_elbow": [
		0.6585051417350769,
		0.5212748050689697,
		0.21079286932945251,
		0.9822628498077393
	],
	"left_wrist": [
		0.8182108998298645,
		0.4792802333831787,
		0.07091686129570007,
		0.9921562671661377
	],
	"right_shoulder": [
		0.33439671993255615,
		0.46453407406806946,
		-0.3214866518974304,
		0.9984841346740723
	],
	"right_elbow": [
		0.2827409505844116,
		0.4646992087364197,
		-0.7117623090744019,
		0.9913728833198547
	],
	"right_wrist": [
		0.45161357522010803,
		0.47123560309410095,
		-0.8663546442985535,
		0.988813042640686
	],
	"nose": [
		0.490106999874115,
		0.30094295740127563,
		-0.21176259219646454,
		0.9999389052391052
	],
	"left_eye": [
		0.4753324091434479,
		0.25949424505233765,
		-0.16250666975975037,
		0.9999266862869263
	],
	"right_eye": [
		0.46446555852890015,
		0.26355570554733276,
		-0.2163817435503006,
		0.9999352693557739
	],
	"left_ear": [
		0.4425433576107025,
		0.27961570024490356,
		0.05746917054057121,
		0.9999567866325378
	],
	"right_ear": [
		0.42449575662612915,
		0.2904728353023529,
		-0.1895093321800232,
		0.9999496936798096
	]
}