{
	"left_hip": [
		0.5021867752075195,
		1.1518700122833252,
		0.11345496028661728,
		0.7835060954093933
	],
	"left_knee": [
		0.5152650475502014,
		1.6001172065734863,
		0.16089259088039398,
		0.016764942556619644
	],
	"left_ankle": [
		0.5198432207107544,
		2.0111124515533447,
		0.45434218645095825,
		0.0013066635001450777
	],
	"right_hip": [
		0.38620421290397644,
		1.1784125566482544,
		-0.11246663331985474,
		0.7174519896507263
	],
	"right_knee": [
		0.3867121636867523,
		1.6212456226348877,
		-0.05897129327058792,
		0.0828385055065155
	],
	"right_ankle": [
		0.3916114866733551,
		2.0655081272125244,
		0.12145376205444336,
		0.011025980114936829
	],
	"left_shoulder": [
		0.5056452751159668,
		0.5319740176200867,
		0.191803440451622,
		0.9998304843902588
	],
	"left_elbow": [
		0.6714468598365784,
		0.516496479511261,
		0.20900805294513702,
		0.9933622479438782
	],
	"left_wrist": [
		0.8144637942314148,
		0.4649370312690735,
		0.0703093558549881,
		0.9974807500839233
	],
	"right_shoulder": [
		0.3428029417991638,
		0.4997616112232208,
		-0.31916531920433044,
		0.9994440078735352
	],
	"right_elbow": [
		0.2663055658340454,
		0.3942653238773346,
		-0.8085406422615051,
		0.9957528114318848
	],
	"right_wrist": [
		0.42542654275894165,
		0.4345267117023468,
		-1.051438570022583,
		0.9928023815155029
	],
	"nose": [
		0.49168163537979126,
		0.3077436089515686,
		-0.25596997141838074,
		0.9999815225601196
	],
	"left_eye": [
		0.47709256410598755,
		0.2625848352909088,
		-0.20669977366924286,
		0.9999774694442749
	],
	"right_eye": [
		0.46410101652145386,
		0.2685724198818207,
		-0.2556406855583191,
		0.999980628490448
	],
	"left_ear": [
		0.44512295722961426,
		0.2873743772506714,
		0.03279133886098862,
		0.999987006187439
	],
	"right_ear": [
		0.42378997802734375,
		0.3025461733341217,
		-0.1850559413433075,
		0.9999851584434509
	]
}