{
	"left_hip": [
		0.501486599445343,
		1.160790205001831,
		0.11761635541915894,
		0.8140250444412231
	],
	"left_knee": [
		0.5151820182800293,
		1.6101047992706299,
		0.13276009261608124,
		0.019811639562249184
	],
	"left_ankle": [
		0.5207329392433167,
		2.0289642810821533,
		0.4030277729034424,
		0.0017492937622591853
	],
	"right_hip": [
		0.38587161898612976,
		1.1865214109420776,
		-0.11687630414962769,
		0.7623159885406494
	],
	"right_knee": [
		0.3850005567073822,
		1.6287760734558105,
		-0.09255363792181015,
		0.1052112802863121
	],
	"right_ankle": [
		0.389382004737854,
		2.0833072662353516,
		0.04972776025533676,
		0.019709154963493347
	],
	"left_shoulder": [
		0.5072133541107178,
		0.5316069722175598,
		0.21570193767547607,
		0.9998572468757629
	],
	"left_elbow": [
		0.6719239950180054,
		0.5123770833015442,
		0.20431165397167206,
		0.9952581524848938
	],
	"left_wrist": [
		0.8158020973205566,
		0.46429362893104553,
		0.029344579204916954,
		0.9982791543006897
	],
	"right_shoulder": [
		0.3404465913772583,
		0.5091027021408081,
		-0.30877578258514404,
		0.9995856285095215
	],
	"right_elbow": [
		0.26424136757850647,
		0.3761724829673767,
		-0.8255793452262878,
		0.9970881342887878
	],
	"right_wrist": [
		0.42532387375831604,
		0.4217713475227356,
		-1.0906583070755005,
		0.9941908717155457
	],
	"nose": [
		0.48767390847206116,
		0.31743425130844116,
		-0.24925367534160614,
		0.999987006187439
	],
	"left_eye": [
		0.4752456545829773,
		0.2694132924079895,
		-0.19769293069839478,
		0.9999834299087524
	],
	"right_eye": [
		0.45683813095092773,
		0.27662646770477295,
		-0.246609166264534,
		0.9999867677688599
	],
	"left_ear": [
		0.445046991109848,
		0.28967052698135376,
		0.04869244247674942,
		0.9999908804893494
	],
	"right_ear": [
		0.4148525297641754,
		0.3044469356536865,
		-0.16600479185581207,
		0.9999902844429016
	]
}