{
	"left_hip": [
		0.5012367963790894,
		1.1709944009780884,
		0.11962493509054184,
		0.841322660446167
	],
	"left_knee": [
		0.5115601420402527,
		1.6255484819412231,
		0.13918213546276093,
		0.021101227030158043
	],
	"left_ankle": [
		0.5170598030090332,
		2.0464377403259277,
		0.4198853075504303,
		0.0019017810700461268
	],
	"right_hip": [
		0.385646253824234,
		1.195031762123108,
		-0.11893819272518158,
		0.8023508191108704
	],
	"right_knee": [
		0.3814484477043152,
		1.640990138053894,
		-0.08745922148227692,
		0.11560066789388657
	],
	"right_ankle": [
		0.38612446188926697,
		2.0977747440338135,
		0.07463613897562027,
		0.023575559258461
	],
	"left_shoulder": [
		0.5075598955154419,
		0.5344057679176331,
		0.23111292719841003,
		0.9998692274093628
	],
	"left_elbow": [
		0.6760298013687134,
		0.5149827003479004,
		0.24418935179710388,
		0.9963548183441162
	],
	"left_wrist": [
		0.8148378133773804,
		0.47090840339660645,
		0.06844779849052429,
		0.9987170696258545
	],
	"right_shoulder": [
		0.33901551365852356,
		0.5079845190048218,
		-0.315466970205307,
		0.9996861219406128
	],
	"right_elbow": [
		0.2590603232383728,
		0.3738734722137451,
		-0.7987432479858398,
		0.9979273676872253
	],
	"right_wrist": [
		0.42384639382362366,
		0.41210147738456726,
		-0.9999788999557495,
		0.9951739311218262
	],
	"nose": [
		0.4890676438808441,
		0.3145489990711212,
		-0.2266797572374344,
		0.9999899864196777
	],
	"left_eye": [
		0.47592291235923767,
		0.2663104832172394,
		-0.17494532465934753,
		0.9999866485595703
	],
	"right_eye": [
		0.4586467146873474,
		0.2727501392364502,
		-0.22844985127449036,
		0.9999902844429016
	],
	"left_ear": [
		0.4450584948062897,
		0.28767186403274536,
		0.06535522639751434,
		0.9999931454658508
	],
	"right_ear": [
		0.4159718453884125,
		0.3010231554508209,
		-0.16749940812587738,
		0.9999933242797852
	]
}