{
	"left_hip": [
		0.5009195804595947,
		1.1732640266418457,
		0.1217179074883461,
		0.8511081337928772
	],
	"left_knee": [
		0.5109534859657288,
		1.6274203062057495,
		0.1413082480430603,
		0.023101728409528732
	],
	"left_ankle": [
		0.5167438387870789,
		2.0524392127990723,
		0.41559749841690063,
		0.002006551483646035
	],
	"right_hip": [
		0.3853456676006317,
		1.1964130401611328,
		-0.12103001773357391,
		0.819056510925293
	],
	"right_knee": [
		0.3806336224079132,
		1.6430734395980835,
		-0.08898476511240005,
		0.13018430769443512
	],
	"right_ankle": [
		0.3857160806655884,
		2.105470895767212,
		0.06587672233581543,
		0.026993606239557266
	],
	"left_shoulder": [
		0.5077975988388062,
		0.5369827747344971,
		0.23909732699394226,
		0.9998733997344971
	],
	"left_elbow": [
		0.677950382232666,
		0.5161262154579163,
		0.2573572099208832,
		0.9969693422317505
	],
	"left_wrist": [
		0.8148328065872192,
		0.46215036511421204,
		0.09142811596393585,
		0.9989950656890869
	],
	"right_shoulder": [
		0.33864825963974,
		0.5059056878089905,
		-0.30471792817115784,
		0.999740481376648
	],
	"right_elbow": [
		0.2568947672843933,
		0.3750143051147461,
		-0.7685438394546509,
		0.998380184173584
	],
	"right_wrist": [
		0.42378655076026917,
		0.41105663776397705,
		-0.9656454920768738,
		0.9956567883491516
	],
	"nose": [
		0.49061092734336853,
		0.3082815408706665,
		-0.2190742939710617,
		0.9999924302101135
	],
	"left_eye": [
		0.47698983550071716,
		0.2606746554374695,
		-0.1641952395439148,
		0.9999895095825195
	],
	"right_eye": [
		0.46052122116088867,
		0.2670956254005432,
		-0.2171241044998169,
		0.999992847442627
	],
	"left_ear": [
		0.44576215744018555,
		0.2847082316875458,
		0.08028996735811234,
		0.9999947547912598
	],
	"right_ear": [
		0.41730397939682007,
		0.2981455624103546,
		-0.15926596522331238,
		0.9999953508377075
	]
}