{
	"left_hip": [
		0.5033776760101318,
		1.1775505542755127,
		0.11629337072372437,
		0.8624809980392456
	],
	"left_knee": [
		0.5152236819267273,
		1.639167308807373,
		0.14021216332912445,
		0.02083471231162548
	],
	"left_ankle": [
		0.5200522541999817,
		2.0703561305999756,
		0.41897350549697876,
		0.0017571293283253908
	],
	"right_hip": [
		0.38314491510391235,
		1.2030329704284668,
		-0.11536042392253876,
		0.8345195651054382
	],
	"right_knee": [
		0.3833406865596771,
		1.6591527462005615,
		-0.08388395607471466,
		0.11689145863056183
	],
	"right_ankle": [
		0.3876493275165558,
		2.118668556213379,
		0.07493934780359268,
		0.02226654812693596
	],
	"left_shoulder": [
		0.5111549496650696,
		0.5359228849411011,
		0.21287870407104492,
		0.9998904466629028
	],
	"left_elbow": [
		0.6788309812545776,
		0.5168031454086304,
		0.22035574913024902,
		0.9974183440208435
	],
	"left_wrist": [
		0.8116545677185059,
		0.4728724956512451,
		0.05226249620318413,
		0.9991738200187683
	],
	"right_shoulder": [
		0.3345528841018677,
		0.5058082938194275,
		-0.3013388514518738,
		0.9997926950454712
	],
	"right_elbow": [
		0.2535957098007202,
		0.37733644247055054,
		-0.8072166442871094,
		0.9987401366233826
	],
	"right_wrist": [
		0.42359495162963867,
		0.4118652641773224,
		-1.0389878749847412,
		0.9959697127342224
	],
	"nose": [
		0.48981809616088867,
		0.31254854798316956,
		-0.2615761160850525,
		0.9999942183494568
	],
	"left_eye": [
		0.47657665610313416,
		0.2633608877658844,
		-0.20852172374725342,
		0.9999916553497314
	],
	"right_eye": [
		0.4595188498497009,
		0.2704382538795471,
		-0.25728684663772583,
		0.9999946355819702
	],
	"left_ear": [
		0.44602227210998535,
		0.2855786085128784,
		0.04576913267374039,
		0.9999959468841553
	],
	"right_ear": [
		0.41605010628700256,
		0.2998883128166199,
		-0.17019203305244446,
		0.9999967813491821
	]
}