{
	"left_hip": [
		0.5063910484313965,
		1.180037021636963,
		0.10671336948871613,
		0.8807736039161682
	],
	"left_knee": [
		0.5193706750869751,
		1.6559674739837646,
		0.12798282504081726,
		0.015793204307556152
	],
	"left_ankle": [
		0.520742654800415,
		2.094677448272705,
		0.41184037923812866,
		0.001174535253085196
	],
	"right_hip": [
		0.37972623109817505,
		1.2059473991394043,
		-0.1055602878332138,
		0.8605771064758301
	],
	"right_knee": [
		0.3846655786037445,
		1.6768490076065063,
		-0.08682110905647278,
		0.07392618060112
	],
	"right_ankle": [
		0.38671669363975525,
		2.1365315914154053,
		0.08091355860233307,
		0.011346758343279362
	],
	"left_shoulder": [
		0.5138009190559387,
		0.5316773056983948,
		0.19142313301563263,
		0.9999200701713562
	],
	"left_elbow": [
		0.6782625317573547,
		0.5174331068992615,
		0.20399196445941925,
		0.9979733824729919
	],
	"left_wrist": [
		0.8113609552383423,
		0.4737986922264099,
		0.06260412186384201,
		0.9992647171020508
	],
	"right_shoulder": [
		0.3316780626773834,
		0.506456196308136,
		-0.3077044188976288,
		0.9998846054077148
	],
	"right_elbow": [
		0.24749931693077087,
		0.3774157762527466,
		-0.7974061369895935,
		0.9992625713348389
	],
	"right_wrist": [
		0.42589789628982544,
		0.40665003657341003,
		-1.0027767419815063,
		0.9963930249214172
	],
	"nose": [
		0.48498445749282837,
		0.3202069401741028,
		-0.29559871554374695,
		0.9999961853027344
	],
	"left_eye": [
		0.4729998707771301,
		0.27100294828414917,
		-0.24525406956672668,
		0.9999940395355225
	],
	"right_eye": [
		0.4520636200904846,
		0.2782879173755646,
		-0.28942471742630005,
		0.9999966025352478
	],
	"left_ear": [
		0.4454868733882904,
		0.2887227237224579,
		0.01068397331982851,
		0.9999971985816956
	],
	"right_ear": [
		0.41015785932540894,
		0.3009767234325409,
		-0.1852695494890213,
		0.9999983310699463
	]
}