{
	"left_hip": [
		0.5067076683044434,
		1.1804978847503662,
		0.10658059269189835,
		0.8750686049461365
	],
	"left_knee": [
		0.5193614959716797,
		1.6576695442199707,
		0.12850722670555115,
		0.015245362184941769
	],
	"left_ankle": [
		0.5199934244155884,
		2.0974795818328857,
		0.41264477372169495,
		0.0011232527904212475
	],
	"right_hip": [
		0.3796701729297638,
		1.2063217163085938,
		-0.10541169345378876,
		0.8550069332122803
	],
	"right_knee": [
		0.3843102753162384,
		1.6793276071548462,
		-0.08721299469470978,
		0.07061498612165451
	],
	"right_ankle": [
		0.3852344751358032,
		2.140195846557617,
		0.07999562472105026,
		0.0106417341157794
	],
	"left_shoulder": [
		0.51402747631073,
		0.5316572785377502,
		0.1911786049604416,
		0.9999208450317383
	],
	"left_elbow": [
		0.6782780289649963,
		0.5174874663352966,
		0.20420587062835693,
		0.9979496598243713
	],
	"left_wrist": [
		0.8118173480033875,
		0.47379207611083984,
		0.06372746080160141,
		0.9992544054985046
	],
	"right_shoulder": [
		0.33165788650512695,
		0.5069011449813843,
		-0.30709344148635864,
		0.9998887181282043
	],
	"right_elbow": [
		0.2468622475862503,
		0.3775169849395752,
		-0.7867139577865601,
		0.9992722868919373
	],
	"right_wrist": [
		0.42640843987464905,
		0.40655967593193054,
		-0.9727641344070435,
		0.9963459968566895
	],
	"nose": [
		0.48496514558792114,
		0.32040920853614807,
		-0.295976847410202,
		0.9999963045120239
	],
	"left_eye": [
		0.4729771614074707,
		0.2713189125061035,
		-0.24605710804462433,
		0.9999942183494568
	],
	"right_eye": [
		0.45195674896240234,
		0.27861008048057556,
		-0.28958454728126526,
		0.9999967217445374
	],
	"left_ear": [
		0.44547876715660095,
		0.2889321446418762,
		0.009201635606586933,
		0.9999972581863403
	],
	"right_ear": [
		0.41006264090538025,
		0.3010924160480499,
		-0.18516269326210022,
		0.9999983906745911
	]
}