{
	"left_hip": [
		0.5058566927909851,
		1.180955171585083,
		0.1108236089348793,
		0.8723834753036499
	],
	"left_knee": [
		0.5167431831359863,
		1.6565675735473633,
		0.13138307631015778,
		0.013652616180479527
	],
	"left_ankle": [
		0.5144923329353333,
		2.093271017074585,
		0.4075859487056732,
		0.0009664443205110729
	],
	"right_hip": [
		0.37925079464912415,
		1.2066631317138672,
		-0.10970939695835114,
		0.8559771776199341
	],
	"right_knee": [
		0.3819136619567871,
		1.6788102388381958,
		-0.09223391115665436,
		0.06404291093349457
	],
	"right_ankle": [
		0.38094621896743774,
		2.138763666152954,
		0.0635918527841568,
		0.008421533741056919
	],
	"left_shoulder": [
		0.5136767625808716,
		0.5314704775810242,
		0.20957259833812714,
		0.9999200105667114
	],
	"left_elbow": [
		0.6775530576705933,
		0.5195322632789612,
		0.2197953462600708,
		0.9977676868438721
	],
	"left_wrist": [
		0.8125909566879272,
		0.4760983884334564,
		0.06906730681657791,
		0.9992355108261108
	],
	"right_shoulder": [
		0.3317965865135193,
		0.5078962445259094,
		-0.3002406656742096,
		0.9999089241027832
	],
	"right_elbow": [
		0.2463514357805252,
		0.3785039484500885,
		-0.7685022354125977,
		0.9993382096290588
	],
	"right_wrist": [
		0.43071913719177246,
		0.40877413749694824,
		-0.946153461933136,
		0.9964006543159485
	],
	"nose": [
		0.48460811376571655,
		0.32152611017227173,
		-0.277682363986969,
		0.9999969601631165
	],
	"left_eye": [
		0.47266680002212524,
		0.2727247476577759,
		-0.22856295108795166,
		0.9999951720237732
	],
	"right_eye": [
		0.45126718282699585,
		0.2803215980529785,
		-0.2717786431312561,
		0.9999973773956299
	],
	"left_ear": [
		0.4453972280025482,
		0.29003003239631653,
		0.022302603349089622,
		0.9999977350234985
	],
	"right_ear": [
		0.4096580147743225,
		0.3018638789653778,
		-0.17082494497299194,
		0.9999988675117493
	]
}