{
	"left_hip": [
		0.5057705640792847,
		1.180965781211853,
		0.11111314594745636,
		0.8734940886497498
	],
	"left_knee": [
		0.5166600346565247,
		1.6562788486480713,
		0.13243407011032104,
		0.013540924526751041
	],
	"left_ankle": [
		0.5143995881080627,
		2.092369794845581,
		0.4078754782676697,
		0.0009568232926540077
	],
	"right_hip": [
		0.3792443871498108,
		1.206663966178894,
		-0.11000895500183105,
		0.857464075088501
	],
	"right_knee": [
		0.38187241554260254,
		1.6786222457885742,
		-0.0918608158826828,
		0.06421110779047012
	],
	"right_ankle": [
		0.3809081017971039,
		2.138209581375122,
		0.06380581110715866,
		0.008338584564626217
	],
	"left_shoulder": [
		0.5136333703994751,
		0.5314601063728333,
		0.20994333922863007,
		0.9999196529388428
	],
	"left_elbow": [
		0.677547812461853,
		0.519771933555603,
		0.22068753838539124,
		0.9977477192878723
	],
	"left_wrist": [
		0.8126899003982544,
		0.47634974122047424,
		0.06900006532669067,
		0.9992369413375854
	],
	"right_shoulder": [
		0.3318558633327484,
		0.5079337954521179,
		-0.3000803589820862,
		0.9999101758003235
	],
	"right_elbow": [
		0.2463730126619339,
		0.3785228133201599,
		-0.76726233959198,
		0.9993416666984558
	],
	"right_wrist": [
		0.4310285449028015,
		0.4090707302093506,
		-0.9448192715644836,
		0.9964174628257751
	],
	"nose": [
		0.484600305557251,
		0.32143720984458923,
		-0.27615469694137573,
		0.9999970197677612
	],
	"left_eye": [
		0.47265926003456116,
		0.27261823415756226,
		-0.22697456181049347,
		0.999995231628418
	],
	"right_eye": [
		0.45126327872276306,
		0.2802707552909851,
		-0.27035897970199585,
		0.9999974370002747
	],
	"left_ear": [
		0.44539308547973633,
		0.29004329442977905,
		0.023363476619124413,
		0.9999977946281433
	],
	"right_ear": [
		0.4096519351005554,
		0.30189278721809387,
		-0.17042995989322662,
		0.999998927116394
	]
}