{
	"left_hip": [
		0.5054188966751099,
		1.1814383268356323,
		0.10669238865375519,
		0.8901482224464417
	],
	"left_knee": [
		0.5162855982780457,
		1.655510663986206,
		0.11618459224700928,
		0.012266961857676506
	],
	"left_ankle": [
		0.5133077502250671,
		2.0913140773773193,
		0.3844814896583557,
		0.0008285949006676674
	],
	"right_hip": [
		0.3787273168563843,
		1.2067512273788452,
		-0.10560502856969833,
		0.8771039843559265
	],
	"right_knee": [
		0.380543053150177,
		1.677025318145752,
		-0.09120555222034454,
		0.05685462802648544
	],
	"right_ankle": [
		0.3795936703681946,
		2.1356256008148193,
		0.06458134204149246,
		0.006845622323453426
	],
	"left_shoulder": [
		0.5138375759124756,
		0.531236469745636,
		0.20277312397956848,
		0.9999234080314636
	],
	"left_elbow": [
		0.6786128282546997,
		0.5210762023925781,
		0.20451247692108154,
		0.9979373812675476
	],
	"left_wrist": [
		0.8169728517532349,
		0.4715932011604309,
		0.05034690350294113,
		0.9992756247520447
	],
	"right_shoulder": [
		0.33269834518432617,
		0.5082446336746216,
		-0.29209962487220764,
		0.9999213218688965
	],
	"right_elbow": [
		0.24544493854045868,
		0.38023561239242554,
		-0.7543646693229675,
		0.9994009733200073
	],
	"right_wrist": [
		0.4318768084049225,
		0.41344010829925537,
		-0.9305830001831055,
		0.9964755773544312
	],
	"nose": [
		0.48431462049484253,
		0.3212108612060547,
		-0.27759766578674316,
		0.9999971389770508
	],
	"left_eye": [
		0.47241443395614624,
		0.2722596526145935,
		-0.22860929369926453,
		0.9999954700469971
	],
	"right_eye": [
		0.4510170519351959,
		0.28022119402885437,
		-0.27013617753982544,
		0.9999975562095642
	],
	"left_ear": [
		0.44560712575912476,
		0.289976567029953,
		0.021004842594265938,
		0.9999979734420776
	],
	"right_ear": [
		0.40956753492355347,
		0.302150160074234,
		-0.16603529453277588,
		0.9999989867210388
	]
}