{
	"left_hip": [
		0.5055059194564819,
		1.180643081665039,
		0.10863476991653442,
		0.8843014240264893
	],
	"left_knee": [
		0.5152202248573303,
		1.6554267406463623,
		0.1368495523929596,
		0.01202175673097372
	],
	"left_ankle": [
		0.51134192943573,
		2.091609477996826,
		0.4135451912879944,
		0.0008206051425077021
	],
	"right_hip": [
		0.37880319356918335,
		1.2060930728912354,
		-0.10757170617580414,
		0.8722451329231262
	],
	"right_knee": [
		0.37941214442253113,
		1.6777265071868896,
		-0.08153330534696579,
		0.056947506964206696
	],
	"right_ankle": [
		0.37670376896858215,
		2.1378183364868164,
		0.07666491717100143,
		0.006756949704140425
	],
	"left_shoulder": [
		0.5133997797966003,
		0.5303885340690613,
		0.2080710381269455,
		0.999926745891571
	],
	"left_elbow": [
		0.6762439608573914,
		0.5225652456283569,
		0.22241656482219696,
		0.9979018568992615
	],
	"left_wrist": [
		0.8168169856071472,
		0.4699072241783142,
		0.08195735514163971,
		0.999273955821991
	],
	"right_shoulder": [
		0.3340260684490204,
		0.5077495574951172,
		-0.28561335802078247,
		0.9999279975891113
	],
	"right_elbow": [
		0.2441544085741043,
		0.38111457228660583,
		-0.7203068733215332,
		0.9993976354598999
	],
	"right_wrist": [
		0.4319683909416199,
		0.41486063599586487,
		-0.8521568179130554,
		0.9964320659637451
	],
	"nose": [
		0.48423710465431213,
		0.3211809992790222,
		-0.2707407772541046,
		0.9999974966049194
	],
	"left_eye": [
		0.47203826904296875,
		0.27213045954704285,
		-0.22276103496551514,
		0.9999959468841553
	],
	"right_eye": [
		0.45064395666122437,
		0.2801012694835663,
		-0.2637096047401428,
		0.9999977946281433
	],
	"left_ear": [
		0.44536733627319336,
		0.28989940881729126,
		0.02257613092660904,
		0.9999982118606567
	],
	"right_ear": [
		0.4097275137901306,
		0.30224716663360596,
		-0.16132089495658875,
		0.9999991655349731
	]
}