{
	"left_hip": [
		0.5056406855583191,
		1.1729966402053833,
		0.11118379980325699,
		0.8725959658622742
	],
	"left_knee": [
		0.5162253975868225,
		1.6490708589553833,
		0.1356295645236969,
		0.011952350847423077
	],
	"left_ankle": [
		0.5132167339324951,
		2.0858981609344482,
		0.4116533696651459,
		0.0008261530892923474
	],
	"right_hip": [
		0.3797228932380676,
		1.2005031108856201,
		-0.11019889265298843,
		0.8590859770774841
	],
	"right_knee": [
		0.38020771741867065,
		1.6711792945861816,
		-0.08343714475631714,
		0.057730600237846375
	],
	"right_ankle": [
		0.37705492973327637,
		2.137732744216919,
		0.06889466196298599,
		0.007117369677871466
	],
	"left_shoulder": [
		0.5133671164512634,
		0.525327205657959,
		0.2077617347240448,
		0.9999253153800964
	],
	"left_elbow": [
		0.6782901883125305,
		0.5163360834121704,
		0.1871260106563568,
		0.9979022145271301
	],
	"left_wrist": [
		0.8175736665725708,
		0.4691433012485504,
		-0.012767264619469643,
		0.9992836713790894
	],
	"right_shoulder": [
		0.3340255320072174,
		0.5064377784729004,
		-0.2858760952949524,
		0.9999218583106995
	],
	"right_elbow": [
		0.24343307316303253,
		0.381285160779953,
		-0.7498686909675598,
		0.9993153214454651
	],
	"right_wrist": [
		0.4319678246974945,
		0.41495591402053833,
		-0.9708455204963684,
		0.996242105960846
	],
	"nose": [
		0.4850415289402008,
		0.31671056151390076,
		-0.25643855333328247,
		0.9999972581863403
	],
	"left_eye": [
		0.4721386432647705,
		0.26822787523269653,
		-0.20749635994434357,
		0.9999955892562866
	],
	"right_eye": [
		0.4524669647216797,
		0.2761881947517395,
		-0.25190436840057373,
		0.9999975562095642
	],
	"left_ear": [
		0.44521284103393555,
		0.2890637516975403,
		0.03297107294201851,
		0.9999980330467224
	],
	"right_ear": [
		0.4118027091026306,
		0.301919549703598,
		-0.161088228225708,
		0.9999990463256836
	]
}