{
	"left_hip": [
		0.5016511678695679,
		1.2172048091888428,
		0.10018745809793472,
		0.5174151659011841
	],
	"left_knee": [
		0.5361189246177673,
		1.726101279258728,
		0.08302129060029984,
		0.014614539220929146
	],
	"left_ankle": [
		0.5385950207710266,
		2.193268060684204,
		0.353975772857666,
		0.0007858361350372434
	],
	"right_hip": [
		0.36329030990600586,
		1.255330204963684,
		-0.09903012216091156,
		0.49609190225601196
	],
	"right_knee": [
		0.3947426676750183,
		1.7623506784439087,
		-0.132258802652359,
		0.04411371052265167
	],
	"right_ankle": [
		0.39413875341415405,
		2.2656686305999756,
		-0.001838324824348092,
		0.006407848559319973
	],
	"left_shoulder": [
		0.5066807270050049,
		0.5115569233894348,
		0.15354467928409576,
		0.9998785257339478
	],
	"left_elbow": [
		0.6840571761131287,
		0.49306172132492065,
		0.2535499334335327,
		0.9977253079414368
	],
	"left_wrist": [
		0.8114994168281555,
		0.5195463299751282,
		0.11983798444271088,
		0.9991463422775269
	],
	"right_shoulder": [
		0.2942470908164978,
		0.5555264949798584,
		-0.3398841917514801,
		0.9998253583908081
	],
	"right_elbow": [
		0.11159907281398773,
		0.6257812976837158,
		-0.7453813552856445,
		0.9979161620140076
	],
	"right_wrist": [
		0.2622368037700653,
		0.42841318249702454,
		-1.0650714635849,
		0.995528519153595
	],
	"nose": [
		0.4994797706604004,
		0.31112805008888245,
		-0.27871811389923096,
		0.9999923706054688
	],
	"left_eye": [
		0.48358994722366333,
		0.2675386667251587,
		-0.22608152031898499,
		0.999981164932251
	],
	"right_eye": [
		0.4728211462497711,
		0.2705604135990143,
		-0.28935712575912476,
		0.9999924302101135
	],
	"left_ear": [
		0.4487151503562927,
		0.29221057891845703,
		0.005035134963691235,
		0.9999887943267822
	],
	"right_ear": [
		0.4248431622982025,
		0.3048893213272095,
		-0.26756858825683594,
		0.9999954700469971
	]
}