{
	"left_hip": [
		0.49538612365722656,
		1.1823561191558838,
		0.0923004299402237,
		0.5370777249336243
	],
	"left_knee": [
		0.5290466547012329,
		1.6915271282196045,
		0.09251202642917633,
		0.013882732018828392
	],
	"left_ankle": [
		0.5360844731330872,
		2.156460762023926,
		0.4066649079322815,
		0.0006035224068909883
	],
	"right_hip": [
		0.355966717004776,
		1.2305099964141846,
		-0.09124903380870819,
		0.4899492859840393
	],
	"right_knee": [
		0.3831235468387604,
		1.7310388088226318,
		-0.11594275385141373,
		0.031456369906663895
	],
	"right_ankle": [
		0.38924676179885864,
		2.231877326965332,
		0.07044648379087448,
		0.004535231739282608
	],
	"left_shoulder": [
		0.5060449242591858,
		0.514214813709259,
		0.08964912593364716,
		0.9999156594276428
	],
	"left_elbow": [
		0.6878458261489868,
		0.506094217300415,
		0.19445732235908508,
		0.9985571503639221
	],
	"left_wrist": [
		0.805753231048584,
		0.5329742431640625,
		0.05839867144823074,
		0.9993700981140137
	],
	"right_shoulder": [
		0.2899967432022095,
		0.5470013618469238,
		-0.39682212471961975,
		0.9998608231544495
	],
	"right_elbow": [
		0.11367011070251465,
		0.6118374466896057,
		-0.8501771688461304,
		0.9982808232307434
	],
	"right_wrist": [
		0.2519758343696594,
		0.41969990730285645,
		-1.2424932718276978,
		0.9966978430747986
	],
	"nose": [
		0.4940037131309509,
		0.3102450966835022,
		-0.3318023085594177,
		0.9999882578849792
	],
	"left_eye": [
		0.4799899160861969,
		0.2666752338409424,
		-0.2774008810520172,
		0.9999707937240601
	],
	"right_eye": [
		0.4692710041999817,
		0.2689700424671173,
		-0.3417090177536011,
		0.9999884366989136
	],
	"left_ear": [
		0.44494158029556274,
		0.2917421758174896,
		-0.04287593811750412,
		0.9999834299087524
	],
	"right_ear": [
		0.42006736993789673,
		0.302892804145813,
		-0.3285752236843109,
		0.9999924898147583
	]
}