{
	"left_hip": [
		0.4947684705257416,
		1.1814830303192139,
		0.09274113178253174,
		0.5521976947784424
	],
	"left_knee": [
		0.527366042137146,
		1.6884355545043945,
		0.10037746280431747,
		0.013412143103778362
	],
	"left_ankle": [
		0.5353881120681763,
		2.148209810256958,
		0.4147416949272156,
		0.0005786297842860222
	],
	"right_hip": [
		0.35596734285354614,
		1.2299593687057495,
		-0.091685451567173,
		0.5022078156471252
	],
	"right_knee": [
		0.38169804215431213,
		1.7264968156814575,
		-0.10734349489212036,
		0.03006325475871563
	],
	"right_ankle": [
		0.3888673782348633,
		2.219510078430176,
		0.0816035196185112,
		0.004341877996921539
	],
	"left_shoulder": [
		0.5058664083480835,
		0.5136751532554626,
		0.09923162311315536,
		0.9999192953109741
	],
	"left_elbow": [
		0.687448263168335,
		0.5056999921798706,
		0.205384761095047,
		0.9986461400985718
	],
	"left_wrist": [
		0.805712103843689,
		0.5323290824890137,
		0.07637734711170197,
		0.9994004368782043
	],
	"right_shoulder": [
		0.2890625298023224,
		0.5458891987800598,
		-0.3943198621273041,
		0.9998647570610046
	],
	"right_elbow": [
		0.1137789711356163,
		0.6115133166313171,
		-0.845399022102356,
		0.9983636140823364
	],
	"right_wrist": [
		0.2543051838874817,
		0.4191957116127014,
		-1.221364974975586,
		0.9968916773796082
	],
	"nose": [
		0.4939996600151062,
		0.3102518618106842,
		-0.3243046998977661,
		0.9999876022338867
	],
	"left_eye": [
		0.47997283935546875,
		0.26661211252212524,
		-0.2709594964981079,
		0.9999695420265198
	],
	"right_eye": [
		0.4693058431148529,
		0.2689357399940491,
		-0.3355675935745239,
		0.9999879002571106
	],
	"left_ear": [
		0.4448311924934387,
		0.2917182743549347,
		-0.037572167813777924,
		0.9999827146530151
	],
	"right_ear": [
		0.42025893926620483,
		0.3025628626346588,
		-0.3250262141227722,
		0.9999921917915344
	]
}