{
	"left_hip": [
		0.49342089891433716,
		1.1779948472976685,
		0.09543369710445404,
		0.6293492317199707
	],
	"left_knee": [
		0.5220314264297485,
		1.6807786226272583,
		0.08196805417537689,
		0.012219793163239956
	],
	"left_ankle": [
		0.5265223979949951,
		2.1450555324554443,
		0.3522530198097229,
		0.0004829104000236839
	],
	"right_hip": [
		0.35733914375305176,
		1.2254661321640015,
		-0.09450538456439972,
		0.5705682039260864
	],
	"right_knee": [
		0.3789050281047821,
		1.7155969142913818,
		-0.1279377043247223,
		0.02451263554394245
	],
	"right_ankle": [
		0.38594090938568115,
		2.200839042663574,
		0.014599038287997246,
		0.003465232439339161
	],
	"left_shoulder": [
		0.5035132765769958,
		0.5119609236717224,
		0.11460191011428833,
		0.999929666519165
	],
	"left_elbow": [
		0.6878573894500732,
		0.518760085105896,
		0.23938259482383728,
		0.9989777207374573
	],
	"left_wrist": [
		0.7815824151039124,
		0.5421773195266724,
		0.13495668768882751,
		0.9994021058082581
	],
	"right_shoulder": [
		0.28972893953323364,
		0.5431807637214661,
		-0.38529330492019653,
		0.9998859763145447
	],
	"right_elbow": [
		0.11180510371923447,
		0.6068926453590393,
		-0.8225876688957214,
		0.9988846182823181
	],
	"right_wrist": [
		0.24539434909820557,
		0.41825777292251587,
		-1.170929193496704,
		0.9978703856468201
	],
	"nose": [
		0.4936451315879822,
		0.31160882115364075,
		-0.32021909952163696,
		0.9999790191650391
	],
	"left_eye": [
		0.4795171320438385,
		0.26667147874832153,
		-0.2704882025718689,
		0.9999533295631409
	],
	"right_eye": [
		0.4697469174861908,
		0.2691420316696167,
		-0.33571451902389526,
		0.9999822378158569
	],
	"left_ear": [
		0.44321948289871216,
		0.29219961166381836,
		-0.0397295281291008,
		0.9999732971191406
	],
	"right_ear": [
		0.422419935464859,
		0.30125659704208374,
		-0.3245161771774292,
		0.9999892115592957
	]
}