{
	"left_hip": [
		0.4930884838104248,
		1.1856162548065186,
		0.0897693783044815,
		0.5789995193481445
	],
	"left_knee": [
		0.524173378944397,
		1.6990289688110352,
		0.10393986850976944,
		0.009113430045545101
	],
	"left_ankle": [
		0.5331029295921326,
		2.170778751373291,
		0.4070064127445221,
		0.00033031083876267076
	],
	"right_hip": [
		0.3524642586708069,
		1.2206244468688965,
		-0.0885123461484909,
		0.5217259526252747
	],
	"right_knee": [
		0.38616710901260376,
		1.7297471761703491,
		-0.12193232774734497,
		0.016117822378873825
	],
	"right_ankle": [
		0.3959081768989563,
		2.2294833660125732,
		0.035286519676446915,
		0.001920179813168943
	],
	"left_shoulder": [
		0.4955199360847473,
		0.5083197355270386,
		0.10255070775747299,
		0.9999530911445618
	],
	"left_elbow": [
		0.6689675450325012,
		0.5345379114151001,
		0.23663441836833954,
		0.9991577863693237
	],
	"left_wrist": [
		0.7851468920707703,
		0.5449094176292419,
		0.16392934322357178,
		0.9992491006851196
	],
	"right_shoulder": [
		0.2886654734611511,
		0.5392031073570251,
		-0.40508049726486206,
		0.9999372363090515
	],
	"right_elbow": [
		0.11099018901586533,
		0.5781744718551636,
		-0.8654721975326538,
		0.9990440011024475
	],
	"right_wrist": [
		0.25300198793411255,
		0.4125194251537323,
		-1.2001851797103882,
		0.9977556467056274
	],
	"nose": [
		0.49250632524490356,
		0.3171238899230957,
		-0.31412273645401,
		0.9999855756759644
	],
	"left_eye": [
		0.47867733240127563,
		0.2711404860019684,
		-0.26475149393081665,
		0.9999662041664124
	],
	"right_eye": [
		0.46910610795021057,
		0.2727736532688141,
		-0.3281325697898865,
		0.9999865293502808
	],
	"left_ear": [
		0.44096532464027405,
		0.29532483220100403,
		-0.0400443971157074,
		0.9999820590019226
	],
	"right_ear": [
		0.4215448796749115,
		0.3026284873485565,
		-0.32501617074012756,
		0.9999922513961792
	]
}