{
	"left_hip": [
		0.49274101853370667,
		1.1888971328735352,
		0.08146198838949203,
		0.5899024605751038
	],
	"left_knee": [
		0.5200353264808655,
		1.6983180046081543,
		0.09588625282049179,
		0.009242638945579529
	],
	"left_ankle": [
		0.5249084234237671,
		2.170057773590088,
		0.3907642960548401,
		0.0003202994412276894
	],
	"right_hip": [
		0.35253816843032837,
		1.2245121002197266,
		-0.08015884459018707,
		0.5282544493675232
	],
	"right_knee": [
		0.37946635484695435,
		1.7303342819213867,
		-0.11118184030056,
		0.015633229166269302
	],
	"right_ankle": [
		0.38640865683555603,
		2.2223238945007324,
		0.05664215236902237,
		0.0017916833749040961
	],
	"left_shoulder": [
		0.49573594331741333,
		0.5094447731971741,
		0.07934709638357162,
		0.9999575018882751
	],
	"left_elbow": [
		0.6705573797225952,
		0.5248189568519592,
		0.21290262043476105,
		0.9992485642433167
	],
	"left_wrist": [
		0.7862337231636047,
		0.5403144359588623,
		0.13211503624916077,
		0.9993088841438293
	],
	"right_shoulder": [
		0.2880386412143707,
		0.5383400917053223,
		-0.3914996385574341,
		0.9999402761459351
	],
	"right_elbow": [
		0.11076323688030243,
		0.5746794939041138,
		-0.8281914591789246,
		0.9990219473838806
	],
	"right_wrist": [
		0.25268667936325073,
		0.40924274921417236,
		-1.1728403568267822,
		0.9977438449859619
	],
	"nose": [
		0.4915953576564789,
		0.3163430094718933,
		-0.3077775537967682,
		0.9999861121177673
	],
	"left_eye": [
		0.47757965326309204,
		0.27008867263793945,
		-0.2605128586292267,
		0.9999673962593079
	],
	"right_eye": [
		0.46830064058303833,
		0.2720520496368408,
		-0.3233272135257721,
		0.9999868273735046
	],
	"left_ear": [
		0.440608412027359,
		0.2947325110435486,
		-0.04481017217040062,
		0.9999832510948181
	],
	"right_ear": [
		0.4211580157279968,
		0.3018188774585724,
		-0.32074233889579773,
		0.9999924302101135
	]
}