{
	"left_hip": [
		0.5046108365058899,
		1.2127221822738647,
		0.08856642991304398,
		0.43233785033226013
	],
	"left_knee": [
		0.5313592553138733,
		1.7282757759094238,
		0.15857455134391785,
		0.007769731804728508
	],
	"left_ankle": [
		0.5406204462051392,
		2.2059662342071533,
		0.5158017873764038,
		0.00036389316665008664
	],
	"right_hip": [
		0.3609884977340698,
		1.2537736892700195,
		-0.08704740554094315,
		0.36000874638557434
	],
	"right_knee": [
		0.39826256036758423,
		1.7778278589248657,
		-0.045642465353012085,
		0.0163573008030653
	],
	"right_ankle": [
		0.40136590600013733,
		2.2794086933135986,
		0.15878041088581085,
		0.0014212894020602107
	],
	"left_shoulder": [
		0.4937969148159027,
		0.5430362224578857,
		0.11763930320739746,
		0.9999784827232361
	],
	"left_elbow": [
		0.6131458282470703,
		0.7220485806465149,
		0.38668352365493774,
		0.9980130791664124
	],
	"left_wrist": [
		0.756010890007019,
		0.8779347538948059,
		0.4384276270866394,
		0.9974599480628967
	],
	"right_shoulder": [
		0.287039577960968,
		0.5367627739906311,
		-0.33422166109085083,
		0.9999538064002991
	],
	"right_elbow": [
		0.1263553649187088,
		0.521102786064148,
		-0.7336090207099915,
		0.9989119172096252
	],
	"right_wrist": [
		0.2908259630203247,
		0.38298121094703674,
		-0.9692462682723999,
		0.9974457025527954
	],
	"nose": [
		0.49022403359413147,
		0.3230322599411011,
		-0.35244545340538025,
		0.9999906420707703
	],
	"left_eye": [
		0.477749764919281,
		0.2751319408416748,
		-0.30460888147354126,
		0.9999766945838928
	],
	"right_eye": [
		0.465259313583374,
		0.27639028429985046,
		-0.36825984716415405,
		0.9999879598617554
	],
	"left_ear": [
		0.44961458444595337,
		0.29638034105300903,
		-0.06793911755084991,
		0.9999887943267822
	],
	"right_ear": [
		0.4151138365268707,
		0.30380019545555115,
		-0.3053019940853119,
		0.9999916553497314
	]
}