{
	"left_hip": [
		0.5325381755828857,
		1.2111167907714844,
		0.05416138842701912,
		0.30776500701904297
	],
	"left_knee": [
		0.5639058947563171,
		1.7081822156906128,
		0.020576568320393562,
		0.010718387551605701
	],
	"left_ankle": [
		0.5824490785598755,
		2.1922848224639893,
		0.260688841342926,
		0.0008704610518179834
	],
	"right_hip": [
		0.3946867287158966,
		1.2462931871414185,
		-0.053111106157302856,
		0.3184150457382202
	],
	"right_knee": [
		0.43277931213378906,
		1.7567564249038696,
		-0.10630671679973602,
		0.022895151749253273
	],
	"right_ankle": [
		0.4494107663631439,
		2.247850179672241,
		-0.018286442384123802,
		0.0022954195737838745
	],
	"left_shoulder": [
		0.4850162863731384,
		0.5505240559577942,
		0.17117930948734283,
		0.9988836646080017
	],
	"left_elbow": [
		0.5291428565979004,
		0.7067354321479797,
		0.46572214365005493,
		0.8119445443153381
	],
	"left_wrist": [
		0.5172218084335327,
		0.6185849905014038,
		0.7289806604385376,
		0.6162399053573608
	],
	"right_shoulder": [
		0.32225704193115234,
		0.5306378602981567,
		-0.20741698145866394,
		0.9998868107795715
	],
	"right_elbow": [
		0.15138691663742065,
		0.48979246616363525,
		-0.4243395924568176,
		0.9991171360015869
	],
	"right_wrist": [
		0.32991382479667664,
		0.35852840542793274,
		-0.2498386800289154,
		0.9839872121810913
	],
	"nose": [
		0.49167710542678833,
		0.32555797696113586,
		-0.25587838888168335,
		0.9998980760574341
	],
	"left_eye": [
		0.4845260977745056,
		0.28042012453079224,
		-0.21199174225330353,
		0.9998108148574829
	],
	"right_eye": [
		0.46356290578842163,
		0.2817561626434326,
		-0.26215076446533203,
		0.9999011158943176
	],
	"left_ear": [
		0.46298947930336,
		0.2992965877056122,
		0.02358076721429825,
		0.9998970627784729
	],
	"right_ear": [
		0.4146650731563568,
		0.3082521855831146,
		-0.20254459977149963,
		0.9999668002128601
	]
}