{
	"left_hip": [
		0.4878671169281006,
		1.2270238399505615,
		0.199263334274292,
		0.09673338383436203
	],
	"left_knee": [
		0.5402747392654419,
		1.4387532472610474,
		0.23068936169147491,
		0.008461997844278812
	],
	"left_ankle": [
		0.5442632436752319,
		1.8413364887237549,
		0.46354055404663086,
		0.001022546668536961
	],
	"right_hip": [
		0.41338425874710083,
		1.2572873830795288,
		-0.19751682877540588,
		0.09722692519426346
	],
	"right_knee": [
		0.47771239280700684,
		1.4668183326721191,
		-0.19817368686199188,
		0.03556567803025246
	],
	"right_ankle": [
		0.4699147343635559,
		1.882681131362915,
		-0.012039745226502419,
		0.003154210979118943
	],
	"left_shoulder": [
		0.48094087839126587,
		0.5917919278144836,
		0.28119128942489624,
		0.9899846911430359
	],
	"left_elbow": [
		0.508277416229248,
		0.8997675180435181,
		0.3122240900993347,
		0.19468151032924652
	],
	"left_wrist": [
		0.5961785912513733,
		1.1001049280166626,
		0.12111441791057587,
		0.22396448254585266
	],
	"right_shoulder": [
		0.39275479316711426,
		0.5501199960708618,
		-0.4615703523159027,
		0.9983271360397339
	],
	"right_elbow": [
		0.3973526358604431,
		0.8896440863609314,
		-0.5518189072608948,
		0.7790950536727905
	],
	"right_wrist": [
		0.4906585216522217,
		1.1725959777832031,
		-0.5165825486183167,
		0.6686741709709167
	],
	"nose": [
		0.5591307282447815,
		0.34219974279403687,
		-0.13389484584331512,
		0.9991856813430786
	],
	"left_eye": [
		0.5430861115455627,
		0.2919957935810089,
		-0.09924209862947464,
		0.9988914728164673
	],
	"right_eye": [
		0.534724771976471,
		0.2936687171459198,
		-0.17857696115970612,
		0.999190628528595
	],
	"left_ear": [
		0.503089427947998,
		0.3059008717536926,
		0.0667869970202446,
		0.9988917112350464
	],
	"right_ear": [
		0.4893988072872162,
		0.310893714427948,
		-0.29742422699928284,
		0.999416172504425
	]
}