{
	"left_hip": [
		0.4866028428077698,
		1.225829839706421,
		0.20322993397712708,
		0.09083596616983414
	],
	"left_knee": [
		0.5437494516372681,
		1.4283709526062012,
		0.23774930834770203,
		0.00896035972982645
	],
	"left_ankle": [
		0.5439095497131348,
		1.8297158479690552,
		0.47110623121261597,
		0.0011224877089262009
	],
	"right_hip": [
		0.4134862422943115,
		1.2563197612762451,
		-0.20151536166667938,
		0.09128563851118088
	],
	"right_knee": [
		0.4884980320930481,
		1.4575828313827515,
		-0.2034570872783661,
		0.041557248681783676
	],
	"right_ankle": [
		0.47312837839126587,
		1.8736188411712646,
		-0.012390739284455776,
		0.003500238060951233
	],
	"left_shoulder": [
		0.4799158573150635,
		0.5915138721466064,
		0.28664833307266235,
		0.989629864692688
	],
	"left_elbow": [
		0.5076809525489807,
		0.8991730809211731,
		0.3192610442638397,
		0.1637844294309616
	],
	"left_wrist": [
		0.596771776676178,
		1.1008579730987549,
		0.12406003475189209,
		0.19500668346881866
	],
	"right_shoulder": [
		0.3925813138484955,
		0.5478265881538391,
		-0.46121901273727417,
		0.9982807636260986
	],
	"right_elbow": [
		0.3962947726249695,
		0.8860902190208435,
		-0.5510620474815369,
		0.7812498211860657
	],
	"right_wrist": [
		0.4894736707210541,
		1.175759196281433,
		-0.517924427986145,
		0.6672251224517822
	],
	"nose": [
		0.5587238073348999,
		0.34247246384620667,
		-0.13198426365852356,
		0.9991556406021118
	],
	"left_eye": [
		0.5427407026290894,
		0.2924373149871826,
		-0.09694714844226837,
		0.9988296031951904
	],
	"right_eye": [
		0.5342697501182556,
		0.29409703612327576,
		-0.17647966742515564,
		0.9991462230682373
	],
	"left_ear": [
		0.5029091835021973,
		0.3061668872833252,
		0.07019740343093872,
		0.9988465309143066
	],
	"right_ear": [
		0.4890296459197998,
		0.31122106313705444,
		-0.2909529209136963,
		0.999387264251709
	]
}