{
	"left_hip": [
		0.48521488904953003,
		1.2257412672042847,
		0.20743553340435028,
		0.088081493973732
	],
	"left_knee": [
		0.5475879907608032,
		1.418757677078247,
		0.24744875729084015,
		0.009519741870462894
	],
	"left_ankle": [
		0.5454654693603516,
		1.817302942276001,
		0.48741522431373596,
		0.0012420911807566881
	],
	"right_hip": [
		0.41354626417160034,
		1.2567037343978882,
		-0.205764502286911,
		0.08807383477687836
	],
	"right_knee": [
		0.4977899491786957,
		1.4462151527404785,
		-0.20734961330890656,
		0.04802704229950905
	],
	"right_ankle": [
		0.47874563932418823,
		1.860621452331543,
		-0.0074838497675955296,
		0.003887040074914694
	],
	"left_shoulder": [
		0.47886648774147034,
		0.5913436412811279,
		0.2876441776752472,
		0.9893931746482849
	],
	"left_elbow": [
		0.5067771077156067,
		0.8988003730773926,
		0.32134130597114563,
		0.13851048052310944
	],
	"left_wrist": [
		0.5971531271934509,
		1.1025322675704956,
		0.12548771500587463,
		0.17190545797348022
	],
	"right_shoulder": [
		0.3925011157989502,
		0.5473058223724365,
		-0.4685176908969879,
		0.9982210993766785
	],
	"right_elbow": [
		0.396403968334198,
		0.8836075663566589,
		-0.5555959939956665,
		0.7815959453582764
	],
	"right_wrist": [
		0.49021071195602417,
		1.1809349060058594,
		-0.5195118188858032,
		0.6648747324943542
	],
	"nose": [
		0.5587092638015747,
		0.3421988785266876,
		-0.13394710421562195,
		0.9991123676300049
	],
	"left_eye": [
		0.5426049828529358,
		0.292258083820343,
		-0.09874031692743301,
		0.9987524151802063
	],
	"right_eye": [
		0.5341447591781616,
		0.2939773201942444,
		-0.1783040314912796,
		0.9990854859352112
	],
	"left_ear": [
		0.5027993321418762,
		0.30620577931404114,
		0.06892013549804688,
		0.9987969994544983
	],
	"right_ear": [
		0.4888693392276764,
		0.31126004457473755,
		-0.2915749251842499,
		0.9993496537208557
	]
}