{
	"left_hip": [
		0.48608097434043884,
		1.2002816200256348,
		0.19584760069847107,
		0.07109898328781128
	],
	"left_knee": [
		0.547552764415741,
		1.470112681388855,
		0.20546798408031464,
		0.008797477930784225
	],
	"left_ankle": [
		0.5485008955001831,
		1.8982067108154297,
		0.42579421401023865,
		0.0012345407158136368
	],
	"right_hip": [
		0.41016334295272827,
		1.2278767824172974,
		-0.19422116875648499,
		0.0665377825498581
	],
	"right_knee": [
		0.46337199211120605,
		1.5042903423309326,
		-0.18464906513690948,
		0.04881831631064415
	],
	"right_ankle": [
		0.47290387749671936,
		1.9497014284133911,
		-0.013187567703425884,
		0.004038066137582064
	],
	"left_shoulder": [
		0.4829118251800537,
		0.5827842950820923,
		0.2773321270942688,
		0.9895152449607849
	],
	"left_elbow": [
		0.5332478284835815,
		0.8787605166435242,
		0.3231346309185028,
		0.0834413394331932
	],
	"left_wrist": [
		0.6326423287391663,
		1.0856541395187378,
		0.13512982428073883,
		0.14258603751659393
	],
	"right_shoulder": [
		0.3890696167945862,
		0.5405260324478149,
		-0.4569259583950043,
		0.9980438947677612
	],
	"right_elbow": [
		0.40643224120140076,
		0.8764740824699402,
		-0.5352650880813599,
		0.802749752998352
	],
	"right_wrist": [
		0.49963927268981934,
		1.1575881242752075,
		-0.5102537870407104,
		0.6917361617088318
	],
	"nose": [
		0.5549505949020386,
		0.3310333788394928,
		-0.14217135310173035,
		0.9990199208259583
	],
	"left_eye": [
		0.5376660227775574,
		0.28394588828086853,
		-0.10824228823184967,
		0.9985775351524353
	],
	"right_eye": [
		0.5287847518920898,
		0.28736764192581177,
		-0.18587076663970947,
		0.9989344477653503
	],
	"left_ear": [
		0.497717946767807,
		0.30123862624168396,
		0.05615672469139099,
		0.9985851645469666
	],
	"right_ear": [
		0.4810398519039154,
		0.30895909667015076,
		-0.2903907001018524,
		0.9992203116416931
	]
}