{
	"left_hip": [
		0.4863823354244232,
		1.2006957530975342,
		0.18977177143096924,
		0.0698467567563057
	],
	"left_knee": [
		0.5322431325912476,
		1.5004847049713135,
		0.19483676552772522,
		0.008249751292169094
	],
	"left_ankle": [
		0.54259192943573,
		1.9222971200942993,
		0.4338386058807373,
		0.0011855969205498695
	],
	"right_hip": [
		0.4064430296421051,
		1.2221848964691162,
		-0.1881539225578308,
		0.06380455940961838
	],
	"right_knee": [
		0.4454022943973541,
		1.532401442527771,
		-0.1687735617160797,
		0.046580418944358826
	],
	"right_ankle": [
		0.4534528851509094,
		1.962347149848938,
		0.00410833116620779,
		0.004085231106728315
	],
	"left_shoulder": [
		0.4846983551979065,
		0.5818099975585938,
		0.2797013521194458,
		0.9891627430915833
	],
	"left_elbow": [
		0.539147675037384,
		0.872097909450531,
		0.32389312982559204,
		0.08479854464530945
	],
	"left_wrist": [
		0.6392375230789185,
		1.0882900953292847,
		0.1373133361339569,
		0.15672336518764496
	],
	"right_shoulder": [
		0.3876378834247589,
		0.5388627052307129,
		-0.4601682126522064,
		0.9979193210601807
	],
	"right_elbow": [
		0.40616506338119507,
		0.8703908920288086,
		-0.5510939359664917,
		0.8099758625030518
	],
	"right_wrist": [
		0.4997889995574951,
		1.1461949348449707,
		-0.5465275049209595,
		0.6980106234550476
	],
	"nose": [
		0.552233099937439,
		0.32689976692199707,
		-0.14904187619686127,
		0.9988349080085754
	],
	"left_eye": [
		0.5342448949813843,
		0.28134530782699585,
		-0.11492405086755753,
		0.9983030557632446
	],
	"right_eye": [
		0.5257425308227539,
		0.2847759425640106,
		-0.19407901167869568,
		0.9987325072288513
	],
	"left_ear": [
		0.4941469132900238,
		0.2999054193496704,
		0.05379508063197136,
		0.9981828927993774
	],
	"right_ear": [
		0.47773057222366333,
		0.30794429779052734,
		-0.2980572581291199,
		0.9990234971046448
	]
}