{
	"left_hip": [
		0.4881533682346344,
		1.2009224891662598,
		0.1906242072582245,
		0.06587830185890198
	],
	"left_knee": [
		0.5229077935218811,
		1.4505107402801514,
		0.18513575196266174,
		0.008508841507136822
	],
	"left_ankle": [
		0.5390209555625916,
		1.8634389638900757,
		0.4273495674133301,
		0.0012377984821796417
	],
	"right_hip": [
		0.4055698812007904,
		1.2210568189620972,
		-0.1889621764421463,
		0.0594448447227478
	],
	"right_knee": [
		0.44336557388305664,
		1.4494394063949585,
		-0.17647387087345123,
		0.04685024917125702
	],
	"right_ankle": [
		0.44830256700515747,
		1.8530911207199097,
		0.019604425877332687,
		0.004165935330092907
	],
	"left_shoulder": [
		0.48560571670532227,
		0.5799736380577087,
		0.28348320722579956,
		0.9885761141777039
	],
	"left_elbow": [
		0.5448654890060425,
		0.8630333542823792,
		0.33135050535202026,
		0.0867169126868248
	],
	"left_wrist": [
		0.63283371925354,
		1.0751148462295532,
		0.1456449329853058,
		0.1605527102947235
	],
	"right_shoulder": [
		0.3864360451698303,
		0.5378450751304626,
		-0.46573859453201294,
		0.997717559337616
	],
	"right_elbow": [
		0.40517935156822205,
		0.86937415599823,
		-0.5552692413330078,
		0.8208711743354797
	],
	"right_wrist": [
		0.5004626512527466,
		1.1458598375320435,
		-0.5469971895217896,
		0.7050339579582214
	],
	"nose": [
		0.5495851635932922,
		0.3242962062358856,
		-0.14905071258544922,
		0.9985715746879578
	],
	"left_eye": [
		0.5314000844955444,
		0.2794165015220642,
		-0.11422955989837646,
		0.9978874921798706
	],
	"right_eye": [
		0.5233592391014099,
		0.2826268672943115,
		-0.1954718679189682,
		0.9984389543533325
	],
	"left_ear": [
		0.49213337898254395,
		0.299292653799057,
		0.058323223143815994,
		0.9976389408111572
	],
	"right_ear": [
		0.47603511810302734,
		0.3075699210166931,
		-0.30203667283058167,
		0.9987823367118835
	]
}