{
	"left_hip": [
		0.4891916811466217,
		1.1938170194625854,
		0.1894838660955429,
		0.06413255631923676
	],
	"left_knee": [
		0.523224413394928,
		1.4551814794540405,
		0.1765444576740265,
		0.00842018611729145
	],
	"left_ankle": [
		0.5392425060272217,
		1.8821285963058472,
		0.41013187170028687,
		0.001205062959343195
	],
	"right_hip": [
		0.40541014075279236,
		1.2103794813156128,
		-0.18774831295013428,
		0.0574251152575016
	],
	"right_knee": [
		0.44164618849754333,
		1.4536187648773193,
		-0.17959190905094147,
		0.045413047075271606
	],
	"right_ankle": [
		0.45005303621292114,
		1.8919748067855835,
		-0.00015827138849999756,
		0.004054217599332333
	],
	"left_shoulder": [
		0.4869871735572815,
		0.5787310004234314,
		0.28549113869667053,
		0.9888051152229309
	],
	"left_elbow": [
		0.5435377359390259,
		0.8597224354743958,
		0.33564555644989014,
		0.0908038318157196
	],
	"left_wrist": [
		0.6370299458503723,
		1.0710535049438477,
		0.1389128565788269,
		0.17460423707962036
	],
	"right_shoulder": [
		0.38536781072616577,
		0.5346380472183228,
		-0.46172434091567993,
		0.9976981282234192
	],
	"right_elbow": [
		0.40512627363204956,
		0.8670725226402283,
		-0.5546489953994751,
		0.8269128799438477
	],
	"right_wrist": [
		0.5113338828086853,
		1.1270592212677002,
		-0.5544937252998352,
		0.7162171602249146
	],
	"nose": [
		0.5482603311538696,
		0.3221783936023712,
		-0.14879591763019562,
		0.9985652565956116
	],
	"left_eye": [
		0.5305108428001404,
		0.27828970551490784,
		-0.11387629806995392,
		0.9978620409965515
	],
	"right_eye": [
		0.5225672125816345,
		0.28115612268447876,
		-0.1953200250864029,
		0.998410701751709
	],
	"left_ear": [
		0.49196624755859375,
		0.29841962456703186,
		0.05986422300338745,
		0.9975545406341553
	],
	"right_ear": [
		0.4753184914588928,
		0.3064264953136444,
		-0.3019379675388336,
		0.9987278580665588
	]
}