{
	"left_hip": [
		0.48302966356277466,
		1.135773777961731,
		0.17305344343185425,
		0.09174887090921402
	],
	"left_knee": [
		0.5697439908981323,
		1.315269112586975,
		0.08551466464996338,
		0.017246179282665253
	],
	"left_ankle": [
		0.5614522695541382,
		1.7392429113388062,
		0.2526809871196747,
		0.002234736457467079
	],
	"right_hip": [
		0.4000187814235687,
		1.1490565538406372,
		-0.1714092493057251,
		0.07815944403409958
	],
	"right_knee": [
		0.4691757559776306,
		1.3411555290222168,
		-0.21651168167591095,
		0.06105756387114525
	],
	"right_ankle": [
		0.4836799204349518,
		1.7916827201843262,
		-0.10147850215435028,
		0.0058092596009373665
	],
	"left_shoulder": [
		0.4822975993156433,
		0.5656010508537292,
		0.3278219699859619,
		0.9904114007949829
	],
	"left_elbow": [
		0.5315346717834473,
		0.813193142414093,
		0.4065776467323303,
		0.13950568437576294
	],
	"left_wrist": [
		0.6217365860939026,
		0.9629213809967041,
		0.19981642067432404,
		0.2537477910518646
	],
	"right_shoulder": [
		0.38255539536476135,
		0.5216655135154724,
		-0.38253164291381836,
		0.9978232979774475
	],
	"right_elbow": [
		0.4307137429714203,
		0.8173685669898987,
		-0.4676976203918457,
		0.875533938407898
	],
	"right_wrist": [
		0.5764696598052979,
		1.0088396072387695,
		-0.4499343931674957,
		0.7894655466079712
	],
	"nose": [
		0.5418235063552856,
		0.32149964570999146,
		-0.050068777054548264,
		0.9983130693435669
	],
	"left_eye": [
		0.5250612497329712,
		0.27657395601272583,
		-0.01986844651401043,
		0.9975501298904419
	],
	"right_eye": [
		0.5187856554985046,
		0.27951809763908386,
		-0.09795956313610077,
		0.9981038570404053
	],
	"left_ear": [
		0.48841938376426697,
		0.29511889815330505,
		0.12563814222812653,
		0.9971044659614563
	],
	"right_ear": [
		0.4731059670448303,
		0.3022897243499756,
		-0.22089990973472595,
		0.9982386231422424
	]
}