{
	"left_hip": [
		0.45883989334106445,
		1.106507420539856,
		0.22496454417705536,
		0.18717996776103973
	],
	"left_knee": [
		0.5777045488357544,
		0.979315996170044,
		0.13640353083610535,
		0.03345854580402374
	],
	"left_ankle": [
		0.5603004693984985,
		1.3531646728515625,
		0.2943529486656189,
		0.008641949854791164
	],
	"right_hip": [
		0.4001426696777344,
		1.1302355527877808,
		-0.22404976189136505,
		0.1725607067346573
	],
	"right_knee": [
		0.5375187397003174,
		1.0957847833633423,
		-0.3719722330570221,
		0.16869807243347168
	],
	"right_ankle": [
		0.5164920091629028,
		1.4169005155563354,
		-0.16304811835289001,
		0.02759585529565811
	],
	"left_shoulder": [
		0.4724677503108978,
		0.5589295625686646,
		0.4099821448326111,
		0.9922596216201782
	],
	"left_elbow": [
		0.5335146188735962,
		0.815359890460968,
		0.48805150389671326,
		0.14845320582389832
	],
	"left_wrist": [
		0.610837459564209,
		0.9407929182052612,
		0.27945372462272644,
		0.2408563196659088
	],
	"right_shoulder": [
		0.3849620223045349,
		0.5139799118041992,
		-0.3871644139289856,
		0.9982760548591614
	],
	"right_elbow": [
		0.4487491548061371,
		0.8057374358177185,
		-0.44290322065353394,
		0.901818037033081
	],
	"right_wrist": [
		0.592930257320404,
		0.9687770009040833,
		-0.3139682710170746,
		0.8243120908737183
	],
	"nose": [
		0.5381417274475098,
		0.32531672716140747,
		0.0007757015991955996,
		0.998509407043457
	],
	"left_eye": [
		0.521205723285675,
		0.27855899930000305,
		0.034267473965883255,
		0.9978144764900208
	],
	"right_eye": [
		0.5159546136856079,
		0.2811906337738037,
		-0.04719674959778786,
		0.9982615113258362
	],
	"left_ear": [
		0.4841979444026947,
		0.295630544424057,
		0.18558573722839355,
		0.9975250363349915
	],
	"right_ear": [
		0.47246313095092773,
		0.3015784025192261,
		-0.17432764172554016,
		0.9984913468360901
	]
}