{
	"left_hip": [
		0.4619528353214264,
		1.0694265365600586,
		0.21392926573753357,
		0.3017008900642395
	],
	"left_knee": [
		0.5970197916030884,
		0.8245702981948853,
		0.15887042880058289,
		0.0655248835682869
	],
	"left_ankle": [
		0.5902456045150757,
		1.0524059534072876,
		0.31775885820388794,
		0.02451397106051445
	],
	"right_hip": [
		0.4103468060493469,
		1.0920435190200806,
		-0.21313345432281494,
		0.29600057005882263
	],
	"right_knee": [
		0.5622774362564087,
		0.8732186555862427,
		-0.34925469756126404,
		0.32465019822120667
	],
	"right_ankle": [
		0.5684086680412292,
		1.0698853731155396,
		-0.05633891746401787,
		0.06729798763990402
	],
	"left_shoulder": [
		0.4581027925014496,
		0.5449004173278809,
		0.41546717286109924,
		0.9944129586219788
	],
	"left_elbow": [
		0.507027804851532,
		0.812826931476593,
		0.48275047540664673,
		0.13726410269737244
	],
	"left_wrist": [
		0.5903112292289734,
		0.9305524230003357,
		0.26775282621383667,
		0.1890748292207718
	],
	"right_shoulder": [
		0.39647555351257324,
		0.5080893635749817,
		-0.34602659940719604,
		0.998844563961029
	],
	"right_elbow": [
		0.479895681142807,
		0.806496262550354,
		-0.4126914441585541,
		0.9343620538711548
	],
	"right_wrist": [
		0.6095881462097168,
		0.9281042814254761,
		-0.2621130347251892,
		0.8632640242576599
	],
	"nose": [
		0.5343701839447021,
		0.3392103314399719,
		0.027424881234765053,
		0.998935341835022
	],
	"left_eye": [
		0.518386721611023,
		0.28733590245246887,
		0.06180902197957039,
		0.9984776973724365
	],
	"right_eye": [
		0.5130693316459656,
		0.2892695665359497,
		-0.016578208655118942,
		0.998744547367096
	],
	"left_ear": [
		0.47911787033081055,
		0.29981517791748047,
		0.21314799785614014,
		0.9983333349227905
	],
	"right_ear": [
		0.47151780128479004,
		0.3032016456127167,
		-0.13278619945049286,
		0.998986542224884
	]
}