{
	"left_hip": [
		0.45419007539749146,
		1.0579527616500854,
		0.209695965051651,
		0.3740409314632416
	],
	"left_knee": [
		0.5904304385185242,
		0.7887710332870483,
		0.18829701840877533,
		0.08315432071685791
	],
	"left_ankle": [
		0.5612412691116333,
		1.005500316619873,
		0.34539613127708435,
		0.035661157220602036
	],
	"right_hip": [
		0.41599196195602417,
		1.0857524871826172,
		-0.2091457098722458,
		0.36357516050338745
	],
	"right_knee": [
		0.5667740106582642,
		0.8483318090438843,
		-0.3123909831047058,
		0.4040371775627136
	],
	"right_ankle": [
		0.5515139102935791,
		1.0388280153274536,
		-0.039511144161224365,
		0.09077337384223938
	],
	"left_shoulder": [
		0.4425143599510193,
		0.5305479168891907,
		0.3895900845527649,
		0.9958793520927429
	],
	"left_elbow": [
		0.5056639313697815,
		0.7807996869087219,
		0.4632759094238281,
		0.13489580154418945
	],
	"left_wrist": [
		0.5935953259468079,
		0.898979127407074,
		0.266224205493927,
		0.15886278450489044
	],
	"right_shoulder": [
		0.40551987290382385,
		0.5102405548095703,
		-0.3584601581096649,
		0.9990825653076172
	],
	"right_elbow": [
		0.5110567808151245,
		0.7824196219444275,
		-0.40748924016952515,
		0.9511473774909973
	],
	"right_wrist": [
		0.625072717666626,
		0.9190965890884399,
		-0.22458645701408386,
		0.8807752132415771
	],
	"nose": [
		0.5344523191452026,
		0.344523161649704,
		0.01583036407828331,
		0.9990352392196655
	],
	"left_eye": [
		0.5182695984840393,
		0.2918843626976013,
		0.047599390149116516,
		0.9987163543701172
	],
	"right_eye": [
		0.5133140087127686,
		0.2939859628677368,
		-0.030985837802290916,
		0.9988538026809692
	],
	"left_ear": [
		0.47741222381591797,
		0.30275407433509827,
		0.18835462629795074,
		0.9986851215362549
	],
	"right_ear": [
		0.4715895652770996,
		0.30611300468444824,
		-0.15996256470680237,
		0.9991527199745178
	]
}