{
	"left_hip": [
		0.44667473435401917,
		1.0332053899765015,
		0.20352068543434143,
		0.3969115614891052
	],
	"left_knee": [
		0.5712461471557617,
		0.8093316555023193,
		0.16848990321159363,
		0.08498231321573257
	],
	"left_ankle": [
		0.5593888759613037,
		1.0240483283996582,
		0.3175731599330902,
		0.03920045122504234
	],
	"right_hip": [
		0.41722387075424194,
		1.0529043674468994,
		-0.20296208560466766,
		0.3713279366493225
	],
	"right_knee": [
		0.5763992667198181,
		0.8811297416687012,
		-0.2739434838294983,
		0.43464359641075134
	],
	"right_ankle": [
		0.5390596985816956,
		1.0618224143981934,
		-0.05077309161424637,
		0.10389751940965652
	],
	"left_shoulder": [
		0.4364408850669861,
		0.5179051756858826,
		0.3959331512451172,
		0.9972864389419556
	],
	"left_elbow": [
		0.5149053335189819,
		0.7554222941398621,
		0.4726101756095886,
		0.13862277567386627
	],
	"left_wrist": [
		0.5998935103416443,
		0.8692511916160583,
		0.2978125214576721,
		0.1503533273935318
	],
	"right_shoulder": [
		0.4150586724281311,
		0.49784156680107117,
		-0.33392947912216187,
		0.9993395805358887
	],
	"right_elbow": [
		0.5132185220718384,
		0.7453329563140869,
		-0.38356858491897583,
		0.9633187651634216
	],
	"right_wrist": [
		0.6231192350387573,
		0.8883993625640869,
		-0.21233825385570526,
		0.8870435953140259
	],
	"nose": [
		0.5376971364021301,
		0.346657395362854,
		0.03106655180454254,
		0.9992664456367493
	],
	"left_eye": [
		0.5214517116546631,
		0.2926313281059265,
		0.062300264835357666,
		0.9989920258522034
	],
	"right_eye": [
		0.5165066719055176,
		0.2950972318649292,
		-0.013333489187061787,
		0.999072253704071
	],
	"left_ear": [
		0.48104652762413025,
		0.3032761514186859,
		0.19776460528373718,
		0.9990491271018982
	],
	"right_ear": [
		0.4764637053012848,
		0.3067527413368225,
		-0.13684530556201935,
		0.9993308186531067
	]
}