{
	"left_hip": [
		0.4480065703392029,
		1.0335279703140259,
		0.20354413986206055,
		0.40521615743637085
	],
	"left_knee": [
		0.5729115009307861,
		0.8189558386802673,
		0.17024573683738708,
		0.08628014475107193
	],
	"left_ankle": [
		0.5592793226242065,
		1.0324515104293823,
		0.31991496682167053,
		0.03970613703131676
	],
	"right_hip": [
		0.41716909408569336,
		1.0543993711471558,
		-0.20298373699188232,
		0.37913399934768677
	],
	"right_knee": [
		0.5736634731292725,
		0.8900993466377258,
		-0.2742830514907837,
		0.4403868615627289
	],
	"right_ankle": [
		0.5377407073974609,
		1.0688953399658203,
		-0.046048350632190704,
		0.10663499683141708
	],
	"left_shoulder": [
		0.4371841847896576,
		0.5179647207260132,
		0.3939744830131531,
		0.9973447322845459
	],
	"left_elbow": [
		0.5170831680297852,
		0.7546073198318481,
		0.470022588968277,
		0.14404992759227753
	],
	"left_wrist": [
		0.6012824773788452,
		0.8679842352867126,
		0.2942837178707123,
		0.15473340451717377
	],
	"right_shoulder": [
		0.4148132801055908,
		0.49722912907600403,
		-0.3360823690891266,
		0.9993569850921631
	],
	"right_elbow": [
		0.5127078294754028,
		0.7412925362586975,
		-0.3860243260860443,
		0.9642345905303955
	],
	"right_wrist": [
		0.6230793595314026,
		0.8869457244873047,
		-0.229792520403862,
		0.8897000551223755
	],
	"nose": [
		0.5377737283706665,
		0.347006231546402,
		0.028918301686644554,
		0.9992733001708984
	],
	"left_eye": [
		0.521582305431366,
		0.2929830551147461,
		0.05992702767252922,
		0.9989939332008362
	],
	"right_eye": [
		0.5166823267936707,
		0.29530057311058044,
		-0.015852924436330795,
		0.9990780353546143
	],
	"left_ear": [
		0.48158353567123413,
		0.30355921387672424,
		0.19557927548885345,
		0.9990596771240234
	],
	"right_ear": [
		0.4767478406429291,
		0.3068588972091675,
		-0.13974764943122864,
		0.9993364214897156
	]
}