{
	"left_hip": [
		0.44825512170791626,
		1.0324851274490356,
		0.20337072014808655,
		0.4087757468223572
	],
	"left_knee": [
		0.5731648206710815,
		0.8353722095489502,
		0.1427382528781891,
		0.08782396465539932
	],
	"left_ankle": [
		0.5585265159606934,
		1.0477702617645264,
		0.27498382329940796,
		0.03943540155887604
	],
	"right_hip": [
		0.4156552851200104,
		1.046399712562561,
		-0.20279181003570557,
		0.3785189688205719
	],
	"right_knee": [
		0.5681445002555847,
		0.8978216052055359,
		-0.2747562527656555,
		0.44040611386299133
	],
	"right_ankle": [
		0.5343401432037354,
		1.0730555057525635,
		-0.09602994471788406,
		0.10652294754981995
	],
	"left_shoulder": [
		0.4394376277923584,
		0.5180922150611877,
		0.42796897888183594,
		0.9973801374435425
	],
	"left_elbow": [
		0.5182154774665833,
		0.7547864317893982,
		0.5103930234909058,
		0.14991478621959686
	],
	"left_wrist": [
		0.5988861322402954,
		0.8658341765403748,
		0.33651480078697205,
		0.16014885902404785
	],
	"right_shoulder": [
		0.41351765394210815,
		0.49353718757629395,
		-0.3022088408470154,
		0.9993712306022644
	],
	"right_elbow": [
		0.5080744028091431,
		0.7303628921508789,
		-0.363078773021698,
		0.9653993844985962
	],
	"right_wrist": [
		0.618212103843689,
		0.8767449259757996,
		-0.22541160881519318,
		0.8926026821136475
	],
	"nose": [
		0.5377928018569946,
		0.34732064604759216,
		0.06523466110229492,
		0.9992886185646057
	],
	"left_eye": [
		0.5216252207756042,
		0.2935616672039032,
		0.09816950559616089,
		0.9990193247795105
	],
	"right_eye": [
		0.51673424243927,
		0.29562443494796753,
		0.022870274260640144,
		0.9991050958633423
	],
	"left_ear": [
		0.482006311416626,
		0.3040655851364136,
		0.23631370067596436,
		0.9990848898887634
	],
	"right_ear": [
		0.4769010543823242,
		0.3069802224636078,
		-0.09665603935718536,
		0.9993540644645691
	]
}