{
	"left_hip": [
		0.4654053747653961,
		1.033793568611145,
		0.1947655975818634,
		0.41020524501800537
	],
	"left_knee": [
		0.5679041147232056,
		0.788780152797699,
		0.17786718904972076,
		0.11804957687854767
	],
	"left_ankle": [
		0.6936794519424438,
		0.9073493480682373,
		0.2814181447029114,
		0.046552568674087524
	],
	"right_hip": [
		0.4062039256095886,
		1.062263011932373,
		-0.19431133568286896,
		0.3517596423625946
	],
	"right_knee": [
		0.5073860287666321,
		0.8621114492416382,
		-0.27502527832984924,
		0.5298977494239807
	],
	"right_ankle": [
		0.6356512308120728,
		0.9814899563789368,
		-0.11763463914394379,
		0.12946957349777222
	],
	"left_shoulder": [
		0.4616285264492035,
		0.526400625705719,
		0.3211709260940552,
		0.9977411031723022
	],
	"left_elbow": [
		0.6232191324234009,
		0.594646692276001,
		0.3556813597679138,
		0.3607548475265503
	],
	"left_wrist": [
		0.7510460615158081,
		0.6737629771232605,
		0.17316754162311554,
		0.38779759407043457
	],
	"right_shoulder": [
		0.3943198621273041,
		0.47399547696113586,
		-0.3235258460044861,
		0.998516857624054
	],
	"right_elbow": [
		0.4961303174495697,
		0.5102910995483398,
		-0.6541258096694946,
		0.9678553342819214
	],
	"right_wrist": [
		0.6319752931594849,
		0.5582702159881592,
		-0.7112263441085815,
		0.8937712907791138
	],
	"nose": [
		0.530647873878479,
		0.3377118706703186,
		-0.06587252020835876,
		0.9994436502456665
	],
	"left_eye": [
		0.5178361535072327,
		0.28957173228263855,
		-0.028956566005945206,
		0.9992842674255371
	],
	"right_eye": [
		0.5112013816833496,
		0.2909470796585083,
		-0.0932384580373764,
		0.9992385506629944
	],
	"left_ear": [
		0.47891324758529663,
		0.30317163467407227,
		0.15717104077339172,
		0.9993793368339539
	],
	"right_ear": [
		0.468315064907074,
		0.30558979511260986,
		-0.13582821190357208,
		0.9994186758995056
	]
}