{
	"left_hip": [
		0.47015705704689026,
		1.009128212928772,
		0.18062826991081238,
		0.3679672181606293
	],
	"left_knee": [
		0.5705525875091553,
		0.705367386341095,
		0.20191235840320587,
		0.09960811585187912
	],
	"left_ankle": [
		0.782560408115387,
		0.6050034165382385,
		0.34908929467201233,
		0.057282209396362305
	],
	"right_hip": [
		0.42207589745521545,
		1.0765739679336548,
		-0.18007612228393555,
		0.34612026810646057
	],
	"right_knee": [
		0.5339359045028687,
		0.8233394026756287,
		-0.20145392417907715,
		0.5628504157066345
	],
	"right_ankle": [
		0.6701823472976685,
		0.739831805229187,
		0.009857965633273125,
		0.1999894082546234
	],
	"left_shoulder": [
		0.4646036624908447,
		0.4912809729576111,
		0.13530565798282623,
		0.9968585968017578
	],
	"left_elbow": [
		0.6218968629837036,
		0.4803658425807953,
		0.13416945934295654,
		0.4449106752872467
	],
	"left_wrist": [
		0.8110595941543579,
		0.5164657235145569,
		-0.07644836604595184,
		0.4560384750366211
	],
	"right_shoulder": [
		0.39261576533317566,
		0.47037428617477417,
		-0.4296654164791107,
		0.9964189529418945
	],
	"right_elbow": [
		0.5138286352157593,
		0.42446234822273254,
		-0.7169166207313538,
		0.9586636424064636
	],
	"right_wrist": [
		0.6299669742584229,
		0.3935645520687103,
		-0.7637449502944946,
		0.8635932803153992
	],
	"nose": [
		0.5318635702133179,
		0.31578800082206726,
		-0.21124522387981415,
		0.9995439052581787
	],
	"left_eye": [
		0.5179325342178345,
		0.27610689401626587,
		-0.17967034876346588,
		0.9994000792503357
	],
	"right_eye": [
		0.5129584670066833,
		0.28009796142578125,
		-0.24264046549797058,
		0.9992992877960205
	],
	"left_ear": [
		0.47921958565711975,
		0.2919754683971405,
		-0.01210939884185791,
		0.9994394183158875
	],
	"right_ear": [
		0.4753847122192383,
		0.29754021763801575,
		-0.3012743592262268,
		0.9994308948516846
	]
}