{
	"left_hip": [
		0.4781758785247803,
		1.050950527191162,
		0.11325953155755997,
		0.4447017312049866
	],
	"left_knee": [
		0.4697036147117615,
		1.416561484336853,
		0.03704538196325302,
		0.10426554828882217
	],
	"left_ankle": [
		0.4714747965335846,
		1.785170316696167,
		0.23862385749816895,
		0.03738076984882355
	],
	"right_hip": [
		0.3757362961769104,
		1.0603185892105103,
		-0.11229661852121353,
		0.37133723497390747
	],
	"right_knee": [
		0.3711360692977905,
		1.3968288898468018,
		-0.1775422990322113,
		0.3929760456085205
	],
	"right_ankle": [
		0.3586178421974182,
		1.8111217021942139,
		-0.06028566509485245,
		0.11520425230264664
	],
	"left_shoulder": [
		0.501701295375824,
		0.4955812990665436,
		0.07746072113513947,
		0.9976293444633484
	],
	"left_elbow": [
		0.6658614873886108,
		0.4299156963825226,
		-0.041820622980594635,
		0.7304808497428894
	],
	"left_wrist": [
		0.8243053555488586,
		0.36974087357521057,
		-0.26080018281936646,
		0.7503959536552429
	],
	"right_shoulder": [
		0.35372480750083923,
		0.4675717353820801,
		-0.38014212250709534,
		0.9912665486335754
	],
	"right_elbow": [
		0.41534653306007385,
		0.3749855160713196,
		-0.7966638803482056,
		0.9624974131584167
	],
	"right_wrist": [
		0.5711156129837036,
		0.27191224694252014,
		-0.927674412727356,
		0.90303635597229
	],
	"nose": [
		0.4772857129573822,
		0.33786454796791077,
		-0.3522472679615021,
		0.9993308186531067
	],
	"left_eye": [
		0.48161134123802185,
		0.295414000749588,
		-0.30726391077041626,
		0.9990324974060059
	],
	"right_eye": [
		0.4650392532348633,
		0.2953275442123413,
		-0.34733638167381287,
		0.9990745186805725
	],
	"left_ear": [
		0.4672524034976959,
		0.2990957200527191,
		-0.07257182896137238,
		0.9993177056312561
	],
	"right_ear": [
		0.43718814849853516,
		0.3037441670894623,
		-0.24712853133678436,
		0.9992665648460388
	]
}