{
	"left_hip": [
		0.47898349165916443,
		1.0547661781311035,
		0.11726032197475433,
		0.45807820558547974
	],
	"left_knee": [
		0.47254571318626404,
		1.4402540922164917,
		0.060429494827985764,
		0.11193124204874039
	],
	"left_ankle": [
		0.4710630476474762,
		1.8053871393203735,
		0.2514452636241913,
		0.036542825400829315
	],
	"right_hip": [
		0.37580910325050354,
		1.067184567451477,
		-0.11640623956918716,
		0.37352654337882996
	],
	"right_knee": [
		0.36538708209991455,
		1.4399110078811646,
		-0.16152803599834442,
		0.3820163309574127
	],
	"right_ankle": [
		0.35951942205429077,
		1.8377392292022705,
		-0.05889025330543518,
		0.11049249023199081
	],
	"left_shoulder": [
		0.498711496591568,
		0.49617278575897217,
		0.0803813561797142,
		0.997739315032959
	],
	"left_elbow": [
		0.6635650396347046,
		0.43094339966773987,
		-0.012309791520237923,
		0.7557666897773743
	],
	"left_wrist": [
		0.8237308263778687,
		0.36662745475769043,
		-0.20851755142211914,
		0.7748353481292725
	],
	"right_shoulder": [
		0.35521069169044495,
		0.46859219670295715,
		-0.3894776999950409,
		0.990976870059967
	],
	"right_elbow": [
		0.4163767397403717,
		0.37780654430389404,
		-0.7826361060142517,
		0.9652354121208191
	],
	"right_wrist": [
		0.5740044116973877,
		0.2667684555053711,
		-0.8881157636642456,
		0.9100580215454102
	],
	"nose": [
		0.48146921396255493,
		0.3383199870586395,
		-0.3312900960445404,
		0.9993084669113159
	],
	"left_eye": [
		0.48178401589393616,
		0.29566940665245056,
		-0.28814437985420227,
		0.9990358352661133
	],
	"right_eye": [
		0.468217134475708,
		0.2965121865272522,
		-0.3341580033302307,
		0.9990806579589844
	],
	"left_ear": [
		0.4651333689689636,
		0.3000631332397461,
		-0.0641712099313736,
		0.9993339776992798
	],
	"right_ear": [
		0.4390385150909424,
		0.30596593022346497,
		-0.26133784651756287,
		0.9992727637290955
	]
}