{
	"left_hip": [
		0.4793868660926819,
		1.0637356042861938,
		0.11685410887002945,
		0.4841468930244446
	],
	"left_knee": [
		0.47353777289390564,
		1.4446666240692139,
		0.09024803340435028,
		0.11672744154930115
	],
	"left_ankle": [
		0.47466880083084106,
		1.8087542057037354,
		0.2920480966567993,
		0.03492380678653717
	],
	"right_hip": [
		0.37855201959609985,
		1.0791611671447754,
		-0.11600838601589203,
		0.3905983567237854
	],
	"right_knee": [
		0.37070387601852417,
		1.460640549659729,
		-0.1138632521033287,
		0.36918535828590393
	],
	"right_ankle": [
		0.36779409646987915,
		1.8548858165740967,
		-0.040132686495780945,
		0.10708509385585785
	],
	"left_shoulder": [
		0.4980989396572113,
		0.4998507499694824,
		0.11098195612430573,
		0.9979510307312012
	],
	"left_elbow": [
		0.6625465750694275,
		0.4356926381587982,
		0.04713118076324463,
		0.7976582050323486
	],
	"left_wrist": [
		0.8217096328735352,
		0.3551868796348572,
		-0.1410086452960968,
		0.8166818618774414
	],
	"right_shoulder": [
		0.3557294011116028,
		0.4741813540458679,
		-0.3424680233001709,
		0.991129457950592
	],
	"right_elbow": [
		0.42352786660194397,
		0.3521031439304352,
		-0.6931215524673462,
		0.9697504043579102
	],
	"right_wrist": [
		0.5763746500015259,
		0.26449069380760193,
		-0.7541918158531189,
		0.9211750626564026
	],
	"nose": [
		0.4870359003543854,
		0.3408379852771759,
		-0.27116459608078003,
		0.9993811249732971
	],
	"left_eye": [
		0.48422542214393616,
		0.29721295833587646,
		-0.23228053748607635,
		0.9991551637649536
	],
	"right_eye": [
		0.47389087080955505,
		0.29840904474258423,
		-0.2762030363082886,
		0.9991989731788635
	],
	"left_ear": [
		0.46275702118873596,
		0.3038496673107147,
		-0.0379255935549736,
		0.9994243383407593
	],
	"right_ear": [
		0.4423004984855652,
		0.31139805912971497,
		-0.20182986557483673,
		0.9993643760681152
	]
}