{
	"left_hip": [
		0.478954553604126,
		1.0637379884719849,
		0.11697383970022202,
		0.49380460381507874
	],
	"left_knee": [
		0.47499212622642517,
		1.4538017511367798,
		0.10010842233896255,
		0.11783813685178757
	],
	"left_ankle": [
		0.47847461700439453,
		1.8226491212844849,
		0.3175789713859558,
		0.033732809126377106
	],
	"right_hip": [
		0.3786896765232086,
		1.0806877613067627,
		-0.11613953113555908,
		0.397929847240448
	],
	"right_knee": [
		0.3729410767555237,
		1.4736591577529907,
		-0.10795396566390991,
		0.3657374083995819
	],
	"right_ankle": [
		0.37025830149650574,
		1.8719745874404907,
		-0.016095902770757675,
		0.10563655197620392
	],
	"left_shoulder": [
		0.49676424264907837,
		0.5015073418617249,
		0.1155775934457779,
		0.9980683922767639
	],
	"left_elbow": [
		0.662680983543396,
		0.43632838129997253,
		0.05367280915379524,
		0.8158272504806519
	],
	"left_wrist": [
		0.821334183216095,
		0.35534149408340454,
		-0.11681497097015381,
		0.8346620798110962
	],
	"right_shoulder": [
		0.35329508781433105,
		0.4749872088432312,
		-0.34446147084236145,
		0.9915096759796143
	],
	"right_elbow": [
		0.42714542150497437,
		0.3218512535095215,
		-0.7165757417678833,
		0.9721894264221191
	],
	"right_wrist": [
		0.5782272815704346,
		0.254940390586853,
		-0.7553433775901794,
		0.927258312702179
	],
	"nose": [
		0.4888038635253906,
		0.34204089641571045,
		-0.2685033679008484,
		0.9994229078292847
	],
	"left_eye": [
		0.4854109287261963,
		0.2976295053958893,
		-0.2282903492450714,
		0.9992161989212036
	],
	"right_eye": [
		0.47523531317710876,
		0.2984578609466553,
		-0.2742028832435608,
		0.9992588758468628
	],
	"left_ear": [
		0.4619777798652649,
		0.30557093024253845,
		-0.027435671538114548,
		0.9994697570800781
	],
	"right_ear": [
		0.44144096970558167,
		0.3118700683116913,
		-0.2063537836074829,
		0.9994128346443176
	]
}