{
	"left_hip": [
		0.4827268123626709,
		1.1169666051864624,
		0.13632209599018097,
		0.6862179040908813
	],
	"left_knee": [
		0.499992698431015,
		1.5662498474121094,
		0.13875830173492432,
		0.04287385195493698
	],
	"left_ankle": [
		0.5017400979995728,
		1.9848088026046753,
		0.35081031918525696,
		0.004451683256775141
	],
	"right_hip": [
		0.3753775954246521,
		1.1327464580535889,
		-0.13517770171165466,
		0.5716857314109802
	],
	"right_knee": [
		0.37261056900024414,
		1.5825742483139038,
		-0.15490847826004028,
		0.15475985407829285
	],
	"right_ankle": [
		0.37545451521873474,
		2.0229685306549072,
		-0.035970889031887054,
		0.023194722831249237
	],
	"left_shoulder": [
		0.4768756330013275,
		0.5250829458236694,
		0.2264637053012848,
		0.9995011687278748
	],
	"left_elbow": [
		0.6506388783454895,
		0.5176920294761658,
		0.21068906784057617,
		0.9850226640701294
	],
	"left_wrist": [
		0.8142242431640625,
		0.46748843789100647,
		-0.01759764924645424,
		0.9921212196350098
	],
	"right_shoulder": [
		0.3334226608276367,
		0.4741559326648712,
		-0.334920197725296,
		0.9980288743972778
	],
	"right_elbow": [
		0.305230975151062,
		0.4608243405818939,
		-0.7445157766342163,
		0.9945136904716492
	],
	"right_wrist": [
		0.4709009528160095,
		0.46526050567626953,
		-0.9385298490524292,
		0.9909104108810425
	],
	"nose": [
		0.4898719787597656,
		0.3101733922958374,
		-0.16634514927864075,
		0.9998970031738281
	],
	"left_eye": [
		0.4733556807041168,
		0.26760387420654297,
		-0.11825815588235855,
		0.9998801946640015
	],
	"right_eye": [
		0.46389827132225037,
		0.27347445487976074,
		-0.1797739863395691,
		0.9998982548713684
	],
	"left_ear": [
		0.4376135766506195,
		0.28238487243652344,
		0.09547500312328339,
		0.9999309182167053
	],
	"right_ear": [
		0.4233795702457428,
		0.29414594173431396,
		-0.17784757912158966,
		0.9999299049377441
	]
}