{
	"left_hip": [
		0.4823996424674988,
		1.1281428337097168,
		0.13989754021167755,
		0.6763724088668823
	],
	"left_knee": [
		0.49982935190200806,
		1.5734995603561401,
		0.1558031141757965,
		0.0414055772125721
	],
	"left_ankle": [
		0.502522885799408,
		1.9880481958389282,
		0.3726741671562195,
		0.004225014243274927
	],
	"right_hip": [
		0.37569430470466614,
		1.1423852443695068,
		-0.13880082964897156,
		0.5620096921920776
	],
	"right_knee": [
		0.37377774715423584,
		1.5923783779144287,
		-0.13462600111961365,
		0.1595546156167984
	],
	"right_ankle": [
		0.3761945068836212,
		2.03075909614563,
		-0.0194818377494812,
		0.023069165647029877
	],
	"left_shoulder": [
		0.47305646538734436,
		0.5290157198905945,
		0.23278219997882843,
		0.9995064735412598
	],
	"left_elbow": [
		0.6506328582763672,
		0.5191754698753357,
		0.22876927256584167,
		0.9847798347473145
	],
	"left_wrist": [
		0.815038800239563,
		0.46958112716674805,
		0.014936965890228748,
		0.9926791787147522
	],
	"right_shoulder": [
		0.3347300887107849,
		0.47757235169410706,
		-0.3272779881954193,
		0.9980781674385071
	],
	"right_elbow": [
		0.30910447239875793,
		0.4627170264720917,
		-0.7192965745925903,
		0.9942977428436279
	],
	"right_wrist": [
		0.46655359864234924,
		0.46944645047187805,
		-0.9095619916915894,
		0.9907578825950623
	],
	"nose": [
		0.4907139241695404,
		0.31059902906417847,
		-0.15697622299194336,
		0.9999059438705444
	],
	"left_eye": [
		0.47483715415000916,
		0.26762905716896057,
		-0.11143718659877777,
		0.9998907446861267
	],
	"right_eye": [
		0.46533435583114624,
		0.27347996830940247,
		-0.17397847771644592,
		0.9999074339866638
	],
	"left_ear": [
		0.43806251883506775,
		0.2826858162879944,
		0.09709922224283218,
		0.9999370574951172
	],
	"right_ear": [
		0.4245513081550598,
		0.2944924235343933,
		-0.17906391620635986,
		0.999936044216156
	]
}