{
	"left_hip": [
		0.49057674407958984,
		1.1426293849945068,
		0.1217263787984848,
		0.6864594221115112
	],
	"left_knee": [
		0.504689633846283,
		1.5930489301681519,
		0.15534108877182007,
		0.03534429147839546
	],
	"left_ankle": [
		0.5061546564102173,
		2.0040395259857178,
		0.4220987856388092,
		0.0034375563263893127
	],
	"right_hip": [
		0.37779051065444946,
		1.164186954498291,
		-0.12058520317077637,
		0.5775863528251648
	],
	"right_knee": [
		0.37628769874572754,
		1.6109898090362549,
		-0.09248623251914978,
		0.1517159640789032
	],
	"right_ankle": [
		0.37976187467575073,
		2.0471701622009277,
		0.05190053582191467,
		0.020647630095481873
	],
	"left_shoulder": [
		0.4932746887207031,
		0.5367146730422974,
		0.19792819023132324,
		0.9996063709259033
	],
	"left_elbow": [
		0.6653316020965576,
		0.5145455002784729,
		0.19958755373954773,
		0.9877246618270874
	],
	"left_wrist": [
		0.8179845809936523,
		0.46565335988998413,
		0.008548484183847904,
		0.9944788217544556
	],
	"right_shoulder": [
		0.3379219174385071,
		0.4908977448940277,
		-0.30601996183395386,
		0.998462975025177
	],
	"right_elbow": [
		0.2790832817554474,
		0.4488428235054016,
		-0.7136910557746887,
		0.9950889348983765
	],
	"right_wrist": [
		0.4452630579471588,
		0.46292972564697266,
		-0.8992403745651245,
		0.9917371869087219
	],
	"nose": [
		0.4907757639884949,
		0.3136041462421417,
		-0.21124713122844696,
		0.9999302625656128
	],
	"left_eye": [
		0.4756828248500824,
		0.268719881772995,
		-0.16175158321857452,
		0.9999189376831055
	],
	"right_eye": [
		0.46498385071754456,
		0.2754380404949188,
		-0.2082415074110031,
		0.9999315738677979
	],
	"left_ear": [
		0.44061988592147827,
		0.28580009937286377,
		0.05862683802843094,
		0.9999534487724304
	],
	"right_ear": [
		0.424046128988266,
		0.30323508381843567,
		-0.1651855856180191,
		0.9999527335166931
	]
}