{
	"left_hip": [
		0.5003113746643066,
		1.174051284790039,
		0.12743672728538513,
		0.7224127054214478
	],
	"left_knee": [
		0.5131565928459167,
		1.628926157951355,
		0.14074960350990295,
		0.02772309072315693
	],
	"left_ankle": [
		0.5241692662239075,
		2.0563786029815674,
		0.39419999718666077,
		0.002379705896601081
	],
	"right_hip": [
		0.38883793354034424,
		1.1961625814437866,
		-0.12655213475227356,
		0.6526395678520203
	],
	"right_knee": [
		0.3883259892463684,
		1.6430644989013672,
		-0.10897127538919449,
		0.1593882441520691
	],
	"right_ankle": [
		0.39356541633605957,
		2.102701187133789,
		0.028140053153038025,
		0.023147404193878174
	],
	"left_shoulder": [
		0.505139172077179,
		0.543722927570343,
		0.23057886958122253,
		0.9997356534004211
	],
	"left_elbow": [
		0.6767428517341614,
		0.512523353099823,
		0.2266666442155838,
		0.9925835728645325
	],
	"left_wrist": [
		0.8146120309829712,
		0.46779146790504456,
		0.01313373725861311,
		0.9972705245018005
	],
	"right_shoulder": [
		0.3443785011768341,
		0.5090126991271973,
		-0.31970781087875366,
		0.9992102384567261
	],
	"right_elbow": [
		0.268981009721756,
		0.39097899198532104,
		-0.8076351881027222,
		0.9971131682395935
	],
	"right_wrist": [
		0.4324559271335602,
		0.4192284643650055,
		-1.0599459409713745,
		0.9936859011650085
	],
	"nose": [
		0.49269694089889526,
		0.30898013710975647,
		-0.22387127578258514,
		0.9999701380729675
	],
	"left_eye": [
		0.4775189459323883,
		0.2612224221229553,
		-0.17072567343711853,
		0.9999644160270691
	],
	"right_eye": [
		0.4640592038631439,
		0.2690890431404114,
		-0.2234843224287033,
		0.9999710917472839
	],
	"left_ear": [
		0.44559478759765625,
		0.2858513593673706,
		0.07528672367334366,
		0.9999800324440002
	],
	"right_ear": [
		0.42212361097335815,
		0.3020196855068207,
		-0.16379602253437042,
		0.9999803304672241
	]
}