{
	"left_hip": [
		0.5004634857177734,
		1.175305724143982,
		0.1271093636751175,
		0.7328464984893799
	],
	"left_knee": [
		0.5132714509963989,
		1.6389844417572021,
		0.14096496999263763,
		0.02735692821443081
	],
	"left_ankle": [
		0.5219097137451172,
		2.0686800479888916,
		0.4046122133731842,
		0.0023371188435703516
	],
	"right_hip": [
		0.38654595613479614,
		1.1960158348083496,
		-0.1262204796075821,
		0.6654651761054993
	],
	"right_knee": [
		0.3855804204940796,
		1.6529842615127563,
		-0.11300192028284073,
		0.1562570184469223
	],
	"right_ankle": [
		0.3892815411090851,
		2.1111879348754883,
		0.028546828776597977,
		0.023031603544950485
	],
	"left_shoulder": [
		0.5057283639907837,
		0.5417189598083496,
		0.23083922266960144,
		0.9997501373291016
	],
	"left_elbow": [
		0.6777217388153076,
		0.512377142906189,
		0.2299656867980957,
		0.9930884838104248
	],
	"left_wrist": [
		0.8151751756668091,
		0.4676809012889862,
		0.039838068187236786,
		0.9974893927574158
	],
	"right_shoulder": [
		0.3440258502960205,
		0.508868932723999,
		-0.32468992471694946,
		0.9992682933807373
	],
	"right_elbow": [
		0.2640215754508972,
		0.38869014382362366,
		-0.8478206396102905,
		0.9972857236862183
	],
	"right_wrist": [
		0.4306350350379944,
		0.41877511143684387,
		-1.1181080341339111,
		0.9939860701560974
	],
	"nose": [
		0.4921429753303528,
		0.3096124827861786,
		-0.23243191838264465,
		0.999972403049469
	],
	"left_eye": [
		0.4769056737422943,
		0.2612306475639343,
		-0.17879529297351837,
		0.9999668598175049
	],
	"right_eye": [
		0.46279269456863403,
		0.2690948247909546,
		-0.23101496696472168,
		0.9999734163284302
	],
	"left_ear": [
		0.44547519087791443,
		0.2858600914478302,
		0.07189210504293442,
		0.9999815225601196
	],
	"right_ear": [
		0.4213503897190094,
		0.30189287662506104,
		-0.16410909593105316,
		0.9999819993972778
	]
}