{
	"left_hip": [
		0.5004285573959351,
		1.180826187133789,
		0.12466460466384888,
		0.7528746724128723
	],
	"left_knee": [
		0.5111585259437561,
		1.6403586864471436,
		0.15195909142494202,
		0.025249456986784935
	],
	"left_ankle": [
		0.5183557868003845,
		2.066021203994751,
		0.45014244318008423,
		0.0021159243769943714
	],
	"right_hip": [
		0.38282543420791626,
		1.201591968536377,
		-0.12380273640155792,
		0.6966413855552673
	],
	"right_knee": [
		0.3797403573989868,
		1.6553150415420532,
		-0.08498070389032364,
		0.146683469414711
	],
	"right_ankle": [
		0.3842671513557434,
		2.1108756065368652,
		0.08760131150484085,
		0.022701239213347435
	],
	"left_shoulder": [
		0.5067278742790222,
		0.5341546535491943,
		0.2359297275543213,
		0.9997866749763489
	],
	"left_elbow": [
		0.676423192024231,
		0.5074869394302368,
		0.2783549427986145,
		0.9944024085998535
	],
	"left_wrist": [
		0.8127855062484741,
		0.4683931767940521,
		0.13625690340995789,
		0.9981231093406677
	],
	"right_shoulder": [
		0.3403545022010803,
		0.506806492805481,
		-0.3268527388572693,
		0.9994519352912903
	],
	"right_elbow": [
		0.2614113688468933,
		0.3873441815376282,
		-0.8451828956604004,
		0.9979006052017212
	],
	"right_wrist": [
		0.4207022786140442,
		0.41532623767852783,
		-1.1202219724655151,
		0.9952023029327393
	],
	"nose": [
		0.49196529388427734,
		0.31455767154693604,
		-0.22999970614910126,
		0.9999797940254211
	],
	"left_eye": [
		0.47662392258644104,
		0.26337453722953796,
		-0.17768535017967224,
		0.9999748468399048
	],
	"right_eye": [
		0.4623039662837982,
		0.27122026681900024,
		-0.23197603225708008,
		0.9999807476997375
	],
	"left_ear": [
		0.44514408707618713,
		0.2862872779369354,
		0.07071425765752792,
		0.9999862909317017
	],
	"right_ear": [
		0.4211195111274719,
		0.302285760641098,
		-0.17089390754699707,
		0.9999872446060181
	]
}