{
	"left_hip": [
		0.5039299130439758,
		1.1892788410186768,
		0.11471571028232574,
		0.7758414149284363
	],
	"left_knee": [
		0.5138087868690491,
		1.6684154272079468,
		0.13229431211948395,
		0.020099204033613205
	],
	"left_ankle": [
		0.5185617804527283,
		2.106513261795044,
		0.3808768093585968,
		0.0017710027750581503
	],
	"right_hip": [
		0.37971383333206177,
		1.2131925821304321,
		-0.11377862840890884,
		0.7594243884086609
	],
	"right_knee": [
		0.3794921636581421,
		1.6898678541183472,
		-0.10512284189462662,
		0.10400750488042831
	],
	"right_ankle": [
		0.381495863199234,
		2.1607279777526855,
		0.023383012041449547,
		0.016881735995411873
	],
	"left_shoulder": [
		0.5068636536598206,
		0.5322796702384949,
		0.22871756553649902,
		0.9998584985733032
	],
	"left_elbow": [
		0.6731656789779663,
		0.5170915126800537,
		0.2412201166152954,
		0.9960831999778748
	],
	"left_wrist": [
		0.8057774305343628,
		0.4892478287220001,
		0.07526391744613647,
		0.9987061619758606
	],
	"right_shoulder": [
		0.3382137715816498,
		0.5060707926750183,
		-0.26652178168296814,
		0.999858021736145
	],
	"right_elbow": [
		0.2434304654598236,
		0.37579843401908875,
		-0.7208849787712097,
		0.9991990327835083
	],
	"right_wrist": [
		0.42359480261802673,
		0.4085143804550171,
		-0.9115350842475891,
		0.9964945316314697
	],
	"nose": [
		0.4855569303035736,
		0.3150690793991089,
		-0.24099799990653992,
		0.9999957084655762
	],
	"left_eye": [
		0.4709640443325043,
		0.2664051353931427,
		-0.19011013209819794,
		0.9999932646751404
	],
	"right_eye": [
		0.4527466893196106,
		0.27392488718032837,
		-0.23357506096363068,
		0.9999961853027344
	],
	"left_ear": [
		0.44353461265563965,
		0.2875399589538574,
		0.05603879690170288,
		0.999996542930603
	],
	"right_ear": [
		0.4121100902557373,
		0.3021976053714752,
		-0.13769939541816711,
		0.9999980330467224
	]
}