{
	"left_hip": [
		0.5038191080093384,
		1.189634084701538,
		0.11623890697956085,
		0.7693674564361572
	],
	"left_knee": [
		0.5138137340545654,
		1.668510913848877,
		0.1359768956899643,
		0.02020072191953659
	],
	"left_ankle": [
		0.5189529657363892,
		2.1064560413360596,
		0.3876386284828186,
		0.0018018963746726513
	],
	"right_hip": [
		0.3797062933444977,
		1.2137199640274048,
		-0.1152934804558754,
		0.7536592483520508
	],
	"right_knee": [
		0.37986281514167786,
		1.6903170347213745,
		-0.10500633716583252,
		0.10675442218780518
	],
	"right_ankle": [
		0.38192301988601685,
		2.1619856357574463,
		0.023817265406250954,
		0.017421957105398178
	],
	"left_shoulder": [
		0.5063290596008301,
		0.5326154828071594,
		0.22938427329063416,
		0.9998564720153809
	],
	"left_elbow": [
		0.6730359196662903,
		0.5171099305152893,
		0.2399773895740509,
		0.9959384202957153
	],
	"left_wrist": [
		0.8057853579521179,
		0.4896641969680786,
		0.07267169654369354,
		0.9986904263496399
	],
	"right_shoulder": [
		0.3383421301841736,
		0.5061451196670532,
		-0.2668900489807129,
		0.9998590350151062
	],
	"right_elbow": [
		0.2433144748210907,
		0.37678253650665283,
		-0.7228628993034363,
		0.9991875290870667
	],
	"right_wrist": [
		0.4234611988067627,
		0.40995651483535767,
		-0.9123554229736328,
		0.9964549541473389
	],
	"nose": [
		0.4854806065559387,
		0.3150240182876587,
		-0.2410089671611786,
		0.9999958872795105
	],
	"left_eye": [
		0.47081446647644043,
		0.2663789987564087,
		-0.19013454020023346,
		0.9999935030937195
	],
	"right_eye": [
		0.4526587128639221,
		0.2739143669605255,
		-0.23362138867378235,
		0.9999963641166687
	],
	"left_ear": [
		0.44350963830947876,
		0.28756481409072876,
		0.056028466671705246,
		0.9999966621398926
	],
	"right_ear": [
		0.4118894934654236,
		0.30231723189353943,
		-0.1375211775302887,
		0.999998152256012
	]
}