{
	"left_hip": [
		0.5038062930107117,
		1.190100073814392,
		0.11665157973766327,
		0.7667639255523682
	],
	"left_knee": [
		0.5138901472091675,
		1.668799877166748,
		0.13769178092479706,
		0.020265426486730576
	],
	"left_ankle": [
		0.5194346308708191,
		2.1065151691436768,
		0.3911402225494385,
		0.0018268243875354528
	],
	"right_hip": [
		0.3796987235546112,
		1.2145659923553467,
		-0.11570137739181519,
		0.7516538500785828
	],
	"right_knee": [
		0.38025835156440735,
		1.6912733316421509,
		-0.10398246347904205,
		0.10867367684841156
	],
	"right_ankle": [
		0.382467657327652,
		2.1629912853240967,
		0.025061553344130516,
		0.017808634787797928
	],
	"left_shoulder": [
		0.5060359239578247,
		0.5328764915466309,
		0.22945454716682434,
		0.9998557567596436
	],
	"left_elbow": [
		0.6728253960609436,
		0.5171158313751221,
		0.24011850357055664,
		0.9958383440971375
	],
	"left_wrist": [
		0.8057708740234375,
		0.4899362325668335,
		0.07435928285121918,
		0.9986849427223206
	],
	"right_shoulder": [
		0.33841726183891296,
		0.5063450336456299,
		-0.26723435521125793,
		0.9998607635498047
	],
	"right_elbow": [
		0.24324223399162292,
		0.3775348961353302,
		-0.7240694165229797,
		0.9991833567619324
	],
	"right_wrist": [
		0.42337337136268616,
		0.4109206795692444,
		-0.9143555760383606,
		0.9964277744293213
	],
	"nose": [
		0.4854324460029602,
		0.31501302123069763,
		-0.24123695492744446,
		0.9999960660934448
	],
	"left_eye": [
		0.4707374572753906,
		0.26636430621147156,
		-0.19035182893276215,
		0.9999937415122986
	],
	"right_eye": [
		0.4526292383670807,
		0.2739085853099823,
		-0.23376214504241943,
		0.9999964833259583
	],
	"left_ear": [
		0.44350188970565796,
		0.2875867486000061,
		0.05591733381152153,
		0.9999967813491821
	],
	"right_ear": [
		0.4117494523525238,
		0.30250582098960876,
		-0.13777846097946167,
		0.9999982118606567
	]
}