{
	"left_hip": [
		0.5031133890151978,
		1.1898621320724487,
		0.11893267929553986,
		0.7657340168952942
	],
	"left_knee": [
		0.5135654807090759,
		1.65819251537323,
		0.15837839245796204,
		0.020369334146380424
	],
	"left_ankle": [
		0.5199687480926514,
		2.094041347503662,
		0.4392617642879486,
		0.0019142644014209509
	],
	"right_hip": [
		0.3789617419242859,
		1.2148648500442505,
		-0.11799494922161102,
		0.7549982070922852
	],
	"right_knee": [
		0.38136714696884155,
		1.6845754384994507,
		-0.08247419446706772,
		0.11639296263456345
	],
	"right_ankle": [
		0.3840593695640564,
		2.157057762145996,
		0.07205963134765625,
		0.02005835808813572
	],
	"left_shoulder": [
		0.5058740973472595,
		0.5322180986404419,
		0.23294582962989807,
		0.9998591542243958
	],
	"left_elbow": [
		0.6707285642623901,
		0.5129947066307068,
		0.26346316933631897,
		0.9956204891204834
	],
	"left_wrist": [
		0.8055035471916199,
		0.484710693359375,
		0.11909477412700653,
		0.9987483620643616
	],
	"right_shoulder": [
		0.33757930994033813,
		0.5060487389564514,
		-0.28235870599746704,
		0.9998694062232971
	],
	"right_elbow": [
		0.24292926490306854,
		0.3796587884426117,
		-0.7604742646217346,
		0.9991464614868164
	],
	"right_wrist": [
		0.4230058193206787,
		0.41252458095550537,
		-0.9623719453811646,
		0.9961360096931458
	],
	"nose": [
		0.48535603284835815,
		0.3148062229156494,
		-0.24600251019001007,
		0.9999966621398926
	],
	"left_eye": [
		0.47077783942222595,
		0.2658851146697998,
		-0.19529391825199127,
		0.9999945163726807
	],
	"right_eye": [
		0.4530123174190521,
		0.2737860381603241,
		-0.24069002270698547,
		0.9999969601631165
	],
	"left_ear": [
		0.4435531198978424,
		0.2875598669052124,
		0.05445786193013191,
		0.9999971389770508
	],
	"right_ear": [
		0.4118106961250305,
		0.3026706278324127,
		-0.15049372613430023,
		0.9999985098838806
	]
}