{
	"left_hip": [
		0.4912185072898865,
		1.1871196031570435,
		0.15284477174282074,
		0.5928254127502441
	],
	"left_knee": [
		0.5218515396118164,
		1.6384116411209106,
		0.13868394494056702,
		0.02221369557082653
	],
	"left_ankle": [
		0.5461181402206421,
		2.0677101612091064,
		0.4200240671634674,
		0.0019783407915383577
	],
	"right_hip": [
		0.38616883754730225,
		1.2218129634857178,
		-0.15188567340373993,
		0.5734856724739075
	],
	"right_knee": [
		0.4154433310031891,
		1.6419376134872437,
		-0.13412104547023773,
		0.10785264521837234
	],
	"right_ankle": [
		0.41302523016929626,
		2.1552915573120117,
		0.028118472546339035,
		0.021012797951698303
	],
	"left_shoulder": [
		0.4935306906700134,
		0.5178505182266235,
		0.21336455643177032,
		0.9997987747192383
	],
	"left_elbow": [
		0.6817781329154968,
		0.4889911413192749,
		0.28296661376953125,
		0.9946362972259521
	],
	"left_wrist": [
		0.8286519050598145,
		0.4815181493759155,
		0.1218637079000473,
		0.9983194470405579
	],
	"right_shoulder": [
		0.3113633394241333,
		0.5291984677314758,
		-0.3542660176753998,
		0.9996263980865479
	],
	"right_elbow": [
		0.14044372737407684,
		0.5644304156303406,
		-0.7924533486366272,
		0.9951753616333008
	],
	"right_wrist": [
		0.32469382882118225,
		0.45000290870666504,
		-1.091583013534546,
		0.9894521236419678
	],
	"nose": [
		0.49449968338012695,
		0.3074502944946289,
		-0.21166761219501495,
		0.9999898076057434
	],
	"left_eye": [
		0.4739104211330414,
		0.2607995271682739,
		-0.16084077954292297,
		0.9999822378158569
	],
	"right_eye": [
		0.4655805230140686,
		0.2672363519668579,
		-0.222421333193779,
		0.9999904632568359
	],
	"left_ear": [
		0.44228029251098633,
		0.286790132522583,
		0.06683008372783661,
		0.9999904632568359
	],
	"right_ear": [
		0.42102161049842834,
		0.30370157957077026,
		-0.24878661334514618,
		0.9999937415122986
	]
}