{
	"left_hip": [
		0.5034182071685791,
		1.1880916357040405,
		0.10055269300937653,
		0.48638394474983215
	],
	"left_knee": [
		0.5391497015953064,
		1.6954808235168457,
		0.07414475083351135,
		0.01427171565592289
	],
	"left_ankle": [
		0.5491346716880798,
		2.1585044860839844,
		0.3763127326965332,
		0.0007478689076378942
	],
	"right_hip": [
		0.3657987415790558,
		1.2384343147277832,
		-0.09956066310405731,
		0.44417843222618103
	],
	"right_knee": [
		0.39700084924697876,
		1.7345823049545288,
		-0.12579771876335144,
		0.04155735671520233
	],
	"right_ankle": [
		0.40429258346557617,
		2.2242565155029297,
		0.04140296205878258,
		0.0066989329643547535
	],
	"left_shoulder": [
		0.5144681930541992,
		0.5098922252655029,
		0.1349329650402069,
		0.9998852610588074
	],
	"left_elbow": [
		0.6879542469978333,
		0.4976465106010437,
		0.25030532479286194,
		0.9979186058044434
	],
	"left_wrist": [
		0.7931541800498962,
		0.5190973877906799,
		0.159463033080101,
		0.9991225004196167
	],
	"right_shoulder": [
		0.2956460118293762,
		0.5509012341499329,
		-0.3916552662849426,
		0.9998487830162048
	],
	"right_elbow": [
		0.11561258137226105,
		0.6089431047439575,
		-0.8519092798233032,
		0.9982284307479858
	],
	"right_wrist": [
		0.263364315032959,
		0.4273737072944641,
		-1.219375729560852,
		0.9964361786842346
	],
	"nose": [
		0.499210923910141,
		0.3062807619571686,
		-0.30647894740104675,
		0.9999881386756897
	],
	"left_eye": [
		0.48393258452415466,
		0.2642311751842499,
		-0.2531178891658783,
		0.9999721050262451
	],
	"right_eye": [
		0.47361859679222107,
		0.2668806314468384,
		-0.3203451335430145,
		0.9999895095825195
	],
	"left_ear": [
		0.45010262727737427,
		0.2893391251564026,
		-0.01763853058218956,
		0.9999834895133972
	],
	"right_ear": [
		0.4258134961128235,
		0.30238834023475647,
		-0.3173593282699585,
		0.999993622303009
	]
}