{
	"left_hip": [
		0.5050419569015503,
		1.186661958694458,
		0.09211327135562897,
		0.6006715893745422
	],
	"left_knee": [
		0.5282849073410034,
		1.6903154850006104,
		0.10881370306015015,
		0.013590393587946892
	],
	"left_ankle": [
		0.5346770882606506,
		2.156001567840576,
		0.41193222999572754,
		0.0006759343668818474
	],
	"right_hip": [
		0.3645227551460266,
		1.2331544160842896,
		-0.09095773100852966,
		0.57071453332901
	],
	"right_knee": [
		0.38495948910713196,
		1.7274885177612305,
		-0.09911485761404037,
		0.031708210706710815
	],
	"right_ankle": [
		0.39416348934173584,
		2.2182772159576416,
		0.06890080869197845,
		0.004848085809499025
	],
	"left_shoulder": [
		0.5124008059501648,
		0.5066985487937927,
		0.09672258794307709,
		0.999872088432312
	],
	"left_elbow": [
		0.6912323236465454,
		0.5040891766548157,
		0.23147651553153992,
		0.9984076619148254
	],
	"left_wrist": [
		0.7783113121986389,
		0.5244506597518921,
		0.1630212813615799,
		0.9985241293907166
	],
	"right_shoulder": [
		0.29555442929267883,
		0.5430118441581726,
		-0.38956233859062195,
		0.9999105334281921
	],
	"right_elbow": [
		0.11830828338861465,
		0.5980920791625977,
		-0.8175567388534546,
		0.9990986585617065
	],
	"right_wrist": [
		0.25927287340164185,
		0.4212466776371002,
		-1.1100760698318481,
		0.9976375699043274
	],
	"nose": [
		0.49517837166786194,
		0.3066830635070801,
		-0.3395848870277405,
		0.9999829530715942
	],
	"left_eye": [
		0.4819384217262268,
		0.2640664279460907,
		-0.2888007164001465,
		0.9999575614929199
	],
	"right_eye": [
		0.4700796604156494,
		0.2666899561882019,
		-0.3484230935573578,
		0.9999870657920837
	],
	"left_ear": [
		0.4502646028995514,
		0.2890361249446869,
		-0.05331708863377571,
		0.9999747276306152
	],
	"right_ear": [
		0.42356887459754944,
		0.30120226740837097,
		-0.3199673295021057,
		0.999992847442627
	]
}