{
	"left_hip": [
		0.4973360002040863,
		1.177322506904602,
		0.0990387499332428,
		0.5928229689598083
	],
	"left_knee": [
		0.5266672372817993,
		1.6797797679901123,
		0.06756497919559479,
		0.011902565136551857
	],
	"left_ankle": [
		0.536636233329773,
		2.145937204360962,
		0.34825876355171204,
		0.0005244303611107171
	],
	"right_hip": [
		0.3602423071861267,
		1.222586750984192,
		-0.09805437922477722,
		0.5481113791465759
	],
	"right_knee": [
		0.38592416048049927,
		1.7155828475952148,
		-0.12728050351142883,
		0.02355155162513256
	],
	"right_ankle": [
		0.3949632942676544,
		2.2077832221984863,
		0.015920422971248627,
		0.003319257404655218
	],
	"left_shoulder": [
		0.5092148780822754,
		0.5063149333000183,
		0.1488664299249649,
		0.9999051690101624
	],
	"left_elbow": [
		0.6765711307525635,
		0.5132297277450562,
		0.27920663356781006,
		0.9986054301261902
	],
	"left_wrist": [
		0.773295521736145,
		0.5375523567199707,
		0.19740620255470276,
		0.9987722635269165
	],
	"right_shoulder": [
		0.2939772307872772,
		0.5375519394874573,
		-0.3764834702014923,
		0.9999220967292786
	],
	"right_elbow": [
		0.11546548455953598,
		0.582420825958252,
		-0.8299843072891235,
		0.9993043541908264
	],
	"right_wrist": [
		0.25806790590286255,
		0.4129011034965515,
		-1.146482229232788,
		0.9980816841125488
	],
	"nose": [
		0.4949251115322113,
		0.3132117688655853,
		-0.29949766397476196,
		0.9999824166297913
	],
	"left_eye": [
		0.4818935990333557,
		0.2694328725337982,
		-0.24901390075683594,
		0.9999590516090393
	],
	"right_eye": [
		0.47079163789749146,
		0.27113503217697144,
		-0.3135819733142853,
		0.9999862313270569
	],
	"left_ear": [
		0.44909629225730896,
		0.29170456528663635,
		-0.014019377529621124,
		0.9999765753746033
	],
	"right_ear": [
		0.4244561195373535,
		0.30140209197998047,
		-0.30813878774642944,
		0.9999926686286926
	]
}