{
	"left_hip": [
		0.49759191274642944,
		1.1796404123306274,
		0.10335437953472137,
		0.5821245908737183
	],
	"left_knee": [
		0.5258972644805908,
		1.6820143461227417,
		0.07420364767313004,
		0.01270463690161705
	],
	"left_ankle": [
		0.5329074859619141,
		2.146132230758667,
		0.3597717583179474,
		0.0005792393931187689
	],
	"right_hip": [
		0.3615875840187073,
		1.2228202819824219,
		-0.10240205377340317,
		0.5420334935188293
	],
	"right_knee": [
		0.38477855920791626,
		1.7159518003463745,
		-0.12665985524654388,
		0.024999789893627167
	],
	"right_ankle": [
		0.39049261808395386,
		2.2079317569732666,
		0.01629471592605114,
		0.003624662524089217
	],
	"left_shoulder": [
		0.5092126727104187,
		0.5067060589790344,
		0.15439900755882263,
		0.9998884797096252
	],
	"left_elbow": [
		0.6768563985824585,
		0.51287442445755,
		0.2756046950817108,
		0.9984285831451416
	],
	"left_wrist": [
		0.7734253406524658,
		0.5303740501403809,
		0.1924067735671997,
		0.9985829591751099
	],
	"right_shoulder": [
		0.29396572709083557,
		0.537540078163147,
		-0.3814391791820526,
		0.9999211430549622
	],
	"right_elbow": [
		0.115453340113163,
		0.5821112990379333,
		-0.8338867425918579,
		0.9993165731430054
	],
	"right_wrist": [
		0.25790220499038696,
		0.41276228427886963,
		-1.1459040641784668,
		0.9980733394622803
	],
	"nose": [
		0.49491310119628906,
		0.3136539161205292,
		-0.3010714054107666,
		0.9999802112579346
	],
	"left_eye": [
		0.48184090852737427,
		0.2699644863605499,
		-0.25096648931503296,
		0.9999544620513916
	],
	"right_eye": [
		0.47080808877944946,
		0.27160465717315674,
		-0.31468385457992554,
		0.9999852180480957
	],
	"left_ear": [
		0.4488828778266907,
		0.2921667695045471,
		-0.015740226954221725,
		0.9999738931655884
	],
	"right_ear": [
		0.4244595170021057,
		0.3015633225440979,
		-0.31148096919059753,
		0.9999923706054688
	]
}