{
	"left_hip": [
		0.4985686242580414,
		1.1803873777389526,
		0.09985007345676422,
		0.5708678364753723
	],
	"left_knee": [
		0.5250070095062256,
		1.6833332777023315,
		0.08066175878047943,
		0.012118407525122166
	],
	"left_ankle": [
		0.5296435952186584,
		2.1442880630493164,
		0.3782550096511841,
		0.0005396559718064964
	],
	"right_hip": [
		0.3632025420665741,
		1.2226741313934326,
		-0.0989115834236145,
		0.5368642210960388
	],
	"right_knee": [
		0.38285815715789795,
		1.716073751449585,
		-0.1171538233757019,
		0.023837925866246223
	],
	"right_ankle": [
		0.3876890242099762,
		2.2051126956939697,
		0.05784780532121658,
		0.0033530869986861944
	],
	"left_shoulder": [
		0.5087364315986633,
		0.5071601867675781,
		0.14692361652851105,
		0.9998698830604553
	],
	"left_elbow": [
		0.6806601285934448,
		0.5002414584159851,
		0.2570745050907135,
		0.9982224106788635
	],
	"left_wrist": [
		0.7911355495452881,
		0.515313446521759,
		0.1590103805065155,
		0.9983689785003662
	],
	"right_shoulder": [
		0.29391101002693176,
		0.5374945402145386,
		-0.36353811621665955,
		0.9999228715896606
	],
	"right_elbow": [
		0.11532342433929443,
		0.5816060304641724,
		-0.7867562174797058,
		0.999274730682373
	],
	"right_wrist": [
		0.25459638237953186,
		0.41292572021484375,
		-1.0942214727401733,
		0.9980391263961792
	],
	"nose": [
		0.49499601125717163,
		0.31384754180908203,
		-0.2928923964500427,
		0.999979555606842
	],
	"left_eye": [
		0.4818398356437683,
		0.27027443051338196,
		-0.24223709106445312,
		0.9999527335166931
	],
	"right_eye": [
		0.47122710943222046,
		0.2718420624732971,
		-0.3055702745914459,
		0.9999851584434509
	],
	"left_ear": [
		0.4483794569969177,
		0.29241764545440674,
		-0.012468285858631134,
		0.9999727010726929
	],
	"right_ear": [
		0.4245278239250183,
		0.3015287518501282,
		-0.29636651277542114,
		0.9999926090240479
	]
}