{
	"left_hip": [
		0.4946190416812897,
		1.2026368379592896,
		0.1056518405675888,
		0.5539664030075073
	],
	"left_knee": [
		0.5173326730728149,
		1.7155885696411133,
		0.15756376087665558,
		0.012148527428507805
	],
	"left_ankle": [
		0.5202781558036804,
		2.179779291152954,
		0.4947166442871094,
		0.00047930236905813217
	],
	"right_hip": [
		0.35950803756713867,
		1.232545018196106,
		-0.10438621044158936,
		0.5004666447639465
	],
	"right_knee": [
		0.3860025107860565,
		1.7499864101409912,
		-0.05735797807574272,
		0.0230861809104681
	],
	"right_ankle": [
		0.3876408636569977,
		2.2569472789764404,
		0.1367943435907364,
		0.002801349852234125
	],
	"left_shoulder": [
		0.4926506578922272,
		0.5339847207069397,
		0.17119494080543518,
		0.9999427199363708
	],
	"left_elbow": [
		0.6360816955566406,
		0.6301535964012146,
		0.3789089322090149,
		0.9986207485198975
	],
	"left_wrist": [
		0.7900365591049194,
		0.624207615852356,
		0.3518558442592621,
		0.9992465972900391
	],
	"right_shoulder": [
		0.2903916835784912,
		0.5381412506103516,
		-0.40222668647766113,
		0.9999391436576843
	],
	"right_elbow": [
		0.1204889640212059,
		0.5226903557777405,
		-0.8379384875297546,
		0.9980916380882263
	],
	"right_wrist": [
		0.2908194661140442,
		0.3848804533481598,
		-1.111426830291748,
		0.9976103901863098
	],
	"nose": [
		0.49232572317123413,
		0.3190682530403137,
		-0.25101372599601746,
		0.999991238117218
	],
	"left_eye": [
		0.4794641435146332,
		0.273567259311676,
		-0.20506589114665985,
		0.9999791383743286
	],
	"right_eye": [
		0.46665897965431213,
		0.2741106450557709,
		-0.27427899837493896,
		0.9999921917915344
	],
	"left_ear": [
		0.44804278016090393,
		0.29499828815460205,
		0.012551267631351948,
		0.9999878406524658
	],
	"right_ear": [
		0.41874733567237854,
		0.3026844263076782,
		-0.3013002872467041,
		0.9999953508377075
	]
}