{
	"left_hip": [
		0.49579349160194397,
		1.203626036643982,
		0.09108755737543106,
		0.5647380948066711
	],
	"left_knee": [
		0.517269492149353,
		1.7151246070861816,
		0.11103175580501556,
		0.012141896411776543
	],
	"left_ankle": [
		0.5209628343582153,
		2.1792855262756348,
		0.41314905881881714,
		0.0004873455036431551
	],
	"right_hip": [
		0.3598994016647339,
		1.2325624227523804,
		-0.08970716595649719,
		0.5126075148582458
	],
	"right_knee": [
		0.3847101032733917,
		1.7496614456176758,
		-0.06710544973611832,
		0.02249683253467083
	],
	"right_ankle": [
		0.38704046607017517,
		2.2509171962738037,
		0.10943977534770966,
		0.0027383998967707157
	],
	"left_shoulder": [
		0.4933810234069824,
		0.5413575172424316,
		0.17352299392223358,
		0.9999457597732544
	],
	"left_elbow": [
		0.6327652335166931,
		0.6589416265487671,
		0.384351909160614,
		0.9985232353210449
	],
	"left_wrist": [
		0.7846324443817139,
		0.6360437870025635,
		0.36612290143966675,
		0.9992244839668274
	],
	"right_shoulder": [
		0.2918861210346222,
		0.5372893214225769,
		-0.3491869568824768,
		0.9999417662620544
	],
	"right_elbow": [
		0.12627151608467102,
		0.5227854251861572,
		-0.7454168796539307,
		0.9981751441955566
	],
	"right_wrist": [
		0.29139456152915955,
		0.38409602642059326,
		-0.9736061096191406,
		0.9976252317428589
	],
	"nose": [
		0.4925571382045746,
		0.31918901205062866,
		-0.228552907705307,
		0.9999918937683105
	],
	"left_eye": [
		0.48062196373939514,
		0.27385562658309937,
		-0.18348637223243713,
		0.9999808073043823
	],
	"right_eye": [
		0.4666830599308014,
		0.2741714417934418,
		-0.2475837916135788,
		0.9999926686286926
	],
	"left_ear": [
		0.450133740901947,
		0.29507264494895935,
		0.024611953645944595,
		0.9999887943267822
	],
	"right_ear": [
		0.41857942938804626,
		0.30276235938072205,
		-0.26672181487083435,
		0.9999956488609314
	]
}