{
	"left_hip": [
		0.5004125833511353,
		1.2034122943878174,
		0.08768580853939056,
		0.6174216270446777
	],
	"left_knee": [
		0.5204949378967285,
		1.704585075378418,
		0.10407829284667969,
		0.013778364285826683
	],
	"left_ankle": [
		0.5306283235549927,
		2.1615817546844482,
		0.40282782912254333,
		0.0006253120373003185
	],
	"right_hip": [
		0.37250715494155884,
		1.2242450714111328,
		-0.08633352816104889,
		0.5803359746932983
	],
	"right_knee": [
		0.39139100909233093,
		1.7412714958190918,
		-0.0677279382944107,
		0.02540951408445835
	],
	"right_ankle": [
		0.39944761991500854,
		2.2238106727600098,
		0.07377155125141144,
		0.0031299148686230183
	],
	"left_shoulder": [
		0.4915364384651184,
		0.5743468403816223,
		0.2088438719511032,
		0.9999480247497559
	],
	"left_elbow": [
		0.5673331618309021,
		0.8287137746810913,
		0.4781549870967865,
		0.9959356188774109
	],
	"left_wrist": [
		0.7340770363807678,
		0.7558063268661499,
		0.5456775426864624,
		0.9986311793327332
	],
	"right_shoulder": [
		0.3103375732898712,
		0.5252549052238464,
		-0.28977158665657043,
		0.9999474883079529
	],
	"right_elbow": [
		0.14078250527381897,
		0.5119556188583374,
		-0.7437571287155151,
		0.9984403848648071
	],
	"right_wrist": [
		0.3057345747947693,
		0.3653300404548645,
		-1.0075117349624634,
		0.9979032278060913
	],
	"nose": [
		0.4937453866004944,
		0.31647732853889465,
		-0.21990251541137695,
		0.9999938607215881
	],
	"left_eye": [
		0.4830360412597656,
		0.27299973368644714,
		-0.1732206791639328,
		0.999985933303833
	],
	"right_eye": [
		0.4664178788661957,
		0.2731115520000458,
		-0.2389383763074875,
		0.9999940991401672
	],
	"left_ear": [
		0.4560881555080414,
		0.2945067882537842,
		0.040271252393722534,
		0.9999917149543762
	],
	"right_ear": [
		0.41723495721817017,
		0.30271393060684204,
		-0.21284282207489014,
		0.9999964237213135
	]
}