{
	"left_hip": [
		0.5031090974807739,
		1.216029167175293,
		0.12622208893299103,
		0.6108324527740479
	],
	"left_knee": [
		0.5325708389282227,
		1.722672700881958,
		0.16922427713871002,
		0.014483796432614326
	],
	"left_ankle": [
		0.5484126806259155,
		2.1892664432525635,
		0.47019681334495544,
		0.0007131390157155693
	],
	"right_hip": [
		0.39040374755859375,
		1.2359963655471802,
		-0.12491919845342636,
		0.5845209956169128
	],
	"right_knee": [
		0.4246092736721039,
		1.7749289274215698,
		-0.09600134938955307,
		0.03659514710307121
	],
	"right_ankle": [
		0.4301913380622864,
		2.2706496715545654,
		0.017571987584233284,
		0.003626847406849265
	],
	"left_shoulder": [
		0.48662012815475464,
		0.5819088220596313,
		0.22446438670158386,
		0.9999352097511292
	],
	"left_elbow": [
		0.5394783616065979,
		0.88042151927948,
		0.4955422878265381,
		0.9852487444877625
	],
	"left_wrist": [
		0.7184666395187378,
		0.8235663175582886,
		0.5476593375205994,
		0.9961269497871399
	],
	"right_shoulder": [
		0.32012584805488586,
		0.5256243348121643,
		-0.3093428909778595,
		0.9999475479125977
	],
	"right_elbow": [
		0.14448411762714386,
		0.5005161762237549,
		-0.7565728425979614,
		0.9984703063964844
	],
	"right_wrist": [
		0.31436270475387573,
		0.359805166721344,
		-1.0175178050994873,
		0.9979647994041443
	],
	"nose": [
		0.49444156885147095,
		0.31492435932159424,
		-0.25264978408813477,
		0.9999942779541016
	],
	"left_eye": [
		0.4839857220649719,
		0.2719051241874695,
		-0.20226898789405823,
		0.9999874234199524
	],
	"right_eye": [
		0.4663251042366028,
		0.2727971076965332,
		-0.2606835961341858,
		0.9999944567680359
	],
	"left_ear": [
		0.4568719267845154,
		0.2941100299358368,
		0.036944977939128876,
		0.9999924898147583
	],
	"right_ear": [
		0.41677698493003845,
		0.3029285669326782,
		-0.2252819985151291,
		0.9999966621398926
	]
}