{
	"left_hip": [
		0.519048273563385,
		1.206291913986206,
		0.07348575443029404,
		0.48403263092041016
	],
	"left_knee": [
		0.5451805591583252,
		1.7067663669586182,
		0.027113506570458412,
		0.01890477165579796
	],
	"left_ankle": [
		0.5584456324577332,
		2.1885557174682617,
		0.2650620639324188,
		0.0014403031673282385
	],
	"right_hip": [
		0.3906068801879883,
		1.235538125038147,
		-0.07244979590177536,
		0.49897703528404236
	],
	"right_knee": [
		0.4256584048271179,
		1.7603782415390015,
		-0.10647499561309814,
		0.05617089197039604
	],
	"right_ankle": [
		0.43447914719581604,
		2.257814884185791,
		-0.04122268781065941,
		0.00515797920525074
	],
	"left_shoulder": [
		0.4799438416957855,
		0.5422918200492859,
		0.15791745483875275,
		0.9995638132095337
	],
	"left_elbow": [
		0.517209529876709,
		0.8185221552848816,
		0.4225026071071625,
		0.8653057813644409
	],
	"left_wrist": [
		0.5529329180717468,
		0.9389569759368896,
		0.5892685651779175,
		0.8305633068084717
	],
	"right_shoulder": [
		0.32496869564056396,
		0.5257039666175842,
		-0.2234199345111847,
		0.9999298453330994
	],
	"right_elbow": [
		0.15560796856880188,
		0.4831467866897583,
		-0.6009670495986938,
		0.9986456036567688
	],
	"right_wrist": [
		0.3200847804546356,
		0.3502802550792694,
		-0.7664315104484558,
		0.9951687455177307
	],
	"nose": [
		0.49109429121017456,
		0.3180689513683319,
		-0.27985072135925293,
		0.999959409236908
	],
	"left_eye": [
		0.4837615489959717,
		0.274980366230011,
		-0.23775045573711395,
		0.999929666519165
	],
	"right_eye": [
		0.4604482054710388,
		0.27845966815948486,
		-0.28699401021003723,
		0.9999650716781616
	],
	"left_ear": [
		0.4617912173271179,
		0.2936926782131195,
		0.004999720491468906,
		0.9999578595161438
	],
	"right_ear": [
		0.41474515199661255,
		0.3071451783180237,
		-0.1970011293888092,
		0.9999860525131226
	]
}