{
	"left_hip": [
		0.5115647912025452,
		1.2207355499267578,
		0.1678314507007599,
		0.21148613095283508
	],
	"left_knee": [
		0.5438060164451599,
		1.6758915185928345,
		0.18435339629650116,
		0.019924744963645935
	],
	"left_ankle": [
		0.566564679145813,
		2.1195363998413086,
		0.4286651611328125,
		0.0017640258884057403
	],
	"right_hip": [
		0.41776174306869507,
		1.2392207384109497,
		-0.1663101464509964,
		0.2347106784582138
	],
	"right_knee": [
		0.4516681134700775,
		1.7072827816009521,
		-0.1264517605304718,
		0.05997641012072563
	],
	"right_ankle": [
		0.46259504556655884,
		2.172628164291382,
		0.044531628489494324,
		0.005274312105029821
	],
	"left_shoulder": [
		0.49023881554603577,
		0.5876995325088501,
		0.2622179388999939,
		0.9948227405548096
	],
	"left_elbow": [
		0.5442637205123901,
		0.8796384930610657,
		0.31253868341445923,
		0.38493841886520386
	],
	"left_wrist": [
		0.640713095664978,
		1.1041083335876465,
		0.15182195603847504,
		0.43893855810165405
	],
	"right_shoulder": [
		0.3935181498527527,
		0.5517942309379578,
		-0.4500940442085266,
		0.9993596076965332
	],
	"right_elbow": [
		0.4044671952724457,
		0.8947310447692871,
		-0.5316777229309082,
		0.8790515661239624
	],
	"right_wrist": [
		0.5091206431388855,
		1.178829550743103,
		-0.5391720533370972,
		0.7905596494674683
	],
	"nose": [
		0.5628908276557922,
		0.3394997715950012,
		-0.1402302384376526,
		0.9996430277824402
	],
	"left_eye": [
		0.5453377366065979,
		0.29117530584335327,
		-0.10817952454090118,
		0.9994930624961853
	],
	"right_eye": [
		0.536971390247345,
		0.2934122085571289,
		-0.18141436576843262,
		0.9996412992477417
	],
	"left_ear": [
		0.5060433745384216,
		0.306618869304657,
		0.058074552565813065,
		0.9994374513626099
	],
	"right_ear": [
		0.4911678433418274,
		0.31105899810791016,
		-0.302435964345932,
		0.9997286200523376
	]
}