{
	"left_hip": [
		0.492378294467926,
		1.2173020839691162,
		0.18703952431678772,
		0.1524076610803604
	],
	"left_knee": [
		0.5409098863601685,
		1.5633195638656616,
		0.2164137065410614,
		0.014784485101699829
	],
	"left_ankle": [
		0.5634095072746277,
		1.9904741048812866,
		0.45012325048446655,
		0.001485621090978384
	],
	"right_hip": [
		0.4139692187309265,
		1.2394987344741821,
		-0.18552511930465698,
		0.16448982059955597
	],
	"right_knee": [
		0.4614596962928772,
		1.5918171405792236,
		-0.16355380415916443,
		0.049375344067811966
	],
	"right_ankle": [
		0.4714285433292389,
		2.047476053237915,
		0.01947201043367386,
		0.004799182992428541
	],
	"left_shoulder": [
		0.48497122526168823,
		0.588422954082489,
		0.2711236774921417,
		0.9934714436531067
	],
	"left_elbow": [
		0.5395731329917908,
		0.8831357359886169,
		0.30671682953834534,
		0.2705909311771393
	],
	"left_wrist": [
		0.637976884841919,
		1.1018413305282593,
		0.12271402776241302,
		0.3631003797054291
	],
	"right_shoulder": [
		0.39098891615867615,
		0.549087405204773,
		-0.46511998772621155,
		0.9990771412849426
	],
	"right_elbow": [
		0.416790634393692,
		0.9013192057609558,
		-0.5392704606056213,
		0.8357088565826416
	],
	"right_wrist": [
		0.5176985263824463,
		1.1816331148147583,
		-0.5242233276367188,
		0.7471024990081787
	],
	"nose": [
		0.5595160126686096,
		0.3419313430786133,
		-0.13771185278892517,
		0.9994096755981445
	],
	"left_eye": [
		0.5437476634979248,
		0.29115158319473267,
		-0.10542862117290497,
		0.9991320967674255
	],
	"right_eye": [
		0.5352699160575867,
		0.29404082894325256,
		-0.18299239873886108,
		0.9993690848350525
	],
	"left_ear": [
		0.5038058161735535,
		0.3080896735191345,
		0.05646541714668274,
		0.999032735824585
	],
	"right_ear": [
		0.4884968400001526,
		0.31221169233322144,
		-0.3038633465766907,
		0.9994854927062988
	]
}