{
	"left_hip": [
		0.4930213987827301,
		1.2173469066619873,
		0.1846047341823578,
		0.14360575377941132
	],
	"left_knee": [
		0.5433065295219421,
		1.5605626106262207,
		0.21054241061210632,
		0.014067868702113628
	],
	"left_ankle": [
		0.5634807348251343,
		1.9949555397033691,
		0.44955191016197205,
		0.001435454236343503
	],
	"right_hip": [
		0.41368311643600464,
		1.239944338798523,
		-0.18304143846035004,
		0.15375196933746338
	],
	"right_knee": [
		0.459834486246109,
		1.5901145935058594,
		-0.1577151119709015,
		0.04731084033846855
	],
	"right_ankle": [
		0.47157803177833557,
		2.0457465648651123,
		0.021273566409945488,
		0.004638054873794317
	],
	"left_shoulder": [
		0.4849965572357178,
		0.5886358022689819,
		0.2698545753955841,
		0.9929804801940918
	],
	"left_elbow": [
		0.5389028191566467,
		0.8835893869400024,
		0.3077276349067688,
		0.25067850947380066
	],
	"left_wrist": [
		0.638049840927124,
		1.0974476337432861,
		0.11955337226390839,
		0.3480852544307709
	],
	"right_shoulder": [
		0.3908032178878784,
		0.5492462515830994,
		-0.4654492735862732,
		0.9989429116249084
	],
	"right_elbow": [
		0.41748911142349243,
		0.9021714329719543,
		-0.5442172288894653,
		0.8273321986198425
	],
	"right_wrist": [
		0.5173839330673218,
		1.1775327920913696,
		-0.5297662019729614,
		0.7415184378623962
	],
	"nose": [
		0.5592048764228821,
		0.34062403440475464,
		-0.1390382945537567,
		0.9993453621864319
	],
	"left_eye": [
		0.5434978604316711,
		0.2901478111743927,
		-0.10676610469818115,
		0.9990372657775879
	],
	"right_eye": [
		0.534915566444397,
		0.2931118309497833,
		-0.1867380291223526,
		0.999295175075531
	],
	"left_ear": [
		0.5022533535957336,
		0.3076586425304413,
		0.05381395295262337,
		0.998916506767273
	],
	"right_ear": [
		0.48815664649009705,
		0.31219953298568726,
		-0.30759575963020325,
		0.999418318271637
	]
}