{
	"left_hip": [
		0.4921391010284424,
		1.1914883852005005,
		0.19196376204490662,
		0.10501285642385483
	],
	"left_knee": [
		0.5356928110122681,
		1.4633885622024536,
		0.17000024020671844,
		0.011097035370767117
	],
	"left_ankle": [
		0.5493496656417847,
		1.9086787700653076,
		0.3864624500274658,
		0.0013333405368030071
	],
	"right_hip": [
		0.4129510819911957,
		1.2021136283874512,
		-0.19036871194839478,
		0.10544386506080627
	],
	"right_knee": [
		0.4506610929965973,
		1.4748953580856323,
		-0.18790477514266968,
		0.04216521605849266
	],
	"right_ankle": [
		0.4694041311740875,
		1.9368122816085815,
		-0.03522924333810806,
		0.004463627003133297
	],
	"left_shoulder": [
		0.48511195182800293,
		0.5782748460769653,
		0.306048721075058,
		0.9901052117347717
	],
	"left_elbow": [
		0.5425072312355042,
		0.8618537783622742,
		0.35333171486854553,
		0.17371989786624908
	],
	"left_wrist": [
		0.6332406401634216,
		1.043915867805481,
		0.14328452944755554,
		0.28510230779647827
	],
	"right_shoulder": [
		0.3868183493614197,
		0.5252875089645386,
		-0.4453597962856293,
		0.9982144832611084
	],
	"right_elbow": [
		0.41601648926734924,
		0.8618794083595276,
		-0.5454857349395752,
		0.8377293348312378
	],
	"right_wrist": [
		0.5521399974822998,
		1.1053048372268677,
		-0.5546475648880005,
		0.7503695487976074
	],
	"nose": [
		0.5452444553375244,
		0.31845998764038086,
		-0.11146186292171478,
		0.9984082579612732
	],
	"left_eye": [
		0.5290685892105103,
		0.2760666012763977,
		-0.07876476645469666,
		0.997660756111145
	],
	"right_eye": [
		0.521837055683136,
		0.2780146300792694,
		-0.15981623530387878,
		0.9982696175575256
	],
	"left_ear": [
		0.4920777678489685,
		0.29770001769065857,
		0.08420209586620331,
		0.9970678091049194
	],
	"right_ear": [
		0.4755416810512543,
		0.30449235439300537,
		-0.2778008282184601,
		0.9984740018844604
	]
}