{
	"left_hip": [
		0.49228358268737793,
		1.1815829277038574,
		0.17873437702655792,
		0.10910536348819733
	],
	"left_knee": [
		0.5381186604499817,
		1.464596152305603,
		0.1605009138584137,
		0.011254366487264633
	],
	"left_ankle": [
		0.5502411723136902,
		1.9320472478866577,
		0.3618229031562805,
		0.0013575141783803701
	],
	"right_hip": [
		0.41291528940200806,
		1.193640112876892,
		-0.17720487713813782,
		0.1074632778763771
	],
	"right_knee": [
		0.4503214955329895,
		1.4833229780197144,
		-0.17967313528060913,
		0.04255916550755501
	],
	"right_ankle": [
		0.4687355160713196,
		1.976823329925537,
		-0.034353286027908325,
		0.004647298716008663
	],
	"left_shoulder": [
		0.48432716727256775,
		0.5750822424888611,
		0.3015543818473816,
		0.9905892610549927
	],
	"left_elbow": [
		0.5424176454544067,
		0.8466665148735046,
		0.350208580493927,
		0.18084731698036194
	],
	"left_wrist": [
		0.6332040429115295,
		1.0288400650024414,
		0.14146389067173004,
		0.30640459060668945
	],
	"right_shoulder": [
		0.3855995535850525,
		0.5224902033805847,
		-0.409456342458725,
		0.9982619881629944
	],
	"right_elbow": [
		0.4246217608451843,
		0.856803834438324,
		-0.4992922246456146,
		0.8447005152702332
	],
	"right_wrist": [
		0.5613736510276794,
		1.0831022262573242,
		-0.5073714852333069,
		0.7620182633399963
	],
	"nose": [
		0.5431116223335266,
		0.31756818294525146,
		-0.09567679464817047,
		0.9985013604164124
	],
	"left_eye": [
		0.5276269316673279,
		0.2748132348060608,
		-0.06571133434772491,
		0.9978005290031433
	],
	"right_eye": [
		0.5200339555740356,
		0.2767252027988434,
		-0.14303338527679443,
		0.9983712434768677
	],
	"left_ear": [
		0.49149948358535767,
		0.29554370045661926,
		0.08666151762008667,
		0.9972378015518188
	],
	"right_ear": [
		0.4745559096336365,
		0.3022766411304474,
		-0.25839677453041077,
		0.9985501170158386
	]
}