{
	"left_hip": [
		0.4945757985115051,
		1.1753119230270386,
		0.1726715862751007,
		0.10708718001842499
	],
	"left_knee": [
		0.5513944625854492,
		1.4772952795028687,
		0.13015903532505035,
		0.011823754757642746
	],
	"left_ankle": [
		0.5690084099769592,
		1.9362800121307373,
		0.3104523718357086,
		0.001419851672835648
	],
	"right_hip": [
		0.413227379322052,
		1.1879942417144775,
		-0.1710822880268097,
		0.10480799525976181
	],
	"right_knee": [
		0.4612215459346771,
		1.5030291080474854,
		-0.17938759922981262,
		0.04395550489425659
	],
	"right_ankle": [
		0.4802824556827545,
		1.9797565937042236,
		-0.058671098202466965,
		0.004816049709916115
	],
	"left_shoulder": [
		0.4840141236782074,
		0.572492778301239,
		0.3144253194332123,
		0.9904087781906128
	],
	"left_elbow": [
		0.5409032106399536,
		0.8445160388946533,
		0.37409356236457825,
		0.17712056636810303
	],
	"left_wrist": [
		0.6299201846122742,
		1.0041611194610596,
		0.17129166424274445,
		0.303490549325943
	],
	"right_shoulder": [
		0.38471490144729614,
		0.5222641825675964,
		-0.39192214608192444,
		0.9981938004493713
	],
	"right_elbow": [
		0.426428884267807,
		0.8567189574241638,
		-0.4837072491645813,
		0.848577082157135
	],
	"right_wrist": [
		0.577019453048706,
		1.0598914623260498,
		-0.47875484824180603,
		0.766528844833374
	],
	"nose": [
		0.5420689582824707,
		0.31739863753318787,
		-0.07146324962377548,
		0.9984204173088074
	],
	"left_eye": [
		0.5263535380363464,
		0.273951917886734,
		-0.041631780564785004,
		0.9977082014083862
	],
	"right_eye": [
		0.5185576677322388,
		0.2761078476905823,
		-0.12024213373661041,
		0.9982951879501343
	],
	"left_ear": [
		0.49058905243873596,
		0.29401952028274536,
		0.10677026212215424,
		0.9971020221710205
	],
	"right_ear": [
		0.4737825393676758,
		0.3010188639163971,
		-0.24150271713733673,
		0.9984369874000549
	]
}