{
	"left_hip": [
		0.4609653353691101,
		1.1137012243270874,
		0.20796391367912292,
		0.16992603242397308
	],
	"left_knee": [
		0.5727826356887817,
		1.016798973083496,
		0.10175709426403046,
		0.027634568512439728
	],
	"left_ankle": [
		0.5506786704063416,
		1.3718098402023315,
		0.2577763497829437,
		0.006072734948247671
	],
	"right_hip": [
		0.4017406105995178,
		1.1262726783752441,
		-0.20677563548088074,
		0.18010519444942474
	],
	"right_knee": [
		0.5078595876693726,
		1.072871208190918,
		-0.3767496347427368,
		0.14795978367328644
	],
	"right_ankle": [
		0.4976308345794678,
		1.41408109664917,
		-0.2011980265378952,
		0.019840123131871223
	],
	"left_shoulder": [
		0.4645383954048157,
		0.5583463907241821,
		0.4112008512020111,
		0.9920852780342102
	],
	"left_elbow": [
		0.5235810875892639,
		0.8200826644897461,
		0.4742569029331207,
		0.14878864586353302
	],
	"left_wrist": [
		0.5902084112167358,
		0.9261883497238159,
		0.2497134506702423,
		0.22269216179847717
	],
	"right_shoulder": [
		0.38724571466445923,
		0.5086331963539124,
		-0.3627130091190338,
		0.9986528754234314
	],
	"right_elbow": [
		0.45369911193847656,
		0.7722273468971252,
		-0.4358462393283844,
		0.899989664554596
	],
	"right_wrist": [
		0.5965741872787476,
		0.9366152286529541,
		-0.3340989947319031,
		0.820851743221283
	],
	"nose": [
		0.5345490574836731,
		0.3246106207370758,
		0.01624223217368126,
		0.9985795617103577
	],
	"left_eye": [
		0.5182731747627258,
		0.27773675322532654,
		0.0502263680100441,
		0.9979097843170166
	],
	"right_eye": [
		0.5125447511672974,
		0.2794002592563629,
		-0.028521806001663208,
		0.998422384262085
	],
	"left_ear": [
		0.4811623990535736,
		0.29464685916900635,
		0.20166686177253723,
		0.9975704550743103
	],
	"right_ear": [
		0.4703996777534485,
		0.30011871457099915,
		-0.14690427482128143,
		0.9986506700515747
	]
}