{
	"left_hip": [
		0.4611607491970062,
		1.0881375074386597,
		0.20627352595329285,
		0.2088790386915207
	],
	"left_knee": [
		0.5921435356140137,
		0.887873113155365,
		0.08773284405469894,
		0.03610182926058769
	],
	"left_ankle": [
		0.5666024684906006,
		1.1490943431854248,
		0.24687416851520538,
		0.009869692847132683
	],
	"right_hip": [
		0.4025225043296814,
		1.1061697006225586,
		-0.20516614615917206,
		0.21821433305740356
	],
	"right_knee": [
		0.552261233329773,
		0.9423753619194031,
		-0.3770526051521301,
		0.2077176421880722
	],
	"right_ankle": [
		0.5402065515518188,
		1.174146056175232,
		-0.18993441760540009,
		0.030997514724731445
	],
	"left_shoulder": [
		0.45855003595352173,
		0.5536459684371948,
		0.43163806200027466,
		0.9930570125579834
	],
	"left_elbow": [
		0.5215071439743042,
		0.8196544051170349,
		0.4955770969390869,
		0.14202696084976196
	],
	"left_wrist": [
		0.583692729473114,
		0.9207820296287537,
		0.27539220452308655,
		0.20617073774337769
	],
	"right_shoulder": [
		0.393200159072876,
		0.5091849565505981,
		-0.32821017503738403,
		0.9988129138946533
	],
	"right_elbow": [
		0.4690767824649811,
		0.7626624703407288,
		-0.40058550238609314,
		0.9137330651283264
	],
	"right_wrist": [
		0.6039509177207947,
		0.9243789911270142,
		-0.27788788080215454,
		0.8365135788917542
	],
	"nose": [
		0.5343663692474365,
		0.32878023386001587,
		0.05032665655016899,
		0.9987833499908447
	],
	"left_eye": [
		0.517479658126831,
		0.2806497812271118,
		0.08437969535589218,
		0.9982219338417053
	],
	"right_eye": [
		0.5120296478271484,
		0.2829437255859375,
		0.006281569600105286,
		0.998643696308136
	],
	"left_ear": [
		0.47886085510253906,
		0.29613521695137024,
		0.2321806699037552,
		0.9979522824287415
	],
	"right_ear": [
		0.4700236916542053,
		0.30119946599006653,
		-0.113561250269413,
		0.998857855796814
	]
}