{
	"left_hip": [
		0.4585835933685303,
		1.0217335224151611,
		0.1914358288049698,
		0.332923948764801
	],
	"left_knee": [
		0.5716560482978821,
		0.9053968787193298,
		0.06489922851324081,
		0.09590572863817215
	],
	"left_ankle": [
		0.5901053547859192,
		1.1935521364212036,
		0.19087925553321838,
		0.031263578683137894
	],
	"right_hip": [
		0.3980768620967865,
		1.0258134603500366,
		-0.19056108593940735,
		0.2758195102214813
	],
	"right_knee": [
		0.4971514344215393,
		0.9714521765708923,
		-0.31743499636650085,
		0.4038027822971344
	],
	"right_ankle": [
		0.49345606565475464,
		1.209892749786377,
		-0.18717752397060394,
		0.08045486360788345
	],
	"left_shoulder": [
		0.4571166932582855,
		0.5262939929962158,
		0.41729164123535156,
		0.9967296719551086
	],
	"left_elbow": [
		0.5738773345947266,
		0.7111358642578125,
		0.3809118866920471,
		0.22595402598381042
	],
	"left_wrist": [
		0.6646289825439453,
		0.7829108834266663,
		0.039145760238170624,
		0.2718457579612732
	],
	"right_shoulder": [
		0.3974840044975281,
		0.47440654039382935,
		-0.268925279378891,
		0.9990885853767395
	],
	"right_elbow": [
		0.47789087891578674,
		0.6273683905601501,
		-0.47280630469322205,
		0.9669530987739563
	],
	"right_wrist": [
		0.6141212582588196,
		0.6948354840278625,
		-0.42859911918640137,
		0.9065356850624084
	],
	"nose": [
		0.5350738763809204,
		0.34036797285079956,
		0.03149079158902168,
		0.9991405010223389
	],
	"left_eye": [
		0.5192488431930542,
		0.2922440469264984,
		0.0710892528295517,
		0.9988899230957031
	],
	"right_eye": [
		0.5132178068161011,
		0.2942946255207062,
		0.004080114420503378,
		0.9989879131317139
	],
	"left_ear": [
		0.4780723452568054,
		0.3037964105606079,
		0.2509380280971527,
		0.998927891254425
	],
	"right_ear": [
		0.470314085483551,
		0.306738942861557,
		-0.0578387975692749,
		0.9992342591285706
	]
}