{
	"left_hip": [
		0.462307870388031,
		1.0300441980361938,
		0.1945483237504959,
		0.3722531497478485
	],
	"left_knee": [
		0.5820900797843933,
		0.8045079112052917,
		0.1409129649400711,
		0.11239414662122726
	],
	"left_ankle": [
		0.7610074281692505,
		0.8677579760551453,
		0.1400027722120285,
		0.04003608971834183
	],
	"right_hip": [
		0.3999897837638855,
		1.0532182455062866,
		-0.19405797123908997,
		0.3121253252029419
	],
	"right_knee": [
		0.5065898299217224,
		0.8758633136749268,
		-0.30125850439071655,
		0.4732576012611389
	],
	"right_ankle": [
		0.6533070206642151,
		1.0024086236953735,
		-0.21175572276115417,
		0.10463514924049377
	],
	"left_shoulder": [
		0.4593225121498108,
		0.5391480922698975,
		0.37941890954971313,
		0.99720698595047
	],
	"left_elbow": [
		0.6191101670265198,
		0.6709104180335999,
		0.3034208416938782,
		0.2994925081729889
	],
	"left_wrist": [
		0.7292686700820923,
		0.7318323254585266,
		-0.07005574554204941,
		0.3439137637615204
	],
	"right_shoulder": [
		0.3920224905014038,
		0.4673035442829132,
		-0.28025779128074646,
		0.9989222884178162
	],
	"right_elbow": [
		0.48451533913612366,
		0.548987090587616,
		-0.561933159828186,
		0.9641184210777283
	],
	"right_wrist": [
		0.6224269270896912,
		0.6135792136192322,
		-0.575201153755188,
		0.8998931050300598
	],
	"nose": [
		0.5306183695793152,
		0.34059932827949524,
		-0.008984961546957493,
		0.999297559261322
	],
	"left_eye": [
		0.5170222520828247,
		0.2928244471549988,
		0.029973004013299942,
		0.9991106390953064
	],
	"right_eye": [
		0.5105081796646118,
		0.29403409361839294,
		-0.03997121378779411,
		0.9991481900215149
	],
	"left_ear": [
		0.4765138626098633,
		0.30424800515174866,
		0.2078828513622284,
		0.9991558194160461
	],
	"right_ear": [
		0.46677476167678833,
		0.3070135712623596,
		-0.06836605817079544,
		0.9993497729301453
	]
}