{
	"left_hip": [
		0.4639427661895752,
		1.028706669807434,
		0.1384279727935791,
		0.42443639039993286
	],
	"left_knee": [
		0.469120591878891,
		1.3818912506103516,
		0.0971168652176857,
		0.07873915880918503
	],
	"left_ankle": [
		0.4620548188686371,
		1.7374924421310425,
		0.2918557822704315,
		0.03554185852408409
	],
	"right_hip": [
		0.39813143014907837,
		1.048535704612732,
		-0.13756540417671204,
		0.36158356070518494
	],
	"right_knee": [
		0.3875754177570343,
		1.3911586999893188,
		-0.14691515266895294,
		0.4156140983104706
	],
	"right_ankle": [
		0.3636723756790161,
		1.7758872509002686,
		-0.02832033671438694,
		0.12206941843032837
	],
	"left_shoulder": [
		0.46729564666748047,
		0.4858121871948242,
		0.1036902517080307,
		0.9976008534431458
	],
	"left_elbow": [
		0.6345849633216858,
		0.42680102586746216,
		0.046367745846509933,
		0.6805142164230347
	],
	"left_wrist": [
		0.8175750970840454,
		0.3750765919685364,
		-0.15576371550559998,
		0.6991350054740906
	],
	"right_shoulder": [
		0.3692821264266968,
		0.47464048862457275,
		-0.4229145050048828,
		0.9920900464057922
	],
	"right_elbow": [
		0.4176083207130432,
		0.38884931802749634,
		-0.7524874210357666,
		0.9542289972305298
	],
	"right_wrist": [
		0.5738993883132935,
		0.28805842995643616,
		-0.8476007580757141,
		0.8732561469078064
	],
	"nose": [
		0.4987782835960388,
		0.3088722229003906,
		-0.2797412574291229,
		0.9991143941879272
	],
	"left_eye": [
		0.49450451135635376,
		0.2687278687953949,
		-0.2376205027103424,
		0.9988142251968384
	],
	"right_eye": [
		0.4868183732032776,
		0.274734765291214,
		-0.2923927903175354,
		0.9987525343894958
	],
	"left_ear": [
		0.4661102294921875,
		0.2820746898651123,
		-0.03335569053888321,
		0.9992164969444275
	],
	"right_ear": [
		0.4532546401023865,
		0.294277548789978,
		-0.28658416867256165,
		0.9991016983985901
	]
}