{
	"left_hip": [
		0.466726690530777,
		1.037956714630127,
		0.10426104068756104,
		0.4549156427383423
	],
	"left_knee": [
		0.4719129502773285,
		1.442528486251831,
		0.11169867217540741,
		0.09050582349300385
	],
	"left_ankle": [
		0.477500855922699,
		1.8056124448776245,
		0.28479325771331787,
		0.029107363894581795
	],
	"right_hip": [
		0.3869592547416687,
		1.0561645030975342,
		-0.10340843349695206,
		0.35313713550567627
	],
	"right_knee": [
		0.37779539823532104,
		1.4570481777191162,
		-0.08742028474807739,
		0.3461810350418091
	],
	"right_ankle": [
		0.37204357981681824,
		1.8421944379806519,
		0.014659754931926727,
		0.09594293683767319
	],
	"left_shoulder": [
		0.4723967909812927,
		0.48813071846961975,
		0.055627115070819855,
		0.9977995157241821
	],
	"left_elbow": [
		0.6327148675918579,
		0.4008685350418091,
		-0.0022664295975118876,
		0.7790900468826294
	],
	"left_wrist": [
		0.814376175403595,
		0.344536691904068,
		-0.17323003709316254,
		0.7989617586135864
	],
	"right_shoulder": [
		0.36629635095596313,
		0.483332097530365,
		-0.3527095913887024,
		0.9884970784187317
	],
	"right_elbow": [
		0.4342404901981354,
		0.4122968018054962,
		-0.6693166494369507,
		0.9593924880027771
	],
	"right_wrist": [
		0.5650616884231567,
		0.2805638909339905,
		-0.7678013443946838,
		0.8933992981910706
	],
	"nose": [
		0.48907479643821716,
		0.3272875249385834,
		-0.26088064908981323,
		0.9991993308067322
	],
	"left_eye": [
		0.4850998520851135,
		0.28612858057022095,
		-0.22907154262065887,
		0.9989739656448364
	],
	"right_eye": [
		0.47649139165878296,
		0.291930228471756,
		-0.28062549233436584,
		0.9989598393440247
	],
	"left_ear": [
		0.4598294794559479,
		0.29084646701812744,
		-0.053041767328977585,
		0.9993566274642944
	],
	"right_ear": [
		0.44307661056518555,
		0.30554431676864624,
		-0.2810354232788086,
		0.9992024898529053
	]
}