{
	"left_hip": [
		0.47313418984413147,
		1.0463228225708008,
		0.09314838796854019,
		0.48469677567481995
	],
	"left_knee": [
		0.47518104314804077,
		1.4606139659881592,
		0.1107972115278244,
		0.087766133248806
	],
	"left_ankle": [
		0.4846540093421936,
		1.8278464078903198,
		0.3007051348686218,
		0.026720473542809486
	],
	"right_hip": [
		0.37837809324264526,
		1.0646593570709229,
		-0.09217935800552368,
		0.3793363571166992
	],
	"right_knee": [
		0.37184545397758484,
		1.4774540662765503,
		-0.07550674676895142,
		0.3264974057674408
	],
	"right_ankle": [
		0.3736007809638977,
		1.8578532934188843,
		0.024952935054898262,
		0.0879950001835823
	],
	"left_shoulder": [
		0.4791160523891449,
		0.49280253052711487,
		0.04022882133722305,
		0.9979737997055054
	],
	"left_elbow": [
		0.6411694884300232,
		0.4080994129180908,
		-0.014822578057646751,
		0.8003084659576416
	],
	"left_wrist": [
		0.8133543729782104,
		0.3483363687992096,
		-0.16870704293251038,
		0.8188526630401611
	],
	"right_shoulder": [
		0.358990341424942,
		0.4812013804912567,
		-0.3593953251838684,
		0.9892693758010864
	],
	"right_elbow": [
		0.4311427175998688,
		0.3347422480583191,
		-0.699762225151062,
		0.9629521369934082
	],
	"right_wrist": [
		0.5684758424758911,
		0.26439082622528076,
		-0.7784036993980408,
		0.901933491230011
	],
	"nose": [
		0.4895394444465637,
		0.33394813537597656,
		-0.29508429765701294,
		0.9992647171020508
	],
	"left_eye": [
		0.48556843400001526,
		0.29157206416130066,
		-0.2599707245826721,
		0.9990609288215637
	],
	"right_eye": [
		0.4756544530391693,
		0.29481041431427,
		-0.3039243817329407,
		0.9990482330322266
	],
	"left_ear": [
		0.45946040749549866,
		0.29611119627952576,
		-0.06771323084831238,
		0.9994141459465027
	],
	"right_ear": [
		0.4397282600402832,
		0.3072180151939392,
		-0.2802445590496063,
		0.9992703795433044
	]
}