{
	"left_hip": [
		0.4807712137699127,
		1.0651764869689941,
		0.10959772020578384,
		0.5517240166664124
	],
	"left_knee": [
		0.47874540090560913,
		1.478492021560669,
		0.11859214305877686,
		0.08355396240949631
	],
	"left_ankle": [
		0.48757585883140564,
		1.8467496633529663,
		0.363955557346344,
		0.021356986835598946
	],
	"right_hip": [
		0.37071019411087036,
		1.0795097351074219,
		-0.108615443110466,
		0.44025918841362
	],
	"right_knee": [
		0.3656094968318939,
		1.4891854524612427,
		-0.10304142534732819,
		0.2871561050415039
	],
	"right_ankle": [
		0.3696821928024292,
		1.8758572340011597,
		0.014335880056023598,
		0.07092361152172089
	],
	"left_shoulder": [
		0.49392810463905334,
		0.504128634929657,
		0.09111686050891876,
		0.9983832836151123
	],
	"left_elbow": [
		0.6575287580490112,
		0.4171558618545532,
		-0.002417555544525385,
		0.8521766066551208
	],
	"left_wrist": [
		0.8123911619186401,
		0.35249829292297363,
		-0.19413918256759644,
		0.8674646019935608
	],
	"right_shoulder": [
		0.3428957462310791,
		0.47594723105430603,
		-0.40840187668800354,
		0.9915051460266113
	],
	"right_elbow": [
		0.4091334342956543,
		0.32181471586227417,
		-0.8196591138839722,
		0.9724433422088623
	],
	"right_wrist": [
		0.557052731513977,
		0.25392740964889526,
		-0.9345821142196655,
		0.9266915917396545
	],
	"nose": [
		0.48332852125167847,
		0.344245970249176,
		-0.3274271786212921,
		0.9994159936904907
	],
	"left_eye": [
		0.4819858968257904,
		0.30040210485458374,
		-0.2919023931026459,
		0.9992612600326538
	],
	"right_eye": [
		0.46797722578048706,
		0.30075591802597046,
		-0.34673625230789185,
		0.9992587566375732
	],
	"left_ear": [
		0.45748934149742126,
		0.30636024475097656,
		-0.04840143769979477,
		0.9995458126068115
	],
	"right_ear": [
		0.4269493520259857,
		0.31126630306243896,
		-0.24968869984149933,
		0.9994387030601501
	]
}