{
	"left_hip": [
		0.48043379187583923,
		1.1102932691574097,
		0.12171204388141632,
		0.6729124188423157
	],
	"left_knee": [
		0.49812427163124084,
		1.5506681203842163,
		0.13644950091838837,
		0.03965796157717705
	],
	"left_ankle": [
		0.5037499070167542,
		1.9589204788208008,
		0.3829978108406067,
		0.003770737908780575
	],
	"right_hip": [
		0.3745028078556061,
		1.132981777191162,
		-0.12056444585323334,
		0.552251935005188
	],
	"right_knee": [
		0.37572556734085083,
		1.5707182884216309,
		-0.10192368924617767,
		0.11287817358970642
	],
	"right_ankle": [
		0.3819984495639801,
		2.0002365112304688,
		0.039311863481998444,
		0.01852862536907196
	],
	"left_shoulder": [
		0.48438507318496704,
		0.525546669960022,
		0.19673624634742737,
		0.9995744824409485
	],
	"left_elbow": [
		0.6542470455169678,
		0.5101699233055115,
		0.20946982502937317,
		0.9854323267936707
	],
	"left_wrist": [
		0.8144019246101379,
		0.4779997766017914,
		0.03651776164770126,
		0.9931798577308655
	],
	"right_shoulder": [
		0.3353792130947113,
		0.47954225540161133,
		-0.329057902097702,
		0.997931957244873
	],
	"right_elbow": [
		0.28182703256607056,
		0.4585624039173126,
		-0.7314442992210388,
		0.9923422932624817
	],
	"right_wrist": [
		0.44905391335487366,
		0.4701572358608246,
		-0.9100772142410278,
		0.9887380003929138
	],
	"nose": [
		0.4896807074546814,
		0.3069850504398346,
		-0.17746581137180328,
		0.9999167919158936
	],
	"left_eye": [
		0.4735005497932434,
		0.2651227116584778,
		-0.12643854320049286,
		0.9999035596847534
	],
	"right_eye": [
		0.464242160320282,
		0.2699492275714874,
		-0.18423284590244293,
		0.999914824962616
	],
	"left_ear": [
		0.4397892355918884,
		0.28376927971839905,
		0.07442371547222137,
		0.9999464154243469
	],
	"right_ear": [
		0.4234023690223694,
		0.2954150140285492,
		-0.19430558383464813,
		0.9999375343322754
	]
}