{
	"left_hip": [
		0.4992818236351013,
		1.1615517139434814,
		0.11665363609790802,
		0.8050466775894165
	],
	"left_knee": [
		0.5137256979942322,
		1.6099854707717896,
		0.13521960377693176,
		0.023768026381731033
	],
	"left_ankle": [
		0.519603431224823,
		2.0276405811309814,
		0.38996952772140503,
		0.0021899202838540077
	],
	"right_hip": [
		0.38105663657188416,
		1.1870366334915161,
		-0.11572708934545517,
		0.7513328194618225
	],
	"right_knee": [
		0.38404300808906555,
		1.6269371509552002,
		-0.10487236082553864,
		0.11834362149238586
	],
	"right_ankle": [
		0.38774940371513367,
		2.0797364711761475,
		0.03434748202562332,
		0.020846132189035416
	],
	"left_shoulder": [
		0.5111640691757202,
		0.5351306200027466,
		0.19987541437149048,
		0.999799907207489
	],
	"left_elbow": [
		0.6736277937889099,
		0.5068297386169434,
		0.17260274291038513,
		0.9944632053375244
	],
	"left_wrist": [
		0.8157609105110168,
		0.460205078125,
		-0.014131402596831322,
		0.9977656602859497
	],
	"right_shoulder": [
		0.3379969000816345,
		0.5137020349502563,
		-0.31685274839401245,
		0.9993178248405457
	],
	"right_elbow": [
		0.26319006085395813,
		0.3839777410030365,
		-0.8081060647964478,
		0.9972591996192932
	],
	"right_wrist": [
		0.4330667555332184,
		0.42355847358703613,
		-1.0321369171142578,
		0.9938416481018066
	],
	"nose": [
		0.48824357986450195,
		0.31589052081108093,
		-0.2817111909389496,
		0.9999750852584839
	],
	"left_eye": [
		0.47408953309059143,
		0.2691575288772583,
		-0.2258906364440918,
		0.9999693036079407
	],
	"right_eye": [
		0.4580933451652527,
		0.2757015526294708,
		-0.2726266384124756,
		0.9999752044677734
	],
	"left_ear": [
		0.44484788179397583,
		0.2920677065849304,
		0.03393902629613876,
		0.999983549118042
	],
	"right_ear": [
		0.4172174036502838,
		0.3054344952106476,
		-0.17285606265068054,
		0.9999825358390808
	]
}