{
	"left_hip": [
		0.497647225856781,
		1.1727044582366943,
		0.11770932376384735,
		0.8174463510513306
	],
	"left_knee": [
		0.5094655752182007,
		1.6335476636886597,
		0.12466008961200714,
		0.025446565821766853
	],
	"left_ankle": [
		0.5141786336898804,
		2.0580391883850098,
		0.3824733793735504,
		0.0023529462050646544
	],
	"right_hip": [
		0.3752911686897278,
		1.1977282762527466,
		-0.11682069301605225,
		0.7789871692657471
	],
	"right_knee": [
		0.37580758333206177,
		1.6484129428863525,
		-0.11492983251810074,
		0.13645952939987183
	],
	"right_ankle": [
		0.3792981505393982,
		2.1058640480041504,
		0.023244857788085938,
		0.025078000500798225
	],
	"left_shoulder": [
		0.5095170140266418,
		0.5354292988777161,
		0.21172550320625305,
		0.9998263120651245
	],
	"left_elbow": [
		0.6748307943344116,
		0.5082982182502747,
		0.18907202780246735,
		0.9959034323692322
	],
	"left_wrist": [
		0.8124593496322632,
		0.4648899435997009,
		-0.008030342869460583,
		0.9984684586524963
	],
	"right_shoulder": [
		0.3310362696647644,
		0.5135016441345215,
		-0.31107789278030396,
		0.9995651245117188
	],
	"right_elbow": [
		0.2567560374736786,
		0.3825031518936157,
		-0.8206989169120789,
		0.998295783996582
	],
	"right_wrist": [
		0.4279254972934723,
		0.41213130950927734,
		-1.0681753158569336,
		0.9952923059463501
	],
	"nose": [
		0.48739093542099,
		0.3232177495956421,
		-0.26667526364326477,
		0.9999843239784241
	],
	"left_eye": [
		0.4733157753944397,
		0.2734411060810089,
		-0.21301186084747314,
		0.9999791979789734
	],
	"right_eye": [
		0.4549729824066162,
		0.2811550199985504,
		-0.2605520188808441,
		0.9999850988388062
	],
	"left_ear": [
		0.44338497519493103,
		0.29338952898979187,
		0.045207228511571884,
		0.9999892711639404
	],
	"right_ear": [
		0.4138268828392029,
		0.3069431781768799,
		-0.16688263416290283,
		0.9999901652336121
	]
}