{
	"left_hip": [
		0.4983280599117279,
		1.1720582246780396,
		0.10968297719955444,
		0.8429828882217407
	],
	"left_knee": [
		0.5097837448120117,
		1.6380635499954224,
		0.110703244805336,
		0.026115521788597107
	],
	"left_ankle": [
		0.5121363401412964,
		2.0681064128875732,
		0.3641354441642761,
		0.002349792281165719
	],
	"right_hip": [
		0.371805876493454,
		1.1960804462432861,
		-0.10870301723480225,
		0.8135082125663757
	],
	"right_knee": [
		0.37396135926246643,
		1.652798056602478,
		-0.11851213872432709,
		0.12726299464702606
	],
	"right_ankle": [
		0.37603992223739624,
		2.109165906906128,
		0.01618998870253563,
		0.022606641054153442
	],
	"left_shoulder": [
		0.5109685659408569,
		0.533621609210968,
		0.1984928399324417,
		0.9998547434806824
	],
	"left_elbow": [
		0.6760479211807251,
		0.5101508498191833,
		0.17974849045276642,
		0.9967519640922546
	],
	"left_wrist": [
		0.8109281659126282,
		0.4660404622554779,
		0.0036842867266386747,
		0.9987685084342957
	],
	"right_shoulder": [
		0.32857000827789307,
		0.5121288299560547,
		-0.3050152659416199,
		0.9996893405914307
	],
	"right_elbow": [
		0.2519685626029968,
		0.38127607107162476,
		-0.8460062146186829,
		0.9987763166427612
	],
	"right_wrist": [
		0.4277927279472351,
		0.40935537219047546,
		-1.1160651445388794,
		0.9959447383880615
	],
	"nose": [
		0.48637309670448303,
		0.32595139741897583,
		-0.29100027680397034,
		0.9999873042106628
	],
	"left_eye": [
		0.47312337160110474,
		0.27597108483314514,
		-0.23796387016773224,
		0.999981701374054
	],
	"right_eye": [
		0.453637033700943,
		0.2837437093257904,
		-0.28274354338645935,
		0.9999880790710449
	],
	"left_ear": [
		0.4434710443019867,
		0.29395604133605957,
		0.027040179818868637,
		0.9999907612800598
	],
	"right_ear": [
		0.41216522455215454,
		0.3072012960910797,
		-0.16938111186027527,
		0.999992847442627
	]
}