{
	"left_hip": [
		0.4986683428287506,
		1.172257423400879,
		0.10767407715320587,
		0.8477567434310913
	],
	"left_knee": [
		0.5097731351852417,
		1.6394469738006592,
		0.1056346520781517,
		0.02601333148777485
	],
	"left_ankle": [
		0.51109778881073,
		2.0706827640533447,
		0.35867366194725037,
		0.0023203021846711636
	],
	"right_hip": [
		0.3716374933719635,
		1.1959437131881714,
		-0.1066654771566391,
		0.8199565410614014
	],
	"right_knee": [
		0.3735102415084839,
		1.653791904449463,
		-0.11814701557159424,
		0.12411727756261826
	],
	"right_ankle": [
		0.3748238980770111,
		2.110322952270508,
		0.017179235816001892,
		0.02176118828356266
	],
	"left_shoulder": [
		0.5115049481391907,
		0.5331903696060181,
		0.1962229311466217,
		0.9998594522476196
	],
	"left_elbow": [
		0.6776933073997498,
		0.5104038119316101,
		0.1762406975030899,
		0.9968965649604797
	],
	"left_wrist": [
		0.8110476732254028,
		0.4658372402191162,
		0.00378939276561141,
		0.9988047480583191
	],
	"right_shoulder": [
		0.32854634523391724,
		0.5120553970336914,
		-0.30217689275741577,
		0.9997097849845886
	],
	"right_elbow": [
		0.2513687014579773,
		0.3812876045703888,
		-0.8399524688720703,
		0.9988499283790588
	],
	"right_wrist": [
		0.4276670515537262,
		0.4095682203769684,
		-1.110186219215393,
		0.9960057735443115
	],
	"nose": [
		0.48610448837280273,
		0.3261198103427887,
		-0.29103946685791016,
		0.9999878406524658
	],
	"left_eye": [
		0.47295889258384705,
		0.27603816986083984,
		-0.23815985023975372,
		0.9999821782112122
	],
	"right_eye": [
		0.45313987135887146,
		0.2838870882987976,
		-0.28184932470321655,
		0.9999886155128479
	],
	"left_ear": [
		0.4434766173362732,
		0.2939454913139343,
		0.02572966180741787,
		0.9999910593032837
	],
	"right_ear": [
		0.41193443536758423,
		0.3071882128715515,
		-0.16834887862205505,
		0.9999932646751404
	]
}