{
	"left_hip": [
		0.4987146854400635,
		1.1721373796463013,
		0.10537441074848175,
		0.8561433553695679
	],
	"left_knee": [
		0.5090716481208801,
		1.6408464908599854,
		0.10432644188404083,
		0.024197181686758995
	],
	"left_ankle": [
		0.5079832077026367,
		2.0720200538635254,
		0.35837283730506897,
		0.0021204554941505194
	],
	"right_hip": [
		0.37116849422454834,
		1.1955780982971191,
		-0.10437667369842529,
		0.8317998051643372
	],
	"right_knee": [
		0.371727854013443,
		1.6541391611099243,
		-0.11503589153289795,
		0.11101415753364563
	],
	"right_ankle": [
		0.37205472588539124,
		2.1110520362854004,
		0.02635202929377556,
		0.01890627294778824
	],
	"left_shoulder": [
		0.5123300552368164,
		0.5321628451347351,
		0.19443455338478088,
		0.999869704246521
	],
	"left_elbow": [
		0.6808536052703857,
		0.5106023550033569,
		0.16768594086170197,
		0.9973215460777283
	],
	"left_wrist": [
		0.8115338087081909,
		0.46544018387794495,
		-0.008113549090921879,
		0.9989247918128967
	],
	"right_shoulder": [
		0.32864633202552795,
		0.5118657946586609,
		-0.2938854992389679,
		0.9997627139091492
	],
	"right_elbow": [
		0.2505911588668823,
		0.3813956081867218,
		-0.7998670339584351,
		0.9990275502204895
	],
	"right_wrist": [
		0.4279248118400574,
		0.41043782234191895,
		-1.0449682474136353,
		0.9960559606552124
	],
	"nose": [
		0.4855629503726959,
		0.326023131608963,
		-0.2873765826225281,
		0.9999890327453613
	],
	"left_eye": [
		0.47257089614868164,
		0.2759089767932892,
		-0.23432108759880066,
		0.9999831914901733
	],
	"right_eye": [
		0.4523734152317047,
		0.2838485538959503,
		-0.2786107063293457,
		0.999989926815033
	],
	"left_ear": [
		0.44353389739990234,
		0.2935563325881958,
		0.027311045676469803,
		0.9999916553497314
	],
	"right_ear": [
		0.41167959570884705,
		0.3069165349006653,
		-0.16093310713768005,
		0.9999943971633911
	]
}