{
	"left_hip": [
		0.498668372631073,
		1.1721888780593872,
		0.10549696534872055,
		0.8507359027862549
	],
	"left_knee": [
		0.508837103843689,
		1.6416106224060059,
		0.1054629534482956,
		0.022870242595672607
	],
	"left_ankle": [
		0.5074589252471924,
		2.072622299194336,
		0.3602699935436249,
		0.0020018056966364384
	],
	"right_hip": [
		0.3711795210838318,
		1.1954963207244873,
		-0.10450522601604462,
		0.8257684707641602
	],
	"right_knee": [
		0.37150415778160095,
		1.6546545028686523,
		-0.11433149874210358,
		0.10521995276212692
	],
	"right_ankle": [
		0.37164631485939026,
		2.1121408939361572,
		0.02715368941426277,
		0.01767006888985634
	],
	"left_shoulder": [
		0.5129679441452026,
		0.531970202922821,
		0.1944010704755783,
		0.9998718500137329
	],
	"left_elbow": [
		0.6809123754501343,
		0.5117138624191284,
		0.1594730019569397,
		0.9975065588951111
	],
	"left_wrist": [
		0.8115031123161316,
		0.4654359817504883,
		-0.02843296155333519,
		0.9990099668502808
	],
	"right_shoulder": [
		0.32897526025772095,
		0.5118367075920105,
		-0.2939069867134094,
		0.9997785091400146
	],
	"right_elbow": [
		0.2503497898578644,
		0.3813678026199341,
		-0.7988423705101013,
		0.9990941882133484
	],
	"right_wrist": [
		0.4285975992679596,
		0.4106459319591522,
		-1.044595718383789,
		0.9960976243019104
	],
	"nose": [
		0.4855378568172455,
		0.32583174109458923,
		-0.2862694263458252,
		0.9999893307685852
	],
	"left_eye": [
		0.4725801348686218,
		0.27572301030158997,
		-0.23322102427482605,
		0.9999834299087524
	],
	"right_eye": [
		0.4524471163749695,
		0.28370487689971924,
		-0.2773444652557373,
		0.9999902844429016
	],
	"left_ear": [
		0.44386282563209534,
		0.2932156026363373,
		0.027910638600587845,
		0.9999918341636658
	],
	"right_ear": [
		0.41177862882614136,
		0.30666211247444153,
		-0.16015423834323883,
		0.9999948143959045
	]
}