{
	"left_hip": [
		0.4986082911491394,
		1.1726698875427246,
		0.10556783527135849,
		0.8497374653816223
	],
	"left_knee": [
		0.5086847543716431,
		1.6423826217651367,
		0.10725519806146622,
		0.022175896912813187
	],
	"left_ankle": [
		0.5070794224739075,
		2.0732531547546387,
		0.3653383255004883,
		0.0019405079074203968
	],
	"right_hip": [
		0.3712233901023865,
		1.196136236190796,
		-0.10458042472600937,
		0.8240880370140076
	],
	"right_knee": [
		0.3713589906692505,
		1.6553874015808105,
		-0.11120335757732391,
		0.10233660042285919
	],
	"right_ankle": [
		0.3713662326335907,
		2.1131882667541504,
		0.03332873433828354,
		0.01710152067244053
	],
	"left_shoulder": [
		0.5136652588844299,
		0.5317294001579285,
		0.19296155869960785,
		0.9998751878738403
	],
	"left_elbow": [
		0.6809277534484863,
		0.5117769837379456,
		0.1558849960565567,
		0.9976455569267273
	],
	"left_wrist": [
		0.8118313550949097,
		0.46480023860931396,
		-0.032177843153476715,
		0.9990674257278442
	],
	"right_shoulder": [
		0.3290535807609558,
		0.5118814706802368,
		-0.29424339532852173,
		0.9997867345809937
	],
	"right_elbow": [
		0.24859905242919922,
		0.38149601221084595,
		-0.7991598844528198,
		0.9991263151168823
	],
	"right_wrist": [
		0.4286501407623291,
		0.4110572338104248,
		-1.042236089706421,
		0.9960829019546509
	],
	"nose": [
		0.48552781343460083,
		0.32580697536468506,
		-0.28618112206459045,
		0.9999896287918091
	],
	"left_eye": [
		0.472569078207016,
		0.27570077776908875,
		-0.2331172227859497,
		0.9999837279319763
	],
	"right_eye": [
		0.4524388313293457,
		0.28369152545928955,
		-0.2768325209617615,
		0.9999905228614807
	],
	"left_ear": [
		0.4439466595649719,
		0.2931745946407318,
		0.027500614523887634,
		0.9999920129776001
	],
	"right_ear": [
		0.4117892384529114,
		0.30663159489631653,
		-0.16089682281017303,
		0.9999950528144836
	]
}