{
	"left_hip": [
		0.4986547827720642,
		1.1731783151626587,
		0.10542555153369904,
		0.8516283631324768
	],
	"left_knee": [
		0.5086677670478821,
		1.643171787261963,
		0.10864260047674179,
		0.02187611162662506
	],
	"left_ankle": [
		0.5069223642349243,
		2.073896646499634,
		0.3682113289833069,
		0.001915837056003511
	],
	"right_hip": [
		0.37124496698379517,
		1.1966252326965332,
		-0.10444425046443939,
		0.8263401389122009
	],
	"right_knee": [
		0.37134498357772827,
		1.6561169624328613,
		-0.10862288624048233,
		0.10067035257816315
	],
	"right_ankle": [
		0.3713410794734955,
		2.1135752201080322,
		0.03771308436989784,
		0.01677526906132698
	],
	"left_shoulder": [
		0.5142858028411865,
		0.5314493775367737,
		0.19135674834251404,
		0.999877393245697
	],
	"left_elbow": [
		0.6810003519058228,
		0.5117706656455994,
		0.15629979968070984,
		0.9977143406867981
	],
	"left_wrist": [
		0.8120120167732239,
		0.46436378359794617,
		-0.03129412978887558,
		0.9990864396095276
	],
	"right_shoulder": [
		0.329073429107666,
		0.5120119452476501,
		-0.2942501902580261,
		0.9997937679290771
	],
	"right_elbow": [
		0.2472749948501587,
		0.3815116584300995,
		-0.7957159876823425,
		0.9991485476493835
	],
	"right_wrist": [
		0.4286162853240967,
		0.4114055037498474,
		-1.030186414718628,
		0.996056079864502
	],
	"nose": [
		0.48552626371383667,
		0.3258119821548462,
		-0.2874903380870819,
		0.9999898672103882
	],
	"left_eye": [
		0.47256407141685486,
		0.27571913599967957,
		-0.23456740379333496,
		0.9999840259552002
	],
	"right_eye": [
		0.452429860830307,
		0.2837076485157013,
		-0.27765756845474243,
		0.9999907612800598
	],
	"left_ear": [
		0.4440004825592041,
		0.2931807339191437,
		0.025808945298194885,
		0.9999921917915344
	],
	"right_ear": [
		0.41178131103515625,
		0.3066589832305908,
		-0.16150173544883728,
		0.999995231628418
	]
}