{
	"left_hip": [
		0.500005304813385,
		1.1737390756607056,
		0.10331612825393677,
		0.8676183819770813
	],
	"left_knee": [
		0.5084167122840881,
		1.6436330080032349,
		0.1264091432094574,
		0.01675817370414734
	],
	"left_ankle": [
		0.5053800344467163,
		2.0761971473693848,
		0.402148962020874,
		0.001377136679366231
	],
	"right_hip": [
		0.37084728479385376,
		1.1964926719665527,
		-0.10226918756961823,
		0.8505467176437378
	],
	"right_knee": [
		0.3705480396747589,
		1.6573760509490967,
		-0.09416668862104416,
		0.07136523723602295
	],
	"right_ankle": [
		0.37069907784461975,
		2.1144869327545166,
		0.06671799719333649,
		0.01036972925066948
	],
	"left_shoulder": [
		0.5158036351203918,
		0.5250667333602905,
		0.1861351728439331,
		0.9998970031738281
	],
	"left_elbow": [
		0.6827071905136108,
		0.5086480975151062,
		0.17016808688640594,
		0.9979243278503418
	],
	"left_wrist": [
		0.8123879432678223,
		0.46160146594047546,
		0.006901637651026249,
		0.9990613460540771
	],
	"right_shoulder": [
		0.3295334577560425,
		0.511587917804718,
		-0.2989286184310913,
		0.9998770952224731
	],
	"right_elbow": [
		0.24147577583789825,
		0.38004329800605774,
		-0.7812592387199402,
		0.999372661113739
	],
	"right_wrist": [
		0.42690473794937134,
		0.41643908619880676,
		-0.9756356477737427,
		0.9957925081253052
	],
	"nose": [
		0.4852643609046936,
		0.3257180154323578,
		-0.3085961937904358,
		0.9999925494194031
	],
	"left_eye": [
		0.471749484539032,
		0.27571266889572144,
		-0.25731873512268066,
		0.9999873042106628
	],
	"right_eye": [
		0.4512876868247986,
		0.28399115800857544,
		-0.29848459362983704,
		0.9999935030937195
	],
	"left_ear": [
		0.4442012906074524,
		0.2929065525531769,
		0.006167862098664045,
		0.9999939203262329
	],
	"right_ear": [
		0.4112285077571869,
		0.30667221546173096,
		-0.176954984664917,
		0.9999971985816956
	]
}