{
	"left_hip": [
		0.5010823011398315,
		1.1776020526885986,
		0.11656773090362549,
		0.8418579697608948
	],
	"left_knee": [
		0.5081217288970947,
		1.6518268585205078,
		0.12326444685459137,
		0.016541415825486183
	],
	"left_ankle": [
		0.5054641962051392,
		2.0859439373016357,
		0.3738486170768738,
		0.0013515568571165204
	],
	"right_hip": [
		0.37593981623649597,
		1.2015032768249512,
		-0.11559811979532242,
		0.8221856951713562
	],
	"right_knee": [
		0.37146949768066406,
		1.6670994758605957,
		-0.11047859489917755,
		0.07217269390821457
	],
	"right_ankle": [
		0.3709065318107605,
		2.131399154663086,
		0.024197708815336227,
		0.01073386613279581
	],
	"left_shoulder": [
		0.5115774869918823,
		0.5256507992744446,
		0.21314427256584167,
		0.9999004006385803
	],
	"left_elbow": [
		0.6784483194351196,
		0.5116218328475952,
		0.18765302002429962,
		0.9978963732719421
	],
	"left_wrist": [
		0.8133881688117981,
		0.4560980200767517,
		0.016056062653660774,
		0.9991319179534912
	],
	"right_shoulder": [
		0.3377346396446228,
		0.514064610004425,
		-0.2868514657020569,
		0.9998824000358582
	],
	"right_elbow": [
		0.24218234419822693,
		0.38067275285720825,
		-0.7658302783966064,
		0.9993427395820618
	],
	"right_wrist": [
		0.42634549736976624,
		0.4158245325088501,
		-0.9497852325439453,
		0.9955388307571411
	],
	"nose": [
		0.48517125844955444,
		0.3238816559314728,
		-0.2758641839027405,
		0.9999947547912598
	],
	"left_eye": [
		0.4708941578865051,
		0.2748089134693146,
		-0.22364585101604462,
		0.9999915361404419
	],
	"right_eye": [
		0.4506448805332184,
		0.28360721468925476,
		-0.2671937048435211,
		0.9999955296516418
	],
	"left_ear": [
		0.44370055198669434,
		0.29307639598846436,
		0.034504592418670654,
		0.9999960064888
	],
	"right_ear": [
		0.41165781021118164,
		0.30667415261268616,
		-0.1569562703371048,
		0.9999982118606567
	]
}