{
	"left_hip": [
		0.5008870363235474,
		1.1775789260864258,
		0.11350388824939728,
		0.8424651622772217
	],
	"left_knee": [
		0.5079942345619202,
		1.6518718004226685,
		0.111625075340271,
		0.01679670810699463
	],
	"left_ankle": [
		0.5054594278335571,
		2.0868959426879883,
		0.3599592447280884,
		0.0013941264478489757
	],
	"right_hip": [
		0.3749770522117615,
		1.2014203071594238,
		-0.11252965778112411,
		0.8231772780418396
	],
	"right_knee": [
		0.37127062678337097,
		1.6670705080032349,
		-0.11237640678882599,
		0.07289337366819382
	],
	"right_ankle": [
		0.3707241714000702,
		2.131711721420288,
		0.02123013697564602,
		0.01096679549664259
	],
	"left_shoulder": [
		0.5115146040916443,
		0.5256519317626953,
		0.20646433532238007,
		0.9999004006385803
	],
	"left_elbow": [
		0.678574800491333,
		0.5108070373535156,
		0.16913749277591705,
		0.9978967308998108
	],
	"left_wrist": [
		0.8134889602661133,
		0.4567243158817291,
		-0.01709919050335884,
		0.999119222164154
	],
	"right_shoulder": [
		0.33679959177970886,
		0.5140495300292969,
		-0.28682342171669006,
		0.9998838901519775
	],
	"right_elbow": [
		0.24277493357658386,
		0.3806949257850647,
		-0.7661359310150146,
		0.9993551969528198
	],
	"right_wrist": [
		0.42634859681129456,
		0.41598424315452576,
		-0.9618337750434875,
		0.9955763220787048
	],
	"nose": [
		0.48500996828079224,
		0.32436665892601013,
		-0.2822178900241852,
		0.999994695186615
	],
	"left_eye": [
		0.4703604578971863,
		0.27536502480506897,
		-0.2306510955095291,
		0.9999914765357971
	],
	"right_eye": [
		0.4502679705619812,
		0.2840702533721924,
		-0.27254700660705566,
		0.9999955296516418
	],
	"left_ear": [
		0.4434302747249603,
		0.29325732588768005,
		0.02842620015144348,
		0.9999959468841553
	],
	"right_ear": [
		0.411480188369751,
		0.3068256080150604,
		-0.15794822573661804,
		0.9999982118606567
	]
}