{
	"left_hip": [
		0.5006433725357056,
		1.1790685653686523,
		0.1126808375120163,
		0.8392009139060974
	],
	"left_knee": [
		0.5076691508293152,
		1.6549659967422485,
		0.11106900125741959,
		0.018087144941091537
	],
	"left_ankle": [
		0.5051088333129883,
		2.0906312465667725,
		0.3567426800727844,
		0.0015817712992429733
	],
	"right_hip": [
		0.37440353631973267,
		1.202226161956787,
		-0.11170220375061035,
		0.8207984566688538
	],
	"right_knee": [
		0.37101760506629944,
		1.6691049337387085,
		-0.11506862938404083,
		0.07858036458492279
	],
	"right_ankle": [
		0.3696916699409485,
		2.1359784603118896,
		0.01612633466720581,
		0.012403279542922974
	],
	"left_shoulder": [
		0.5108761191368103,
		0.5259362459182739,
		0.2055552452802658,
		0.9998990297317505
	],
	"left_elbow": [
		0.6790894865989685,
		0.510367214679718,
		0.16864272952079773,
		0.9978612065315247
	],
	"left_wrist": [
		0.813489556312561,
		0.4594501852989197,
		-0.021401984617114067,
		0.9990807175636292
	],
	"right_shoulder": [
		0.3364492952823639,
		0.5140335559844971,
		-0.2882551848888397,
		0.9998851418495178
	],
	"right_elbow": [
		0.243120938539505,
		0.3807744085788727,
		-0.7700511813163757,
		0.9993622303009033
	],
	"right_wrist": [
		0.4262792468070984,
		0.41724228858947754,
		-0.9747449159622192,
		0.9955426454544067
	],
	"nose": [
		0.48486343026161194,
		0.3247789442539215,
		-0.28353559970855713,
		0.9999947547912598
	],
	"left_eye": [
		0.46977972984313965,
		0.2758229374885559,
		-0.23270320892333984,
		0.9999914765357971
	],
	"right_eye": [
		0.44992899894714355,
		0.28435519337654114,
		-0.27405697107315063,
		0.9999955892562866
	],
	"left_ear": [
		0.44301050901412964,
		0.29347291588783264,
		0.026028353720903397,
		0.9999959468841553
	],
	"right_ear": [
		0.4113275408744812,
		0.306934118270874,
		-0.15904322266578674,
		0.9999982118606567
	]
}