{
	"left_hip": [
		0.5004963278770447,
		1.1794264316558838,
		0.1127077117562294,
		0.8354268670082092
	],
	"left_knee": [
		0.5075408220291138,
		1.6561012268066406,
		0.11123232543468475,
		0.01873151585459709
	],
	"left_ankle": [
		0.5051065683364868,
		2.0916213989257812,
		0.358071506023407,
		0.0016794997500255704
	],
	"right_hip": [
		0.37428340315818787,
		1.2023721933364868,
		-0.11172789335250854,
		0.8169873356819153
	],
	"right_knee": [
		0.3709806799888611,
		1.6697763204574585,
		-0.11649342626333237,
		0.08189452439546585
	],
	"right_ankle": [
		0.3695562779903412,
		2.137059211730957,
		0.014122460968792439,
		0.013201722875237465
	],
	"left_shoulder": [
		0.5105015635490417,
		0.5260584354400635,
		0.20550036430358887,
		0.9998974204063416
	],
	"left_elbow": [
		0.679672360420227,
		0.5101768374443054,
		0.1675231009721756,
		0.9978231191635132
	],
	"left_wrist": [
		0.8134649991989136,
		0.4614177644252777,
		-0.026503602042794228,
		0.9990568161010742
	],
	"right_shoulder": [
		0.33627432584762573,
		0.5141117572784424,
		-0.2888893187046051,
		0.9998840093612671
	],
	"right_elbow": [
		0.2432558536529541,
		0.38083308935165405,
		-0.7735391855239868,
		0.9993605613708496
	],
	"right_wrist": [
		0.4262530207633972,
		0.41771504282951355,
		-0.9857116937637329,
		0.9955275654792786
	],
	"nose": [
		0.4847812056541443,
		0.3250317871570587,
		-0.2844303250312805,
		0.999994695186615
	],
	"left_eye": [
		0.46958404779434204,
		0.27611616253852844,
		-0.23320583999156952,
		0.9999913573265076
	],
	"right_eye": [
		0.4498327672481537,
		0.28450873494148254,
		-0.2746947407722473,
		0.9999955296516418
	],
	"left_ear": [
		0.44289469718933105,
		0.2936552166938782,
		0.02598712407052517,
		0.9999958872795105
	],
	"right_ear": [
		0.4112861156463623,
		0.3070087134838104,
		-0.15926657617092133,
		0.9999982118606567
	]
}