{
	"left_hip": [
		0.49988752603530884,
		1.1804301738739014,
		0.11303938925266266,
		0.8205392956733704
	],
	"left_knee": [
		0.5069040656089783,
		1.6574578285217285,
		0.11363264173269272,
		0.021452296525239944
	],
	"left_ankle": [
		0.5051521062850952,
		2.0930283069610596,
		0.3627968430519104,
		0.002063065767288208
	],
	"right_hip": [
		0.37368637323379517,
		1.203155755996704,
		-0.11208311468362808,
		0.8018904328346252
	],
	"right_knee": [
		0.3707433044910431,
		1.6703733205795288,
		-0.11868629604578018,
		0.09741313755512238
	],
	"right_ankle": [
		0.3695838451385498,
		2.138319492340088,
		0.01404840312898159,
		0.016924507915973663
	],
	"left_shoulder": [
		0.50876784324646,
		0.5263707637786865,
		0.20826581120491028,
		0.9998902678489685
	],
	"left_elbow": [
		0.681250810623169,
		0.5088463425636292,
		0.18292450904846191,
		0.9976327419281006
	],
	"left_wrist": [
		0.8133460283279419,
		0.4658403694629669,
		-0.002088777720928192,
		0.9989871978759766
	],
	"right_shoulder": [
		0.3351753354072571,
		0.5142179131507874,
		-0.29017147421836853,
		0.9998804330825806
	],
	"right_elbow": [
		0.24416299164295197,
		0.38104745745658875,
		-0.7770756483078003,
		0.9993388652801514
	],
	"right_wrist": [
		0.426160991191864,
		0.41898131370544434,
		-1.0000648498535156,
		0.9955854415893555
	],
	"nose": [
		0.4846319258213043,
		0.3250531852245331,
		-0.2773560881614685,
		0.9999946355819702
	],
	"left_eye": [
		0.469022274017334,
		0.27616482973098755,
		-0.2252487689256668,
		0.9999911785125732
	],
	"right_eye": [
		0.4496920108795166,
		0.28433218598365784,
		-0.2689055800437927,
		0.9999954700469971
	],
	"left_ear": [
		0.44255319237709045,
		0.2937099039554596,
		0.033293697983026505,
		0.999995768070221
	],
	"right_ear": [
		0.4113684296607971,
		0.3068870007991791,
		-0.15941929817199707,
		0.999998152256012
	]
}