{
	"left_hip": [
		0.4969545304775238,
		1.1801420450210571,
		0.12092185020446777,
		0.7681604623794556
	],
	"left_knee": [
		0.5035182237625122,
		1.657634973526001,
		0.11429139226675034,
		0.02686939761042595
	],
	"left_ankle": [
		0.504612147808075,
		2.0931458473205566,
		0.36246258020401,
		0.00273255817592144
	],
	"right_hip": [
		0.3739345073699951,
		1.2022160291671753,
		-0.11993565410375595,
		0.7407435178756714
	],
	"right_knee": [
		0.37032121419906616,
		1.668494701385498,
		-0.13143864274024963,
		0.12372865527868271
	],
	"right_ankle": [
		0.3693517744541168,
		2.139836072921753,
		-0.008345017209649086,
		0.02450222335755825
	],
	"left_shoulder": [
		0.5032578706741333,
		0.5266746282577515,
		0.21769781410694122,
		0.9998798966407776
	],
	"left_elbow": [
		0.6769797205924988,
		0.5078838467597961,
		0.18682101368904114,
		0.9971984028816223
	],
	"left_wrist": [
		0.811019778251648,
		0.46948254108428955,
		-0.030003348365426064,
		0.9989455342292786
	],
	"right_shoulder": [
		0.3355025053024292,
		0.512283980846405,
		-0.3148968815803528,
		0.9998509287834167
	],
	"right_elbow": [
		0.24846097826957703,
		0.3848629593849182,
		-0.8081175088882446,
		0.9992329478263855
	],
	"right_wrist": [
		0.4268057346343994,
		0.4187568128108978,
		-1.0397346019744873,
		0.9959301352500916
	],
	"nose": [
		0.4852866530418396,
		0.32446369528770447,
		-0.2570364773273468,
		0.9999943375587463
	],
	"left_eye": [
		0.4693669378757477,
		0.27591636776924133,
		-0.20372311770915985,
		0.9999908804893494
	],
	"right_eye": [
		0.45197567343711853,
		0.2835187017917633,
		-0.254680335521698,
		0.9999951720237732
	],
	"left_ear": [
		0.4423863887786865,
		0.29375430941581726,
		0.052023857831954956,
		0.9999954700469971
	],
	"right_ear": [
		0.4131411015987396,
		0.30659210681915283,
		-0.1691209375858307,
		0.9999977946281433
	]
}