{
	"left_hip": [
		0.4960733950138092,
		1.1815766096115112,
		0.11962773650884628,
		0.7106959223747253
	],
	"left_knee": [
		0.5047564506530762,
		1.667771577835083,
		0.10347171127796173,
		0.02385098859667778
	],
	"left_ankle": [
		0.5081197023391724,
		2.1081936359405518,
		0.3429943919181824,
		0.0020601798314601183
	],
	"right_hip": [
		0.37345176935195923,
		1.2048355340957642,
		-0.11853603273630142,
		0.670926034450531
	],
	"right_knee": [
		0.37124404311180115,
		1.680192232131958,
		-0.13967306911945343,
		0.11740407347679138
	],
	"right_ankle": [
		0.3713781237602234,
		2.1583259105682373,
		-0.024540986865758896,
		0.018921371549367905
	],
	"left_shoulder": [
		0.5007790327072144,
		0.5296658873558044,
		0.21745793521404266,
		0.9998722672462463
	],
	"left_elbow": [
		0.6735905408859253,
		0.5039876699447632,
		0.18401390314102173,
		0.9968394637107849
	],
	"left_wrist": [
		0.8026083111763,
		0.4718901515007019,
		-0.03841704502701759,
		0.9989113211631775
	],
	"right_shoulder": [
		0.33380112051963806,
		0.5082210302352905,
		-0.30821216106414795,
		0.9998224973678589
	],
	"right_elbow": [
		0.24878399074077606,
		0.38861650228500366,
		-0.7990536093711853,
		0.9991810321807861
	],
	"right_wrist": [
		0.4274562895298004,
		0.41454726457595825,
		-1.0272471904754639,
		0.9965252876281738
	],
	"nose": [
		0.48549801111221313,
		0.322098970413208,
		-0.253689706325531,
		0.9999950528144836
	],
	"left_eye": [
		0.4694952964782715,
		0.27332812547683716,
		-0.19988369941711426,
		0.9999921321868896
	],
	"right_eye": [
		0.45272356271743774,
		0.28019896149635315,
		-0.24920654296875,
		0.999995768070221
	],
	"left_ear": [
		0.44111528992652893,
		0.2932546138763428,
		0.05581311136484146,
		0.9999961256980896
	],
	"right_ear": [
		0.41338640451431274,
		0.3051399886608124,
		-0.16478483378887177,
		0.9999977350234985
	]
}