{
	"left_hip": [
		0.4953661561012268,
		1.1797300577163696,
		0.12139604240655899,
		0.6875153183937073
	],
	"left_knee": [
		0.5058382749557495,
		1.6547698974609375,
		0.10095210373401642,
		0.026542164385318756
	],
	"left_ankle": [
		0.5158025622367859,
		2.0913758277893066,
		0.33957576751708984,
		0.0023378271143883467
	],
	"right_hip": [
		0.3740435242652893,
		1.203133463859558,
		-0.12037261575460434,
		0.6519127488136292
	],
	"right_knee": [
		0.3758705258369446,
		1.6630558967590332,
		-0.1381489634513855,
		0.13145168125629425
	],
	"right_ankle": [
		0.37901920080184937,
		2.1453185081481934,
		-0.024470148608088493,
		0.022724801674485207
	],
	"left_shoulder": [
		0.5017247200012207,
		0.5298519134521484,
		0.22689028084278107,
		0.9998584985733032
	],
	"left_elbow": [
		0.6736099720001221,
		0.5104202032089233,
		0.17367565631866455,
		0.9966288805007935
	],
	"left_wrist": [
		0.8024320602416992,
		0.4734940230846405,
		-0.06703411787748337,
		0.9988030195236206
	],
	"right_shoulder": [
		0.3335280418395996,
		0.5079305171966553,
		-0.3006945252418518,
		0.9998069405555725
	],
	"right_elbow": [
		0.24728858470916748,
		0.38907426595687866,
		-0.7902132868766785,
		0.9991524815559387
	],
	"right_wrist": [
		0.4253482222557068,
		0.41475412249565125,
		-1.0323803424835205,
		0.9965406060218811
	],
	"nose": [
		0.48538780212402344,
		0.3219248354434967,
		-0.24310997128486633,
		0.999994695186615
	],
	"left_eye": [
		0.4691604673862457,
		0.27323514223098755,
		-0.19005170464515686,
		0.9999917149543762
	],
	"right_eye": [
		0.4526747763156891,
		0.27992841601371765,
		-0.23959067463874817,
		0.9999955296516418
	],
	"left_ear": [
		0.440795361995697,
		0.293552964925766,
		0.0623885914683342,
		0.9999958872795105
	],
	"right_ear": [
		0.41330671310424805,
		0.30503103137016296,
		-0.158122718334198,
		0.9999975562095642
	]
}