{
	"left_hip": [
		0.49409884214401245,
		1.1793028116226196,
		0.12290819734334946,
		0.5936364531517029
	],
	"left_knee": [
		0.5196660757064819,
		1.6281918287277222,
		0.12249914556741714,
		0.02961658500134945
	],
	"left_ankle": [
		0.5400977730751038,
		2.06376314163208,
		0.3931436240673065,
		0.0023928885348141193
	],
	"right_hip": [
		0.3748796284198761,
		1.2153007984161377,
		-0.12214107811450958,
		0.5554302334785461
	],
	"right_knee": [
		0.4011572003364563,
		1.6494812965393066,
		-0.10886876285076141,
		0.11523221433162689
	],
	"right_ankle": [
		0.398124098777771,
		2.1436543464660645,
		0.06215710565447807,
		0.02261933870613575
	],
	"left_shoulder": [
		0.5067915320396423,
		0.5090497732162476,
		0.17044684290885925,
		0.9998458623886108
	],
	"left_elbow": [
		0.6834456920623779,
		0.48399266600608826,
		0.21957352757453918,
		0.9966439604759216
	],
	"left_wrist": [
		0.8299160003662109,
		0.4829561412334442,
		0.03950510919094086,
		0.9987404346466064
	],
	"right_shoulder": [
		0.3091059923171997,
		0.5180800557136536,
		-0.3528631925582886,
		0.9997425675392151
	],
	"right_elbow": [
		0.14174024760723114,
		0.5591979622840881,
		-0.7807736396789551,
		0.9980418086051941
	],
	"right_wrist": [
		0.32922330498695374,
		0.4560857117176056,
		-1.111426591873169,
		0.9942256212234497
	],
	"nose": [
		0.49134722352027893,
		0.3105781376361847,
		-0.24810342490673065,
		0.9999889135360718
	],
	"left_eye": [
		0.47132331132888794,
		0.2660747766494751,
		-0.197905495762825,
		0.9999778866767883
	],
	"right_eye": [
		0.4633163511753082,
		0.27149704098701477,
		-0.2667187452316284,
		0.9999893307685852
	],
	"left_ear": [
		0.439343124628067,
		0.2922693192958832,
		0.02604096010327339,
		0.9999877214431763
	],
	"right_ear": [
		0.41744452714920044,
		0.30574214458465576,
		-0.2611393928527832,
		0.9999935626983643
	]
}