{
	"left_hip": [
		0.49594932794570923,
		1.2089980840682983,
		0.11081153154373169,
		0.4836326837539673
	],
	"left_knee": [
		0.5308369994163513,
		1.7215356826782227,
		0.08076058328151703,
		0.025783702731132507
	],
	"left_ankle": [
		0.5433157086372375,
		2.1914515495300293,
		0.3643013834953308,
		0.001990748103708029
	],
	"right_hip": [
		0.3656308054924011,
		1.2475899457931519,
		-0.10950734466314316,
		0.44937029480934143
	],
	"right_knee": [
		0.4074108600616455,
		1.759831428527832,
		-0.14054551720619202,
		0.08962514251470566
	],
	"right_ankle": [
		0.4077981114387512,
		2.2663791179656982,
		-0.003990831784904003,
		0.017978722229599953
	],
	"left_shoulder": [
		0.4980524480342865,
		0.5130490660667419,
		0.17379304766654968,
		0.9998399615287781
	],
	"left_elbow": [
		0.6828200817108154,
		0.4930681884288788,
		0.26856520771980286,
		0.9966630935668945
	],
	"left_wrist": [
		0.8178423643112183,
		0.5255403518676758,
		0.1338919997215271,
		0.9986780285835266
	],
	"right_shoulder": [
		0.29267850518226624,
		0.5483817458152771,
		-0.3539822995662689,
		0.9997339248657227
	],
	"right_elbow": [
		0.11278849840164185,
		0.6215563416481018,
		-0.7582486867904663,
		0.9976417422294617
	],
	"right_wrist": [
		0.28646695613861084,
		0.4404880702495575,
		-1.1011545658111572,
		0.9943879842758179
	],
	"nose": [
		0.4940827488899231,
		0.3081528842449188,
		-0.2620484232902527,
		0.9999886155128479
	],
	"left_eye": [
		0.4779813885688782,
		0.26526355743408203,
		-0.2074076235294342,
		0.9999752640724182
	],
	"right_eye": [
		0.46779370307922363,
		0.26917776465415955,
		-0.275989294052124,
		0.9999887943267822
	],
	"left_ear": [
		0.44288697838783264,
		0.2918062210083008,
		0.02278858795762062,
		0.9999850392341614
	],
	"right_ear": [
		0.419790118932724,
		0.30520159006118774,
		-0.2736528813838959,
		0.9999927878379822
	]
}