{
	"left_hip": [
		0.4981236457824707,
		1.1909306049346924,
		0.09493585675954819,
		0.4811168611049652
	],
	"left_knee": [
		0.5311356782913208,
		1.7099448442459106,
		0.05752893537282944,
		0.015939291566610336
	],
	"left_ankle": [
		0.5332345366477966,
		2.1768038272857666,
		0.3191027343273163,
		0.0008991647628135979
	],
	"right_hip": [
		0.36016589403152466,
		1.2347607612609863,
		-0.09382349252700806,
		0.411063551902771
	],
	"right_knee": [
		0.38356977701187134,
		1.7361253499984741,
		-0.1670529544353485,
		0.04252275452017784
	],
	"right_ankle": [
		0.38742321729660034,
		2.2337119579315186,
		-0.03269656002521515,
		0.007597685791552067
	],
	"left_shoulder": [
		0.49507936835289,
		0.5165112614631653,
		0.12628962099552155,
		0.9999139308929443
	],
	"left_elbow": [
		0.6810654401779175,
		0.5013711452484131,
		0.21393966674804688,
		0.9983404278755188
	],
	"left_wrist": [
		0.8112787008285522,
		0.5339927077293396,
		0.05565834045410156,
		0.9992813467979431
	],
	"right_shoulder": [
		0.29346075654029846,
		0.553318202495575,
		-0.3596314489841461,
		0.999825656414032
	],
	"right_elbow": [
		0.11096702516078949,
		0.6023764610290527,
		-0.7947429418563843,
		0.9978967905044556
	],
	"right_wrist": [
		0.2456376999616623,
		0.4195600748062134,
		-1.1371008157730103,
		0.9959877133369446
	],
	"nose": [
		0.4945896565914154,
		0.30848076939582825,
		-0.2776792645454407,
		0.9999890923500061
	],
	"left_eye": [
		0.478177934885025,
		0.2662922739982605,
		-0.22221407294273376,
		0.9999755024909973
	],
	"right_eye": [
		0.4691186547279358,
		0.269405335187912,
		-0.2874065041542053,
		0.9999889135360718
	],
	"left_ear": [
		0.44202175736427307,
		0.2919565737247467,
		0.004735610447824001,
		0.9999857544898987
	],
	"right_ear": [
		0.42212972044944763,
		0.30366212129592896,
		-0.2876693308353424,
		0.9999927878379822
	]
}