{
	"left_hip": [
		0.498263418674469,
		1.1888014078140259,
		0.08584295213222504,
		0.5463220477104187
	],
	"left_knee": [
		0.5259931683540344,
		1.7030556201934814,
		0.1005125418305397,
		0.01222747191786766
	],
	"left_ankle": [
		0.5296573042869568,
		2.1684470176696777,
		0.4148107171058655,
		0.0006244730320759118
	],
	"right_hip": [
		0.3581847548484802,
		1.2357712984085083,
		-0.0847553089261055,
		0.4663490653038025
	],
	"right_knee": [
		0.3776060938835144,
		1.7345646619796753,
		-0.1018931046128273,
		0.029174640774726868
	],
	"right_ankle": [
		0.3843616247177124,
		2.224731683731079,
		0.08404700458049774,
		0.005046758335083723
	],
	"left_shoulder": [
		0.5080274343490601,
		0.5135314464569092,
		0.10198309272527695,
		0.9999364018440247
	],
	"left_elbow": [
		0.688863217830658,
		0.4993404448032379,
		0.226639986038208,
		0.9988553524017334
	],
	"left_wrist": [
		0.803371250629425,
		0.5296435356140137,
		0.13090650737285614,
		0.9994472861289978
	],
	"right_shoulder": [
		0.2910495698451996,
		0.5523046851158142,
		-0.39165765047073364,
		0.9998698234558105
	],
	"right_elbow": [
		0.10717753320932388,
		0.5876026153564453,
		-0.8345454335212708,
		0.9983721971511841
	],
	"right_wrist": [
		0.24757595360279083,
		0.40940380096435547,
		-1.1886966228485107,
		0.9969794154167175
	],
	"nose": [
		0.49468332529067993,
		0.3097437024116516,
		-0.3242586553096771,
		0.9999908208847046
	],
	"left_eye": [
		0.47849273681640625,
		0.26712480187416077,
		-0.2704313397407532,
		0.9999787211418152
	],
	"right_eye": [
		0.46893706917762756,
		0.2703087329864502,
		-0.3343747556209564,
		0.9999908208847046
	],
	"left_ear": [
		0.4434780180454254,
		0.2925741672515869,
		-0.034702979028224945,
		0.9999877214431763
	],
	"right_ear": [
		0.4205687940120697,
		0.3039279580116272,
		-0.31939536333084106,
		0.9999940991401672
	]
}