{
	"left_hip": [
		0.4979364275932312,
		1.1866328716278076,
		0.08339566737413406,
		0.5723302960395813
	],
	"left_knee": [
		0.5213635563850403,
		1.6975723505020142,
		0.07855386286973953,
		0.011409495957195759
	],
	"left_ankle": [
		0.5204899311065674,
		2.1660099029541016,
		0.3712911009788513,
		0.0005517684039659798
	],
	"right_hip": [
		0.3581666350364685,
		1.2322708368301392,
		-0.0822654515504837,
		0.4928869307041168
	],
	"right_knee": [
		0.37544330954551697,
		1.7283650636672974,
		-0.10567958652973175,
		0.02552105113863945
	],
	"right_ankle": [
		0.3789799213409424,
		2.2172610759735107,
		0.08054985851049423,
		0.004324398934841156
	],
	"left_shoulder": [
		0.5079944729804993,
		0.5122556090354919,
		0.10179398208856583,
		0.9999414086341858
	],
	"left_elbow": [
		0.6879381537437439,
		0.49637484550476074,
		0.22788755595684052,
		0.9989845156669617
	],
	"left_wrist": [
		0.7928017377853394,
		0.5250647664070129,
		0.14998576045036316,
		0.9994542002677917
	],
	"right_shoulder": [
		0.29091939330101013,
		0.5493310689926147,
		-0.3839338421821594,
		0.9998828768730164
	],
	"right_elbow": [
		0.10621058940887451,
		0.577079713344574,
		-0.8122590184211731,
		0.9985374808311462
	],
	"right_wrist": [
		0.2498323917388916,
		0.407056987285614,
		-1.118847131729126,
		0.9971668124198914
	],
	"nose": [
		0.4953855574131012,
		0.3099292516708374,
		-0.31931018829345703,
		0.9999904036521912
	],
	"left_eye": [
		0.4799047112464905,
		0.2672822177410126,
		-0.2639663815498352,
		0.9999776482582092
	],
	"right_eye": [
		0.47006186842918396,
		0.27046284079551697,
		-0.3284834027290344,
		0.9999906420707703
	],
	"left_ear": [
		0.44413861632347107,
		0.29299935698509216,
		-0.03114548698067665,
		0.9999873042106628
	],
	"right_ear": [
		0.42084136605262756,
		0.3039644658565521,
		-0.3158184587955475,
		0.999994158744812
	]
}