{
	"left_hip": [
		0.49885186553001404,
		1.1814119815826416,
		0.07943378388881683,
		0.4950123429298401
	],
	"left_knee": [
		0.5168812274932861,
		1.6879243850708008,
		0.08858542889356613,
		0.006911424919962883
	],
	"left_ankle": [
		0.5162442922592163,
		2.163982629776001,
		0.36946338415145874,
		0.0002662484475877136
	],
	"right_hip": [
		0.3548307418823242,
		1.2211335897445679,
		-0.07797881215810776,
		0.4147288203239441
	],
	"right_knee": [
		0.3736990988254547,
		1.729182243347168,
		-0.09453661739826202,
		0.012386979535222054
	],
	"right_ankle": [
		0.3765023350715637,
		2.22003173828125,
		0.06655102223157883,
		0.0014535585651174188
	],
	"left_shoulder": [
		0.5080621242523193,
		0.507868766784668,
		0.08853555470705032,
		0.9999555945396423
	],
	"left_elbow": [
		0.6753362417221069,
		0.5220256447792053,
		0.22247326374053955,
		0.9990387558937073
	],
	"left_wrist": [
		0.7916096448898315,
		0.5279651880264282,
		0.1625317484140396,
		0.999130129814148
	],
	"right_shoulder": [
		0.29063940048217773,
		0.543545126914978,
		-0.35905537009239197,
		0.9999285936355591
	],
	"right_elbow": [
		0.11236508190631866,
		0.5464019179344177,
		-0.7659035325050354,
		0.9984742403030396
	],
	"right_wrist": [
		0.27023783326148987,
		0.40756508708000183,
		-1.0480811595916748,
		0.9958045482635498
	],
	"nose": [
		0.4943118691444397,
		0.3159753680229187,
		-0.308040052652359,
		0.9999894499778748
	],
	"left_eye": [
		0.47980308532714844,
		0.27119624614715576,
		-0.260486900806427,
		0.999975860118866
	],
	"right_eye": [
		0.4706951677799225,
		0.27419033646583557,
		-0.31610554456710815,
		0.9999892115592957
	],
	"left_ear": [
		0.4438278079032898,
		0.2965115010738373,
		-0.04740196838974953,
		0.9999874234199524
	],
	"right_ear": [
		0.42233866453170776,
		0.3050372898578644,
		-0.2972925901412964,
		0.9999939799308777
	]
}