{
	"left_hip": [
		0.4993453621864319,
		1.1813228130340576,
		0.07603012025356293,
		0.4744587242603302
	],
	"left_knee": [
		0.5179979801177979,
		1.6891136169433594,
		0.061208970844745636,
		0.006026580464094877
	],
	"left_ankle": [
		0.5180473923683167,
		2.16941499710083,
		0.3454156816005707,
		0.00022329813509713858
	],
	"right_hip": [
		0.3551408648490906,
		1.2221254110336304,
		-0.07463577389717102,
		0.38795164227485657
	],
	"right_knee": [
		0.3745017647743225,
		1.7299472093582153,
		-0.11231335252523422,
		0.010610789060592651
	],
	"right_ankle": [
		0.377011775970459,
		2.2238497734069824,
		0.037260863929986954,
		0.0011660975869745016
	],
	"left_shoulder": [
		0.5086224675178528,
		0.5076661705970764,
		0.08796627074480057,
		0.9999585747718811
	],
	"left_elbow": [
		0.6722891330718994,
		0.5170693397521973,
		0.22159616649150848,
		0.9990979433059692
	],
	"left_wrist": [
		0.7893358469009399,
		0.5259855389595032,
		0.1728840172290802,
		0.9991384744644165
	],
	"right_shoulder": [
		0.29044869542121887,
		0.5431896448135376,
		-0.33733901381492615,
		0.9999297261238098
	],
	"right_elbow": [
		0.11326327174901962,
		0.5418868660926819,
		-0.7500426769256592,
		0.9984033703804016
	],
	"right_wrist": [
		0.28297895193099976,
		0.4071362614631653,
		-1.051800012588501,
		0.9956021904945374
	],
	"nose": [
		0.49365392327308655,
		0.31642264127731323,
		-0.2842123806476593,
		0.999989926815033
	],
	"left_eye": [
		0.47907891869544983,
		0.27130937576293945,
		-0.23785129189491272,
		0.9999765753746033
	],
	"right_eye": [
		0.4696805477142334,
		0.2744198739528656,
		-0.29444774985313416,
		0.9999895691871643
	],
	"left_ear": [
		0.4432803988456726,
		0.29666805267333984,
		-0.029225584119558334,
		0.9999879598617554
	],
	"right_ear": [
		0.4210476279258728,
		0.3052757680416107,
		-0.28276172280311584,
		0.999994158744812
	]
}