{
	"left_hip": [
		0.5028064250946045,
		1.1843054294586182,
		0.07315745204687119,
		0.4419822096824646
	],
	"left_knee": [
		0.5214525461196899,
		1.6933120489120483,
		0.10021138191223145,
		0.005598117597401142
	],
	"left_ankle": [
		0.5239985585212708,
		2.171476364135742,
		0.4370068609714508,
		0.00020911630417685956
	],
	"right_hip": [
		0.3559432923793793,
		1.2282021045684814,
		-0.07182234525680542,
		0.35408836603164673
	],
	"right_knee": [
		0.3759011924266815,
		1.736670732498169,
		-0.07807610929012299,
		0.009688627906143665
	],
	"right_ankle": [
		0.37901946902275085,
		2.2269177436828613,
		0.13076701760292053,
		0.0010437360033392906
	],
	"left_shoulder": [
		0.5088551640510559,
		0.5084865689277649,
		0.061788637191057205,
		0.9999595284461975
	],
	"left_elbow": [
		0.6756534576416016,
		0.513994574546814,
		0.19952847063541412,
		0.9990969300270081
	],
	"left_wrist": [
		0.800521194934845,
		0.5655568242073059,
		0.13358141481876373,
		0.9990803003311157
	],
	"right_shoulder": [
		0.29049694538116455,
		0.5437463521957397,
		-0.36606496572494507,
		0.9999270439147949
	],
	"right_elbow": [
		0.11407371610403061,
		0.5393437743186951,
		-0.7844952940940857,
		0.9982072710990906
	],
	"right_wrist": [
		0.28626561164855957,
		0.4057171046733856,
		-1.089648723602295,
		0.9949488639831543
	],
	"nose": [
		0.4933379590511322,
		0.3162268400192261,
		-0.3091141879558563,
		0.9999900460243225
	],
	"left_eye": [
		0.4789307713508606,
		0.2712876498699188,
		-0.26133280992507935,
		0.999975860118866
	],
	"right_eye": [
		0.46885794401168823,
		0.2743569612503052,
		-0.31992387771606445,
		0.9999892115592957
	],
	"left_ear": [
		0.4434245526790619,
		0.296714723110199,
		-0.05201813578605652,
		0.9999875426292419
	],
	"right_ear": [
		0.4199455678462982,
		0.30540552735328674,
		-0.3103787302970886,
		0.9999937415122986
	]
}