{
	"left_hip": [
		0.5050368905067444,
		1.2109177112579346,
		0.08732600510120392,
		0.46890947222709656
	],
	"left_knee": [
		0.523764967918396,
		1.7199069261550903,
		0.1817907989025116,
		0.010863297618925571
	],
	"left_ankle": [
		0.5297037363052368,
		2.187598943710327,
		0.5032330751419067,
		0.0006279380759224296
	],
	"right_hip": [
		0.3634180426597595,
		1.2496861219406128,
		-0.08627703785896301,
		0.3954858183860779
	],
	"right_knee": [
		0.3949241042137146,
		1.7720285654067993,
		-0.035719044506549835,
		0.024206506088376045
	],
	"right_ankle": [
		0.3959612548351288,
		2.262439727783203,
		0.1870175153017044,
		0.002505108481273055
	],
	"left_shoulder": [
		0.4965200424194336,
		0.5421101450920105,
		0.12324712425470352,
		0.9999747276306152
	],
	"left_elbow": [
		0.6289156079292297,
		0.725985586643219,
		0.37766847014427185,
		0.998273491859436
	],
	"left_wrist": [
		0.7661986947059631,
		0.8737712502479553,
		0.4414280951023102,
		0.9978923201560974
	],
	"right_shoulder": [
		0.2925812900066376,
		0.5347059965133667,
		-0.3135780692100525,
		0.9999450445175171
	],
	"right_elbow": [
		0.12844446301460266,
		0.5212882161140442,
		-0.7262686491012573,
		0.9985994100570679
	],
	"right_wrist": [
		0.3006279766559601,
		0.37783676385879517,
		-0.9870897531509399,
		0.9966842532157898
	],
	"nose": [
		0.4937412142753601,
		0.32095006108283997,
		-0.3498763144016266,
		0.9999911189079285
	],
	"left_eye": [
		0.48184674978256226,
		0.2744091749191284,
		-0.30764222145080566,
		0.9999765753746033
	],
	"right_eye": [
		0.4672470986843109,
		0.27653399109840393,
		-0.3520162105560303,
		0.9999879598617554
	],
	"left_ear": [
		0.45290327072143555,
		0.29718196392059326,
		-0.05328892543911934,
		0.9999884366989136
	],
	"right_ear": [
		0.41712456941604614,
		0.30604153871536255,
		-0.2853050231933594,
		0.9999914169311523
	]
}