{
	"left_hip": [
		0.5066259503364563,
		1.2104597091674805,
		0.086287721991539,
		0.5057668685913086
	],
	"left_knee": [
		0.520053505897522,
		1.7169544696807861,
		0.18248017132282257,
		0.014375426806509495
	],
	"left_ankle": [
		0.524236261844635,
		2.1728572845458984,
		0.5430300831794739,
		0.0010977254714816809
	],
	"right_hip": [
		0.3705768883228302,
		1.2433823347091675,
		-0.08530373126268387,
		0.4486047029495239
	],
	"right_knee": [
		0.3943568766117096,
		1.7657830715179443,
		-0.012116707861423492,
		0.032911840826272964
	],
	"right_ankle": [
		0.39142096042633057,
		2.2481493949890137,
		0.19110478460788727,
		0.0041657076217234135
	],
	"left_shoulder": [
		0.4949913024902344,
		0.5476749539375305,
		0.12815088033676147,
		0.999962329864502
	],
	"left_elbow": [
		0.5895678400993347,
		0.7673993706703186,
		0.41541045904159546,
		0.9939881563186646
	],
	"left_wrist": [
		0.7368327379226685,
		0.9182586073875427,
		0.5195445418357849,
		0.9909986853599548
	],
	"right_shoulder": [
		0.29834434390068054,
		0.5333098769187927,
		-0.31414300203323364,
		0.9999502301216125
	],
	"right_elbow": [
		0.1311880648136139,
		0.5174107551574707,
		-0.7379847764968872,
		0.9987918734550476
	],
	"right_wrist": [
		0.30233797430992126,
		0.3712215721607208,
		-1.0058956146240234,
		0.9967935085296631
	],
	"nose": [
		0.4940885603427887,
		0.3206998109817505,
		-0.3645261824131012,
		0.9999912977218628
	],
	"left_eye": [
		0.48394766449928284,
		0.2744085490703583,
		-0.318747878074646,
		0.9999775886535645
	],
	"right_eye": [
		0.4671536087989807,
		0.27646932005882263,
		-0.36783933639526367,
		0.9999886155128479
	],
	"left_ear": [
		0.4593275189399719,
		0.2969822585582733,
		-0.05785137414932251,
		0.999988317489624
	],
	"right_ear": [
		0.4167844355106354,
		0.3057192265987396,
		-0.28700482845306396,
		0.9999921917915344
	]
}