{
	"left_hip": [
		0.5248281955718994,
		1.198814868927002,
		0.060644783079624176,
		0.3672703504562378
	],
	"left_knee": [
		0.549127995967865,
		1.688275933265686,
		0.008996826596558094,
		0.01893114671111107
	],
	"left_ankle": [
		0.5633424520492554,
		2.158825159072876,
		0.20315830409526825,
		0.0015271588927134871
	],
	"right_hip": [
		0.38970404863357544,
		1.2272155284881592,
		-0.05943351984024048,
		0.38982516527175903
	],
	"right_knee": [
		0.4172147810459137,
		1.7396667003631592,
		-0.09437353909015656,
		0.040579237043857574
	],
	"right_ankle": [
		0.42932501435279846,
		2.215623378753662,
		-0.042749885469675064,
		0.004476295784115791
	],
	"left_shoulder": [
		0.4868917465209961,
		0.5520992875099182,
		0.22490744292736053,
		0.9983403086662292
	],
	"left_elbow": [
		0.505102813243866,
		0.5957086682319641,
		0.5023612380027771,
		0.8138728141784668
	],
	"left_wrist": [
		0.4816446900367737,
		0.4670255780220032,
		0.8088024258613586,
		0.6263177394866943
	],
	"right_shoulder": [
		0.3221433162689209,
		0.5265501737594604,
		-0.15338034927845,
		0.9998699426651001
	],
	"right_elbow": [
		0.15910488367080688,
		0.4751462936401367,
		-0.40714699029922485,
		0.9992027878761292
	],
	"right_wrist": [
		0.3404870331287384,
		0.34347817301750183,
		-0.26370877027511597,
		0.9857690930366516
	],
	"nose": [
		0.49199190735816956,
		0.309289813041687,
		-0.20512636005878448,
		0.9999179840087891
	],
	"left_eye": [
		0.4844880700111389,
		0.2694064974784851,
		-0.1538693755865097,
		0.9998478293418884
	],
	"right_eye": [
		0.46112966537475586,
		0.2722471356391907,
		-0.2008143961429596,
		0.9999277591705322
	],
	"left_ear": [
		0.4645797610282898,
		0.29108813405036926,
		0.0879305750131607,
		0.9999181628227234
	],
	"right_ear": [
		0.41582298278808594,
		0.3004111647605896,
		-0.1245749220252037,
		0.9999781250953674
	]
}