{
	"left_hip": [
		0.5199998617172241,
		1.1851240396499634,
		0.06792214512825012,
		0.35046520829200745
	],
	"left_knee": [
		0.5444210767745972,
		1.6715381145477295,
		0.00606295233592391,
		0.026849918067455292
	],
	"left_ankle": [
		0.5594118237495422,
		2.1398696899414062,
		0.20478162169456482,
		0.0019108064007014036
	],
	"right_hip": [
		0.38891634345054626,
		1.2153345346450806,
		-0.0668945163488388,
		0.3952958285808563
	],
	"right_knee": [
		0.41562438011169434,
		1.7242361307144165,
		-0.09422005712985992,
		0.051834892481565475
	],
	"right_ankle": [
		0.4268043637275696,
		2.1948087215423584,
		-0.011029993183910847,
		0.005237781908363104
	],
	"left_shoulder": [
		0.47950148582458496,
		0.5405339002609253,
		0.24467210471630096,
		0.996786892414093
	],
	"left_elbow": [
		0.5158015489578247,
		0.6948596835136414,
		0.5242453813552856,
		0.7542170882225037
	],
	"left_wrist": [
		0.5154344439506531,
		0.6193647980690002,
		0.7750749588012695,
		0.5346657037734985
	],
	"right_shoulder": [
		0.32597559690475464,
		0.5211985111236572,
		-0.1791546791791916,
		0.9997837543487549
	],
	"right_elbow": [
		0.17487986385822296,
		0.4856700599193573,
		-0.539392352104187,
		0.9992824196815491
	],
	"right_wrist": [
		0.340084969997406,
		0.3558885455131531,
		-0.6205625534057617,
		0.983750581741333
	],
	"nose": [
		0.49021363258361816,
		0.3080529272556305,
		-0.2029542475938797,
		0.9998860955238342
	],
	"left_eye": [
		0.48404303193092346,
		0.26808327436447144,
		-0.1544766128063202,
		0.9997982382774353
	],
	"right_eye": [
		0.4586779475212097,
		0.27190670371055603,
		-0.2062874287366867,
		0.9999116659164429
	],
	"left_ear": [
		0.46600475907325745,
		0.28802937269210815,
		0.08836852014064789,
		0.9998895525932312
	],
	"right_ear": [
		0.41470447182655334,
		0.3001217544078827,
		-0.14862874150276184,
		0.9999741911888123
	]
}