{
	"left_hip": [
		0.5079513788223267,
		1.1808055639266968,
		0.08040256798267365,
		0.35179242491722107
	],
	"left_knee": [
		0.5330551862716675,
		1.667705774307251,
		0.036404240876436234,
		0.02971186488866806
	],
	"left_ankle": [
		0.5504695177078247,
		2.1372556686401367,
		0.2160361111164093,
		0.0019850842654705048
	],
	"right_hip": [
		0.3893781006336212,
		1.211140751838684,
		-0.07947907596826553,
		0.40375110507011414
	],
	"right_knee": [
		0.4164283871650696,
		1.7237749099731445,
		-0.09503965079784393,
		0.05939633771777153
	],
	"right_ankle": [
		0.42679548263549805,
		2.197138547897339,
		-0.017179328948259354,
		0.005402547772973776
	],
	"left_shoulder": [
		0.46610158681869507,
		0.5359816551208496,
		0.23014047741889954,
		0.9966998100280762
	],
	"left_elbow": [
		0.5102076530456543,
		0.738983690738678,
		0.5059739351272583,
		0.7352306842803955
	],
	"left_wrist": [
		0.5043933987617493,
		0.658179759979248,
		0.7206686735153198,
		0.5195993781089783
	],
	"right_shoulder": [
		0.3311085104942322,
		0.5180129408836365,
		-0.18677093088626862,
		0.9997779726982117
	],
	"right_elbow": [
		0.18367290496826172,
		0.5115262866020203,
		-0.5399398803710938,
		0.9992420673370361
	],
	"right_wrist": [
		0.3390464186668396,
		0.36643657088279724,
		-0.6501781940460205,
		0.9838943481445312
	],
	"nose": [
		0.4873132109642029,
		0.30805709958076477,
		-0.21017217636108398,
		0.9998888373374939
	],
	"left_eye": [
		0.4827440679073334,
		0.26806700229644775,
		-0.16385331749916077,
		0.9998044371604919
	],
	"right_eye": [
		0.45650234818458557,
		0.2718891203403473,
		-0.21421249210834503,
		0.9999149441719055
	],
	"left_ear": [
		0.4659815728664398,
		0.2875951826572418,
		0.07425536960363388,
		0.99989253282547
	],
	"right_ear": [
		0.41377782821655273,
		0.2996416389942169,
		-0.1566992998123169,
		0.9999750852584839
	]
}