{
	"left_hip": [
		0.5073156356811523,
		1.1689276695251465,
		0.0803455263376236,
		0.3533768951892853
	],
	"left_knee": [
		0.5297335982322693,
		1.6538183689117432,
		0.009799661114811897,
		0.028145266696810722
	],
	"left_ankle": [
		0.5429133772850037,
		2.1225204467773438,
		0.18758001923561096,
		0.0017713145352900028
	],
	"right_hip": [
		0.38182157278060913,
		1.1934163570404053,
		-0.07934943586587906,
		0.4209006428718567
	],
	"right_knee": [
		0.40473660826683044,
		1.702107310295105,
		-0.08180655539035797,
		0.05724329128861427
	],
	"right_ankle": [
		0.42042580246925354,
		2.1730268001556396,
		0.026158904656767845,
		0.004649283830076456
	],
	"left_shoulder": [
		0.4621714651584625,
		0.5276569724082947,
		0.23807688057422638,
		0.9970487356185913
	],
	"left_elbow": [
		0.5095177888870239,
		0.8251479864120483,
		0.4826984405517578,
		0.6938184499740601
	],
	"left_wrist": [
		0.5127105116844177,
		0.7012737989425659,
		0.6787173748016357,
		0.5009905695915222
	],
	"right_shoulder": [
		0.33359116315841675,
		0.4978187084197998,
		-0.17024682462215424,
		0.9997987151145935
	],
	"right_elbow": [
		0.20671959221363068,
		0.5928864479064941,
		-0.5981321930885315,
		0.9990829229354858
	],
	"right_wrist": [
		0.348794162273407,
		0.4075029790401459,
		-0.7836757898330688,
		0.9864097833633423
	],
	"nose": [
		0.4798096716403961,
		0.3083048164844513,
		-0.20820531249046326,
		0.9999008178710938
	],
	"left_eye": [
		0.47893571853637695,
		0.26815828680992126,
		-0.1602323353290558,
		0.9998276233673096
	],
	"right_eye": [
		0.4519307017326355,
		0.27174946665763855,
		-0.2039683759212494,
		0.9999244809150696
	],
	"left_ear": [
		0.4659815728664398,
		0.28716036677360535,
		0.0807715654373169,
		0.9999018907546997
	],
	"right_ear": [
		0.4117661416530609,
		0.29539117217063904,
		-0.1145506277680397,
		0.9999765157699585
	]
}