{
	"left_hip": [
		0.5053452253341675,
		1.1608705520629883,
		0.08983303606510162,
		0.41377878189086914
	],
	"left_knee": [
		0.5255593657493591,
		1.6362563371658325,
		0.025676067918539047,
		0.023349234834313393
	],
	"left_ankle": [
		0.5338041186332703,
		2.099435329437256,
		0.27696818113327026,
		0.0013387399958446622
	],
	"right_hip": [
		0.37689197063446045,
		1.1794739961624146,
		-0.08865822851657867,
		0.49497637152671814
	],
	"right_knee": [
		0.39262035489082336,
		1.6772977113723755,
		-0.11443408578634262,
		0.04612640291452408
	],
	"right_ankle": [
		0.4079684317111969,
		2.1445465087890625,
		-0.00021402320999186486,
		0.0034153342712670565
	],
	"left_shoulder": [
		0.45846953988075256,
		0.5238463878631592,
		0.22559234499931335,
		0.9973581433296204
	],
	"left_elbow": [
		0.48050346970558167,
		0.799384355545044,
		0.5284050703048706,
		0.6951746344566345
	],
	"left_wrist": [
		0.5171284675598145,
		0.8470690250396729,
		0.7280811071395874,
		0.524034857749939
	],
	"right_shoulder": [
		0.332256019115448,
		0.5063773393630981,
		-0.24074247479438782,
		0.9998282790184021
	],
	"right_elbow": [
		0.20527145266532898,
		0.6558375358581543,
		-0.6879931092262268,
		0.9988260269165039
	],
	"right_wrist": [
		0.36746758222579956,
		0.535553514957428,
		-1.0325552225112915,
		0.990010678768158
	],
	"nose": [
		0.4753657877445221,
		0.3126857280731201,
		-0.20127995312213898,
		0.9999005794525146
	],
	"left_eye": [
		0.47541356086730957,
		0.27248021960258484,
		-0.1574678272008896,
		0.9998362064361572
	],
	"right_eye": [
		0.44806331396102905,
		0.2728150486946106,
		-0.1972401887178421,
		0.9999316334724426
	],
	"left_ear": [
		0.4652945101261139,
		0.2899905741214752,
		0.07551515847444534,
		0.9998987913131714
	],
	"right_ear": [
		0.40703171491622925,
		0.2925322353839874,
		-0.16143560409545898,
		0.9999762177467346
	]
}