{
	"left_hip": [
		0.5083709955215454,
		1.2091398239135742,
		0.16093114018440247,
		0.18718741834163666
	],
	"left_knee": [
		0.5348418354988098,
		1.6579331159591675,
		0.17348572611808777,
		0.009163045324385166
	],
	"left_ankle": [
		0.5532791018486023,
		2.107396364212036,
		0.4187867045402527,
		0.0008516354137100279
	],
	"right_hip": [
		0.41116267442703247,
		1.2277216911315918,
		-0.1595672070980072,
		0.20721101760864258
	],
	"right_knee": [
		0.43496474623680115,
		1.6914551258087158,
		-0.12871983647346497,
		0.024060865864157677
	],
	"right_ankle": [
		0.4318694472312927,
		2.153420925140381,
		0.04797849804162979,
		0.0022993891034275293
	],
	"left_shoulder": [
		0.4873735308647156,
		0.5855026245117188,
		0.26021984219551086,
		0.995427668094635
	],
	"left_elbow": [
		0.5424658060073853,
		0.8698884844779968,
		0.31114450097084045,
		0.36542919278144836
	],
	"left_wrist": [
		0.6353467702865601,
		1.0785820484161377,
		0.1509271115064621,
		0.47318539023399353
	],
	"right_shoulder": [
		0.3848106563091278,
		0.5468495488166809,
		-0.4231124818325043,
		0.9991495013237
	],
	"right_elbow": [
		0.4089408814907074,
		0.8788641691207886,
		-0.5084856748580933,
		0.8437967300415039
	],
	"right_wrist": [
		0.5241329073905945,
		1.1433610916137695,
		-0.5247156023979187,
		0.7426820993423462
	],
	"nose": [
		0.5465034246444702,
		0.3241627514362335,
		-0.1318034827709198,
		0.9996075630187988
	],
	"left_eye": [
		0.5316389799118042,
		0.279491126537323,
		-0.10191706568002701,
		0.9994451403617859
	],
	"right_eye": [
		0.5228666067123413,
		0.2825998365879059,
		-0.17767205834388733,
		0.999600887298584
	],
	"left_ear": [
		0.49331194162368774,
		0.3017362654209137,
		0.050156839191913605,
		0.9993535280227661
	],
	"right_ear": [
		0.4768335819244385,
		0.3070738911628723,
		-0.2887144684791565,
		0.9996790885925293
	]
}