{
	"left_hip": [
		0.5069175958633423,
		1.2090357542037964,
		0.15959079563617706,
		0.17364487051963806
	],
	"left_knee": [
		0.5313414335250854,
		1.6342610120773315,
		0.17307749390602112,
		0.008739933371543884
	],
	"left_ankle": [
		0.5530156493186951,
		2.0811758041381836,
		0.40272918343544006,
		0.0008147675544023514
	],
	"right_hip": [
		0.41091498732566833,
		1.2249940633773804,
		-0.15813812613487244,
		0.1907094568014145
	],
	"right_knee": [
		0.43409448862075806,
		1.660002589225769,
		-0.13342247903347015,
		0.023416103795170784
	],
	"right_ankle": [
		0.43266525864601135,
		2.12251353263855,
		0.022326985374093056,
		0.002244606614112854
	],
	"left_shoulder": [
		0.48758816719055176,
		0.5853942036628723,
		0.2691729962825775,
		0.9953246712684631
	],
	"left_elbow": [
		0.5418277978897095,
		0.8698906302452087,
		0.3179500102996826,
		0.34630560874938965
	],
	"left_wrist": [
		0.6397875547409058,
		1.0779945850372314,
		0.14607706665992737,
		0.47832566499710083
	],
	"right_shoulder": [
		0.38464653491973877,
		0.5427202582359314,
		-0.4209114611148834,
		0.9991026520729065
	],
	"right_elbow": [
		0.4097667634487152,
		0.8780328035354614,
		-0.506492018699646,
		0.8398577570915222
	],
	"right_wrist": [
		0.5316894054412842,
		1.1310383081436157,
		-0.5295988321304321,
		0.7446428537368774
	],
	"nose": [
		0.5458868741989136,
		0.31938832998275757,
		-0.1259150356054306,
		0.9996196627616882
	],
	"left_eye": [
		0.5311309695243835,
		0.27647435665130615,
		-0.09585248678922653,
		0.9994593858718872
	],
	"right_eye": [
		0.522131085395813,
		0.2792249023914337,
		-0.17122533917427063,
		0.9996098875999451
	],
	"left_ear": [
		0.49322542548179626,
		0.29972827434539795,
		0.05737043544650078,
		0.9993627071380615
	],
	"right_ear": [
		0.4761907160282135,
		0.30516648292541504,
		-0.28372496366500854,
		0.9996828436851501
	]
}