{
	"left_hip": [
		0.44862309098243713,
		1.109207272529602,
		0.23402762413024902,
		0.20160460472106934
	],
	"left_knee": [
		0.5343886613845825,
		0.8657242655754089,
		0.22663044929504395,
		0.023034753277897835
	],
	"left_ankle": [
		0.5110064148902893,
		1.1879475116729736,
		0.41403207182884216,
		0.007019141223281622
	],
	"right_hip": [
		0.39903923869132996,
		1.1331541538238525,
		-0.23317405581474304,
		0.21263673901557922
	],
	"right_knee": [
		0.5464082956314087,
		0.9466986656188965,
		-0.30432870984077454,
		0.15217936038970947
	],
	"right_ankle": [
		0.49777692556381226,
		1.2281708717346191,
		-0.0024431839119642973,
		0.026965491473674774
	],
	"left_shoulder": [
		0.4620158076286316,
		0.555171012878418,
		0.37129372358322144,
		0.9945213794708252
	],
	"left_elbow": [
		0.5293048620223999,
		0.807186484336853,
		0.4352780282497406,
		0.23237603902816772
	],
	"left_wrist": [
		0.6022987961769104,
		0.9195047616958618,
		0.23130092024803162,
		0.3505312502384186
	],
	"right_shoulder": [
		0.38663071393966675,
		0.5110551118850708,
		-0.4382055401802063,
		0.9991121292114258
	],
	"right_elbow": [
		0.46290794014930725,
		0.8097782731056213,
		-0.4570234417915344,
		0.9088912010192871
	],
	"right_wrist": [
		0.5970573425292969,
		0.9465349912643433,
		-0.29665055871009827,
		0.8457270264625549
	],
	"nose": [
		0.529681384563446,
		0.3227306604385376,
		-0.04408744350075722,
		0.9993296265602112
	],
	"left_eye": [
		0.5140941143035889,
		0.27552440762519836,
		-0.013145791366696358,
		0.9989967346191406
	],
	"right_eye": [
		0.5076946020126343,
		0.27896401286125183,
		-0.08772711455821991,
		0.9992566108703613
	],
	"left_ear": [
		0.47636738419532776,
		0.29404306411743164,
		0.13764344155788422,
		0.9988684058189392
	],
	"right_ear": [
		0.46515268087387085,
		0.30104702711105347,
		-0.21160216629505157,
		0.9993692636489868
	]
}