{
	"left_hip": [
		0.4534347653388977,
		1.075412392616272,
		0.2150803804397583,
		0.24209655821323395
	],
	"left_knee": [
		0.5830188989639282,
		0.9112652540206909,
		0.10618777573108673,
		0.03904348611831665
	],
	"left_ankle": [
		0.5720146894454956,
		1.160261869430542,
		0.26157981157302856,
		0.014332791790366173
	],
	"right_hip": [
		0.40965500473976135,
		1.0937706232070923,
		-0.21439340710639954,
		0.25221243500709534
	],
	"right_knee": [
		0.5564745664596558,
		0.9555705785751343,
		-0.335488885641098,
		0.22677774727344513
	],
	"right_ankle": [
		0.5390715003013611,
		1.1862874031066895,
		-0.13585923612117767,
		0.043478455394506454
	],
	"left_shoulder": [
		0.4573361277580261,
		0.5504031181335449,
		0.41416263580322266,
		0.9952147006988525
	],
	"left_elbow": [
		0.5024838447570801,
		0.7942745685577393,
		0.48088517785072327,
		0.2127320021390915
	],
	"left_wrist": [
		0.5942524671554565,
		0.9075444936752319,
		0.2543995976448059,
		0.3002198040485382
	],
	"right_shoulder": [
		0.39150628447532654,
		0.50911545753479,
		-0.34153249859809875,
		0.9992126226425171
	],
	"right_elbow": [
		0.46789732575416565,
		0.7548233866691589,
		-0.4152683615684509,
		0.9273883700370789
	],
	"right_wrist": [
		0.6069501638412476,
		0.9119629859924316,
		-0.2903936505317688,
		0.8656705021858215
	],
	"nose": [
		0.5278281569480896,
		0.32751017808914185,
		0.02716756984591484,
		0.9993628263473511
	],
	"left_eye": [
		0.5117785930633545,
		0.2791505455970764,
		0.06130080297589302,
		0.9990676641464233
	],
	"right_eye": [
		0.5058730244636536,
		0.2827335000038147,
		-0.017124991863965988,
		0.9992882013320923
	],
	"left_ear": [
		0.47299495339393616,
		0.29546910524368286,
		0.211899995803833,
		0.9989789724349976
	],
	"right_ear": [
		0.46344494819641113,
		0.3016391098499298,
		-0.13498467206954956,
		0.9994341135025024
	]
}