{
	"left_hip": [
		0.4555031657218933,
		1.0797921419143677,
		0.21335318684577942,
		0.2594188153743744
	],
	"left_knee": [
		0.5956510305404663,
		0.8741719126701355,
		0.1215827614068985,
		0.04552416875958443
	],
	"left_ankle": [
		0.5852183103561401,
		1.1172986030578613,
		0.2825860381126404,
		0.017551753669977188
	],
	"right_hip": [
		0.4109555184841156,
		1.0983855724334717,
		-0.21239785850048065,
		0.27163851261138916
	],
	"right_knee": [
		0.5560892224311829,
		0.9208900332450867,
		-0.3359168469905853,
		0.2525871694087982
	],
	"right_ankle": [
		0.553297758102417,
		1.1456453800201416,
		-0.11240535974502563,
		0.0494900718331337
	],
	"left_shoulder": [
		0.45419007539749146,
		0.5496264100074768,
		0.4246378540992737,
		0.9953736662864685
	],
	"left_elbow": [
		0.5167800188064575,
		0.7929673194885254,
		0.49703502655029297,
		0.2036721408367157
	],
	"left_wrist": [
		0.593990683555603,
		0.9035152196884155,
		0.28392431139945984,
		0.28289172053337097
	],
	"right_shoulder": [
		0.39294224977493286,
		0.5093547105789185,
		-0.33274585008621216,
		0.9992372989654541
	],
	"right_elbow": [
		0.47772932052612305,
		0.7592786550521851,
		-0.3937959671020508,
		0.9320380687713623
	],
	"right_wrist": [
		0.6167417168617249,
		0.9161214232444763,
		-0.23110301792621613,
		0.8692919015884399
	],
	"nose": [
		0.5275238752365112,
		0.3294704854488373,
		0.042648959904909134,
		0.9993692636489868
	],
	"left_eye": [
		0.5115041136741638,
		0.2808683216571808,
		0.07595960795879364,
		0.9990888833999634
	],
	"right_eye": [
		0.5056284666061401,
		0.28423985838890076,
		-0.0026563445571810007,
		0.9992968440055847
	],
	"left_ear": [
		0.47228336334228516,
		0.2974930703639984,
		0.22354014217853546,
		0.9990109205245972
	],
	"right_ear": [
		0.46338486671447754,
		0.30265626311302185,
		-0.12437800318002701,
		0.9994537830352783
	]
}