{
	"left_hip": [
		0.45692914724349976,
		1.0724705457687378,
		0.207417294383049,
		0.29222372174263
	],
	"left_knee": [
		0.5831345319747925,
		0.8304619789123535,
		0.15489645302295685,
		0.06041242182254791
	],
	"left_ankle": [
		0.5755184888839722,
		1.047807216644287,
		0.3191863000392914,
		0.025809789076447487
	],
	"right_hip": [
		0.4133168160915375,
		1.0900291204452515,
		-0.20665590465068817,
		0.306759238243103
	],
	"right_knee": [
		0.5463862419128418,
		0.9161744117736816,
		-0.3252325654029846,
		0.322220116853714
	],
	"right_ankle": [
		0.537290096282959,
		1.0825892686843872,
		-0.11297619342803955,
		0.07199902832508087
	],
	"left_shoulder": [
		0.44438472390174866,
		0.5386632680892944,
		0.42364296317100525,
		0.9957078695297241
	],
	"left_elbow": [
		0.5174099206924438,
		0.7857855558395386,
		0.501468300819397,
		0.1757100224494934
	],
	"left_wrist": [
		0.5937419533729553,
		0.8839447498321533,
		0.30834686756134033,
		0.23317404091358185
	],
	"right_shoulder": [
		0.40072035789489746,
		0.5031194090843201,
		-0.3200179934501648,
		0.999312162399292
	],
	"right_elbow": [
		0.4902147650718689,
		0.7493712902069092,
		-0.3883057236671448,
		0.9459783434867859
	],
	"right_wrist": [
		0.6142663359642029,
		0.8926234841346741,
		-0.2516688108444214,
		0.8821238279342651
	],
	"nose": [
		0.5275255441665649,
		0.3354918956756592,
		0.05170918628573418,
		0.9993718266487122
	],
	"left_eye": [
		0.5116297006607056,
		0.28621184825897217,
		0.08330251276493073,
		0.9991111159324646
	],
	"right_eye": [
		0.5058871507644653,
		0.28947317600250244,
		0.006632110569626093,
		0.9992882013320923
	],
	"left_ear": [
		0.4721652567386627,
		0.30115947127342224,
		0.2249014675617218,
		0.9990575313568115
	],
	"right_ear": [
		0.4650820791721344,
		0.3050481379032135,
		-0.11446186155080795,
		0.9994770884513855
	]
}