{
	"left_hip": [
		0.45031261444091797,
		1.0231341123580933,
		0.19484400749206543,
		0.3032786548137665
	],
	"left_knee": [
		0.5651198625564575,
		0.8470205068588257,
		0.11816402524709702,
		0.07613395899534225
	],
	"left_ankle": [
		0.5440027117729187,
		1.0453194379806519,
		0.26218536496162415,
		0.032242484390735626
	],
	"right_hip": [
		0.4137732982635498,
		1.0385279655456543,
		-0.19419020414352417,
		0.2837800979614258
	],
	"right_knee": [
		0.5471147298812866,
		0.9071968197822571,
		-0.29115229845046997,
		0.3478529751300812
	],
	"right_ankle": [
		0.5125194191932678,
		1.0689305067062378,
		-0.1215435266494751,
		0.0842624306678772
	],
	"left_shoulder": [
		0.4370897710323334,
		0.5180771350860596,
		0.38936319947242737,
		0.9965024590492249
	],
	"left_elbow": [
		0.5181723833084106,
		0.7562686800956726,
		0.4739933907985687,
		0.18819253146648407
	],
	"left_wrist": [
		0.5975443124771118,
		0.8626867532730103,
		0.30221113562583923,
		0.237334743142128
	],
	"right_shoulder": [
		0.4071802496910095,
		0.49449607729911804,
		-0.3229929804801941,
		0.9992383718490601
	],
	"right_elbow": [
		0.5002089142799377,
		0.7302893996238708,
		-0.3928840458393097,
		0.9593571424484253
	],
	"right_wrist": [
		0.6129119992256165,
		0.8718502521514893,
		-0.2653695046901703,
		0.9015789031982422
	],
	"nose": [
		0.5331015586853027,
		0.34875425696372986,
		0.02973928116261959,
		0.9991805553436279
	],
	"left_eye": [
		0.5170241594314575,
		0.29582884907722473,
		0.0614832267165184,
		0.9988611340522766
	],
	"right_eye": [
		0.5129428505897522,
		0.2977442741394043,
		-0.014906825497746468,
		0.9990406036376953
	],
	"left_ear": [
		0.47667717933654785,
		0.3044690191745758,
		0.20433974266052246,
		0.9988237023353577
	],
	"right_ear": [
		0.47278398275375366,
		0.30770739912986755,
		-0.1343124955892563,
		0.9992569088935852
	]
}