{
	"left_hip": [
		0.45320186018943787,
		1.0177854299545288,
		0.191487118601799,
		0.3781542479991913
	],
	"left_knee": [
		0.5823342204093933,
		0.8847718834877014,
		0.13780739903450012,
		0.10688990354537964
	],
	"left_ankle": [
		0.5339608788490295,
		1.1343193054199219,
		0.28767773509025574,
		0.037169501185417175
	],
	"right_hip": [
		0.40271076560020447,
		1.0301274061203003,
		-0.19075360894203186,
		0.321170836687088
	],
	"right_knee": [
		0.5325825214385986,
		0.9432193636894226,
		-0.29333561658859253,
		0.41920655965805054
	],
	"right_ankle": [
		0.48535189032554626,
		1.1514534950256348,
		-0.09687911719083786,
		0.10015920549631119
	],
	"left_shoulder": [
		0.4448477327823639,
		0.515128493309021,
		0.38264840841293335,
		0.9961460828781128
	],
	"left_elbow": [
		0.5390960574150085,
		0.7363274097442627,
		0.4672991633415222,
		0.21162544190883636
	],
	"left_wrist": [
		0.6123049855232239,
		0.8345276713371277,
		0.29568931460380554,
		0.23701848089694977
	],
	"right_shoulder": [
		0.4048389494419098,
		0.4825218617916107,
		-0.30653709173202515,
		0.9989967942237854
	],
	"right_elbow": [
		0.4921261668205261,
		0.6861539483070374,
		-0.37683552503585815,
		0.9661765098571777
	],
	"right_wrist": [
		0.6061155200004578,
		0.819023847579956,
		-0.269104540348053,
		0.9041361808776855
	],
	"nose": [
		0.5345892310142517,
		0.35020211338996887,
		0.031564924865961075,
		0.9987096190452576
	],
	"left_eye": [
		0.5187103152275085,
		0.2990935444831848,
		0.0619320273399353,
		0.9982948303222656
	],
	"right_eye": [
		0.5141011476516724,
		0.3004576563835144,
		-0.012693588621914387,
		0.9985175132751465
	],
	"left_ear": [
		0.48013073205947876,
		0.30732232332229614,
		0.20172974467277527,
		0.9984416961669922
	],
	"right_ear": [
		0.47340965270996094,
		0.3086736798286438,
		-0.11889377981424332,
		0.9988588690757751
	]
}