{
	"left_hip": [
		0.45267850160598755,
		1.0181779861450195,
		0.19021610915660858,
		0.37303751707077026
	],
	"left_knee": [
		0.5558694005012512,
		0.9389923810958862,
		0.058005549013614655,
		0.09791968762874603
	],
	"left_ankle": [
		0.5340762138366699,
		1.233362078666687,
		0.1879180669784546,
		0.032583631575107574
	],
	"right_hip": [
		0.3963189423084259,
		1.0238304138183594,
		-0.18934404850006104,
		0.3193475008010864
	],
	"right_knee": [
		0.49269112944602966,
		1.0086185932159424,
		-0.31605005264282227,
		0.41132301092147827
	],
	"right_ankle": [
		0.48023757338523865,
		1.237499713897705,
		-0.1787717640399933,
		0.08909613639116287
	],
	"left_shoulder": [
		0.45282453298568726,
		0.5196232795715332,
		0.4119565486907959,
		0.9965565800666809
	],
	"left_elbow": [
		0.543316125869751,
		0.7300024032592773,
		0.45375412702560425,
		0.22915621101856232
	],
	"left_wrist": [
		0.6224781274795532,
		0.793190598487854,
		0.22629904747009277,
		0.2715015709400177
	],
	"right_shoulder": [
		0.39898794889450073,
		0.4730701744556427,
		-0.2746577858924866,
		0.9990934729576111
	],
	"right_elbow": [
		0.47574520111083984,
		0.6374309062957764,
		-0.419301837682724,
		0.9702776074409485
	],
	"right_wrist": [
		0.6070201992988586,
		0.7405678629875183,
		-0.3655329644680023,
		0.9144154191017151
	],
	"nose": [
		0.5347824096679688,
		0.3447147011756897,
		0.04576369747519493,
		0.9987922310829163
	],
	"left_eye": [
		0.5188628435134888,
		0.2957770526409149,
		0.08241346478462219,
		0.998384952545166
	],
	"right_eye": [
		0.5139414072036743,
		0.2978520393371582,
		0.014199616387486458,
		0.9986085891723633
	],
	"left_ear": [
		0.48019400238990784,
		0.3069842755794525,
		0.23995468020439148,
		0.9985834956169128
	],
	"right_ear": [
		0.47318392992019653,
		0.3084750771522522,
		-0.07133027166128159,
		0.9989691972732544
	]
}