{
	"left_hip": [
		0.45399436354637146,
		1.0195119380950928,
		0.19044457376003265,
		0.36145472526550293
	],
	"left_knee": [
		0.5539251565933228,
		0.8986612558364868,
		0.07555334270000458,
		0.09607382118701935
	],
	"left_ankle": [
		0.545053243637085,
		1.2183126211166382,
		0.20469245314598083,
		0.032179128378629684
	],
	"right_hip": [
		0.3957284986972809,
		1.0252106189727783,
		-0.18959683179855347,
		0.30836811661720276
	],
	"right_knee": [
		0.4822566509246826,
		0.953723669052124,
		-0.3210821747779846,
		0.4129422605037689
	],
	"right_ankle": [
		0.4805709421634674,
		1.2197576761245728,
		-0.16564735770225525,
		0.08706270903348923
	],
	"left_shoulder": [
		0.45670565962791443,
		0.5240691304206848,
		0.41131162643432617,
		0.9966328740119934
	],
	"left_elbow": [
		0.568311870098114,
		0.7256217002868652,
		0.4479371905326843,
		0.24433046579360962
	],
	"left_wrist": [
		0.6681402921676636,
		0.7997438311576843,
		0.21747168898582458,
		0.29384738206863403
	],
	"right_shoulder": [
		0.39640486240386963,
		0.4707660377025604,
		-0.2808367609977722,
		0.9990426301956177
	],
	"right_elbow": [
		0.4764026701450348,
		0.6124585270881653,
		-0.47978702187538147,
		0.9712544083595276
	],
	"right_wrist": [
		0.6094864010810852,
		0.7110027074813843,
		-0.435175359249115,
		0.9173942804336548
	],
	"nose": [
		0.5344859957695007,
		0.34446248412132263,
		0.021302152425050735,
		0.9988510012626648
	],
	"left_eye": [
		0.5187704563140869,
		0.29572561383247375,
		0.06185092777013779,
		0.9984637498855591
	],
	"right_eye": [
		0.5134344696998596,
		0.2978379428386688,
		-0.00704872515052557,
		0.9986612796783447
	],
	"left_ear": [
		0.4800852835178375,
		0.30725133419036865,
		0.2377726137638092,
		0.998655378818512
	],
	"right_ear": [
		0.47185587882995605,
		0.30868053436279297,
		-0.07664011418819427,
		0.9990105032920837
	]
}