{
	"left_hip": [
		0.45787128806114197,
		1.0196013450622559,
		0.1889609694480896,
		0.36459022760391235
	],
	"left_knee": [
		0.5715300440788269,
		0.8714161515235901,
		0.03354614973068237,
		0.10505342483520508
	],
	"left_ankle": [
		0.6000195145606995,
		1.163679599761963,
		0.14396390318870544,
		0.036221761256456375
	],
	"right_hip": [
		0.3957074284553528,
		1.0255671739578247,
		-0.18823197484016418,
		0.3096565008163452
	],
	"right_knee": [
		0.4597538113594055,
		0.9514580965042114,
		-0.35916802287101746,
		0.42539656162261963
	],
	"right_ankle": [
		0.4822390675544739,
		1.1944457292556763,
		-0.2175876796245575,
		0.09179317206144333
	],
	"left_shoulder": [
		0.4580521583557129,
		0.5301664471626282,
		0.4252273440361023,
		0.9967615604400635
	],
	"left_elbow": [
		0.5901449918746948,
		0.7147298455238342,
		0.4723479747772217,
		0.2658272087574005
	],
	"left_wrist": [
		0.7007938623428345,
		0.8025293946266174,
		0.2567662298679352,
		0.3157496452331543
	],
	"right_shoulder": [
		0.39416956901550293,
		0.4683885872364044,
		-0.28161942958831787,
		0.9989880919456482
	],
	"right_elbow": [
		0.48620399832725525,
		0.5962495803833008,
		-0.4960970878601074,
		0.9706473350524902
	],
	"right_wrist": [
		0.6108831763267517,
		0.6798363327980042,
		-0.48090896010398865,
		0.919502317905426
	],
	"nose": [
		0.5343343019485474,
		0.34423208236694336,
		0.02269231155514717,
		0.998930811882019
	],
	"left_eye": [
		0.5187419652938843,
		0.2953735589981079,
		0.06626810133457184,
		0.9985739588737488
	],
	"right_eye": [
		0.5134246349334717,
		0.2975590229034424,
		-0.00490476842969656,
		0.9987452626228333
	],
	"left_ear": [
		0.47930899262428284,
		0.3072495758533478,
		0.25103357434272766,
		0.9987505078315735
	],
	"right_ear": [
		0.4714173376560211,
		0.3086262047290802,
		-0.07496663928031921,
		0.9990695118904114
	]
}