{
	"left_hip": [
		0.46732765436172485,
		1.0116219520568848,
		0.1275816708803177,
		0.4903784990310669
	],
	"left_knee": [
		0.4671706259250641,
		1.392118215560913,
		0.10663722455501556,
		0.09061288833618164
	],
	"left_ankle": [
		0.45935362577438354,
		1.7395302057266235,
		0.32325127720832825,
		0.039338111877441406
	],
	"right_hip": [
		0.38495099544525146,
		1.0250903367996216,
		-0.12678033113479614,
		0.4337048828601837
	],
	"right_knee": [
		0.36935701966285706,
		1.3954212665557861,
		-0.12752853333950043,
		0.4144260585308075
	],
	"right_ankle": [
		0.35477519035339355,
		1.773780345916748,
		-0.020593836903572083,
		0.11087585985660553
	],
	"left_shoulder": [
		0.4870152473449707,
		0.4987899363040924,
		0.07322852313518524,
		0.9978960752487183
	],
	"left_elbow": [
		0.6503583192825317,
		0.4279080033302307,
		0.00011459670349722728,
		0.6879547238349915
	],
	"left_wrist": [
		0.812216579914093,
		0.35223838686943054,
		-0.21258139610290527,
		0.704867422580719
	],
	"right_shoulder": [
		0.36097410321235657,
		0.46874353289604187,
		-0.4123690724372864,
		0.9927371740341187
	],
	"right_elbow": [
		0.42494139075279236,
		0.4032529890537262,
		-0.7630722522735596,
		0.953887403011322
	],
	"right_wrist": [
		0.567244827747345,
		0.28261861205101013,
		-0.862548828125,
		0.8683027625083923
	],
	"nose": [
		0.5024990439414978,
		0.32587894797325134,
		-0.31099680066108704,
		0.9991331100463867
	],
	"left_eye": [
		0.49908003211021423,
		0.2835693061351776,
		-0.2685841917991638,
		0.9988871812820435
	],
	"right_eye": [
		0.48854655027389526,
		0.2869955897331238,
		-0.3202246129512787,
		0.9988179206848145
	],
	"left_ear": [
		0.4685696065425873,
		0.2949541211128235,
		-0.06025534123182297,
		0.9992563128471375
	],
	"right_ear": [
		0.45284146070480347,
		0.3029896914958954,
		-0.290006160736084,
		0.9991634488105774
	]
}