{
	"left_hip": [
		0.4721246659755707,
		1.1004105806350708,
		0.09682367742061615,
		0.7541268467903137
	],
	"left_knee": [
		0.4848201274871826,
		1.5160781145095825,
		0.12546584010124207,
		0.0881844013929367
	],
	"left_ankle": [
		0.4846036434173584,
		1.9025804996490479,
		0.3935655355453491,
		0.012257637456059456
	],
	"right_hip": [
		0.36066898703575134,
		1.1144068241119385,
		-0.09595899283885956,
		0.6639496684074402
	],
	"right_knee": [
		0.3563297390937805,
		1.5231660604476929,
		-0.07259003818035126,
		0.20014508068561554
	],
	"right_ankle": [
		0.35972946882247925,
		1.921134352684021,
		0.10898445546627045,
		0.04561234265565872
	],
	"left_shoulder": [
		0.4852331280708313,
		0.5274264216423035,
		0.1676933914422989,
		0.999277651309967
	],
	"left_elbow": [
		0.6510320901870728,
		0.4589872360229492,
		0.10195659101009369,
		0.9590018391609192
	],
	"left_wrist": [
		0.8105891942977905,
		0.411698579788208,
		-0.060238320380449295,
		0.9661555886268616
	],
	"right_shoulder": [
		0.3210099935531616,
		0.49171945452690125,
		-0.3346961736679077,
		0.996212899684906
	],
	"right_elbow": [
		0.3668432831764221,
		0.29826006293296814,
		-0.7866038680076599,
		0.989530622959137
	],
	"right_wrist": [
		0.5082722306251526,
		0.340509295463562,
		-0.9895709156990051,
		0.9761636853218079
	],
	"nose": [
		0.46960020065307617,
		0.31818118691444397,
		-0.22337493300437927,
		0.9997564554214478
	],
	"left_eye": [
		0.4637823700904846,
		0.26969781517982483,
		-0.1756540983915329,
		0.9997021555900574
	],
	"right_eye": [
		0.448758989572525,
		0.26833808422088623,
		-0.22516334056854248,
		0.9997216463088989
	],
	"left_ear": [
		0.4412919580936432,
		0.2903081476688385,
		0.0434713214635849,
		0.9998270273208618
	],
	"right_ear": [
		0.407910019159317,
		0.2838050425052643,
		-0.17671027779579163,
		0.9998002648353577
	]
}