{
	"left_hip": [
		0.46125349402427673,
		1.0541837215423584,
		0.15901678800582886,
		0.6756749153137207
	],
	"left_knee": [
		0.48409801721572876,
		1.3716011047363281,
		0.12016459554433823,
		0.07740683108568192
	],
	"left_ankle": [
		0.5452793836593628,
		1.7408015727996826,
		0.3245869278907776,
		0.017601916566491127
	],
	"right_hip": [
		0.3716628849506378,
		1.0728776454925537,
		-0.15809273719787598,
		0.6330386400222778
	],
	"right_knee": [
		0.3826555907726288,
		1.347006916999817,
		-0.22989925742149353,
		0.22924405336380005
	],
	"right_ankle": [
		0.3977579176425934,
		1.791873574256897,
		-0.0414859876036644,
		0.0509691946208477
	],
	"left_shoulder": [
		0.4617277979850769,
		0.5216877460479736,
		0.24916496872901917,
		0.999270498752594
	],
	"left_elbow": [
		0.6231504082679749,
		0.5204901099205017,
		0.20981474220752716,
		0.9568731188774109
	],
	"left_wrist": [
		0.7941797971725464,
		0.4880456328392029,
		-0.025201428681612015,
		0.9707089066505432
	],
	"right_shoulder": [
		0.3292485475540161,
		0.4580593407154083,
		-0.32460254430770874,
		0.997439980506897
	],
	"right_elbow": [
		0.34261876344680786,
		0.4041908383369446,
		-0.7530205845832825,
		0.9905538558959961
	],
	"right_wrist": [
		0.4862728714942932,
		0.4330870509147644,
		-0.9142991900444031,
		0.9799426794052124
	],
	"nose": [
		0.4739953875541687,
		0.31071236729621887,
		-0.1707991510629654,
		0.9998548626899719
	],
	"left_eye": [
		0.46105629205703735,
		0.26621896028518677,
		-0.12204482406377792,
		0.9998259544372559
	],
	"right_eye": [
		0.4511393904685974,
		0.2669951319694519,
		-0.18066325783729553,
		0.9998462200164795
	],
	"left_ear": [
		0.4338027834892273,
		0.28001904487609863,
		0.10417811572551727,
		0.999900221824646
	],
	"right_ear": [
		0.41497620940208435,
		0.28265780210494995,
		-0.16022635996341705,
		0.9998910427093506
	]
}