{
	"left_hip": [
		0.47903966903686523,
		1.1001906394958496,
		0.11672337353229523,
		0.6803789734840393
	],
	"left_knee": [
		0.4897878170013428,
		1.5480149984359741,
		0.0977744609117508,
		0.056289274245500565
	],
	"left_ankle": [
		0.48975831270217896,
		1.961137294769287,
		0.3279661238193512,
		0.009362633340060711
	],
	"right_hip": [
		0.3697417974472046,
		1.1086764335632324,
		-0.11575935781002045,
		0.6031559109687805
	],
	"right_knee": [
		0.3641849160194397,
		1.5557032823562622,
		-0.13665245473384857,
		0.15337078273296356
	],
	"right_ankle": [
		0.3660818934440613,
		1.993161678314209,
		-0.015045893378555775,
		0.029860805720090866
	],
	"left_shoulder": [
		0.4886413514614105,
		0.53244948387146,
		0.22080835700035095,
		0.9995343685150146
	],
	"left_elbow": [
		0.6601158976554871,
		0.5296537280082703,
		0.215111643075943,
		0.9749332666397095
	],
	"left_wrist": [
		0.8184460401535034,
		0.4874986708164215,
		0.0131166847422719,
		0.9849905371665955
	],
	"right_shoulder": [
		0.3287895619869232,
		0.46560558676719666,
		-0.32406389713287354,
		0.9982112050056458
	],
	"right_elbow": [
		0.292624831199646,
		0.45905813574790955,
		-0.7333841323852539,
		0.9900489449501038
	],
	"right_wrist": [
		0.4611848294734955,
		0.4711264669895172,
		-0.9403644800186157,
		0.985069215297699
	],
	"nose": [
		0.4852004945278168,
		0.30410513281822205,
		-0.1596517264842987,
		0.9999179840087891
	],
	"left_eye": [
		0.47000962495803833,
		0.2609652876853943,
		-0.11000891029834747,
		0.9999050498008728
	],
	"right_eye": [
		0.4586312174797058,
		0.2639409303665161,
		-0.17102867364883423,
		0.9999169111251831
	],
	"left_ear": [
		0.4359568655490875,
		0.2790199816226959,
		0.10560158640146255,
		0.9999457001686096
	],
	"right_ear": [
		0.41824302077293396,
		0.29013049602508545,
		-0.16877540946006775,
		0.9999402761459351
	]
}