{
	"left_hip": [
		0.48260894417762756,
		1.1060677766799927,
		0.11508648097515106,
		0.7007766366004944
	],
	"left_knee": [
		0.4952993392944336,
		1.5509132146835327,
		0.11371994018554688,
		0.043475642800331116
	],
	"left_ankle": [
		0.4963725209236145,
		1.958643913269043,
		0.3566007614135742,
		0.006943273823708296
	],
	"right_hip": [
		0.37173715233802795,
		1.1245197057724,
		-0.11398837715387344,
		0.6195695996284485
	],
	"right_knee": [
		0.3670990765094757,
		1.566257119178772,
		-0.10573230683803558,
		0.12608689069747925
	],
	"right_ankle": [
		0.3728955388069153,
		2.0022506713867188,
		0.0246274471282959,
		0.023124897852540016
	],
	"left_shoulder": [
		0.49290767312049866,
		0.5287880897521973,
		0.19260834157466888,
		0.9996427297592163
	],
	"left_elbow": [
		0.6576108336448669,
		0.5176628232002258,
		0.18922953307628632,
		0.9812043309211731
	],
	"left_wrist": [
		0.8106395602226257,
		0.47835639119148254,
		-0.0013810517266392708,
		0.9889706969261169
	],
	"right_shoulder": [
		0.33397018909454346,
		0.47451940178871155,
		-0.31031128764152527,
		0.9986287355422974
	],
	"right_elbow": [
		0.271500825881958,
		0.4581886827945709,
		-0.7289267778396606,
		0.9919790029525757
	],
	"right_wrist": [
		0.43826746940612793,
		0.46782147884368896,
		-0.9462329149246216,
		0.9880719184875488
	],
	"nose": [
		0.48636549711227417,
		0.30749186873435974,
		-0.19352111220359802,
		0.9999392032623291
	],
	"left_eye": [
		0.47111886739730835,
		0.26411861181259155,
		-0.1447141021490097,
		0.9999295473098755
	],
	"right_eye": [
		0.45988282561302185,
		0.26838794350624084,
		-0.19629815220832825,
		0.9999385476112366
	],
	"left_ear": [
		0.4375494122505188,
		0.2841312289237976,
		0.07175030559301376,
		0.9999598860740662
	],
	"right_ear": [
		0.4193708896636963,
		0.2983575463294983,
		-0.166287362575531,
		0.999955952167511
	]
}