{
	"left_hip": [
		0.4942982792854309,
		1.1605861186981201,
		0.12262614071369171,
		0.7573346495628357
	],
	"left_knee": [
		0.5069900155067444,
		1.6159132719039917,
		0.1387026011943817,
		0.029367778450250626
	],
	"left_ankle": [
		0.5086043477058411,
		2.031764268875122,
		0.40046435594558716,
		0.0034112371504306793
	],
	"right_hip": [
		0.3791806399822235,
		1.1809638738632202,
		-0.12183414399623871,
		0.6912026405334473
	],
	"right_knee": [
		0.3733617663383484,
		1.6275352239608765,
		-0.10335056483745575,
		0.1238323524594307
	],
	"right_ankle": [
		0.3776997923851013,
		2.075234889984131,
		0.050862330943346024,
		0.020323297008872032
	],
	"left_shoulder": [
		0.5039070844650269,
		0.5331818461418152,
		0.2126334011554718,
		0.9998067021369934
	],
	"left_elbow": [
		0.670683741569519,
		0.5179361701011658,
		0.19250023365020752,
		0.9920334815979004
	],
	"left_wrist": [
		0.8141466975212097,
		0.46576184034347534,
		0.0030259964987635612,
		0.9958165884017944
	],
	"right_shoulder": [
		0.3374953866004944,
		0.505265474319458,
		-0.3187510371208191,
		0.9993492364883423
	],
	"right_elbow": [
		0.2593492567539215,
		0.382492333650589,
		-0.8027306795120239,
		0.9961611032485962
	],
	"right_wrist": [
		0.4277949929237366,
		0.4306540787220001,
		-1.0246789455413818,
		0.9931520223617554
	],
	"nose": [
		0.48491254448890686,
		0.31404003500938416,
		-0.23295645415782928,
		0.9999745488166809
	],
	"left_eye": [
		0.4696838855743408,
		0.26865875720977783,
		-0.1814938485622406,
		0.9999697208404541
	],
	"right_eye": [
		0.45594334602355957,
		0.27378055453300476,
		-0.2316778600215912,
		0.9999750256538391
	],
	"left_ear": [
		0.4397011697292328,
		0.2913752496242523,
		0.0581841841340065,
		0.9999834895133972
	],
	"right_ear": [
		0.41757115721702576,
		0.30399757623672485,
		-0.17175228893756866,
		0.9999828338623047
	]
}