{
	"left_hip": [
		0.4942185878753662,
		1.1647740602493286,
		0.1222606897354126,
		0.7703993320465088
	],
	"left_knee": [
		0.5067994594573975,
		1.6165118217468262,
		0.1413281112909317,
		0.02818230539560318
	],
	"left_ankle": [
		0.5090606212615967,
		2.0361270904541016,
		0.41379839181900024,
		0.003081300063058734
	],
	"right_hip": [
		0.3780847191810608,
		1.1835283041000366,
		-0.12147800624370575,
		0.7164406776428223
	],
	"right_knee": [
		0.3732544481754303,
		1.6271586418151855,
		-0.09552516043186188,
		0.1310185045003891
	],
	"right_ankle": [
		0.3769182860851288,
		2.080579996109009,
		0.05881178379058838,
		0.022984644398093224
	],
	"left_shoulder": [
		0.505608081817627,
		0.5345654487609863,
		0.21625471115112305,
		0.9998161196708679
	],
	"left_elbow": [
		0.6727081537246704,
		0.5160863399505615,
		0.21679683029651642,
		0.9934427738189697
	],
	"left_wrist": [
		0.8142474293708801,
		0.4770146608352661,
		0.0346619114279747,
		0.9967149496078491
	],
	"right_shoulder": [
		0.33386102318763733,
		0.5036575794219971,
		-0.324199378490448,
		0.9994655847549438
	],
	"right_elbow": [
		0.2534872889518738,
		0.37431854009628296,
		-0.8139777183532715,
		0.9969142079353333
	],
	"right_wrist": [
		0.42720016837120056,
		0.42003974318504333,
		-1.0455482006072998,
		0.9939262270927429
	],
	"nose": [
		0.4829418659210205,
		0.31527358293533325,
		-0.2461496889591217,
		0.9999785423278809
	],
	"left_eye": [
		0.4672911763191223,
		0.2691585123538971,
		-0.19471904635429382,
		0.9999733567237854
	],
	"right_eye": [
		0.45183640718460083,
		0.27415668964385986,
		-0.2459827959537506,
		0.9999792575836182
	],
	"left_ear": [
		0.4390936493873596,
		0.29139864444732666,
		0.04355614632368088,
		0.9999858736991882
	],
	"right_ear": [
		0.4129900336265564,
		0.3030775785446167,
		-0.1763448417186737,
		0.9999862909317017
	]
}