{
	"left_hip": [
		0.4993652403354645,
		1.176870346069336,
		0.1171070784330368,
		0.8004358410835266
	],
	"left_knee": [
		0.5116256475448608,
		1.6423606872558594,
		0.11983424425125122,
		0.022817080840468407
	],
	"left_ankle": [
		0.5159870982170105,
		2.0724217891693115,
		0.3725142478942871,
		0.0021308157593011856
	],
	"right_hip": [
		0.378307580947876,
		1.1981303691864014,
		-0.11617239564657211,
		0.773806095123291
	],
	"right_knee": [
		0.37632834911346436,
		1.6548004150390625,
		-0.12125257402658463,
		0.12136966735124588
	],
	"right_ankle": [
		0.3795708119869232,
		2.1194088459014893,
		0.0049337176606059074,
		0.021827366203069687
	],
	"left_shoulder": [
		0.5101739168167114,
		0.5329750180244446,
		0.219539076089859,
		0.9998263120651245
	],
	"left_elbow": [
		0.6784084439277649,
		0.5114947557449341,
		0.18073654174804688,
		0.9959198236465454
	],
	"left_wrist": [
		0.8102670907974243,
		0.4565986394882202,
		-0.06480377167463303,
		0.9983050227165222
	],
	"right_shoulder": [
		0.33522865176200867,
		0.5066043734550476,
		-0.307858407497406,
		0.9997076988220215
	],
	"right_elbow": [
		0.2532923221588135,
		0.3706384003162384,
		-0.8141942024230957,
		0.9983974695205688
	],
	"right_wrist": [
		0.4295624792575836,
		0.4154980778694153,
		-1.0649402141571045,
		0.9949749112129211
	],
	"nose": [
		0.4845588207244873,
		0.32068055868148804,
		-0.24790112674236298,
		0.9999873042106628
	],
	"left_eye": [
		0.46975651383399963,
		0.27336519956588745,
		-0.1949259340763092,
		0.9999818205833435
	],
	"right_eye": [
		0.45189183950424194,
		0.27891960740089417,
		-0.24385686218738556,
		0.9999884366989136
	],
	"left_ear": [
		0.44171470403671265,
		0.29320916533470154,
		0.05735902115702629,
		0.9999909996986389
	],
	"right_ear": [
		0.41310691833496094,
		0.30405232310295105,
		-0.15711434185504913,
		0.9999934434890747
	]
}