{
	"left_hip": [
		0.49393969774246216,
		1.1696836948394775,
		0.10947485268115997,
		0.8637261390686035
	],
	"left_knee": [
		0.5033221244812012,
		1.6417323350906372,
		0.10699155181646347,
		0.026840999722480774
	],
	"left_ankle": [
		0.502892255783081,
		2.080169916152954,
		0.35681307315826416,
		0.002026066416874528
	],
	"right_hip": [
		0.3701801896095276,
		1.1900578737258911,
		-0.10862436145544052,
		0.8407204151153564
	],
	"right_knee": [
		0.36585313081741333,
		1.656262993812561,
		-0.1134507805109024,
		0.11770328879356384
	],
	"right_ankle": [
		0.3683796226978302,
		2.122447967529297,
		0.017288565635681152,
		0.018987324088811874
	],
	"left_shoulder": [
		0.5099027752876282,
		0.5253449082374573,
		0.22397461533546448,
		0.9998867511749268
	],
	"left_elbow": [
		0.6736687421798706,
		0.5115479230880737,
		0.22239641845226288,
		0.9973582625389099
	],
	"left_wrist": [
		0.8066399693489075,
		0.4676177501678467,
		0.03817334771156311,
		0.9989503622055054
	],
	"right_shoulder": [
		0.3271159529685974,
		0.5042212009429932,
		-0.2856898307800293,
		0.9998252391815186
	],
	"right_elbow": [
		0.24453823268413544,
		0.37845370173454285,
		-0.759387731552124,
		0.9990274310112
	],
	"right_wrist": [
		0.4255788326263428,
		0.4122171401977539,
		-0.9917944669723511,
		0.9963682293891907
	],
	"nose": [
		0.48780879378318787,
		0.32152441143989563,
		-0.229527086019516,
		0.9999909996986389
	],
	"left_eye": [
		0.47069478034973145,
		0.27346986532211304,
		-0.17861786484718323,
		0.9999868869781494
	],
	"right_eye": [
		0.4557299017906189,
		0.2790088653564453,
		-0.2278783619403839,
		0.999992311000824
	],
	"left_ear": [
		0.44024357199668884,
		0.2945227324962616,
		0.06428255140781403,
		0.9999940395355225
	],
	"right_ear": [
		0.414325088262558,
		0.3046256899833679,
		-0.15187902748584747,
		0.9999961256980896
	]
}