{
	"left_hip": [
		0.49704593420028687,
		1.172335147857666,
		0.10701639950275421,
		0.8602083921432495
	],
	"left_knee": [
		0.5033515691757202,
		1.6449440717697144,
		0.10318614542484283,
		0.019154882058501244
	],
	"left_ankle": [
		0.502083957195282,
		2.0838747024536133,
		0.34933966398239136,
		0.0014284055214375257
	],
	"right_hip": [
		0.3724159300327301,
		1.1941155195236206,
		-0.10599899291992188,
		0.8447141647338867
	],
	"right_knee": [
		0.3667277693748474,
		1.6619486808776855,
		-0.10789170116186142,
		0.09698431193828583
	],
	"right_ankle": [
		0.36705654859542847,
		2.1285765171051025,
		0.01804197207093239,
		0.01308139692991972
	],
	"left_shoulder": [
		0.508678138256073,
		0.524685800075531,
		0.19763223826885223,
		0.9999143481254578
	],
	"left_elbow": [
		0.6763466596603394,
		0.5200852751731873,
		0.17346158623695374,
		0.9977326989173889
	],
	"left_wrist": [
		0.8057085871696472,
		0.48419642448425293,
		-0.0014731701230630279,
		0.9992586374282837
	],
	"right_shoulder": [
		0.3294612765312195,
		0.5119041204452515,
		-0.2749667465686798,
		0.9998987913131714
	],
	"right_elbow": [
		0.23733112215995789,
		0.38998958468437195,
		-0.755202054977417,
		0.9993035793304443
	],
	"right_wrist": [
		0.4245666563510895,
		0.4243798851966858,
		-1.0004804134368896,
		0.996978759765625
	],
	"nose": [
		0.4821552634239197,
		0.32421404123306274,
		-0.2714093327522278,
		0.9999954700469971
	],
	"left_eye": [
		0.4647866189479828,
		0.2766830027103424,
		-0.22130465507507324,
		0.9999931454658508
	],
	"right_eye": [
		0.44736820459365845,
		0.28237318992614746,
		-0.25929829478263855,
		0.9999962449073792
	],
	"left_ear": [
		0.43875831365585327,
		0.2963428795337677,
		0.028945308178663254,
		0.9999969601631165
	],
	"right_ear": [
		0.4090913236141205,
		0.30735695362091064,
		-0.14288927614688873,
		0.9999982714653015
	]
}