{
	"left_hip": [
		0.4974484443664551,
		1.1722512245178223,
		0.10402300208806992,
		0.8500385284423828
	],
	"left_knee": [
		0.5033635497093201,
		1.6450250148773193,
		0.09778991341590881,
		0.017593303695321083
	],
	"left_ankle": [
		0.502051055431366,
		2.085188627243042,
		0.34236881136894226,
		0.0012971059186384082
	],
	"right_hip": [
		0.3714541494846344,
		1.193935513496399,
		-0.10294485092163086,
		0.8366533517837524
	],
	"right_knee": [
		0.3663350045681,
		1.662024974822998,
		-0.10891509056091309,
		0.08981069922447205
	],
	"right_ankle": [
		0.3667581379413605,
		2.128845453262329,
		0.014536133036017418,
		0.01131478138267994
	],
	"left_shoulder": [
		0.5091207027435303,
		0.5243450403213501,
		0.1922086924314499,
		0.9999138712882996
	],
	"left_elbow": [
		0.6768618822097778,
		0.5201629996299744,
		0.17052309215068817,
		0.9976412653923035
	],
	"left_wrist": [
		0.8053034543991089,
		0.48671284317970276,
		-0.005589544307440519,
		0.9992157816886902
	],
	"right_shoulder": [
		0.3282601237297058,
		0.5120009779930115,
		-0.2706223130226135,
		0.9999057054519653
	],
	"right_elbow": [
		0.2372642457485199,
		0.39225536584854126,
		-0.7552922368049622,
		0.9993295073509216
	],
	"right_wrist": [
		0.4236072599887848,
		0.4247438609600067,
		-1.0056395530700684,
		0.9968991875648499
	],
	"nose": [
		0.4809543192386627,
		0.32445016503334045,
		-0.2758457362651825,
		0.999995768070221
	],
	"left_eye": [
		0.4637536108493805,
		0.2769690155982971,
		-0.22619859874248505,
		0.9999934434890747
	],
	"right_eye": [
		0.4463950991630554,
		0.2827197015285492,
		-0.26444917917251587,
		0.9999964833259583
	],
	"left_ear": [
		0.43853455781936646,
		0.29667583107948303,
		0.024340052157640457,
		0.9999970197677612
	],
	"right_ear": [
		0.40845808386802673,
		0.30755871534347534,
		-0.14278079569339752,
		0.9999983906745911
	]
}