{
	"left_hip": [
		0.49723687767982483,
		1.1716117858886719,
		0.10366392135620117,
		0.8335903286933899
	],
	"left_knee": [
		0.5029003620147705,
		1.645653247833252,
		0.09316545724868774,
		0.01672770455479622
	],
	"left_ankle": [
		0.5023264288902283,
		2.0853047370910645,
		0.33835723996162415,
		0.0012319358065724373
	],
	"right_hip": [
		0.3700715899467468,
		1.1931425333023071,
		-0.10257665812969208,
		0.8203318119049072
	],
	"right_knee": [
		0.36518341302871704,
		1.6614266633987427,
		-0.11260883510112762,
		0.0849781483411789
	],
	"right_ankle": [
		0.36646443605422974,
		2.12814998626709,
		0.010607196018099785,
		0.01021421980112791
	],
	"left_shoulder": [
		0.5088625550270081,
		0.5246062278747559,
		0.19488385319709778,
		0.9999140501022339
	],
	"left_elbow": [
		0.6770144701004028,
		0.5202033519744873,
		0.15670576691627502,
		0.9975433945655823
	],
	"left_wrist": [
		0.8051743507385254,
		0.48837417364120483,
		-0.044444892555475235,
		0.9991758465766907
	],
	"right_shoulder": [
		0.3259272873401642,
		0.5119336843490601,
		-0.26601138710975647,
		0.9999098777770996
	],
	"right_elbow": [
		0.23727372288703918,
		0.3935369551181793,
		-0.7528735399246216,
		0.9993433356285095
	],
	"right_wrist": [
		0.42193928360939026,
		0.42510753870010376,
		-1.0018303394317627,
		0.9969412088394165
	],
	"nose": [
		0.4801574647426605,
		0.32521969079971313,
		-0.27379006147384644,
		0.9999960064888
	],
	"left_eye": [
		0.46307459473609924,
		0.2779028117656708,
		-0.22423753142356873,
		0.9999937415122986
	],
	"right_eye": [
		0.4461427628993988,
		0.2833110988140106,
		-0.2615324556827545,
		0.9999966025352478
	],
	"left_ear": [
		0.4378597140312195,
		0.29745417833328247,
		0.030101295560598373,
		0.9999971389770508
	],
	"right_ear": [
		0.4080938398838043,
		0.3077370226383209,
		-0.13653349876403809,
		0.9999983906745911
	]
}