{
	"left_hip": [
		0.5029600262641907,
		1.1665229797363281,
		0.09190511703491211,
		0.8488889336585999
	],
	"left_knee": [
		0.5039495229721069,
		1.6334846019744873,
		0.09735353291034698,
		0.019009863957762718
	],
	"left_ankle": [
		0.4995397925376892,
		2.0755274295806885,
		0.347746342420578,
		0.0013738025445491076
	],
	"right_hip": [
		0.3706350028514862,
		1.1931746006011963,
		-0.09086078405380249,
		0.8481714725494385
	],
	"right_knee": [
		0.36681458353996277,
		1.6580359935760498,
		-0.09525258839130402,
		0.07996954023838043
	],
	"right_ankle": [
		0.3656192421913147,
		2.1199519634246826,
		0.03632523864507675,
		0.008439875207841396
	],
	"left_shoulder": [
		0.5078997015953064,
		0.5226459503173828,
		0.18467408418655396,
		0.9999179244041443
	],
	"left_elbow": [
		0.6696089506149292,
		0.5209155678749084,
		0.20234517753124237,
		0.9970569610595703
	],
	"left_wrist": [
		0.8012689352035522,
		0.4939793050289154,
		0.0808735117316246,
		0.998628556728363
	],
	"right_shoulder": [
		0.32422012090682983,
		0.5129407644271851,
		-0.2654642164707184,
		0.9999428987503052
	],
	"right_elbow": [
		0.23259183764457703,
		0.39271974563598633,
		-0.7285907864570618,
		0.9994816184043884
	],
	"right_wrist": [
		0.4148651957511902,
		0.4245034456253052,
		-0.9434651136398315,
		0.9969501495361328
	],
	"nose": [
		0.475241482257843,
		0.32898563146591187,
		-0.29891711473464966,
		0.9999967217445374
	],
	"left_eye": [
		0.4602908492088318,
		0.28095120191574097,
		-0.25480324029922485,
		0.9999943375587463
	],
	"right_eye": [
		0.4412984251976013,
		0.2873753309249878,
		-0.28837090730667114,
		0.9999972581863403
	],
	"left_ear": [
		0.43719449639320374,
		0.29789242148399353,
		-0.006108609028160572,
		0.9999971985816956
	],
	"right_ear": [
		0.4046786427497864,
		0.3088611960411072,
		-0.1559319943189621,
		0.9999988675117493
	]
}