{
	"left_hip": [
		0.5029321908950806,
		1.1673508882522583,
		0.09558824449777603,
		0.8438276648521423
	],
	"left_knee": [
		0.5053161382675171,
		1.6351392269134521,
		0.10748974978923798,
		0.01846637949347496
	],
	"left_ankle": [
		0.5018881559371948,
		2.078275442123413,
		0.3707723021507263,
		0.0013884706422686577
	],
	"right_hip": [
		0.37072962522506714,
		1.1953319311141968,
		-0.09453468024730682,
		0.846149742603302
	],
	"right_knee": [
		0.36886316537857056,
		1.6605377197265625,
		-0.09619054198265076,
		0.07797945290803909
	],
	"right_ankle": [
		0.367033988237381,
		2.1227614879608154,
		0.04259438067674637,
		0.008443149738013744
	],
	"left_shoulder": [
		0.5057052373886108,
		0.5238530039787292,
		0.18517054617404938,
		0.9999160766601562
	],
	"left_elbow": [
		0.668515145778656,
		0.5212332606315613,
		0.1993546187877655,
		0.9969369769096375
	],
	"left_wrist": [
		0.8013653755187988,
		0.48518794775009155,
		0.06706461310386658,
		0.9986088275909424
	],
	"right_shoulder": [
		0.32402288913726807,
		0.5129436254501343,
		-0.280511736869812,
		0.9999477863311768
	],
	"right_elbow": [
		0.23045511543750763,
		0.39190709590911865,
		-0.7609424591064453,
		0.9995115995407104
	],
	"right_wrist": [
		0.41435113549232483,
		0.42279043793678284,
		-0.9745508432388306,
		0.9970754981040955
	],
	"nose": [
		0.47380608320236206,
		0.3298940658569336,
		-0.30948248505592346,
		0.9999967813491821
	],
	"left_eye": [
		0.4590488374233246,
		0.28189709782600403,
		-0.2632822096347809,
		0.9999942183494568
	],
	"right_eye": [
		0.43986082077026367,
		0.28869107365608215,
		-0.2986450791358948,
		0.9999973177909851
	],
	"left_ear": [
		0.43614286184310913,
		0.2979167699813843,
		-0.008668577298521996,
		0.9999971389770508
	],
	"right_ear": [
		0.4037404954433441,
		0.30906978249549866,
		-0.1658954918384552,
		0.9999989867210388
	]
}