{
	"left_hip": [
		0.5028480887413025,
		1.169297695159912,
		0.09773954004049301,
		0.8376785516738892
	],
	"left_knee": [
		0.5053976774215698,
		1.6413006782531738,
		0.10275448858737946,
		0.01761518232524395
	],
	"left_ankle": [
		0.5015448331832886,
		2.0902488231658936,
		0.3614101707935333,
		0.001326330821029842
	],
	"right_hip": [
		0.3707743287086487,
		1.1963801383972168,
		-0.0966695249080658,
		0.8408011794090271
	],
	"right_knee": [
		0.3689554035663605,
		1.664868950843811,
		-0.10339399427175522,
		0.07432278245687485
	],
	"right_ankle": [
		0.36666831374168396,
		2.1347591876983643,
		0.03157644718885422,
		0.007996623404324055
	],
	"left_shoulder": [
		0.504410982131958,
		0.5247015953063965,
		0.18543341755867004,
		0.9999184608459473
	],
	"left_elbow": [
		0.6682669520378113,
		0.5211764574050903,
		0.1844916045665741,
		0.9970476031303406
	],
	"left_wrist": [
		0.8017517328262329,
		0.47896361351013184,
		0.031233008950948715,
		0.9986841678619385
	],
	"right_shoulder": [
		0.32458794116973877,
		0.5133997201919556,
		-0.28068095445632935,
		0.9999513626098633
	],
	"right_elbow": [
		0.2298574000597,
		0.3906309902667999,
		-0.7625057697296143,
		0.9995307922363281
	],
	"right_wrist": [
		0.4140750765800476,
		0.42070460319519043,
		-0.9839064478874207,
		0.9971668720245361
	],
	"nose": [
		0.4735705852508545,
		0.33002522587776184,
		-0.30915945768356323,
		0.9999969601631165
	],
	"left_eye": [
		0.4587225019931793,
		0.28201332688331604,
		-0.26244768500328064,
		0.9999943375587463
	],
	"right_eye": [
		0.43936687707901,
		0.2889470160007477,
		-0.29788804054260254,
		0.9999973773956299
	],
	"left_ear": [
		0.43563443422317505,
		0.29790905117988586,
		-0.008134642615914345,
		0.9999971985816956
	],
	"right_ear": [
		0.4034421443939209,
		0.3091849088668823,
		-0.16579942405223846,
		0.9999990463256836
	]
}