{
	"left_hip": [
		0.5013718008995056,
		1.1704912185668945,
		0.10379286855459213,
		0.8480513095855713
	],
	"left_knee": [
		0.5064160823822021,
		1.6438504457473755,
		0.10496904700994492,
		0.018392236903309822
	],
	"left_ankle": [
		0.5039397478103638,
		2.0894312858581543,
		0.35552722215652466,
		0.0015093560796231031
	],
	"right_hip": [
		0.37208884954452515,
		1.197601318359375,
		-0.10285782814025879,
		0.8501586318016052
	],
	"right_knee": [
		0.3714725375175476,
		1.6673212051391602,
		-0.10175381600856781,
		0.08320705592632294
	],
	"right_ankle": [
		0.3688647150993347,
		2.139646530151367,
		0.029733708128333092,
		0.010645341128110886
	],
	"left_shoulder": [
		0.503388524055481,
		0.5259007811546326,
		0.19734352827072144,
		0.9999207258224487
	],
	"left_elbow": [
		0.6657199859619141,
		0.5223317742347717,
		0.18324613571166992,
		0.9975011944770813
	],
	"left_wrist": [
		0.8021119832992554,
		0.47681036591529846,
		0.020604411140084267,
		0.998954176902771
	],
	"right_shoulder": [
		0.326612651348114,
		0.5153531432151794,
		-0.2711568772792816,
		0.9999477863311768
	],
	"right_elbow": [
		0.22933706641197205,
		0.38861918449401855,
		-0.750598669052124,
		0.9995182156562805
	],
	"right_wrist": [
		0.4131639003753662,
		0.4183030426502228,
		-0.9748342633247375,
		0.9972079992294312
	],
	"nose": [
		0.4752143323421478,
		0.3285750150680542,
		-0.2822010815143585,
		0.999997079372406
	],
	"left_eye": [
		0.4593203067779541,
		0.28069597482681274,
		-0.23394346237182617,
		0.999994695186615
	],
	"right_eye": [
		0.44060787558555603,
		0.28734809160232544,
		-0.27168840169906616,
		0.9999974966049194
	],
	"left_ear": [
		0.4353691041469574,
		0.29776623845100403,
		0.016747554764151573,
		0.9999974966049194
	],
	"right_ear": [
		0.4037756025791168,
		0.3094174563884735,
		-0.1506839245557785,
		0.9999990463256836
	]
}