{
	"left_hip": [
		0.5012496113777161,
		1.170422077178955,
		0.10378841310739517,
		0.8491421341896057
	],
	"left_knee": [
		0.5064443349838257,
		1.6438953876495361,
		0.10378120094537735,
		0.01855682022869587
	],
	"left_ankle": [
		0.5041040182113647,
		2.0890090465545654,
		0.3521730601787567,
		0.0015378009993582964
	],
	"right_hip": [
		0.3721139132976532,
		1.1974693536758423,
		-0.10285530239343643,
		0.8511480093002319
	],
	"right_knee": [
		0.37148821353912354,
		1.6671257019042969,
		-0.10173831880092621,
		0.08447606861591339
	],
	"right_ankle": [
		0.36890894174575806,
		2.139571189880371,
		0.029162025079131126,
		0.011019393801689148
	],
	"left_shoulder": [
		0.5033801198005676,
		0.5260114073753357,
		0.19763949513435364,
		0.9999201893806458
	],
	"left_elbow": [
		0.6657134294509888,
		0.5224190950393677,
		0.17816811800003052,
		0.9975401759147644
	],
	"left_wrist": [
		0.8021524548530579,
		0.47682318091392517,
		0.009718403220176697,
		0.998971164226532
	],
	"right_shoulder": [
		0.3267040252685547,
		0.5152717232704163,
		-0.26716500520706177,
		0.9999464154243469
	],
	"right_elbow": [
		0.2293258011341095,
		0.3885190784931183,
		-0.7503377795219421,
		0.9995143413543701
	],
	"right_wrist": [
		0.41314539313316345,
		0.4182731509208679,
		-0.9800345301628113,
		0.9971938133239746
	],
	"nose": [
		0.4752894937992096,
		0.3283569812774658,
		-0.28008800745010376,
		0.9999970197677612
	],
	"left_eye": [
		0.45935916900634766,
		0.2805100679397583,
		-0.231766939163208,
		0.9999945759773254
	],
	"right_eye": [
		0.44071561098098755,
		0.287143349647522,
		-0.2691376805305481,
		0.9999974370002747
	],
	"left_ear": [
		0.43535009026527405,
		0.29772698879241943,
		0.01876278966665268,
		0.9999974370002747
	],
	"right_ear": [
		0.4038056433200836,
		0.30940571427345276,
		-0.14678922295570374,
		0.9999989867210388
	]
}