{
	"left_hip": [
		0.5011096000671387,
		1.1702039241790771,
		0.10372688621282578,
		0.8514583706855774
	],
	"left_knee": [
		0.5067582130432129,
		1.6438902616500854,
		0.0979086309671402,
		0.019203998148441315
	],
	"left_ankle": [
		0.5051952600479126,
		2.087273359298706,
		0.33988291025161743,
		0.0016267930623143911
	],
	"right_hip": [
		0.37238171696662903,
		1.1970957517623901,
		-0.10282284021377563,
		0.8538320660591125
	],
	"right_knee": [
		0.3716372847557068,
		1.666316032409668,
		-0.10193473100662231,
		0.08858000487089157
	],
	"right_ankle": [
		0.36926501989364624,
		2.1388978958129883,
		0.02469833381474018,
		0.01215481199324131
	],
	"left_shoulder": [
		0.5033669471740723,
		0.5263742804527283,
		0.19971945881843567,
		0.9999185800552368
	],
	"left_elbow": [
		0.6657537221908569,
		0.5226696133613586,
		0.16701717674732208,
		0.9976484775543213
	],
	"left_wrist": [
		0.8024236559867859,
		0.4767950773239136,
		-0.007182070519775152,
		0.9990125298500061
	],
	"right_shoulder": [
		0.3269975781440735,
		0.5148019790649414,
		-0.25705286860466003,
		0.9999430179595947
	],
	"right_elbow": [
		0.22915688157081604,
		0.38814133405685425,
		-0.7459088563919067,
		0.9995071887969971
	],
	"right_wrist": [
		0.4130745530128479,
		0.41813984513282776,
		-0.9867475628852844,
		0.9971569776535034
	],
	"nose": [
		0.47563785314559937,
		0.3279542922973633,
		-0.27571195363998413,
		0.9999968409538269
	],
	"left_eye": [
		0.45959481596946716,
		0.28017139434814453,
		-0.22706381976604462,
		0.9999943971633911
	],
	"right_eye": [
		0.44111722707748413,
		0.2867959141731262,
		-0.263620525598526,
		0.9999973177909851
	],
	"left_ear": [
		0.4353254437446594,
		0.2976302206516266,
		0.024012142792344093,
		0.9999973773956299
	],
	"right_ear": [
		0.4038982391357422,
		0.3093879222869873,
		-0.13709773123264313,
		0.9999988675117493
	]
}