{
	"left_hip": [
		0.5001339316368103,
		1.1720292568206787,
		0.10299088060855865,
		0.7787034511566162
	],
	"left_knee": [
		0.5047928690910339,
		1.654097318649292,
		0.09737971425056458,
		0.016221098601818085
	],
	"left_ankle": [
		0.5017040371894836,
		2.097524642944336,
		0.3474622666835785,
		0.001331064268015325
	],
	"right_hip": [
		0.3717409372329712,
		1.1942192316055298,
		-0.10191862285137177,
		0.7777060866355896
	],
	"right_knee": [
		0.37009507417678833,
		1.6681431531906128,
		-0.11319877207279205,
		0.07344937324523926
	],
	"right_ankle": [
		0.36571818590164185,
		2.1447672843933105,
		0.011026615276932716,
		0.009663345292210579
	],
	"left_shoulder": [
		0.5046665072441101,
		0.5280924439430237,
		0.18718762695789337,
		0.9999135732650757
	],
	"left_elbow": [
		0.6767447590827942,
		0.5171281695365906,
		0.12826533615589142,
		0.9976392388343811
	],
	"left_wrist": [
		0.8047721982002258,
		0.47026607394218445,
		-0.07730269432067871,
		0.9989304542541504
	],
	"right_shoulder": [
		0.3285052180290222,
		0.5138405561447144,
		-0.25778594613075256,
		0.9999340772628784
	],
	"right_elbow": [
		0.23058807849884033,
		0.3841894865036011,
		-0.7443897128105164,
		0.9993758201599121
	],
	"right_wrist": [
		0.4142549932003021,
		0.41746747493743896,
		-0.9760524034500122,
		0.9965158700942993
	],
	"nose": [
		0.4760662913322449,
		0.3278498351573944,
		-0.28508538007736206,
		0.9999966025352478
	],
	"left_eye": [
		0.46048688888549805,
		0.2806273102760315,
		-0.23661145567893982,
		0.9999942183494568
	],
	"right_eye": [
		0.44189637899398804,
		0.28713005781173706,
		-0.26988837122917175,
		0.9999970197677612
	],
	"left_ear": [
		0.4360315203666687,
		0.29801875352859497,
		0.016613487154245377,
		0.9999973177909851
	],
	"right_ear": [
		0.4048942029476166,
		0.30973657965660095,
		-0.13716156780719757,
		0.9999987483024597
	]
}