{
	"left_hip": [
		0.4977244436740875,
		1.1665027141571045,
		0.11752821505069733,
		0.7336060404777527
	],
	"left_knee": [
		0.5060873627662659,
		1.6289219856262207,
		0.11735651642084122,
		0.0184423066675663
	],
	"left_ankle": [
		0.5140800476074219,
		2.0645289421081543,
		0.3749203085899353,
		0.0015429744962602854
	],
	"right_hip": [
		0.3731651306152344,
		1.1956528425216675,
		-0.11659982055425644,
		0.727536678314209
	],
	"right_knee": [
		0.3748336136341095,
		1.6415950059890747,
		-0.109505794942379,
		0.08507040143013
	],
	"right_ankle": [
		0.3728332817554474,
		2.1285336017608643,
		0.015697991475462914,
		0.013854281045496464
	],
	"left_shoulder": [
		0.5051687359809875,
		0.5209000110626221,
		0.19931164383888245,
		0.9998977184295654
	],
	"left_elbow": [
		0.6784788370132446,
		0.5027966499328613,
		0.1816461980342865,
		0.9974765181541443
	],
	"left_wrist": [
		0.8132015466690063,
		0.4695076644420624,
		-0.015179170295596123,
		0.9989191889762878
	],
	"right_shoulder": [
		0.32644155621528625,
		0.5158557891845703,
		-0.32618606090545654,
		0.9998875856399536
	],
	"right_elbow": [
		0.20020726323127747,
		0.424234539270401,
		-0.8184226155281067,
		0.9990798234939575
	],
	"right_wrist": [
		0.39411112666130066,
		0.4155304431915283,
		-1.0971286296844482,
		0.9959233999252319
	],
	"nose": [
		0.4830537736415863,
		0.3121977746486664,
		-0.24146811664104462,
		0.9999952912330627
	],
	"left_eye": [
		0.4638832211494446,
		0.2678543031215668,
		-0.1906181424856186,
		0.999992311000824
	],
	"right_eye": [
		0.45104488730430603,
		0.2744236886501312,
		-0.24373963475227356,
		0.9999958276748657
	],
	"left_ear": [
		0.43637508153915405,
		0.2945471704006195,
		0.043783970177173615,
		0.9999964237213135
	],
	"right_ear": [
		0.408256471157074,
		0.30750346183776855,
		-0.18974263966083527,
		0.9999979138374329
	]
}