{
	"left_hip": [
		0.4968966841697693,
		1.1677038669586182,
		0.12128901481628418,
		0.7055538892745972
	],
	"left_knee": [
		0.5107537508010864,
		1.6305932998657227,
		0.10790445655584335,
		0.023625345900654793
	],
	"left_ankle": [
		0.5221329927444458,
		2.0676119327545166,
		0.33911675214767456,
		0.0018246964318677783
	],
	"right_hip": [
		0.3730529546737671,
		1.1985307931900024,
		-0.12040138244628906,
		0.6957486271858215
	],
	"right_knee": [
		0.3860599100589752,
		1.6423672437667847,
		-0.13667213916778564,
		0.09208831191062927
	],
	"right_ankle": [
		0.3780836760997772,
		2.1293513774871826,
		-0.01812553219497204,
		0.016031725332140923
	],
	"left_shoulder": [
		0.505404531955719,
		0.5183672308921814,
		0.20875577628612518,
		0.9998888373374939
	],
	"left_elbow": [
		0.6800051331520081,
		0.4988919496536255,
		0.19584235548973083,
		0.9973863959312439
	],
	"left_wrist": [
		0.8204027414321899,
		0.470174640417099,
		-0.01010780781507492,
		0.9988464117050171
	],
	"right_shoulder": [
		0.31895583868026733,
		0.515749454498291,
		-0.3415171802043915,
		0.9998260140419006
	],
	"right_elbow": [
		0.18378151953220367,
		0.4686160683631897,
		-0.8246680498123169,
		0.9986729621887207
	],
	"right_wrist": [
		0.3897990584373474,
		0.4396439790725708,
		-1.1093919277191162,
		0.9951011538505554
	],
	"nose": [
		0.48513755202293396,
		0.3117576539516449,
		-0.2169731855392456,
		0.999993622303009
	],
	"left_eye": [
		0.4651374816894531,
		0.2673393487930298,
		-0.16569331288337708,
		0.9999896287918091
	],
	"right_eye": [
		0.45462337136268616,
		0.27360209822654724,
		-0.23047573864459991,
		0.999994158744812
	],
	"left_ear": [
		0.4364350438117981,
		0.2943863570690155,
		0.06539542973041534,
		0.9999951124191284
	],
	"right_ear": [
		0.4108213484287262,
		0.30743494629859924,
		-0.21095816791057587,
		0.9999966025352478
	]
}