{
	"left_hip": [
		0.4969506859779358,
		1.197763442993164,
		0.08623600751161575,
		0.5973618626594543
	],
	"left_knee": [
		0.5243209600448608,
		1.7035975456237793,
		0.10417010635137558,
		0.014523820020258427
	],
	"left_ankle": [
		0.5316448211669922,
		2.174478530883789,
		0.4280669093132019,
		0.0007156950305216014
	],
	"right_hip": [
		0.35540950298309326,
		1.2442336082458496,
		-0.08519924432039261,
		0.5236930251121521
	],
	"right_knee": [
		0.37431272864341736,
		1.7429155111312866,
		-0.09283316135406494,
		0.028301695361733437
	],
	"right_ankle": [
		0.38707154989242554,
		2.2263193130493164,
		0.10508650541305542,
		0.0048735542222857475
	],
	"left_shoulder": [
		0.5007721185684204,
		0.513927698135376,
		0.07855726778507233,
		0.9999155402183533
	],
	"left_elbow": [
		0.6870774030685425,
		0.5130084753036499,
		0.1831391602754593,
		0.9987974166870117
	],
	"left_wrist": [
		0.7899628281593323,
		0.5643213391304016,
		0.07519327104091644,
		0.9990187287330627
	],
	"right_shoulder": [
		0.29266685247421265,
		0.5485442280769348,
		-0.4083409309387207,
		0.9997830390930176
	],
	"right_elbow": [
		0.10137824714183807,
		0.6300034523010254,
		-0.8774111866950989,
		0.9982060194015503
	],
	"right_wrist": [
		0.24202656745910645,
		0.43313977122306824,
		-1.2058749198913574,
		0.9959846138954163
	],
	"nose": [
		0.4904991686344147,
		0.3148094415664673,
		-0.34858760237693787,
		0.9999579191207886
	],
	"left_eye": [
		0.4752860963344574,
		0.2707591652870178,
		-0.2964469790458679,
		0.9999114871025085
	],
	"right_eye": [
		0.4656887948513031,
		0.2735002636909485,
		-0.3616691529750824,
		0.9999642372131348
	],
	"left_ear": [
		0.43957433104515076,
		0.29554349184036255,
		-0.05799315124750137,
		0.9999555349349976
	],
	"right_ear": [
		0.4172157347202301,
		0.3059801459312439,
		-0.3478185534477234,
		0.99997878074646
	]
}