{
	"left_hip": [
		0.49164485931396484,
		1.1967976093292236,
		0.08986517786979675,
		0.3175082504749298
	],
	"left_knee": [
		0.5278853178024292,
		1.7150194644927979,
		0.08329494297504425,
		0.00449544470757246
	],
	"left_ankle": [
		0.5323914885520935,
		2.189396619796753,
		0.37649744749069214,
		0.00016571430023759604
	],
	"right_hip": [
		0.3597427308559418,
		1.243573546409607,
		-0.08853758871555328,
		0.2486727386713028
	],
	"right_knee": [
		0.38331910967826843,
		1.7496190071105957,
		-0.12962698936462402,
		0.008826612494885921
	],
	"right_ankle": [
		0.3852120339870453,
		2.2461740970611572,
		0.03149544820189476,
		0.0010209979955106974
	],
	"left_shoulder": [
		0.4688296914100647,
		0.5304527878761292,
		0.09906907379627228,
		0.9998342990875244
	],
	"left_elbow": [
		0.6712997555732727,
		0.5251882672309875,
		0.16999100148677826,
		0.9968792796134949
	],
	"left_wrist": [
		0.8007793426513672,
		0.5712648034095764,
		-0.018863724544644356,
		0.9979991912841797
	],
	"right_shoulder": [
		0.2933278977870941,
		0.5547056198120117,
		-0.37104102969169617,
		0.9994648098945618
	],
	"right_elbow": [
		0.0949227437376976,
		0.630602240562439,
		-0.816170871257782,
		0.9943054914474487
	],
	"right_wrist": [
		0.23378591239452362,
		0.4219818413257599,
		-1.1922703981399536,
		0.9877730011940002
	],
	"nose": [
		0.48210445046424866,
		0.31778061389923096,
		-0.302862286567688,
		0.9999402165412903
	],
	"left_eye": [
		0.4665652811527252,
		0.2715120315551758,
		-0.25963014364242554,
		0.9998963475227356
	],
	"right_eye": [
		0.4609714150428772,
		0.2737290561199188,
		-0.31604427099227905,
		0.9999354481697083
	],
	"left_ear": [
		0.43224388360977173,
		0.2944760322570801,
		-0.023408208042383194,
		0.9999451041221619
	],
	"right_ear": [
		0.41604775190353394,
		0.30275341868400574,
		-0.30484527349472046,
		0.9999558329582214
	]
}