{
	"left_hip": [
		0.4930996894836426,
		1.2016172409057617,
		0.11192359775304794,
		0.38545987010002136
	],
	"left_knee": [
		0.5393154621124268,
		1.7072659730911255,
		0.08111058175563812,
		0.011076301336288452
	],
	"left_ankle": [
		0.5452702045440674,
		2.182100534439087,
		0.34016379714012146,
		0.0003922564792446792
	],
	"right_hip": [
		0.36850225925445557,
		1.243801474571228,
		-0.11083666235208511,
		0.31238412857055664
	],
	"right_knee": [
		0.4069708287715912,
		1.7494816780090332,
		-0.1649632751941681,
		0.01919727213680744
	],
	"right_ankle": [
		0.4109625220298767,
		2.2548539638519287,
		-0.0694318637251854,
		0.0023380110505968332
	],
	"left_shoulder": [
		0.4834291338920593,
		0.5345268249511719,
		0.1666952520608902,
		0.9998868107795715
	],
	"left_elbow": [
		0.6480558514595032,
		0.5866318345069885,
		0.3081332743167877,
		0.9969021081924438
	],
	"left_wrist": [
		0.811919093132019,
		0.5885776281356812,
		0.2005729228258133,
		0.9984841346740723
	],
	"right_shoulder": [
		0.2930230498313904,
		0.5464760661125183,
		-0.38953882455825806,
		0.9995455741882324
	],
	"right_elbow": [
		0.11577771604061127,
		0.5838302373886108,
		-0.8456012010574341,
		0.9939765334129333
	],
	"right_wrist": [
		0.27692413330078125,
		0.40208765864372253,
		-1.2328944206237793,
		0.9913771748542786
	],
	"nose": [
		0.48353880643844604,
		0.3199758529663086,
		-0.23585009574890137,
		0.999963641166687
	],
	"left_eye": [
		0.4687362611293793,
		0.27186840772628784,
		-0.18713948130607605,
		0.9999350309371948
	],
	"right_eye": [
		0.46205511689186096,
		0.2742290496826172,
		-0.2580201029777527,
		0.9999589920043945
	],
	"left_ear": [
		0.435920387506485,
		0.29500967264175415,
		0.028694143518805504,
		0.9999635815620422
	],
	"right_ear": [
		0.4151547849178314,
		0.30362123250961304,
		-0.2891295552253723,
		0.9999690651893616
	]
}