{
	"left_hip": [
		0.5156910419464111,
		1.2168446779251099,
		0.1461796760559082,
		0.350979208946228
	],
	"left_knee": [
		0.544017493724823,
		1.7154252529144287,
		0.15732978284358978,
		0.010081096552312374
	],
	"left_ankle": [
		0.5633306503295898,
		2.1855359077453613,
		0.40822330117225647,
		0.000432204338721931
	],
	"right_hip": [
		0.4094291627407074,
		1.2470972537994385,
		-0.14441540837287903,
		0.29012852907180786
	],
	"right_knee": [
		0.4347657263278961,
		1.7635074853897095,
		-0.11042133718729019,
		0.019468851387500763
	],
	"right_ankle": [
		0.44302496314048767,
		2.2440195083618164,
		0.03655320033431053,
		0.0022011371329426765
	],
	"left_shoulder": [
		0.4863644242286682,
		0.5545607805252075,
		0.23786203563213348,
		0.9991009831428528
	],
	"left_elbow": [
		0.535858690738678,
		0.8667649030685425,
		0.2955205738544464,
		0.8477760553359985
	],
	"left_wrist": [
		0.6266194581985474,
		1.0707433223724365,
		0.13701342046260834,
		0.8838986158370972
	],
	"right_shoulder": [
		0.38148096203804016,
		0.5541069507598877,
		-0.41370049118995667,
		0.9995431900024414
	],
	"right_elbow": [
		0.40633487701416016,
		0.8895204663276672,
		-0.4835468828678131,
		0.9562324285507202
	],
	"right_wrist": [
		0.5088118314743042,
		1.1780134439468384,
		-0.49643492698669434,
		0.9169487953186035
	],
	"nose": [
		0.5550402402877808,
		0.3369919955730438,
		-0.14128848910331726,
		0.9999332427978516
	],
	"left_eye": [
		0.5372788310050964,
		0.2917950749397278,
		-0.11136078834533691,
		0.9999000430107117
	],
	"right_eye": [
		0.5282136797904968,
		0.2942734956741333,
		-0.18462838232517242,
		0.9999330639839172
	],
	"left_ear": [
		0.49849051237106323,
		0.3045904338359833,
		0.04331815987825394,
		0.9999161958694458
	],
	"right_ear": [
		0.47997602820396423,
		0.31047001481056213,
		-0.2782713770866394,
		0.9999526739120483
	]
}