{
	"left_hip": [
		0.4851562976837158,
		1.2109253406524658,
		0.20827630162239075,
		0.19445234537124634
	],
	"left_knee": [
		0.5544049143791199,
		1.3766151666641235,
		0.2111455202102661,
		0.009777393192052841
	],
	"left_ankle": [
		0.556155800819397,
		1.7835419178009033,
		0.445324569940567,
		0.0008647061185911298
	],
	"right_hip": [
		0.4107378125190735,
		1.2397770881652832,
		-0.20652782917022705,
		0.16155077517032623
	],
	"right_knee": [
		0.4925120770931244,
		1.400344967842102,
		-0.22798529267311096,
		0.03729446604847908
	],
	"right_ankle": [
		0.48566746711730957,
		1.821825385093689,
		-0.028248611837625504,
		0.0031995561439543962
	],
	"left_shoulder": [
		0.48639607429504395,
		0.5849112272262573,
		0.30170440673828125,
		0.9949173927307129
	],
	"left_elbow": [
		0.5278329849243164,
		0.877602219581604,
		0.3493348956108093,
		0.45112478733062744
	],
	"left_wrist": [
		0.626024603843689,
		1.0748530626296997,
		0.16077616810798645,
		0.5230183005332947
	],
	"right_shoulder": [
		0.3896500766277313,
		0.5427109003067017,
		-0.4668641686439514,
		0.9987863302230835
	],
	"right_elbow": [
		0.40524449944496155,
		0.8887614607810974,
		-0.5538299083709717,
		0.8877045512199402
	],
	"right_wrist": [
		0.5036280155181885,
		1.150058388710022,
		-0.5270094871520996,
		0.8169830441474915
	],
	"nose": [
		0.5595649480819702,
		0.3475598394870758,
		-0.1321382224559784,
		0.9995203018188477
	],
	"left_eye": [
		0.5437555909156799,
		0.298743337392807,
		-0.09581797569990158,
		0.9992432594299316
	],
	"right_eye": [
		0.5354076623916626,
		0.2996883690357208,
		-0.1778576523065567,
		0.9994262456893921
	],
	"left_ear": [
		0.5039015412330627,
		0.3108200132846832,
		0.07834769785404205,
		0.999202311038971
	],
	"right_ear": [
		0.4897603392601013,
		0.31200894713401794,
		-0.2955237627029419,
		0.9995558261871338
	]
}