{
	"left_hip": [
		0.47618788480758667,
		1.1829078197479248,
		0.18935717642307281,
		0.08359614759683609
	],
	"left_knee": [
		0.5303205251693726,
		1.3317053318023682,
		0.18873482942581177,
		0.01053931750357151
	],
	"left_ankle": [
		0.5300525426864624,
		1.7380754947662354,
		0.41279157996177673,
		0.0014528046594932675
	],
	"right_hip": [
		0.3970971703529358,
		1.208097219467163,
		-0.1875663697719574,
		0.06806488335132599
	],
	"right_knee": [
		0.4537220597267151,
		1.3528579473495483,
		-0.1806691735982895,
		0.05553220212459564
	],
	"right_ankle": [
		0.4515813887119293,
		1.7575381994247437,
		0.027798110619187355,
		0.004555531311780214
	],
	"left_shoulder": [
		0.4868306517601013,
		0.5835439562797546,
		0.2709885239601135,
		0.9926237463951111
	],
	"left_elbow": [
		0.5282765626907349,
		0.8736323714256287,
		0.33060094714164734,
		0.17515933513641357
	],
	"left_wrist": [
		0.6222971677780151,
		1.0655289888381958,
		0.14138975739479065,
		0.2632349133491516
	],
	"right_shoulder": [
		0.3854788839817047,
		0.5414792895317078,
		-0.43515461683273315,
		0.9979333281517029
	],
	"right_elbow": [
		0.4027150273323059,
		0.8760312795639038,
		-0.5023216009140015,
		0.8764647245407104
	],
	"right_wrist": [
		0.5045186281204224,
		1.1321085691452026,
		-0.4713829457759857,
		0.7860272526741028
	],
	"nose": [
		0.5533521175384521,
		0.33784717321395874,
		-0.1337129771709442,
		0.9991332292556763
	],
	"left_eye": [
		0.536052942276001,
		0.29077035188674927,
		-0.10121750831604004,
		0.9986010789871216
	],
	"right_eye": [
		0.5279477834701538,
		0.2934226989746094,
		-0.17791613936424255,
		0.9988934993743896
	],
	"left_ear": [
		0.4955643117427826,
		0.30558454990386963,
		0.060605037957429886,
		0.9984607100486755
	],
	"right_ear": [
		0.48033633828163147,
		0.3103781044483185,
		-0.2833293080329895,
		0.9991081357002258
	]
}