{
	"left_hip": [
		0.4854726791381836,
		1.1485378742218018,
		0.1734386384487152,
		0.09462940692901611
	],
	"left_knee": [
		0.5720248222351074,
		1.3567217588424683,
		0.08988974988460541,
		0.021919846534729004
	],
	"left_ankle": [
		0.5651690363883972,
		1.7829214334487915,
		0.2540903687477112,
		0.0028696595691144466
	],
	"right_hip": [
		0.39318209886550903,
		1.1603410243988037,
		-0.1717561036348343,
		0.07487837970256805
	],
	"right_knee": [
		0.4516447186470032,
		1.391912579536438,
		-0.2172355204820633,
		0.06969331949949265
	],
	"right_ankle": [
		0.4663917124271393,
		1.833315372467041,
		-0.10807957500219345,
		0.006648803595453501
	],
	"left_shoulder": [
		0.4838332235813141,
		0.5737901926040649,
		0.32810625433921814,
		0.9936342835426331
	],
	"left_elbow": [
		0.5402682423591614,
		0.8522771000862122,
		0.3898886740207672,
		0.1910862922668457
	],
	"left_wrist": [
		0.6232348084449768,
		0.9952991604804993,
		0.15987272560596466,
		0.28338369727134705
	],
	"right_shoulder": [
		0.38041847944259644,
		0.5292167663574219,
		-0.3671101927757263,
		0.9978796243667603
	],
	"right_elbow": [
		0.43461713194847107,
		0.8343547582626343,
		-0.4487156271934509,
		0.8953502774238586
	],
	"right_wrist": [
		0.581529974937439,
		1.0317202806472778,
		-0.4371727406978607,
		0.8164067268371582
	],
	"nose": [
		0.5407629609107971,
		0.33405962586402893,
		-0.04741548001766205,
		0.9990989565849304
	],
	"left_eye": [
		0.5272669792175293,
		0.28750622272491455,
		-0.01686946488916874,
		0.9985997676849365
	],
	"right_eye": [
		0.5196887254714966,
		0.28871920704841614,
		-0.09275984764099121,
		0.9988341927528381
	],
	"left_ear": [
		0.48796892166137695,
		0.30276021361351013,
		0.13120275735855103,
		0.9983822703361511
	],
	"right_ear": [
		0.4736338257789612,
		0.304964542388916,
		-0.20527072250843048,
		0.9989052414894104
	]
}