{
	"left_hip": [
		0.4662327766418457,
		1.1292815208435059,
		0.1994510442018509,
		0.10980965197086334
	],
	"left_knee": [
		0.576913595199585,
		0.9716410040855408,
		0.08514900505542755,
		0.028967494145035744
	],
	"left_ankle": [
		0.5629818439483643,
		1.4129165410995483,
		0.26444190740585327,
		0.004963472951203585
	],
	"right_hip": [
		0.39166104793548584,
		1.1399346590042114,
		-0.1982375532388687,
		0.09097887575626373
	],
	"right_knee": [
		0.4836503565311432,
		1.1223584413528442,
		-0.36180105805397034,
		0.10700730979442596
	],
	"right_ankle": [
		0.49645352363586426,
		1.4419704675674438,
		-0.16985981166362762,
		0.012089940719306469
	],
	"left_shoulder": [
		0.4805997908115387,
		0.5705289244651794,
		0.37884798645973206,
		0.9935295581817627
	],
	"left_elbow": [
		0.5365780591964722,
		0.8350294232368469,
		0.4358835816383362,
		0.1893588900566101
	],
	"left_wrist": [
		0.610224723815918,
		0.965278685092926,
		0.19501933455467224,
		0.26441696286201477
	],
	"right_shoulder": [
		0.37987667322158813,
		0.5219740271568298,
		-0.36409246921539307,
		0.9979996681213379
	],
	"right_elbow": [
		0.4356704652309418,
		0.7960134744644165,
		-0.4553303122520447,
		0.9073315262794495
	],
	"right_wrist": [
		0.5851481556892395,
		0.9792410135269165,
		-0.3736310303211212,
		0.8287516832351685
	],
	"nose": [
		0.5376285314559937,
		0.33754533529281616,
		-0.021196719259023666,
		0.9988994598388672
	],
	"left_eye": [
		0.52290940284729,
		0.2897005081176758,
		0.01260508131235838,
		0.9983237385749817
	],
	"right_eye": [
		0.5167874097824097,
		0.2905312776565552,
		-0.06540165841579437,
		0.9985883235931396
	],
	"left_ear": [
		0.48459023237228394,
		0.30366092920303345,
		0.16706600785255432,
		0.998097836971283
	],
	"right_ear": [
		0.47291359305381775,
		0.30532965064048767,
		-0.17687714099884033,
		0.9987082481384277
	]
}