{
	"left_hip": [
		0.4572926461696625,
		1.1030433177947998,
		0.21578295528888702,
		0.1701669692993164
	],
	"left_knee": [
		0.6032436490058899,
		0.8599675893783569,
		0.12253516912460327,
		0.04820570349693298
	],
	"left_ankle": [
		0.5775823593139648,
		1.1303908824920654,
		0.26609811186790466,
		0.013648922555148602
	],
	"right_hip": [
		0.3984892964363098,
		1.1254981756210327,
		-0.21485145390033722,
		0.14574921131134033
	],
	"right_knee": [
		0.5739646553993225,
		0.9414176344871521,
		-0.35229742527008057,
		0.19670464098453522
	],
	"right_ankle": [
		0.5522587895393372,
		1.1656303405761719,
		-0.07945161312818527,
		0.033448476344347
	],
	"left_shoulder": [
		0.4699834883213043,
		0.5647503733634949,
		0.39249157905578613,
		0.9943940043449402
	],
	"left_elbow": [
		0.5432270765304565,
		0.8144413232803345,
		0.45851844549179077,
		0.190953329205513
	],
	"left_wrist": [
		0.6035590171813965,
		0.9294995069503784,
		0.24214211106300354,
		0.24105672538280487
	],
	"right_shoulder": [
		0.3871311545372009,
		0.5232145190238953,
		-0.3821893334388733,
		0.9983431696891785
	],
	"right_elbow": [
		0.4726226329803467,
		0.7931464314460754,
		-0.43862929940223694,
		0.9249545931816101
	],
	"right_wrist": [
		0.6064015030860901,
		0.9613330960273743,
		-0.26377391815185547,
		0.8506630063056946
	],
	"nose": [
		0.5367858409881592,
		0.33937883377075195,
		-0.007374363951385021,
		0.99901282787323
	],
	"left_eye": [
		0.5191406011581421,
		0.2899338901042938,
		0.027028605341911316,
		0.9985256791114807
	],
	"right_eye": [
		0.5147150754928589,
		0.29092782735824585,
		-0.050270237028598785,
		0.9987401962280273
	],
	"left_ear": [
		0.4803139567375183,
		0.3041672110557556,
		0.18479709327220917,
		0.9983747005462646
	],
	"right_ear": [
		0.4703887104988098,
		0.3064998686313629,
		-0.15019133687019348,
		0.9988996386528015
	]
}