{
	"left_hip": [
		0.45662039518356323,
		1.0895373821258545,
		0.21280010044574738,
		0.19819071888923645
	],
	"left_knee": [
		0.6189751029014587,
		0.8688939809799194,
		0.09890185296535492,
		0.05986149236559868
	],
	"left_ankle": [
		0.5969594717025757,
		1.1120693683624268,
		0.24012044072151184,
		0.018211718648672104
	],
	"right_hip": [
		0.39844730496406555,
		1.1146801710128784,
		-0.21180972456932068,
		0.16987068951129913
	],
	"right_knee": [
		0.5680021047592163,
		0.9333223700523376,
		-0.3559721112251282,
		0.22879405319690704
	],
	"right_ankle": [
		0.5653187036514282,
		1.1371283531188965,
		-0.11049071699380875,
		0.04190710186958313
	],
	"left_shoulder": [
		0.4652829170227051,
		0.5616000890731812,
		0.41105660796165466,
		0.9947138428688049
	],
	"left_elbow": [
		0.5338676571846008,
		0.8107125163078308,
		0.48181504011154175,
		0.19461268186569214
	],
	"left_wrist": [
		0.6030669212341309,
		0.9266815781593323,
		0.26515087485313416,
		0.2350814789533615
	],
	"right_shoulder": [
		0.3901597559452057,
		0.5232622623443604,
		-0.362625390291214,
		0.9984394907951355
	],
	"right_elbow": [
		0.48596423864364624,
		0.7955760359764099,
		-0.4149392545223236,
		0.9300723671913147
	],
	"right_wrist": [
		0.6127864122390747,
		0.9501075148582458,
		-0.2488173544406891,
		0.8576646447181702
	],
	"nose": [
		0.5363575220108032,
		0.34040552377700806,
		0.017882054671645164,
		0.9990578889846802
	],
	"left_eye": [
		0.5181289315223694,
		0.29012855887413025,
		0.051724873483181,
		0.998609721660614
	],
	"right_eye": [
		0.5140279531478882,
		0.29127299785614014,
		-0.027588825672864914,
		0.9988061785697937
	],
	"left_ear": [
		0.479022353887558,
		0.30427876114845276,
		0.20247682929039001,
		0.998481273651123
	],
	"right_ear": [
		0.47017917037010193,
		0.3069649040699005,
		-0.14522089064121246,
		0.9989688396453857
	]
}