{
	"left_hip": [
		0.44783538579940796,
		1.0441445112228394,
		0.213618665933609,
		0.3200467526912689
	],
	"left_knee": [
		0.6111118793487549,
		0.8079279065132141,
		0.18559327721595764,
		0.09060345590114594
	],
	"left_ankle": [
		0.6123930215835571,
		1.0284745693206787,
		0.34158259630203247,
		0.033563971519470215
	],
	"right_hip": [
		0.411121666431427,
		1.0737700462341309,
		-0.21295873820781708,
		0.2744174301624298
	],
	"right_knee": [
		0.5940433144569397,
		0.894877552986145,
		-0.28118032217025757,
		0.37640562653541565
	],
	"right_ankle": [
		0.5939107537269592,
		0.9833778738975525,
		-0.04370512440800667,
		0.08621061593294144
	],
	"left_shoulder": [
		0.43617939949035645,
		0.5281937122344971,
		0.394273966550827,
		0.9966157674789429
	],
	"left_elbow": [
		0.5046687126159668,
		0.7719837427139282,
		0.48299115896224976,
		0.21297095715999603
	],
	"left_wrist": [
		0.5957270860671997,
		0.8671579360961914,
		0.30838948488235474,
		0.2426060140132904
	],
	"right_shoulder": [
		0.40829649567604065,
		0.507270872592926,
		-0.3337286114692688,
		0.998944878578186
	],
	"right_elbow": [
		0.5037107467651367,
		0.7497554421424866,
		-0.3891260027885437,
		0.9559951424598694
	],
	"right_wrist": [
		0.6158430576324463,
		0.8911058306694031,
		-0.22949549555778503,
		0.8938485980033875
	],
	"nose": [
		0.532457709312439,
		0.34865105152130127,
		0.03217224031686783,
		0.9992556571960449
	],
	"left_eye": [
		0.5151184797286987,
		0.29515546560287476,
		0.06271553784608841,
		0.9989880323410034
	],
	"right_eye": [
		0.5108239650726318,
		0.29670149087905884,
		-0.012828578241169453,
		0.9990538954734802
	],
	"left_ear": [
		0.47650980949401855,
		0.3054845929145813,
		0.1963156759738922,
		0.9989861249923706
	],
	"right_ear": [
		0.469015896320343,
		0.3087269961833954,
		-0.1392027586698532,
		0.9992288947105408
	]
}