{
	"left_hip": [
		0.44184088706970215,
		1.0485883951187134,
		0.2130114734172821,
		0.31636881828308105
	],
	"left_knee": [
		0.5897753238677979,
		0.8142665028572083,
		0.19262944161891937,
		0.08994591981172562
	],
	"left_ankle": [
		0.5925778746604919,
		1.0014894008636475,
		0.369896799325943,
		0.03366443142294884
	],
	"right_hip": [
		0.4117458462715149,
		1.076544165611267,
		-0.21242506802082062,
		0.26997053623199463
	],
	"right_knee": [
		0.5934739112854004,
		0.8896042108535767,
		-0.26669004559516907,
		0.3779454529285431
	],
	"right_ankle": [
		0.5853763818740845,
		1.0130138397216797,
		-0.01890910603106022,
		0.08739259093999863
	],
	"left_shoulder": [
		0.42839479446411133,
		0.524652361869812,
		0.3833135962486267,
		0.9967120289802551
	],
	"left_elbow": [
		0.5023147463798523,
		0.7625235915184021,
		0.4763213098049164,
		0.21233811974525452
	],
	"left_wrist": [
		0.5948004126548767,
		0.8704409599304199,
		0.2996975779533386,
		0.24355709552764893
	],
	"right_shoulder": [
		0.4104945659637451,
		0.5074512362480164,
		-0.34014418721199036,
		0.9989742040634155
	],
	"right_elbow": [
		0.50382399559021,
		0.7483078241348267,
		-0.4086610674858093,
		0.9581888318061829
	],
	"right_wrist": [
		0.6165837049484253,
		0.8906070590019226,
		-0.23868396878242493,
		0.8973173499107361
	],
	"nose": [
		0.5324164032936096,
		0.35058796405792236,
		0.02776964008808136,
		0.9992454648017883
	],
	"left_eye": [
		0.5151339769363403,
		0.2959807813167572,
		0.05642842501401901,
		0.9989678859710693
	],
	"right_eye": [
		0.511039137840271,
		0.2974085211753845,
		-0.017674436792731285,
		0.999030590057373
	],
	"left_ear": [
		0.4755123257637024,
		0.30560192465782166,
		0.1844174563884735,
		0.9989780783653259
	],
	"right_ear": [
		0.4691862463951111,
		0.30876776576042175,
		-0.14888107776641846,
		0.9992106556892395
	]
}