{
	"left_hip": [
		0.44151169061660767,
		1.0500036478042603,
		0.211920827627182,
		0.3155234754085541
	],
	"left_knee": [
		0.5898011922836304,
		0.8236884474754333,
		0.19024139642715454,
		0.08978815376758575
	],
	"left_ankle": [
		0.592065691947937,
		1.0176030397415161,
		0.34671926498413086,
		0.03351539000868797
	],
	"right_hip": [
		0.4121856093406677,
		1.0757499933242798,
		-0.21135160326957703,
		0.2686863839626312
	],
	"right_knee": [
		0.5961573123931885,
		0.8973124623298645,
		-0.27341002225875854,
		0.3806823790073395
	],
	"right_ankle": [
		0.5848357081413269,
		1.040002465248108,
		-0.042800284922122955,
		0.0879480391740799
	],
	"left_shoulder": [
		0.42861682176589966,
		0.5231402516365051,
		0.38965660333633423,
		0.9968078136444092
	],
	"left_elbow": [
		0.501170814037323,
		0.7582021355628967,
		0.47977200150489807,
		0.21254582703113556
	],
	"left_wrist": [
		0.594441294670105,
		0.8706411123275757,
		0.29940253496170044,
		0.2429088056087494
	],
	"right_shoulder": [
		0.4113798141479492,
		0.5042271018028259,
		-0.3350454568862915,
		0.9990097284317017
	],
	"right_elbow": [
		0.5021630525588989,
		0.7405743598937988,
		-0.4014592170715332,
		0.9602140784263611
	],
	"right_wrist": [
		0.6154555082321167,
		0.8814834356307983,
		-0.23646283149719238,
		0.9000657796859741
	],
	"nose": [
		0.5324017405509949,
		0.3516679108142853,
		0.03184916451573372,
		0.9992420673370361
	],
	"left_eye": [
		0.515067458152771,
		0.29617199301719666,
		0.061564553529024124,
		0.9989585280418396
	],
	"right_eye": [
		0.5110688209533691,
		0.297476589679718,
		-0.012865749187767506,
		0.999017596244812
	],
	"left_ear": [
		0.47493305802345276,
		0.3056105077266693,
		0.19296735525131226,
		0.9989805817604065
	],
	"right_ear": [
		0.4693247377872467,
		0.30872371792793274,
		-0.13741591572761536,
		0.9992035031318665
	]
}