{
	"left_hip": [
		0.4426259398460388,
		1.0321003198623657,
		0.20880839228630066,
		0.3143196702003479
	],
	"left_knee": [
		0.5861900448799133,
		0.8298664689064026,
		0.13178393244743347,
		0.08921109884977341
	],
	"left_ankle": [
		0.5831426382064819,
		1.0300477743148804,
		0.25900715589523315,
		0.033099956810474396
	],
	"right_hip": [
		0.41245895624160767,
		1.0475138425827026,
		-0.20819613337516785,
		0.26240360736846924
	],
	"right_knee": [
		0.586854100227356,
		0.8966799378395081,
		-0.2847350239753723,
		0.375184565782547
	],
	"right_ankle": [
		0.5591577291488647,
		1.0521628856658936,
		-0.11308032274246216,
		0.08704959601163864
	],
	"left_shoulder": [
		0.4317142069339752,
		0.5203442573547363,
		0.4171409010887146,
		0.9968997240066528
	],
	"left_elbow": [
		0.5230543613433838,
		0.7508042454719543,
		0.4938105046749115,
		0.20960868895053864
	],
	"left_wrist": [
		0.5818681716918945,
		0.8634524345397949,
		0.3124876618385315,
		0.2320445477962494
	],
	"right_shoulder": [
		0.4127521514892578,
		0.494888037443161,
		-0.3039871156215668,
		0.999058723449707
	],
	"right_elbow": [
		0.5004338622093201,
		0.7238180637359619,
		-0.3792784810066223,
		0.9637710452079773
	],
	"right_wrist": [
		0.609950065612793,
		0.8650525808334351,
		-0.23850199580192566,
		0.9020844101905823
	],
	"nose": [
		0.532766580581665,
		0.35073933005332947,
		0.06331415474414825,
		0.9991438388824463
	],
	"left_eye": [
		0.5153627991676331,
		0.2955566346645355,
		0.09592355042695999,
		0.9988322257995605
	],
	"right_eye": [
		0.5114126801490784,
		0.2970130443572998,
		0.021270375698804855,
		0.9988940954208374
	],
	"left_ear": [
		0.47487378120422363,
		0.30511361360549927,
		0.2323516607284546,
		0.9988832473754883
	],
	"right_ear": [
		0.4701732099056244,
		0.30801498889923096,
		-0.09798839688301086,
		0.999113142490387
	]
}