{
	"left_hip": [
		0.4433230757713318,
		1.0340791940689087,
		0.20601804554462433,
		0.31142082810401917
	],
	"left_knee": [
		0.5850427746772766,
		0.8582180142402649,
		0.12533000111579895,
		0.08925178647041321
	],
	"left_ankle": [
		0.5664847493171692,
		1.062935471534729,
		0.2675381898880005,
		0.03243569657206535
	],
	"right_hip": [
		0.4111142158508301,
		1.0478919744491577,
		-0.20533308386802673,
		0.25438910722732544
	],
	"right_knee": [
		0.5762642025947571,
		0.9233910441398621,
		-0.29511794447898865,
		0.3722284734249115
	],
	"right_ankle": [
		0.5385938882827759,
		1.0895376205444336,
		-0.11708930879831314,
		0.08676567673683167
	],
	"left_shoulder": [
		0.43396490812301636,
		0.5210506916046143,
		0.41691023111343384,
		0.9968174695968628
	],
	"left_elbow": [
		0.5244094729423523,
		0.7466527819633484,
		0.49574336409568787,
		0.2161208540201187
	],
	"left_wrist": [
		0.5947083234786987,
		0.855940043926239,
		0.3104022443294525,
		0.23209090530872345
	],
	"right_shoulder": [
		0.411926805973053,
		0.49392077326774597,
		-0.3100529611110687,
		0.999034583568573
	],
	"right_elbow": [
		0.49438223242759705,
		0.7065607905387878,
		-0.3788221478462219,
		0.966164231300354
	],
	"right_wrist": [
		0.6070995330810547,
		0.8509009480476379,
		-0.23957014083862305,
		0.9042871594429016
	],
	"nose": [
		0.5325621962547302,
		0.3505553901195526,
		0.05310497805476189,
		0.9990687966346741
	],
	"left_eye": [
		0.5154210329055786,
		0.2958899438381195,
		0.08506420254707336,
		0.998719334602356
	],
	"right_eye": [
		0.511599063873291,
		0.29723092913627625,
		0.010335171595215797,
		0.998807430267334
	],
	"left_ear": [
		0.4747766852378845,
		0.3053344488143921,
		0.22404439747333527,
		0.9988000392913818
	],
	"right_ear": [
		0.4704834818840027,
		0.30801135301589966,
		-0.10637853294610977,
		0.9990378022193909
	]
}