{
	"left_hip": [
		0.46239733695983887,
		1.0410057306289673,
		0.18417158722877502,
		0.4941685199737549
	],
	"left_knee": [
		0.5690248012542725,
		0.7215825915336609,
		0.21161706745624542,
		0.12450595200061798
	],
	"left_ankle": [
		0.7958125472068787,
		0.711463451385498,
		0.30421265959739685,
		0.05282723531126976
	],
	"right_hip": [
		0.3987604081630707,
		1.0708415508270264,
		-0.1835109144449234,
		0.4594521224498749
	],
	"right_knee": [
		0.4699179232120514,
		0.6801789402961731,
		-0.2240011990070343,
		0.6061589121818542
	],
	"right_ankle": [
		0.7290549278259277,
		0.7462623715400696,
		-0.09798649698495865,
		0.2185169905424118
	],
	"left_shoulder": [
		0.4600359797477722,
		0.5307339429855347,
		0.2932721972465515,
		0.9974508285522461
	],
	"left_elbow": [
		0.6132996678352356,
		0.6046419739723206,
		0.2931329905986786,
		0.3376215100288391
	],
	"left_wrist": [
		0.7388933897018433,
		0.6502048969268799,
		0.0549706295132637,
		0.37162625789642334
	],
	"right_shoulder": [
		0.38112586736679077,
		0.46911945939064026,
		-0.2913113534450531,
		0.9987398386001587
	],
	"right_elbow": [
		0.48430484533309937,
		0.4987727105617523,
		-0.6004722118377686,
		0.966806948184967
	],
	"right_wrist": [
		0.6222425699234009,
		0.5197829604148865,
		-0.6714794039726257,
		0.8807675242424011
	],
	"nose": [
		0.516934871673584,
		0.34578007459640503,
		-0.06905104964971542,
		0.9993711709976196
	],
	"left_eye": [
		0.5053697824478149,
		0.29538866877555847,
		-0.034095317125320435,
		0.999244213104248
	],
	"right_eye": [
		0.49745306372642517,
		0.29656320810317993,
		-0.09045213460922241,
		0.9991529583930969
	],
	"left_ear": [
		0.4691242277622223,
		0.3056035339832306,
		0.14695914089679718,
		0.9993446469306946
	],
	"right_ear": [
		0.4543225169181824,
		0.30891817808151245,
		-0.11289368569850922,
		0.9993343949317932
	]
}