{
	"left_hip": [
		0.4621984362602234,
		0.9989349842071533,
		0.1776866912841797,
		0.5397416949272156
	],
	"left_knee": [
		0.52271968126297,
		0.5956161022186279,
		0.23547354340553284,
		0.12662501633167267
	],
	"left_ankle": [
		0.7748537063598633,
		0.6332089900970459,
		0.3687981963157654,
		0.05781661346554756
	],
	"right_hip": [
		0.40927404165267944,
		1.0308946371078491,
		-0.17693950235843658,
		0.5244746208190918
	],
	"right_knee": [
		0.5200252532958984,
		0.7164563536643982,
		-0.18988364934921265,
		0.6695525050163269
	],
	"right_ankle": [
		0.7452782988548279,
		0.6252649426460266,
		-0.046778686344623566,
		0.31280380487442017
	],
	"left_shoulder": [
		0.47596901655197144,
		0.5118950009346008,
		0.2381594181060791,
		0.9975448250770569
	],
	"left_elbow": [
		0.6396942734718323,
		0.5754185914993286,
		0.23753070831298828,
		0.40014779567718506
	],
	"left_wrist": [
		0.8059026598930359,
		0.6162547469139099,
		0.01313132792711258,
		0.44325709342956543
	],
	"right_shoulder": [
		0.3801250457763672,
		0.45873281359672546,
		-0.28145450353622437,
		0.998761773109436
	],
	"right_elbow": [
		0.487002432346344,
		0.4650809168815613,
		-0.5884778499603271,
		0.9697896242141724
	],
	"right_wrist": [
		0.6268365383148193,
		0.468720942735672,
		-0.6573152542114258,
		0.8883598446846008
	],
	"nose": [
		0.5154252648353577,
		0.3387662172317505,
		-0.11217163503170013,
		0.9994754791259766
	],
	"left_eye": [
		0.50434410572052,
		0.2928500175476074,
		-0.07544843852519989,
		0.9993698000907898
	],
	"right_eye": [
		0.4962422251701355,
		0.2943510413169861,
		-0.12718220055103302,
		0.9992911219596863
	],
	"left_ear": [
		0.46862077713012695,
		0.3026437759399414,
		0.10633178055286407,
		0.9994516968727112
	],
	"right_ear": [
		0.4544810354709625,
		0.3075830042362213,
		-0.13146594166755676,
		0.9994442462921143
	]
}