{
	"left_hip": [
		0.46051082015037537,
		0.9869357347488403,
		0.16159498691558838,
		0.460933119058609
	],
	"left_knee": [
		0.5061347484588623,
		0.8463252782821655,
		0.183910071849823,
		0.09581045061349869
	],
	"left_ankle": [
		0.479123055934906,
		1.0679742097854614,
		0.4429172873497009,
		0.05206478387117386
	],
	"right_hip": [
		0.41083282232284546,
		1.038651943206787,
		-0.1607862412929535,
		0.45856305956840515
	],
	"right_knee": [
		0.48097115755081177,
		0.886651873588562,
		-0.19778306782245636,
		0.6199705004692078
	],
	"right_ankle": [
		0.4359823763370514,
		1.0875705480575562,
		0.07172684371471405,
		0.28871166706085205
	],
	"left_shoulder": [
		0.472332239151001,
		0.4780428111553192,
		0.09585843235254288,
		0.9973056316375732
	],
	"left_elbow": [
		0.6178009510040283,
		0.4426646828651428,
		0.07819333672523499,
		0.5175930261611938
	],
	"left_wrist": [
		0.7962965369224548,
		0.4543064534664154,
		-0.1311585009098053,
		0.5599330067634583
	],
	"right_shoulder": [
		0.3771438002586365,
		0.460554301738739,
		-0.40835437178611755,
		0.9954030513763428
	],
	"right_elbow": [
		0.46844276785850525,
		0.40013062953948975,
		-0.6844002604484558,
		0.9620527625083923
	],
	"right_wrist": [
		0.6078702211380005,
		0.35170748829841614,
		-0.7333008646965027,
		0.8705049753189087
	],
	"nose": [
		0.5083503127098083,
		0.30972790718078613,
		-0.2522140145301819,
		0.9994336366653442
	],
	"left_eye": [
		0.4986165165901184,
		0.27342164516448975,
		-0.2157740592956543,
		0.9992223381996155
	],
	"right_eye": [
		0.4943152368068695,
		0.27780407667160034,
		-0.2726256549358368,
		0.9990918636322021
	],
	"left_ear": [
		0.4648820459842682,
		0.2863701283931732,
		-0.03253040462732315,
		0.9993272423744202
	],
	"right_ear": [
		0.4563449025154114,
		0.29483434557914734,
		-0.2929200530052185,
		0.999264657497406
	]
}