{
	"left_hip": [
		0.46050792932510376,
		0.9977958798408508,
		0.15316490828990936,
		0.4455263018608093
	],
	"left_knee": [
		0.5278447866439819,
		0.8033459186553955,
		0.11305595934391022,
		0.0858614444732666
	],
	"left_ankle": [
		0.5179294347763062,
		1.0165011882781982,
		0.3624904155731201,
		0.048200834542512894
	],
	"right_hip": [
		0.3986563980579376,
		1.0599510669708252,
		-0.15240103006362915,
		0.4331451952457428
	],
	"right_knee": [
		0.45555028319358826,
		0.9383038878440857,
		-0.2814498543739319,
		0.5781902074813843
	],
	"right_ankle": [
		0.4549739956855774,
		1.1133631467819214,
		-0.021644096821546555,
		0.2390972524881363
	],
	"left_shoulder": [
		0.46391934156417847,
		0.4853467643260956,
		0.07997848093509674,
		0.99763423204422
	],
	"left_elbow": [
		0.6279840469360352,
		0.4397122263908386,
		0.031896427273750305,
		0.6222785115242004
	],
	"left_wrist": [
		0.8056346774101257,
		0.40157100558280945,
		-0.20424482226371765,
		0.6608936786651611
	],
	"right_shoulder": [
		0.36878350377082825,
		0.4778806269168854,
		-0.41341766715049744,
		0.9952365756034851
	],
	"right_elbow": [
		0.4371490478515625,
		0.38540083169937134,
		-0.7225245237350464,
		0.9637515544891357
	],
	"right_wrist": [
		0.5834736824035645,
		0.30812227725982666,
		-0.7760942578315735,
		0.882310688495636
	],
	"nose": [
		0.49373483657836914,
		0.3105817139148712,
		-0.2717118263244629,
		0.9994658827781677
	],
	"left_eye": [
		0.4863639771938324,
		0.27269333600997925,
		-0.23439665138721466,
		0.9992392659187317
	],
	"right_eye": [
		0.48236560821533203,
		0.2773769795894623,
		-0.2863009572029114,
		0.9991059899330139
	],
	"left_ear": [
		0.4547309875488281,
		0.2855653762817383,
		-0.04708442836999893,
		0.9993833303451538
	],
	"right_ear": [
		0.4475245475769043,
		0.2949899435043335,
		-0.2853841185569763,
		0.9993076324462891
	]
}