{
	"left_hip": [
		0.4606190621852875,
		1.0215229988098145,
		0.14143185317516327,
		0.47294536232948303
	],
	"left_knee": [
		0.476677268743515,
		1.3458107709884644,
		0.13081564009189606,
		0.08013816922903061
	],
	"left_ankle": [
		0.46744880080223083,
		1.696992039680481,
		0.33322837948799133,
		0.03979909420013428
	],
	"right_hip": [
		0.3884764015674591,
		1.0518535375595093,
		-0.1406233012676239,
		0.4341391324996948
	],
	"right_knee": [
		0.4038759768009186,
		1.3405070304870605,
		-0.1613006591796875,
		0.49922841787338257
	],
	"right_ankle": [
		0.3782925009727478,
		1.7439602613449097,
		-0.047607485204935074,
		0.18430206179618835
	],
	"left_shoulder": [
		0.46129369735717773,
		0.4937688708305359,
		0.08987110108137131,
		0.9980732202529907
	],
	"left_elbow": [
		0.6236023306846619,
		0.42933985590934753,
		0.05434102565050125,
		0.7325780391693115
	],
	"left_wrist": [
		0.798728346824646,
		0.35551539063453674,
		-0.14166000485420227,
		0.7661752700805664
	],
	"right_shoulder": [
		0.3605090379714966,
		0.4813213050365448,
		-0.3935447633266449,
		0.9944931864738464
	],
	"right_elbow": [
		0.4200645089149475,
		0.3656814992427826,
		-0.7189765572547913,
		0.9662710428237915
	],
	"right_wrist": [
		0.5584867596626282,
		0.27264198660850525,
		-0.786481499671936,
		0.8972483277320862
	],
	"nose": [
		0.48046308755874634,
		0.32385528087615967,
		-0.25701048970222473,
		0.9994714856147766
	],
	"left_eye": [
		0.47507667541503906,
		0.28378400206565857,
		-0.2197803258895874,
		0.9992269277572632
	],
	"right_eye": [
		0.469801664352417,
		0.28781741857528687,
		-0.27143579721450806,
		0.9991345405578613
	],
	"left_ear": [
		0.4459713101387024,
		0.2938891351222992,
		-0.03597039356827736,
		0.9994261860847473
	],
	"right_ear": [
		0.4372227191925049,
		0.30443379282951355,
		-0.2714175283908844,
		0.9993435740470886
	]
}