{
	"left_hip": [
		0.47328075766563416,
		1.0932667255401611,
		0.10793200880289078,
		0.6481715440750122
	],
	"left_knee": [
		0.47678837180137634,
		1.4795920848846436,
		0.13498371839523315,
		0.0907343178987503
	],
	"left_ankle": [
		0.47783079743385315,
		1.8304861783981323,
		0.4080342650413513,
		0.02059878781437874
	],
	"right_hip": [
		0.3603789210319519,
		1.1064988374710083,
		-0.10712983459234238,
		0.564793586730957
	],
	"right_knee": [
		0.3589648902416229,
		1.4758681058883667,
		-0.07075472176074982,
		0.3178847134113312
	],
	"right_ankle": [
		0.3585658669471741,
		1.8699078559875488,
		0.10046006739139557,
		0.09039098769426346
	],
	"left_shoulder": [
		0.49277371168136597,
		0.5178500413894653,
		0.13776925206184387,
		0.9989444017410278
	],
	"left_elbow": [
		0.6644940972328186,
		0.4429956376552582,
		0.03894996643066406,
		0.916381299495697
	],
	"left_wrist": [
		0.8050305247306824,
		0.35428470373153687,
		-0.16119930148124695,
		0.9322592616081238
	],
	"right_shoulder": [
		0.3247622549533844,
		0.49321773648262024,
		-0.31300580501556396,
		0.9957960844039917
	],
	"right_elbow": [
		0.38392895460128784,
		0.2895555794239044,
		-0.7130703330039978,
		0.9865392446517944
	],
	"right_wrist": [
		0.5254091620445251,
		0.2770328223705292,
		-0.8193683624267578,
		0.9602605104446411
	],
	"nose": [
		0.4718800187110901,
		0.36140674352645874,
		-0.2661832869052887,
		0.9996218681335449
	],
	"left_eye": [
		0.46941953897476196,
		0.30896830558776855,
		-0.2236926108598709,
		0.999531626701355
	],
	"right_eye": [
		0.4569386839866638,
		0.3101482391357422,
		-0.26050978899002075,
		0.9995271563529968
	],
	"left_ear": [
		0.4402996599674225,
		0.3176420032978058,
		-0.006499825976788998,
		0.9997090697288513
	],
	"right_ear": [
		0.4072166979312897,
		0.32356542348861694,
		-0.16573604941368103,
		0.9996697306632996
	]
}