{
	"left_hip": [
		0.46562185883522034,
		1.1031016111373901,
		0.16959638893604279,
		0.5039376020431519
	],
	"left_knee": [
		0.483483225107193,
		1.3930385112762451,
		0.22416695952415466,
		0.049326904118061066
	],
	"left_ankle": [
		0.516593337059021,
		1.7367788553237915,
		0.4356707036495209,
		0.009442620910704136
	],
	"right_hip": [
		0.3760543763637543,
		1.1202385425567627,
		-0.16813094913959503,
		0.49307218194007874
	],
	"right_knee": [
		0.4046524465084076,
		1.2624393701553345,
		-0.16320045292377472,
		0.23943279683589935
	],
	"right_ankle": [
		0.39435556530952454,
		1.7733927965164185,
		0.017157020047307014,
		0.051553674042224884
	],
	"left_shoulder": [
		0.4666634500026703,
		0.5321487188339233,
		0.23910489678382874,
		0.9993033409118652
	],
	"left_elbow": [
		0.6330718398094177,
		0.5207080245018005,
		0.2080690860748291,
		0.954760730266571
	],
	"left_wrist": [
		0.8064683675765991,
		0.49285611510276794,
		-0.05180170387029648,
		0.974014401435852
	],
	"right_shoulder": [
		0.3296680748462677,
		0.4716622531414032,
		-0.34352150559425354,
		0.9976838231086731
	],
	"right_elbow": [
		0.3259269893169403,
		0.4218086898326874,
		-0.7638033032417297,
		0.9864444732666016
	],
	"right_wrist": [
		0.4718739986419678,
		0.4571300446987152,
		-0.9503877758979797,
		0.9688302278518677
	],
	"nose": [
		0.4781948924064636,
		0.30383509397506714,
		-0.1776086986064911,
		0.999896764755249
	],
	"left_eye": [
		0.4625340402126312,
		0.2592916488647461,
		-0.12917998433113098,
		0.9998659491539001
	],
	"right_eye": [
		0.45382753014564514,
		0.26406583189964294,
		-0.1892409771680832,
		0.9998751282691956
	],
	"left_ear": [
		0.4300668239593506,
		0.27608227729797363,
		0.0910627543926239,
		0.999920666217804
	],
	"right_ear": [
		0.4162064492702484,
		0.283282071352005,
		-0.18487794697284698,
		0.9999106526374817
	]
}