{
	"left_hip": [
		0.4771832823753357,
		1.1221404075622559,
		0.1414232701063156,
		0.5210057497024536
	],
	"left_knee": [
		0.4911653995513916,
		1.5573945045471191,
		0.15330323576927185,
		0.040566857904195786
	],
	"left_ankle": [
		0.5169590711593628,
		1.9565985202789307,
		0.37428468465805054,
		0.006880297791212797
	],
	"right_hip": [
		0.3760635554790497,
		1.1389397382736206,
		-0.14039823412895203,
		0.48991551995277405
	],
	"right_knee": [
		0.37748467922210693,
		1.576473593711853,
		-0.1187015026807785,
		0.21050207316875458
	],
	"right_ankle": [
		0.38539963960647583,
		2.024137020111084,
		-0.015447715297341347,
		0.04139008745551109
	],
	"left_shoulder": [
		0.4756799340248108,
		0.5323089957237244,
		0.24634747207164764,
		0.9994330406188965
	],
	"left_elbow": [
		0.6514080166816711,
		0.5169751644134521,
		0.2454477995634079,
		0.9645317792892456
	],
	"left_wrist": [
		0.8096148371696472,
		0.48392152786254883,
		0.04776746407151222,
		0.981968879699707
	],
	"right_shoulder": [
		0.33476364612579346,
		0.47994524240493774,
		-0.309678852558136,
		0.9980307221412659
	],
	"right_elbow": [
		0.2872473895549774,
		0.4399436414241791,
		-0.7157116532325745,
		0.9879814386367798
	],
	"right_wrist": [
		0.4528408944606781,
		0.4680037796497345,
		-0.9033398628234863,
		0.9750504493713379
	],
	"nose": [
		0.4885658621788025,
		0.30376696586608887,
		-0.15292826294898987,
		0.9999285936355591
	],
	"left_eye": [
		0.4705899655818939,
		0.26095515489578247,
		-0.10593731701374054,
		0.9999079704284668
	],
	"right_eye": [
		0.4614661633968353,
		0.2662700414657593,
		-0.16454210877418518,
		0.9999150037765503
	],
	"left_ear": [
		0.43448954820632935,
		0.2805345356464386,
		0.10590441524982452,
		0.9999455809593201
	],
	"right_ear": [
		0.4222802221775055,
		0.2911800742149353,
		-0.16140471398830414,
		0.9999386668205261
	]
}