{
	"left_hip": [
		0.47905296087265015,
		1.136526346206665,
		0.1417197287082672,
		0.5184015035629272
	],
	"left_knee": [
		0.49232521653175354,
		1.5707865953445435,
		0.15754404664039612,
		0.039584968239068985
	],
	"left_ankle": [
		0.5162656307220459,
		1.9699207544326782,
		0.37997183203697205,
		0.006430461537092924
	],
	"right_hip": [
		0.37776297330856323,
		1.151663064956665,
		-0.14066073298454285,
		0.4849105179309845
	],
	"right_knee": [
		0.37766754627227783,
		1.5898680686950684,
		-0.12035460770130157,
		0.20957499742507935
	],
	"right_ankle": [
		0.38500910997390747,
		2.0375380516052246,
		-0.01064237393438816,
		0.040217891335487366
	],
	"left_shoulder": [
		0.4792637825012207,
		0.5339710116386414,
		0.2428724318742752,
		0.9994706511497498
	],
	"left_elbow": [
		0.6528182029724121,
		0.5186800360679626,
		0.24394051730632782,
		0.9669696688652039
	],
	"left_wrist": [
		0.8098907470703125,
		0.48309797048568726,
		0.04307600110769272,
		0.9835876226425171
	],
	"right_shoulder": [
		0.33763572573661804,
		0.48655202984809875,
		-0.31256890296936035,
		0.9981527924537659
	],
	"right_elbow": [
		0.27901309728622437,
		0.43801555037498474,
		-0.7212046980857849,
		0.9882219433784485
	],
	"right_wrist": [
		0.44300007820129395,
		0.466284841299057,
		-0.912054181098938,
		0.9758409261703491
	],
	"nose": [
		0.4894198775291443,
		0.30435600876808167,
		-0.15485727787017822,
		0.9999354481697083
	],
	"left_eye": [
		0.47167450189590454,
		0.2618502080440521,
		-0.1074170470237732,
		0.9999167919158936
	],
	"right_eye": [
		0.462332159280777,
		0.2676975131034851,
		-0.1663786619901657,
		0.9999232292175293
	],
	"left_ear": [
		0.4358101785182953,
		0.2832094430923462,
		0.10378412902355194,
		0.9999508261680603
	],
	"right_ear": [
		0.4231342375278473,
		0.29540401697158813,
		-0.1639794409275055,
		0.9999446272850037
	]
}