{
	"left_hip": [
		0.4963115155696869,
		1.1649185419082642,
		0.12149816751480103,
		0.5704396367073059
	],
	"left_knee": [
		0.512529194355011,
		1.6284675598144531,
		0.1283930540084839,
		0.02946251817047596
	],
	"left_ankle": [
		0.5272806882858276,
		2.045914649963379,
		0.3742619454860687,
		0.00326466909609735
	],
	"right_hip": [
		0.38266855478286743,
		1.1832166910171509,
		-0.12058693170547485,
		0.5281020402908325
	],
	"right_knee": [
		0.3861919045448303,
		1.6397141218185425,
		-0.11515945196151733,
		0.15621903538703918
	],
	"right_ankle": [
		0.3892214894294739,
		2.09614634513855,
		0.010708855465054512,
		0.027571076527237892
	],
	"left_shoulder": [
		0.4977445602416992,
		0.5372428297996521,
		0.23906585574150085,
		0.9996950030326843
	],
	"left_elbow": [
		0.6636499762535095,
		0.5178943872451782,
		0.24091573059558868,
		0.9848749041557312
	],
	"left_wrist": [
		0.8105851411819458,
		0.4707959294319153,
		0.08233650028705597,
		0.9934117197990417
	],
	"right_shoulder": [
		0.35086315870285034,
		0.5088515281677246,
		-0.28890445828437805,
		0.9990845322608948
	],
	"right_elbow": [
		0.2627069354057312,
		0.39331188797950745,
		-0.7365718483924866,
		0.993130087852478
	],
	"right_wrist": [
		0.42545533180236816,
		0.43450507521629333,
		-0.9299460649490356,
		0.9857407212257385
	],
	"nose": [
		0.48797932267189026,
		0.3096489906311035,
		-0.17905978858470917,
		0.9999749064445496
	],
	"left_eye": [
		0.472332626581192,
		0.26508429646492004,
		-0.1274796426296234,
		0.9999672174453735
	],
	"right_eye": [
		0.46041804552078247,
		0.2707636058330536,
		-0.18012960255146027,
		0.9999707341194153
	],
	"left_ear": [
		0.4397951662540436,
		0.2899564802646637,
		0.09568078815937042,
		0.9999810457229614
	],
	"right_ear": [
		0.42178335785865784,
		0.3023025393486023,
		-0.14129354059696198,
		0.9999791383743286
	]
}