{
	"left_hip": [
		0.49582624435424805,
		1.1611393690109253,
		0.13625821471214294,
		0.5867034196853638
	],
	"left_knee": [
		0.5052905678749084,
		1.5261757373809814,
		0.16414329409599304,
		0.03127322345972061
	],
	"left_ankle": [
		0.529134213924408,
		1.9118366241455078,
		0.41163212060928345,
		0.00324347079731524
	],
	"right_hip": [
		0.38824108242988586,
		1.177502155303955,
		-0.1352093517780304,
		0.5660155415534973
	],
	"right_knee": [
		0.39076077938079834,
		1.5123858451843262,
		-0.09276007115840912,
		0.16394464671611786
	],
	"right_ankle": [
		0.3905603885650635,
		1.9666703939437866,
		0.052880603820085526,
		0.03414015471935272
	],
	"left_shoulder": [
		0.5012751817703247,
		0.5293891429901123,
		0.23130933940410614,
		0.9996991157531738
	],
	"left_elbow": [
		0.6704083681106567,
		0.5101831555366516,
		0.19079454243183136,
		0.9898312091827393
	],
	"left_wrist": [
		0.8103238344192505,
		0.4749152660369873,
		-0.030175600200891495,
		0.995697021484375
	],
	"right_shoulder": [
		0.34675779938697815,
		0.5104917287826538,
		-0.27467840909957886,
		0.9993606209754944
	],
	"right_elbow": [
		0.25593996047973633,
		0.3848206698894501,
		-0.7050942182540894,
		0.9960812926292419
	],
	"right_wrist": [
		0.4236604571342468,
		0.41894710063934326,
		-0.9096508026123047,
		0.9885741472244263
	],
	"nose": [
		0.49110856652259827,
		0.3116403818130493,
		-0.19546839594841003,
		0.9999873638153076
	],
	"left_eye": [
		0.47317999601364136,
		0.2627807557582855,
		-0.14667847752571106,
		0.9999822974205017
	],
	"right_eye": [
		0.46077704429626465,
		0.2696751654148102,
		-0.19439147412776947,
		0.9999867677688599
	],
	"left_ear": [
		0.43863338232040405,
		0.2905441224575043,
		0.07745630294084549,
		0.9999901056289673
	],
	"right_ear": [
		0.4188310503959656,
		0.30173245072364807,
		-0.1462019383907318,
		0.9999906420707703
	]
}