{
	"left_hip": [
		0.49581843614578247,
		1.1608643531799316,
		0.1336938589811325,
		0.5883800387382507
	],
	"left_knee": [
		0.5038889646530151,
		1.5346901416778564,
		0.16272108256816864,
		0.030714120715856552
	],
	"left_ankle": [
		0.5254127979278564,
		1.9229931831359863,
		0.4111116826534271,
		0.0031936527229845524
	],
	"right_hip": [
		0.3878106474876404,
		1.177455186843872,
		-0.13267579674720764,
		0.5683861970901489
	],
	"right_knee": [
		0.3888983726501465,
		1.5256774425506592,
		-0.08896589279174805,
		0.16258473694324493
	],
	"right_ankle": [
		0.3864514231681824,
		1.973609447479248,
		0.055708952248096466,
		0.033879105001688004
	],
	"left_shoulder": [
		0.5012428760528564,
		0.5282750725746155,
		0.226138636469841,
		0.9997044205665588
	],
	"left_elbow": [
		0.6694756746292114,
		0.5074498653411865,
		0.17912673950195312,
		0.9901571869850159
	],
	"left_wrist": [
		0.8106377720832825,
		0.47387751936912537,
		-0.04132060334086418,
		0.9958473443984985
	],
	"right_shoulder": [
		0.34677451848983765,
		0.5104601383209229,
		-0.2690075635910034,
		0.9993812441825867
	],
	"right_elbow": [
		0.2548142075538635,
		0.3848904073238373,
		-0.7038667798042297,
		0.9962570667266846
	],
	"right_wrist": [
		0.4228469729423523,
		0.42011144757270813,
		-0.9121478199958801,
		0.9888878464698792
	],
	"nose": [
		0.49080199003219604,
		0.31172046065330505,
		-0.2051887959241867,
		0.9999878406524658
	],
	"left_eye": [
		0.4727765619754791,
		0.26280468702316284,
		-0.15674784779548645,
		0.9999828934669495
	],
	"right_eye": [
		0.4599751830101013,
		0.26992008090019226,
		-0.20248325169086456,
		0.9999873638153076
	],
	"left_ear": [
		0.43860164284706116,
		0.2909510135650635,
		0.07117599993944168,
		0.9999904632568359
	],
	"right_ear": [
		0.41840624809265137,
		0.3022027313709259,
		-0.14468513429164886,
		0.9999911189079285
	]
}