{
	"left_hip": [
		0.49562105536460876,
		1.15771484375,
		0.12764468789100647,
		0.5951204895973206
	],
	"left_knee": [
		0.4990786612033844,
		1.5498634576797485,
		0.14301398396492004,
		0.028213001787662506
	],
	"left_ankle": [
		0.5181319713592529,
		1.9431583881378174,
		0.4034101068973541,
		0.003147635841742158
	],
	"right_hip": [
		0.3861592411994934,
		1.1758195161819458,
		-0.12664170563220978,
		0.5834583044052124
	],
	"right_knee": [
		0.3841894567012787,
		1.545923113822937,
		-0.08978375047445297,
		0.15654511749744415
	],
	"right_ankle": [
		0.37699443101882935,
		1.9907246828079224,
		0.05502466484904289,
		0.034744128584861755
	],
	"left_shoulder": [
		0.5028339624404907,
		0.524878978729248,
		0.20904450118541718,
		0.9997231364250183
	],
	"left_elbow": [
		0.6679924726486206,
		0.5049381256103516,
		0.15857167541980743,
		0.9916407465934753
	],
	"left_wrist": [
		0.8106330633163452,
		0.4708831310272217,
		-0.06571684777736664,
		0.9963721036911011
	],
	"right_shoulder": [
		0.34560245275497437,
		0.5101792216300964,
		-0.27489173412323,
		0.9994696378707886
	],
	"right_elbow": [
		0.2527832090854645,
		0.38533148169517517,
		-0.7285115718841553,
		0.9970613121986389
	],
	"right_wrist": [
		0.42093968391418457,
		0.4198669195175171,
		-0.953652024269104,
		0.9905449151992798
	],
	"nose": [
		0.48887163400650024,
		0.3121103048324585,
		-0.22702550888061523,
		0.9999886751174927
	],
	"left_eye": [
		0.47061410546302795,
		0.26320019364356995,
		-0.17795254290103912,
		0.9999833106994629
	],
	"right_eye": [
		0.45666956901550293,
		0.270979642868042,
		-0.2249777615070343,
		0.9999886751174927
	],
	"left_ear": [
		0.43835291266441345,
		0.29211392998695374,
		0.05530590936541557,
		0.9999907612800598
	],
	"right_ear": [
		0.4167681336402893,
		0.30343979597091675,
		-0.15203715860843658,
		0.9999922513961792
	]
}