{
	"left_hip": [
		0.4964416027069092,
		1.1562153100967407,
		0.11047601699829102,
		0.5665791034698486
	],
	"left_knee": [
		0.4999924302101135,
		1.5849707126617432,
		0.11689110845327377,
		0.024029474705457687
	],
	"left_ankle": [
		0.5170157551765442,
		1.9912090301513672,
		0.36718326807022095,
		0.0031262757256627083
	],
	"right_hip": [
		0.3843647539615631,
		1.1756144762039185,
		-0.10950081050395966,
		0.5748374462127686
	],
	"right_knee": [
		0.38212209939956665,
		1.5814498662948608,
		-0.081029012799263,
		0.13202667236328125
	],
	"right_ankle": [
		0.376119464635849,
		2.041518211364746,
		0.0551188662648201,
		0.03420121595263481
	],
	"left_shoulder": [
		0.5065178871154785,
		0.5238608717918396,
		0.18872758746147156,
		0.9997115135192871
	],
	"left_elbow": [
		0.670615017414093,
		0.505133867263794,
		0.1342836618423462,
		0.9932442903518677
	],
	"left_wrist": [
		0.8096734881401062,
		0.46633365750312805,
		-0.0656847283244133,
		0.9965286254882812
	],
	"right_shoulder": [
		0.34433087706565857,
		0.5114608407020569,
		-0.26082533597946167,
		0.9995666742324829
	],
	"right_elbow": [
		0.24530577659606934,
		0.38636457920074463,
		-0.6822506189346313,
		0.9977516531944275
	],
	"right_wrist": [
		0.4190712869167328,
		0.41782763600349426,
		-0.8742073774337769,
		0.9903653264045715
	],
	"nose": [
		0.48422330617904663,
		0.3121446371078491,
		-0.24592991173267365,
		0.9999880194664001
	],
	"left_eye": [
		0.46653246879577637,
		0.2632737159729004,
		-0.19834278523921967,
		0.9999802112579346
	],
	"right_eye": [
		0.4514886736869812,
		0.27110278606414795,
		-0.23990824818611145,
		0.9999880194664001
	],
	"left_ear": [
		0.4381543695926666,
		0.29203906655311584,
		0.032805465161800385,
		0.9999889135360718
	],
	"right_ear": [
		0.41417568922042847,
		0.30314901471138,
		-0.15217754244804382,
		0.9999921917915344
	]
}