{
	"left_hip": [
		0.49644285440444946,
		1.1570169925689697,
		0.11042015254497528,
		0.5648441910743713
	],
	"left_knee": [
		0.5015092492103577,
		1.597036600112915,
		0.11427994072437286,
		0.023837322369217873
	],
	"left_ankle": [
		0.5170577168464661,
		2.007324457168579,
		0.3641418516635895,
		0.003044930286705494
	],
	"right_hip": [
		0.3840253949165344,
		1.1765273809432983,
		-0.10945762693881989,
		0.5719229578971863
	],
	"right_knee": [
		0.382002055644989,
		1.5934144258499146,
		-0.08902470767498016,
		0.13006174564361572
	],
	"right_ankle": [
		0.3766191005706787,
		2.0570285320281982,
		0.043574586510658264,
		0.033338844776153564
	],
	"left_shoulder": [
		0.5065142512321472,
		0.5238885879516602,
		0.1887998729944229,
		0.9997122287750244
	],
	"left_elbow": [
		0.6706954836845398,
		0.5053685903549194,
		0.13576777279376984,
		0.9935265779495239
	],
	"left_wrist": [
		0.8095499277114868,
		0.4663017690181732,
		-0.06469414383172989,
		0.9966527223587036
	],
	"right_shoulder": [
		0.34425055980682373,
		0.511232852935791,
		-0.2606183886528015,
		0.9995740652084351
	],
	"right_elbow": [
		0.2442443072795868,
		0.3865479528903961,
		-0.68390953540802,
		0.9978262782096863
	],
	"right_wrist": [
		0.4187110364437103,
		0.4177713394165039,
		-0.8780897259712219,
		0.9906333684921265
	],
	"nose": [
		0.48373761773109436,
		0.311970978975296,
		-0.24577435851097107,
		0.9999879002571106
	],
	"left_eye": [
		0.46611490845680237,
		0.26313769817352295,
		-0.19804668426513672,
		0.9999799728393555
	],
	"right_eye": [
		0.45113474130630493,
		0.2708806097507477,
		-0.2396537810564041,
		0.9999879002571106
	],
	"left_ear": [
		0.43815216422080994,
		0.2918189764022827,
		0.033442456275224686,
		0.999988853931427
	],
	"right_ear": [
		0.41404590010643005,
		0.3028539717197418,
		-0.15049001574516296,
		0.9999921917915344
	]
}