{
	"left_hip": [
		0.4961637854576111,
		1.15501868724823,
		0.10919882357120514,
		0.5390638709068298
	],
	"left_knee": [
		0.49949830770492554,
		1.5448647737503052,
		0.11355192959308624,
		0.026749955490231514
	],
	"left_ankle": [
		0.5178110003471375,
		1.9210307598114014,
		0.3427315056324005,
		0.003377939108759165
	],
	"right_hip": [
		0.3825664520263672,
		1.1724903583526611,
		-0.10821424424648285,
		0.5586428642272949
	],
	"right_knee": [
		0.38225752115249634,
		1.5252646207809448,
		-0.10239924490451813,
		0.12734706699848175
	],
	"right_ankle": [
		0.376478374004364,
		1.9752299785614014,
		0.023627540096640587,
		0.03286048024892807
	],
	"left_shoulder": [
		0.5061203241348267,
		0.5240050554275513,
		0.1934744417667389,
		0.999698281288147
	],
	"left_elbow": [
		0.670674204826355,
		0.5078378915786743,
		0.14559951424598694,
		0.9937891960144043
	],
	"left_wrist": [
		0.8086645007133484,
		0.46874240040779114,
		-0.056844957172870636,
		0.9959760308265686
	],
	"right_shoulder": [
		0.3439771234989166,
		0.5070565938949585,
		-0.25381842255592346,
		0.9996252059936523
	],
	"right_elbow": [
		0.23730215430259705,
		0.38743388652801514,
		-0.6630109548568726,
		0.997995913028717
	],
	"right_wrist": [
		0.41159549355506897,
		0.41561993956565857,
		-0.8403986692428589,
		0.9903807044029236
	],
	"nose": [
		0.48235398530960083,
		0.3106205463409424,
		-0.24348172545433044,
		0.999987781047821
	],
	"left_eye": [
		0.4648340344429016,
		0.2623225152492523,
		-0.19571833312511444,
		0.9999786019325256
	],
	"right_eye": [
		0.45007309317588806,
		0.26988697052001953,
		-0.23738828301429749,
		0.9999875426292419
	],
	"left_ear": [
		0.4380735754966736,
		0.2905541658401489,
		0.03553679585456848,
		0.9999879002571106
	],
	"right_ear": [
		0.4137515127658844,
		0.30148786306381226,
		-0.1446664035320282,
		0.999992311000824
	]
}