{
	"left_hip": [
		0.49616870284080505,
		1.155768871307373,
		0.11276701837778091,
		0.525748610496521
	],
	"left_knee": [
		0.4988354742527008,
		1.5742546319961548,
		0.10918579995632172,
		0.03364230692386627
	],
	"left_ankle": [
		0.5185189843177795,
		1.9669243097305298,
		0.3357291519641876,
		0.004459788557142019
	],
	"right_hip": [
		0.38274747133255005,
		1.1730815172195435,
		-0.11178819835186005,
		0.5595155954360962
	],
	"right_knee": [
		0.38229602575302124,
		1.5684216022491455,
		-0.10988038778305054,
		0.14839431643486023
	],
	"right_ankle": [
		0.37685108184814453,
		2.023344039916992,
		0.008646680973470211,
		0.04114612191915512
	],
	"left_shoulder": [
		0.5048338174819946,
		0.524118959903717,
		0.19865825772285461,
		0.9996744990348816
	],
	"left_elbow": [
		0.6684353351593018,
		0.510588526725769,
		0.15625986456871033,
		0.9931895136833191
	],
	"left_wrist": [
		0.805989146232605,
		0.470240980386734,
		-0.042843956500291824,
		0.994981050491333
	],
	"right_shoulder": [
		0.3451492190361023,
		0.5071671605110168,
		-0.26169049739837646,
		0.9996364116668701
	],
	"right_elbow": [
		0.23676474392414093,
		0.3886597454547882,
		-0.6655863523483276,
		0.9980078935623169
	],
	"right_wrist": [
		0.41065964102745056,
		0.4153515696525574,
		-0.8391119837760925,
		0.9893116354942322
	],
	"nose": [
		0.4820621609687805,
		0.31047385931015015,
		-0.23542125523090363,
		0.9999883770942688
	],
	"left_eye": [
		0.4644061028957367,
		0.26235494017601013,
		-0.18736591935157776,
		0.9999791979789734
	],
	"right_eye": [
		0.44984912872314453,
		0.270087867975235,
		-0.2309068888425827,
		0.9999883770942688
	],
	"left_ear": [
		0.43801945447921753,
		0.29065045714378357,
		0.04252662882208824,
		0.9999879002571106
	],
	"right_ear": [
		0.4137483537197113,
		0.30172497034072876,
		-0.14518314599990845,
		0.9999926686286926
	]
}