{
	"left_hip": [
		0.49665266275405884,
		1.1597745418548584,
		0.10343016684055328,
		0.5541546940803528
	],
	"left_knee": [
		0.5023621320724487,
		1.6032798290252686,
		0.0918911024928093,
		0.035893961787223816
	],
	"left_ankle": [
		0.5162143111228943,
		2.006272315979004,
		0.32956138253211975,
		0.0044501787051558495
	],
	"right_hip": [
		0.3819619119167328,
		1.1791795492172241,
		-0.1025325208902359,
		0.5802464485168457
	],
	"right_knee": [
		0.3816852867603302,
		1.6002779006958008,
		-0.10422315448522568,
		0.1494419425725937
	],
	"right_ankle": [
		0.37728291749954224,
		2.0574564933776855,
		0.017207730561494827,
		0.04034478962421417
	],
	"left_shoulder": [
		0.5062926411628723,
		0.5223421454429626,
		0.18115273118019104,
		0.9996938705444336
	],
	"left_elbow": [
		0.6716822385787964,
		0.5099208950996399,
		0.12603797018527985,
		0.9947658181190491
	],
	"left_wrist": [
		0.8062335848808289,
		0.46973341703414917,
		-0.07392992079257965,
		0.996124267578125
	],
	"right_shoulder": [
		0.34186726808547974,
		0.5088317394256592,
		-0.26375657320022583,
		0.9996424317359924
	],
	"right_elbow": [
		0.23678123950958252,
		0.3894162178039551,
		-0.6890482306480408,
		0.9983369708061218
	],
	"right_wrist": [
		0.4106772840023041,
		0.4148133397102356,
		-0.8850671648979187,
		0.9905539751052856
	],
	"nose": [
		0.48153156042099,
		0.3100092113018036,
		-0.25005754828453064,
		0.9999878406524658
	],
	"left_eye": [
		0.46430063247680664,
		0.2622078061103821,
		-0.20176096260547638,
		0.9999790191650391
	],
	"right_eye": [
		0.44982147216796875,
		0.270276814699173,
		-0.243320494890213,
		0.9999881386756897
	],
	"left_ear": [
		0.43823590874671936,
		0.29072853922843933,
		0.03183058276772499,
		0.9999881982803345
	],
	"right_ear": [
		0.4137178063392639,
		0.302182674407959,
		-0.1529705971479416,
		0.9999927878379822
	]
}