{
	"left_hip": [
		0.49664539098739624,
		1.1598002910614014,
		0.10349426418542862,
		0.5564183592796326
	],
	"left_knee": [
		0.5020941495895386,
		1.6021673679351807,
		0.09198617935180664,
		0.03636784851551056
	],
	"left_ankle": [
		0.5158390402793884,
		2.004974365234375,
		0.32904303073883057,
		0.00452322605997324
	],
	"right_hip": [
		0.3818993866443634,
		1.1791843175888062,
		-0.10259519517421722,
		0.582930862903595
	],
	"right_knee": [
		0.38167718052864075,
		1.5992627143859863,
		-0.10415389388799667,
		0.150321826338768
	],
	"right_ankle": [
		0.377081036567688,
		2.0559682846069336,
		0.017179079353809357,
		0.040771376341581345
	],
	"left_shoulder": [
		0.5063732862472534,
		0.5221763849258423,
		0.18090853095054626,
		0.9996963143348694
	],
	"left_elbow": [
		0.6718868017196655,
		0.5097808837890625,
		0.12633050978183746,
		0.9948194026947021
	],
	"left_wrist": [
		0.8062340021133423,
		0.46969112753868103,
		-0.07358698546886444,
		0.9961466789245605
	],
	"right_shoulder": [
		0.34153497219085693,
		0.5089761018753052,
		-0.2642222046852112,
		0.9996429085731506
	],
	"right_elbow": [
		0.23678717017173767,
		0.3893914818763733,
		-0.6891396641731262,
		0.998346745967865
	],
	"right_wrist": [
		0.4105733036994934,
		0.41441041231155396,
		-0.8847527503967285,
		0.9905344843864441
	],
	"nose": [
		0.48151683807373047,
		0.3100045919418335,
		-0.2500145733356476,
		0.9999878406524658
	],
	"left_eye": [
		0.4643005430698395,
		0.2622189521789551,
		-0.20170655846595764,
		0.9999790191650391
	],
	"right_eye": [
		0.44988059997558594,
		0.2703256905078888,
		-0.24329397082328796,
		0.9999881386756897
	],
	"left_ear": [
		0.4382398724555969,
		0.2907595634460449,
		0.03182555362582207,
		0.9999882578849792
	],
	"right_ear": [
		0.41374093294143677,
		0.3022400438785553,
		-0.15353241562843323,
		0.9999927878379822
	]
}