{
	"left_hip": [
		0.4963656961917877,
		1.1607309579849243,
		0.10311219841241837,
		0.566509485244751
	],
	"left_knee": [
		0.5018698573112488,
		1.6093780994415283,
		0.09092004597187042,
		0.03723423182964325
	],
	"left_ankle": [
		0.5141826868057251,
		2.018771171569824,
		0.32549619674682617,
		0.004546493757516146
	],
	"right_hip": [
		0.38059404492378235,
		1.1801146268844604,
		-0.1022043451666832,
		0.5926620364189148
	],
	"right_knee": [
		0.38105443120002747,
		1.6065415143966675,
		-0.10662327706813812,
		0.15171895921230316
	],
	"right_ankle": [
		0.3760598301887512,
		2.0687367916107178,
		0.011860036291182041,
		0.04073716327548027
	],
	"left_shoulder": [
		0.5065065622329712,
		0.5219647288322449,
		0.17686504125595093,
		0.9997056126594543
	],
	"left_elbow": [
		0.6732710599899292,
		0.5079468488693237,
		0.1200709193944931,
		0.9951290488243103
	],
	"left_wrist": [
		0.8062405586242676,
		0.46885251998901367,
		-0.07817588001489639,
		0.9963346123695374
	],
	"right_shoulder": [
		0.33890748023986816,
		0.5092389583587646,
		-0.26762503385543823,
		0.9996485710144043
	],
	"right_elbow": [
		0.2366490662097931,
		0.38860470056533813,
		-0.6999932527542114,
		0.9983876347541809
	],
	"right_wrist": [
		0.4097680151462555,
		0.4134282171726227,
		-0.9081913232803345,
		0.9907205700874329
	],
	"nose": [
		0.481452614068985,
		0.31056147813796997,
		-0.2516518533229828,
		0.9999875426292419
	],
	"left_eye": [
		0.46431398391723633,
		0.2626608908176422,
		-0.20339587330818176,
		0.9999786615371704
	],
	"right_eye": [
		0.45016661286354065,
		0.2708977460861206,
		-0.24505400657653809,
		0.9999879002571106
	],
	"left_ear": [
		0.4382125735282898,
		0.2913818359375,
		0.030527565628290176,
		0.9999882578849792
	],
	"right_ear": [
		0.4137941896915436,
		0.302799791097641,
		-0.15554305911064148,
		0.9999927282333374
	]
}