{
	"left_hip": [
		0.49623948335647583,
		1.1633919477462769,
		0.10182993113994598,
		0.5646320581436157
	],
	"left_knee": [
		0.5025158524513245,
		1.6302263736724854,
		0.0898127406835556,
		0.03573870658874512
	],
	"left_ankle": [
		0.5133231282234192,
		2.045555353164673,
		0.3235999643802643,
		0.0041602617129683495
	],
	"right_hip": [
		0.37877100706100464,
		1.1835249662399292,
		-0.10090261697769165,
		0.5864478945732117
	],
	"right_knee": [
		0.37963342666625977,
		1.6275315284729004,
		-0.11087356507778168,
		0.14545585215091705
	],
	"right_ankle": [
		0.37549179792404175,
		2.095831871032715,
		0.006746453698724508,
		0.03712360933423042
	],
	"left_shoulder": [
		0.506508469581604,
		0.5223221778869629,
		0.17255252599716187,
		0.9997154474258423
	],
	"left_elbow": [
		0.6739702820777893,
		0.5072119832038879,
		0.11207845062017441,
		0.9954301714897156
	],
	"left_wrist": [
		0.806280791759491,
		0.46783894300460815,
		-0.08625008165836334,
		0.9966353178024292
	],
	"right_shoulder": [
		0.3365853428840637,
		0.5101862549781799,
		-0.26839113235473633,
		0.9996556043624878
	],
	"right_elbow": [
		0.2363387644290924,
		0.38860222697257996,
		-0.7073391675949097,
		0.9984177947044373
	],
	"right_wrist": [
		0.4098990559577942,
		0.41329196095466614,
		-0.9200413823127747,
		0.9910930395126343
	],
	"nose": [
		0.48141270875930786,
		0.31162309646606445,
		-0.2581019401550293,
		0.9999874830245972
	],
	"left_eye": [
		0.4643687307834625,
		0.26351305842399597,
		-0.2094849795103073,
		0.99997878074646
	],
	"right_eye": [
		0.4503697454929352,
		0.2719828486442566,
		-0.25045856833457947,
		0.9999879002571106
	],
	"left_ear": [
		0.43822723627090454,
		0.29216450452804565,
		0.02656063809990883,
		0.9999884963035583
	],
	"right_ear": [
		0.4137811064720154,
		0.3039962947368622,
		-0.15626224875450134,
		0.999992847442627
	]
}