{
	"left_hip": [
		0.49624910950660706,
		1.1654601097106934,
		0.09976048767566681,
		0.5695145130157471
	],
	"left_knee": [
		0.504095196723938,
		1.640170693397522,
		0.08697978407144547,
		0.03347952291369438
	],
	"left_ankle": [
		0.5129942297935486,
		2.0571188926696777,
		0.3195839524269104,
		0.003677984466776252
	],
	"right_hip": [
		0.3774794340133667,
		1.1859135627746582,
		-0.09879130870103836,
		0.5874181985855103
	],
	"right_knee": [
		0.3789920210838318,
		1.6393834352493286,
		-0.11430186033248901,
		0.13591787219047546
	],
	"right_ankle": [
		0.37510743737220764,
		2.1067140102386475,
		0.0022685506846755743,
		0.03272542357444763
	],
	"left_shoulder": [
		0.5063239336013794,
		0.5227032899856567,
		0.1699531376361847,
		0.9997265338897705
	],
	"left_elbow": [
		0.6742466688156128,
		0.5071659088134766,
		0.10808835178613663,
		0.9956694841384888
	],
	"left_wrist": [
		0.8062861561775208,
		0.46688395738601685,
		-0.09015163779258728,
		0.9969075918197632
	],
	"right_shoulder": [
		0.335234671831131,
		0.5107496976852417,
		-0.2692379653453827,
		0.9996700286865234
	],
	"right_elbow": [
		0.2363322675228119,
		0.3885847330093384,
		-0.7102732062339783,
		0.9984658360481262
	],
	"right_wrist": [
		0.41010308265686035,
		0.4128676950931549,
		-0.9251416921615601,
		0.9915561079978943
	],
	"nose": [
		0.48131054639816284,
		0.3126640319824219,
		-0.2599268853664398,
		0.9999877214431763
	],
	"left_eye": [
		0.4643837809562683,
		0.2644122242927551,
		-0.211440771818161,
		0.9999793171882629
	],
	"right_eye": [
		0.4504484534263611,
		0.2730906009674072,
		-0.25203993916511536,
		0.9999881386756897
	],
	"left_ear": [
		0.4382266104221344,
		0.29269346594810486,
		0.024598155170679092,
		0.9999889135360718
	],
	"right_ear": [
		0.4137369692325592,
		0.3047848641872406,
		-0.1565900444984436,
		0.9999931454658508
	]
}