{
	"left_hip": [
		0.4962979853153229,
		1.1660964488983154,
		0.09725286811590195,
		0.5835757851600647
	],
	"left_knee": [
		0.5056732296943665,
		1.6457982063293457,
		0.08539623767137527,
		0.030120709910988808
	],
	"left_ankle": [
		0.5127358436584473,
		2.0638926029205322,
		0.31764063239097595,
		0.0031205781269818544
	],
	"right_hip": [
		0.3763780891895294,
		1.1872944831848145,
		-0.09624996781349182,
		0.5980104207992554
	],
	"right_knee": [
		0.37875908613204956,
		1.6474030017852783,
		-0.11439601331949234,
		0.12289853394031525
	],
	"right_ankle": [
		0.3747897744178772,
		2.1146535873413086,
		0.0014023464173078537,
		0.027812542393803596
	],
	"left_shoulder": [
		0.5063856840133667,
		0.5229524970054626,
		0.16781306266784668,
		0.9997460842132568
	],
	"left_elbow": [
		0.6746323704719543,
		0.5071744918823242,
		0.1075851172208786,
		0.9959608316421509
	],
	"left_wrist": [
		0.8063958287239075,
		0.4667774438858032,
		-0.08884910494089127,
		0.9972295165061951
	],
	"right_shoulder": [
		0.33452850580215454,
		0.5110664367675781,
		-0.2662849426269531,
		0.9996941089630127
	],
	"right_elbow": [
		0.23613066971302032,
		0.38837355375289917,
		-0.7081207036972046,
		0.9985244870185852
	],
	"right_wrist": [
		0.41048797965049744,
		0.41247326135635376,
		-0.9215888977050781,
		0.9920547604560852
	],
	"nose": [
		0.48104923963546753,
		0.313952773809433,
		-0.2598811984062195,
		0.9999883770942688
	],
	"left_eye": [
		0.46431678533554077,
		0.2656165361404419,
		-0.2118169516324997,
		0.9999805092811584
	],
	"right_eye": [
		0.45042943954467773,
		0.27446773648262024,
		-0.2518617510795593,
		0.9999887347221375
	],
	"left_ear": [
		0.4381871223449707,
		0.29339632391929626,
		0.023032689467072487,
		0.9999896883964539
	],
	"right_ear": [
		0.4135803282260895,
		0.30554234981536865,
		-0.15561947226524353,
		0.999993622303009
	]
}