{
	"left_hip": [
		0.49630656838417053,
		1.1661157608032227,
		0.09722535312175751,
		0.5851359367370605
	],
	"left_knee": [
		0.5058455467224121,
		1.6452442407608032,
		0.08543535321950912,
		0.029415888711810112
	],
	"left_ankle": [
		0.5127487778663635,
		2.063030481338501,
		0.31750810146331787,
		0.002997809089720249
	],
	"right_hip": [
		0.3762904107570648,
		1.1873856782913208,
		-0.09622111171483994,
		0.5988409519195557
	],
	"right_knee": [
		0.3787630498409271,
		1.6467506885528564,
		-0.11437845230102539,
		0.12039664387702942
	],
	"right_ankle": [
		0.37480828166007996,
		2.1142053604125977,
		0.0006999440956860781,
		0.026705294847488403
	],
	"left_shoulder": [
		0.5063874125480652,
		0.5230356454849243,
		0.16792984306812286,
		0.9997522830963135
	],
	"left_elbow": [
		0.674641489982605,
		0.507171094417572,
		0.10775566101074219,
		0.9960256814956665
	],
	"left_wrist": [
		0.8063408732414246,
		0.4670732617378235,
		-0.08879344910383224,
		0.9973036050796509
	],
	"right_shoulder": [
		0.3344436585903168,
		0.511166512966156,
		-0.26495927572250366,
		0.9997009634971619
	],
	"right_elbow": [
		0.2360258549451828,
		0.3882638216018677,
		-0.704472005367279,
		0.9985389709472656
	],
	"right_wrist": [
		0.41060930490493774,
		0.4124091565608978,
		-0.9154354333877563,
		0.9921706318855286
	],
	"nose": [
		0.48100537061691284,
		0.31436750292778015,
		-0.2596706748008728,
		0.9999886751174927
	],
	"left_eye": [
		0.4642985463142395,
		0.26601338386535645,
		-0.21176211535930634,
		0.9999810457229614
	],
	"right_eye": [
		0.45042818784713745,
		0.2749188244342804,
		-0.25161635875701904,
		0.9999890327453613
	],
	"left_ear": [
		0.4381626546382904,
		0.29367130994796753,
		0.02305435761809349,
		0.9999899864196777
	],
	"right_ear": [
		0.4135259687900543,
		0.30584487318992615,
		-0.15496717393398285,
		0.9999938011169434
	]
}