{
	"left_hip": [
		0.49598202109336853,
		1.1641972064971924,
		0.10090295225381851,
		0.6181979775428772
	],
	"left_knee": [
		0.5050771832466125,
		1.6248228549957275,
		0.09754067659378052,
		0.027126869186758995
	],
	"left_ankle": [
		0.5139990448951721,
		2.0394721031188965,
		0.3304121792316437,
		0.0026633553206920624
	],
	"right_hip": [
		0.3761695623397827,
		1.186468482017517,
		-0.09993161261081696,
		0.6273849010467529
	],
	"right_knee": [
		0.379173219203949,
		1.6270848512649536,
		-0.10544790327548981,
		0.12040072679519653
	],
	"right_ankle": [
		0.3774391710758209,
		2.091765880584717,
		0.009936132468283176,
		0.02308391034603119
	],
	"left_shoulder": [
		0.5063632130622864,
		0.5228725075721741,
		0.17627611756324768,
		0.9998027682304382
	],
	"left_elbow": [
		0.6742876172065735,
		0.50898277759552,
		0.12930646538734436,
		0.9962348341941833
	],
	"left_wrist": [
		0.8051435351371765,
		0.47252342104911804,
		-0.07491769641637802,
		0.9977702498435974
	],
	"right_shoulder": [
		0.33356374502182007,
		0.5115841031074524,
		-0.25980931520462036,
		0.9997644424438477
	],
	"right_elbow": [
		0.2354845106601715,
		0.38811343908309937,
		-0.6879151463508606,
		0.9987619519233704
	],
	"right_wrist": [
		0.41165584325790405,
		0.4111616611480713,
		-0.882469654083252,
		0.993681013584137
	],
	"nose": [
		0.48088693618774414,
		0.3189108073711395,
		-0.25158292055130005,
		0.9999914765357971
	],
	"left_eye": [
		0.46441489458084106,
		0.26983362436294556,
		-0.20527133345603943,
		0.9999860525131226
	],
	"right_eye": [
		0.4506772458553314,
		0.27947014570236206,
		-0.24587371945381165,
		0.999991774559021
	],
	"left_ear": [
		0.43826955556869507,
		0.2951066792011261,
		0.025079254060983658,
		0.9999929070472717
	],
	"right_ear": [
		0.4132304787635803,
		0.3085891604423523,
		-0.15357685089111328,
		0.9999955296516418
	]
}