{
	"left_hip": [
		0.49452918767929077,
		1.1600667238235474,
		0.12939104437828064,
		0.5805671215057373
	],
	"left_knee": [
		0.4981476366519928,
		1.5699013471603394,
		0.14298465847969055,
		0.03048519790172577
	],
	"left_ankle": [
		0.519469141960144,
		1.960006594657898,
		0.3867490589618683,
		0.003308780025690794
	],
	"right_hip": [
		0.38160693645477295,
		1.1767796277999878,
		-0.12833133339881897,
		0.6111979484558105
	],
	"right_knee": [
		0.38456815481185913,
		1.5671992301940918,
		-0.10710563510656357,
		0.14769285917282104
	],
	"right_ankle": [
		0.3812796175479889,
		2.016402244567871,
		0.021804330870509148,
		0.028609370812773705
	],
	"left_shoulder": [
		0.5040110349655151,
		0.5221964716911316,
		0.21944427490234375,
		0.9997872710227966
	],
	"left_elbow": [
		0.6699762940406799,
		0.5134366750717163,
		0.18549460172653198,
		0.9936105012893677
	],
	"left_wrist": [
		0.8024528622627258,
		0.47974804043769836,
		-0.04339994862675667,
		0.9964190125465393
	],
	"right_shoulder": [
		0.3426649868488312,
		0.5100284814834595,
		-0.2745508551597595,
		0.9997894167900085
	],
	"right_elbow": [
		0.24233698844909668,
		0.38962048292160034,
		-0.6906436681747437,
		0.9986146092414856
	],
	"right_wrist": [
		0.41427865624427795,
		0.4130467176437378,
		-0.8792762756347656,
		0.9934043288230896
	],
	"nose": [
		0.48135361075401306,
		0.3167581558227539,
		-0.22102372348308563,
		0.999993622303009
	],
	"left_eye": [
		0.46447238326072693,
		0.26793429255485535,
		-0.17367447912693024,
		0.99998939037323
	],
	"right_eye": [
		0.4511479437351227,
		0.2769991457462311,
		-0.22036094963550568,
		0.9999939799308777
	],
	"left_ear": [
		0.4380342364311218,
		0.29336246848106384,
		0.0530192069709301,
		0.9999943375587463
	],
	"right_ear": [
		0.4143855571746826,
		0.3056888282299042,
		-0.15266196429729462,
		0.9999966621398926
	]
}