{
	"left_hip": [
		0.49434059858322144,
		1.1603648662567139,
		0.131596177816391,
		0.5773277282714844
	],
	"left_knee": [
		0.49792805314064026,
		1.5697795152664185,
		0.14525415003299713,
		0.03046538308262825
	],
	"left_ankle": [
		0.5201536417007446,
		1.9604307413101196,
		0.39126279950141907,
		0.0032993138302117586
	],
	"right_hip": [
		0.38226497173309326,
		1.1767619848251343,
		-0.13053390383720398,
		0.6107605695724487
	],
	"right_knee": [
		0.38596123456954956,
		1.565039873123169,
		-0.10797728598117828,
		0.14967511594295502
	],
	"right_ankle": [
		0.38206765055656433,
		2.015942096710205,
		0.02243174985051155,
		0.02865256555378437
	],
	"left_shoulder": [
		0.5037603974342346,
		0.5223871469497681,
		0.22561414539813995,
		0.9997825026512146
	],
	"left_elbow": [
		0.669752299785614,
		0.5141389966011047,
		0.19165298342704773,
		0.993234395980835
	],
	"left_wrist": [
		0.8024047613143921,
		0.4797552824020386,
		-0.0420452356338501,
		0.9962509870529175
	],
	"right_shoulder": [
		0.3430464565753937,
		0.5099878907203674,
		-0.27597320079803467,
		0.9997905492782593
	],
	"right_elbow": [
		0.24299004673957825,
		0.3896533250808716,
		-0.6942511796951294,
		0.9985873699188232
	],
	"right_wrist": [
		0.41459783911705017,
		0.413084477186203,
		-0.8848770260810852,
		0.9933791756629944
	],
	"nose": [
		0.4813593924045563,
		0.3165765106678009,
		-0.22007063031196594,
		0.9999937415122986
	],
	"left_eye": [
		0.46446722745895386,
		0.26775187253952026,
		-0.17246533930301666,
		0.9999895095825195
	],
	"right_eye": [
		0.4511580467224121,
		0.2767389714717865,
		-0.21947935223579407,
		0.9999940395355225
	],
	"left_ear": [
		0.4380086362361908,
		0.2931506037712097,
		0.05528850480914116,
		0.9999943971633911
	],
	"right_ear": [
		0.4144285321235657,
		0.30546578764915466,
		-0.1525229811668396,
		0.9999967217445374
	]
}