{
	"left_hip": [
		0.49360188841819763,
		1.162518858909607,
		0.1359814554452896,
		0.5690847635269165
	],
	"left_knee": [
		0.49758630990982056,
		1.5571141242980957,
		0.1536567658185959,
		0.03149161487817764
	],
	"left_ankle": [
		0.5237787961959839,
		1.9435738325119019,
		0.3990545868873596,
		0.0034631993621587753
	],
	"right_hip": [
		0.3841261565685272,
		1.1770501136779785,
		-0.13491208851337433,
		0.6177908778190613
	],
	"right_knee": [
		0.38927629590034485,
		1.5456124544143677,
		-0.11022142320871353,
		0.1645878702402115
	],
	"right_ankle": [
		0.3856174349784851,
		1.9989051818847656,
		0.025491509586572647,
		0.03059825859963894
	],
	"left_shoulder": [
		0.5024102926254272,
		0.5236600637435913,
		0.23457853496074677,
		0.999751091003418
	],
	"left_elbow": [
		0.6689436435699463,
		0.5187531113624573,
		0.20228047668933868,
		0.9911851286888123
	],
	"left_wrist": [
		0.8023709058761597,
		0.4794023633003235,
		-0.033274538815021515,
		0.9951716661453247
	],
	"right_shoulder": [
		0.34368717670440674,
		0.5095005035400391,
		-0.27840283513069153,
		0.9998011589050293
	],
	"right_elbow": [
		0.24506671726703644,
		0.38975635170936584,
		-0.6976374387741089,
		0.9985141754150391
	],
	"right_wrist": [
		0.4155604839324951,
		0.4135998487472534,
		-0.8887508511543274,
		0.9933938384056091
	],
	"nose": [
		0.48103705048561096,
		0.31610384583473206,
		-0.2178037464618683,
		0.9999940991401672
	],
	"left_eye": [
		0.4641810357570648,
		0.26733264327049255,
		-0.1698833405971527,
		0.9999898076057434
	],
	"right_eye": [
		0.4508174955844879,
		0.27622538805007935,
		-0.21757042407989502,
		0.9999943971633911
	],
	"left_ear": [
		0.43794193863868713,
		0.29263898730278015,
		0.05895402282476425,
		0.9999943375587463
	],
	"right_ear": [
		0.4145429730415344,
		0.30509090423583984,
		-0.15142011642456055,
		0.9999970197677612
	]
}