{
	"left_hip": [
		0.49358707666397095,
		1.162566065788269,
		0.13574722409248352,
		0.5693148374557495
	],
	"left_knee": [
		0.4975414276123047,
		1.557552695274353,
		0.15314829349517822,
		0.031798917800188065
	],
	"left_ankle": [
		0.5238202810287476,
		1.9440709352493286,
		0.39765864610671997,
		0.003517194651067257
	],
	"right_hip": [
		0.3841552138328552,
		1.177018642425537,
		-0.13468003273010254,
		0.6197134256362915
	],
	"right_knee": [
		0.38926270604133606,
		1.5460206270217896,
		-0.11021290719509125,
		0.16655117273330688
	],
	"right_ankle": [
		0.3856661021709442,
		1.999565601348877,
		0.025537773966789246,
		0.031085001304745674
	],
	"left_shoulder": [
		0.5023191571235657,
		0.5236939787864685,
		0.23399606347084045,
		0.9997479915618896
	],
	"left_elbow": [
		0.6688778400421143,
		0.5192034244537354,
		0.20097024738788605,
		0.9910401105880737
	],
	"left_wrist": [
		0.8023669123649597,
		0.4794117212295532,
		-0.03571593016386032,
		0.995089054107666
	],
	"right_shoulder": [
		0.34360894560813904,
		0.5092768669128418,
		-0.2783607542514801,
		0.9998030066490173
	],
	"right_elbow": [
		0.24514105916023254,
		0.3897646367549896,
		-0.6982360482215881,
		0.9985213279724121
	],
	"right_wrist": [
		0.41560664772987366,
		0.41379567980766296,
		-0.8908753395080566,
		0.9934576749801636
	],
	"nose": [
		0.4808981418609619,
		0.3160991072654724,
		-0.21795058250427246,
		0.9999940991401672
	],
	"left_eye": [
		0.46408548951148987,
		0.2673371434211731,
		-0.16997645795345306,
		0.9999897480010986
	],
	"right_eye": [
		0.4507032036781311,
		0.2762126922607422,
		-0.21764150261878967,
		0.9999943971633911
	],
	"left_ear": [
		0.437931627035141,
		0.29261940717697144,
		0.05876343697309494,
		0.9999942779541016
	],
	"right_ear": [
		0.414531946182251,
		0.3050769865512848,
		-0.15107108652591705,
		0.9999970197677612
	]
}