{
	"left_hip": [
		0.49357810616493225,
		1.163151502609253,
		0.13659873604774475,
		0.5677517652511597
	],
	"left_knee": [
		0.49782246351242065,
		1.56490159034729,
		0.15031275153160095,
		0.03264981508255005
	],
	"left_ankle": [
		0.52464759349823,
		1.9554932117462158,
		0.3955451250076294,
		0.003589960979297757
	],
	"right_hip": [
		0.38490331172943115,
		1.1769942045211792,
		-0.13555820286273956,
		0.6222099661827087
	],
	"right_knee": [
		0.3902217447757721,
		1.5576634407043457,
		-0.11337152868509293,
		0.17301060259342194
	],
	"right_ankle": [
		0.3868909776210785,
		2.0117342472076416,
		0.02148408815264702,
		0.03221914544701576
	],
	"left_shoulder": [
		0.5021865963935852,
		0.5239784717559814,
		0.2394377738237381,
		0.9997373819351196
	],
	"left_elbow": [
		0.6687881946563721,
		0.5206957459449768,
		0.2081081122159958,
		0.9906393885612488
	],
	"left_wrist": [
		0.8024142384529114,
		0.4803090989589691,
		-0.030644604936242104,
		0.9949327111244202
	],
	"right_shoulder": [
		0.3436426520347595,
		0.5088846683502197,
		-0.27939295768737793,
		0.9998059868812561
	],
	"right_elbow": [
		0.24551400542259216,
		0.3898029923439026,
		-0.7007409334182739,
		0.9985228180885315
	],
	"right_wrist": [
		0.4163132607936859,
		0.41401857137680054,
		-0.8936832547187805,
		0.9936885237693787
	],
	"nose": [
		0.48091164231300354,
		0.31577587127685547,
		-0.21466629207134247,
		0.9999939799308777
	],
	"left_eye": [
		0.464041531085968,
		0.267100989818573,
		-0.1665223091840744,
		0.9999894499778748
	],
	"right_eye": [
		0.4507095217704773,
		0.27590981125831604,
		-0.2148391753435135,
		0.9999943971633911
	],
	"left_ear": [
		0.43789833784103394,
		0.2924494445323944,
		0.06312255561351776,
		0.9999940395355225
	],
	"right_ear": [
		0.41464748978614807,
		0.3049263060092926,
		-0.15033622086048126,
		0.9999970197677612
	]
}