{
	"left_hip": [
		0.49357491731643677,
		1.1632719039916992,
		0.13661755621433258,
		0.5673741102218628
	],
	"left_knee": [
		0.49799737334251404,
		1.5664472579956055,
		0.15006865561008453,
		0.03275681659579277
	],
	"left_ankle": [
		0.5248008966445923,
		1.9584871530532837,
		0.39530667662620544,
		0.0035895872861146927
	],
	"right_hip": [
		0.38497233390808105,
		1.1770187616348267,
		-0.13557900488376617,
		0.6221082806587219
	],
	"right_knee": [
		0.3902881443500519,
		1.5596402883529663,
		-0.1135983020067215,
		0.17373493313789368
	],
	"right_ankle": [
		0.3870813250541687,
		2.0140583515167236,
		0.02122664824128151,
		0.03231273591518402
	],
	"left_shoulder": [
		0.5021690726280212,
		0.5240154266357422,
		0.2397865504026413,
		0.9997360706329346
	],
	"left_elbow": [
		0.668775200843811,
		0.5208640098571777,
		0.20770740509033203,
		0.9906076192855835
	],
	"left_wrist": [
		0.8024024963378906,
		0.48065662384033203,
		-0.03112250566482544,
		0.9949378371238708
	],
	"right_shoulder": [
		0.34363704919815063,
		0.5087936520576477,
		-0.27953457832336426,
		0.9998059868812561
	],
	"right_elbow": [
		0.24562561511993408,
		0.3898003101348877,
		-0.701962947845459,
		0.998522937297821
	],
	"right_wrist": [
		0.4165489077568054,
		0.414078950881958,
		-0.8957206010818481,
		0.9937461614608765
	],
	"nose": [
		0.4809151291847229,
		0.3157060146331787,
		-0.21456730365753174,
		0.9999939203262329
	],
	"left_eye": [
		0.4640398919582367,
		0.2670660614967346,
		-0.16639384627342224,
		0.99998939037323
	],
	"right_eye": [
		0.4507136940956116,
		0.27585461735725403,
		-0.2146940529346466,
		0.9999943375587463
	],
	"left_ear": [
		0.43789124488830566,
		0.2924320101737976,
		0.06357540190219879,
		0.9999939799308777
	],
	"right_ear": [
		0.41466832160949707,
		0.3048965036869049,
		-0.15016552805900574,
		0.9999970197677612
	]
}