{
	"left_hip": [
		0.4935837388038635,
		1.1637897491455078,
		0.13809436559677124,
		0.5687511563301086
	],
	"left_knee": [
		0.49973171949386597,
		1.576237678527832,
		0.14212268590927124,
		0.032775457948446274
	],
	"left_ankle": [
		0.5255602598190308,
		1.9762282371520996,
		0.3901342451572418,
		0.0036021193955093622
	],
	"right_hip": [
		0.38565200567245483,
		1.177030086517334,
		-0.13706636428833008,
		0.6234475374221802
	],
	"right_knee": [
		0.3903370499610901,
		1.5751984119415283,
		-0.11783698946237564,
		0.17599423229694366
	],
	"right_ankle": [
		0.3874179422855377,
		2.0324935913085938,
		0.013397659175097942,
		0.03378530591726303
	],
	"left_shoulder": [
		0.5019047856330872,
		0.5242131948471069,
		0.24654679000377655,
		0.9997319579124451
	],
	"left_elbow": [
		0.668463945388794,
		0.5217635035514832,
		0.21611718833446503,
		0.9906772375106812
	],
	"left_wrist": [
		0.8024888038635254,
		0.4825364947319031,
		-0.02319466881453991,
		0.9950831532478333
	],
	"right_shoulder": [
		0.34360092878341675,
		0.5080984234809875,
		-0.28372249007225037,
		0.9998061656951904
	],
	"right_elbow": [
		0.24620959162712097,
		0.38984760642051697,
		-0.7092620134353638,
		0.998524010181427
	],
	"right_wrist": [
		0.41740626096725464,
		0.4142063558101654,
		-0.9039362072944641,
		0.9940429925918579
	],
	"nose": [
		0.4809779226779938,
		0.31503280997276306,
		-0.21114246547222137,
		0.9999937415122986
	],
	"left_eye": [
		0.46396389603614807,
		0.2666124403476715,
		-0.1625797003507614,
		0.9999890327453613
	],
	"right_eye": [
		0.4507109224796295,
		0.2752915024757385,
		-0.2118549793958664,
		0.9999942183494568
	],
	"left_ear": [
		0.4378182291984558,
		0.2919289767742157,
		0.06862864643335342,
		0.9999938011169434
	],
	"right_ear": [
		0.4147866368293762,
		0.30432385206222534,
		-0.14966699481010437,
		0.9999969005584717
	]
}