{
	"left_hip": [
		0.4942701756954193,
		1.1639816761016846,
		0.13335759937763214,
		0.5751820206642151
	],
	"left_knee": [
		0.5008328557014465,
		1.5861241817474365,
		0.13484100997447968,
		0.03543994575738907
	],
	"left_ankle": [
		0.5242113471031189,
		1.9888399839401245,
		0.3827734887599945,
		0.004152357578277588
	],
	"right_hip": [
		0.38469141721725464,
		1.1777808666229248,
		-0.1323733776807785,
		0.6236811280250549
	],
	"right_knee": [
		0.3866867423057556,
		1.5863161087036133,
		-0.11434149742126465,
		0.18343447148799896
	],
	"right_ankle": [
		0.3850119709968567,
		2.04365611076355,
		0.01794068142771721,
		0.03906173259019852
	],
	"left_shoulder": [
		0.5023848414421082,
		0.5236759185791016,
		0.23255164921283722,
		0.9997385144233704
	],
	"left_elbow": [
		0.6690073013305664,
		0.5218717455863953,
		0.18895603716373444,
		0.9915720224380493
	],
	"left_wrist": [
		0.8031314015388489,
		0.48276287317276,
		-0.0505654513835907,
		0.9955318570137024
	],
	"right_shoulder": [
		0.3428853154182434,
		0.5072381496429443,
		-0.28212422132492065,
		0.9998000264167786
	],
	"right_elbow": [
		0.2463184893131256,
		0.38976120948791504,
		-0.7108252048492432,
		0.9985938668251038
	],
	"right_wrist": [
		0.4177396297454834,
		0.41433048248291016,
		-0.9084779620170593,
		0.9942308664321899
	],
	"nose": [
		0.48058706521987915,
		0.31484806537628174,
		-0.2228858470916748,
		0.9999932646751404
	],
	"left_eye": [
		0.46361789107322693,
		0.26648542284965515,
		-0.17483285069465637,
		0.9999881982803345
	],
	"right_eye": [
		0.45023760199546814,
		0.2751292586326599,
		-0.22154676914215088,
		0.9999937415122986
	],
	"left_ear": [
		0.4377411901950836,
		0.2916097640991211,
		0.0590105839073658,
		0.9999933242797852
	],
	"right_ear": [
		0.41463518142700195,
		0.3038792014122009,
		-0.1500474512577057,
		0.9999964833259583
	]
}