{
	"left_hip": [
		0.4830756187438965,
		1.188628077507019,
		0.13415364921092987,
		0.36207371950149536
	],
	"left_knee": [
		0.5350341200828552,
		1.6832756996154785,
		0.1092974990606308,
		0.02185739576816559
	],
	"left_ankle": [
		0.5402568578720093,
		2.132704973220825,
		0.37186580896377563,
		0.0015651797875761986
	],
	"right_hip": [
		0.35160529613494873,
		1.2268372774124146,
		-0.13302460312843323,
		0.3404598832130432
	],
	"right_knee": [
		0.3884710669517517,
		1.7178661823272705,
		-0.17162396013736725,
		0.06197874993085861
	],
	"right_ankle": [
		0.3937687277793884,
		2.2160956859588623,
		-0.03467727079987526,
		0.01177036389708519
	],
	"left_shoulder": [
		0.5022375583648682,
		0.5100560784339905,
		0.19616782665252686,
		0.9998348355293274
	],
	"left_elbow": [
		0.6767237186431885,
		0.5102381110191345,
		0.2938573360443115,
		0.9962628483772278
	],
	"left_wrist": [
		0.8090531229972839,
		0.5380880236625671,
		0.11797960847616196,
		0.9977483749389648
	],
	"right_shoulder": [
		0.2864794433116913,
		0.5519013404846191,
		-0.3702792823314667,
		0.9998086094856262
	],
	"right_elbow": [
		0.10130228847265244,
		0.5979391932487488,
		-0.7859447598457336,
		0.9972960352897644
	],
	"right_wrist": [
		0.2441844642162323,
		0.4173440933227539,
		-1.1263055801391602,
		0.9947400689125061
	],
	"nose": [
		0.48967665433883667,
		0.3108143210411072,
		-0.24878676235675812,
		0.9999896883964539
	],
	"left_eye": [
		0.47525057196617126,
		0.26520198583602905,
		-0.19449612498283386,
		0.9999728202819824
	],
	"right_eye": [
		0.4654361605644226,
		0.2694043517112732,
		-0.2620159983634949,
		0.9999890923500061
	],
	"left_ear": [
		0.4392456114292145,
		0.2903880476951599,
		0.033890075981616974,
		0.9999822378158569
	],
	"right_ear": [
		0.41500458121299744,
		0.30378422141075134,
		-0.27179908752441406,
		0.9999926686286926
	]
}