{
	"left_hip": [
		0.48211485147476196,
		1.18636155128479,
		0.10608221590518951,
		0.33494678139686584
	],
	"left_knee": [
		0.5173013806343079,
		1.6819874048233032,
		0.10318063199520111,
		0.017182815819978714
	],
	"left_ankle": [
		0.5321255922317505,
		2.1264874935150146,
		0.4075906276702881,
		0.0010508069535717368
	],
	"right_hip": [
		0.35057374835014343,
		1.2284743785858154,
		-0.10511323064565659,
		0.31499943137168884
	],
	"right_knee": [
		0.37916967272758484,
		1.7179639339447021,
		-0.11133496463298798,
		0.046318165957927704
	],
	"right_ankle": [
		0.3846059739589691,
		2.2133090496063232,
		0.05950473994016647,
		0.008411401882767677
	],
	"left_shoulder": [
		0.5010096430778503,
		0.5111814737319946,
		0.15444381535053253,
		0.9998338222503662
	],
	"left_elbow": [
		0.6772862672805786,
		0.5042822957038879,
		0.2510457932949066,
		0.9970369935035706
	],
	"left_wrist": [
		0.7772976160049438,
		0.5339872241020203,
		0.11608697474002838,
		0.9982383847236633
	],
	"right_shoulder": [
		0.28401705622673035,
		0.5502752065658569,
		-0.3478243947029114,
		0.9998424649238586
	],
	"right_elbow": [
		0.09638714045286179,
		0.595789909362793,
		-0.7585016489028931,
		0.9980354309082031
	],
	"right_wrist": [
		0.24681627750396729,
		0.41543343663215637,
		-1.0856454372406006,
		0.9964723587036133
	],
	"nose": [
		0.4865073263645172,
		0.30675002932548523,
		-0.2754666805267334,
		0.9999904036521912
	],
	"left_eye": [
		0.4728298783302307,
		0.26145264506340027,
		-0.22283585369586945,
		0.9999723434448242
	],
	"right_eye": [
		0.46129170060157776,
		0.26526597142219543,
		-0.2850971221923828,
		0.9999900460243225
	],
	"left_ear": [
		0.4377165734767914,
		0.2872176468372345,
		0.004870788659900427,
		0.9999809861183167
	],
	"right_ear": [
		0.41106605529785156,
		0.30127087235450745,
		-0.27547192573547363,
		0.9999934434890747
	]
}