{
	"left_hip": [
		0.4837227761745453,
		1.1908224821090698,
		0.10213557630777359,
		0.3854827582836151
	],
	"left_knee": [
		0.5067375302314758,
		1.6888467073440552,
		0.14731253683567047,
		0.014475682750344276
	],
	"left_ankle": [
		0.5059882402420044,
		2.1362521648406982,
		0.47205305099487305,
		0.000851909164339304
	],
	"right_hip": [
		0.3494258522987366,
		1.2284886837005615,
		-0.10105471312999725,
		0.369486004114151
	],
	"right_knee": [
		0.3642142117023468,
		1.7247446775436401,
		-0.07445903867483139,
		0.038859762251377106
	],
	"right_ankle": [
		0.36542192101478577,
		2.2122509479522705,
		0.11871801316738129,
		0.0067529319785535336
	],
	"left_shoulder": [
		0.49948397278785706,
		0.510414183139801,
		0.13995163142681122,
		0.999836802482605
	],
	"left_elbow": [
		0.673675000667572,
		0.5017024874687195,
		0.2764454483985901,
		0.9971387982368469
	],
	"left_wrist": [
		0.7802153825759888,
		0.500270664691925,
		0.2032562792301178,
		0.9982984662055969
	],
	"right_shoulder": [
		0.28262457251548767,
		0.5458816885948181,
		-0.3716847598552704,
		0.9998726844787598
	],
	"right_elbow": [
		0.0961822122335434,
		0.5931889414787292,
		-0.7825304865837097,
		0.998309314250946
	],
	"right_wrist": [
		0.2545533776283264,
		0.4019741117954254,
		-1.0558007955551147,
		0.996832549571991
	],
	"nose": [
		0.4860991835594177,
		0.306763231754303,
		-0.2935607135295868,
		0.9999915361404419
	],
	"left_eye": [
		0.4727844297885895,
		0.26141688227653503,
		-0.24158623814582825,
		0.9999755620956421
	],
	"right_eye": [
		0.46094948053359985,
		0.26525557041168213,
		-0.3031010031700134,
		0.9999914765357971
	],
	"left_ear": [
		0.4379684031009674,
		0.2869855761528015,
		-0.01727132871747017,
		0.9999834895133972
	],
	"right_ear": [
		0.4110128879547119,
		0.30067577958106995,
		-0.2900145649909973,
		0.9999945759773254
	]
}