{
	"left_hip": [
		0.48370662331581116,
		1.191872477531433,
		0.10260462760925293,
		0.40298834443092346
	],
	"left_knee": [
		0.5041316151618958,
		1.6913248300552368,
		0.14343072474002838,
		0.013956048525869846
	],
	"left_ankle": [
		0.5030871033668518,
		2.1412320137023926,
		0.46775102615356445,
		0.0008061575354076922
	],
	"right_hip": [
		0.3489832878112793,
		1.2284044027328491,
		-0.10152989625930786,
		0.3890882730484009
	],
	"right_knee": [
		0.3621872365474701,
		1.727867841720581,
		-0.07303187996149063,
		0.03758091479539871
	],
	"right_ankle": [
		0.36282071471214294,
		2.215686559677124,
		0.11761149019002914,
		0.006348792929202318
	],
	"left_shoulder": [
		0.4990432858467102,
		0.5104272961616516,
		0.1420476883649826,
		0.9998396039009094
	],
	"left_elbow": [
		0.6729816198348999,
		0.5064768195152283,
		0.28235697746276855,
		0.9971634149551392
	],
	"left_wrist": [
		0.7806675434112549,
		0.5023590922355652,
		0.20978288352489471,
		0.9983158111572266
	],
	"right_shoulder": [
		0.2824893295764923,
		0.5444481372833252,
		-0.3702130913734436,
		0.9998819828033447
	],
	"right_elbow": [
		0.09618274867534637,
		0.5920652151107788,
		-0.7762002348899841,
		0.99840247631073
	],
	"right_wrist": [
		0.25551605224609375,
		0.3991967439651489,
		-1.0283985137939453,
		0.9969617128372192
	],
	"nose": [
		0.4859207272529602,
		0.3070220649242401,
		-0.2918134927749634,
		0.9999920129776001
	],
	"left_eye": [
		0.47277793288230896,
		0.2615036964416504,
		-0.2397507131099701,
		0.9999769330024719
	],
	"right_eye": [
		0.46080127358436584,
		0.26531681418418884,
		-0.301200807094574,
		0.9999920129776001
	],
	"left_ear": [
		0.43810778856277466,
		0.2869710624217987,
		-0.01518477313220501,
		0.9999845027923584
	],
	"right_ear": [
		0.41103219985961914,
		0.3005605638027191,
		-0.2887054681777954,
		0.9999949932098389
	]
}