{
	"left_hip": [
		0.4846111238002777,
		1.1927449703216553,
		0.10220227390527725,
		0.38711774349212646
	],
	"left_knee": [
		0.5059565305709839,
		1.6969722509384155,
		0.1391628086566925,
		0.012678361497819424
	],
	"left_ankle": [
		0.5071102976799011,
		2.150738477706909,
		0.4606734812259674,
		0.0007156403153203428
	],
	"right_hip": [
		0.34745365381240845,
		1.2276138067245483,
		-0.10105548053979874,
		0.37876927852630615
	],
	"right_knee": [
		0.3648870289325714,
		1.7322008609771729,
		-0.08038847893476486,
		0.03419921547174454
	],
	"right_ankle": [
		0.3670459985733032,
		2.224557638168335,
		0.10861140489578247,
		0.005544790532439947
	],
	"left_shoulder": [
		0.49826136231422424,
		0.5098979473114014,
		0.14104503393173218,
		0.999826192855835
	],
	"left_elbow": [
		0.672650933265686,
		0.512631893157959,
		0.2706480026245117,
		0.996880829334259
	],
	"left_wrist": [
		0.7743079662322998,
		0.5065551996231079,
		0.1903209388256073,
		0.9980480074882507
	],
	"right_shoulder": [
		0.2817550599575043,
		0.5437948107719421,
		-0.3700835406780243,
		0.9998948574066162
	],
	"right_elbow": [
		0.09619010984897614,
		0.5900406241416931,
		-0.775192141532898,
		0.9985429644584656
	],
	"right_wrist": [
		0.25688108801841736,
		0.39668557047843933,
		-1.022417664527893,
		0.9970542192459106
	],
	"nose": [
		0.4857388138771057,
		0.30745089054107666,
		-0.3093927502632141,
		0.9999920129776001
	],
	"left_eye": [
		0.4727610647678375,
		0.26174306869506836,
		-0.25738054513931274,
		0.9999767541885376
	],
	"right_eye": [
		0.46059542894363403,
		0.26544663310050964,
		-0.317160427570343,
		0.9999922513961792
	],
	"left_ear": [
		0.43821579217910767,
		0.2869964838027954,
		-0.025660088285803795,
		0.999984622001648
	],
	"right_ear": [
		0.4110550284385681,
		0.30051591992378235,
		-0.29128187894821167,
		0.9999953508377075
	]
}