{
	"left_hip": [
		0.4851263463497162,
		1.1829811334609985,
		0.10432553291320801,
		0.328596293926239
	],
	"left_knee": [
		0.5158246755599976,
		1.6912134885787964,
		0.15180906653404236,
		0.008663860149681568
	],
	"left_ankle": [
		0.5208106637001038,
		2.1466474533081055,
		0.49144643545150757,
		0.0004301030421629548
	],
	"right_hip": [
		0.344582200050354,
		1.2198655605316162,
		-0.10294763743877411,
		0.32827842235565186
	],
	"right_knee": [
		0.37650516629219055,
		1.7278650999069214,
		-0.08968335390090942,
		0.022131673991680145
	],
	"right_ankle": [
		0.3780392110347748,
		2.2210805416107178,
		0.10849902778863907,
		0.0031064320355653763
	],
	"left_shoulder": [
		0.4970785081386566,
		0.5103340148925781,
		0.14469799399375916,
		0.9998124837875366
	],
	"left_elbow": [
		0.667840838432312,
		0.5263267755508423,
		0.29051393270492554,
		0.9959749579429626
	],
	"left_wrist": [
		0.7616661787033081,
		0.5314487218856812,
		0.2389569729566574,
		0.9967338442802429
	],
	"right_shoulder": [
		0.2824670374393463,
		0.5425984859466553,
		-0.39339637756347656,
		0.9999235272407532
	],
	"right_elbow": [
		0.0984942689538002,
		0.5768429040908813,
		-0.8020036816596985,
		0.9988320469856262
	],
	"right_wrist": [
		0.25556427240371704,
		0.39858630299568176,
		-1.0466811656951904,
		0.9970090389251709
	],
	"nose": [
		0.4858635365962982,
		0.306389719247818,
		-0.3293878436088562,
		0.9999920725822449
	],
	"left_eye": [
		0.47195377945899963,
		0.26057785749435425,
		-0.2771579921245575,
		0.9999775290489197
	],
	"right_eye": [
		0.4606092572212219,
		0.2642519772052765,
		-0.3377470374107361,
		0.9999929666519165
	],
	"left_ear": [
		0.4376204013824463,
		0.2867894470691681,
		-0.041630811989307404,
		0.9999856352806091
	],
	"right_ear": [
		0.4122479557991028,
		0.29918965697288513,
		-0.3188124895095825,
		0.9999964237213135
	]
}