{
	"left_hip": [
		0.48058828711509705,
		1.1864982843399048,
		0.08001357316970825,
		0.4305916428565979
	],
	"left_knee": [
		0.5032776594161987,
		1.6938977241516113,
		0.08519188314676285,
		0.006576906889677048
	],
	"left_ankle": [
		0.5058590173721313,
		2.159221649169922,
		0.3775778114795685,
		0.0002870031166821718
	],
	"right_hip": [
		0.339417964220047,
		1.2275673151016235,
		-0.07884114235639572,
		0.3963997960090637
	],
	"right_knee": [
		0.36109834909439087,
		1.7308013439178467,
		-0.10648632049560547,
		0.016048213467001915
	],
	"right_ankle": [
		0.36342859268188477,
		2.2242019176483154,
		0.05540776252746582,
		0.0020032490137964487
	],
	"left_shoulder": [
		0.49831971526145935,
		0.514751672744751,
		0.08891482651233673,
		0.9998839497566223
	],
	"left_elbow": [
		0.6777672171592712,
		0.5308853983879089,
		0.1866322159767151,
		0.9977096319198608
	],
	"left_wrist": [
		0.8110336065292358,
		0.5976546406745911,
		0.0609879270195961,
		0.9981884360313416
	],
	"right_shoulder": [
		0.2806776165962219,
		0.5424067974090576,
		-0.3467184007167816,
		0.9999331831932068
	],
	"right_elbow": [
		0.1000538095831871,
		0.5729978084564209,
		-0.7847435474395752,
		0.9987350106239319
	],
	"right_wrist": [
		0.26480451226234436,
		0.3945249617099762,
		-1.145521879196167,
		0.9973403215408325
	],
	"nose": [
		0.48303717374801636,
		0.30803433060646057,
		-0.30090680718421936,
		0.999991238117218
	],
	"left_eye": [
		0.4696238934993744,
		0.2619878053665161,
		-0.24812717735767365,
		0.9999749660491943
	],
	"right_eye": [
		0.45880207419395447,
		0.26583120226860046,
		-0.3033042550086975,
		0.999991238117218
	],
	"left_ear": [
		0.4365733563899994,
		0.28764814138412476,
		-0.03180503845214844,
		0.9999848008155823
	],
	"right_ear": [
		0.4110080301761627,
		0.2993336319923401,
		-0.2757667303085327,
		0.9999948740005493
	]
}