{
	"left_hip": [
		0.4803433418273926,
		1.1884536743164062,
		0.08009414374828339,
		0.430426687002182
	],
	"left_knee": [
		0.5034540891647339,
		1.6969499588012695,
		0.09019285440444946,
		0.006430403329432011
	],
	"left_ankle": [
		0.5062397718429565,
		2.1593499183654785,
		0.37948697805404663,
		0.00027328325086273253
	],
	"right_hip": [
		0.3394072651863098,
		1.228971004486084,
		-0.0789376050233841,
		0.38778746128082275
	],
	"right_knee": [
		0.36077767610549927,
		1.732205867767334,
		-0.10684865713119507,
		0.015230250544846058
	],
	"right_ankle": [
		0.3626493215560913,
		2.2241809368133545,
		0.05637015774846077,
		0.0018858673283830285
	],
	"left_shoulder": [
		0.498678594827652,
		0.517517626285553,
		0.09216813743114471,
		0.9998939037322998
	],
	"left_elbow": [
		0.678667426109314,
		0.5406128764152527,
		0.19233134388923645,
		0.9978971481323242
	],
	"left_wrist": [
		0.8267787098884583,
		0.6089893579483032,
		0.048363588750362396,
		0.9983533620834351
	],
	"right_shoulder": [
		0.28128522634506226,
		0.5432091355323792,
		-0.3463253974914551,
		0.9999305009841919
	],
	"right_elbow": [
		0.10015903413295746,
		0.5727210640907288,
		-0.7840615510940552,
		0.9984462857246399
	],
	"right_wrist": [
		0.26496127247810364,
		0.3945028781890869,
		-1.1525838375091553,
		0.9972549676895142
	],
	"nose": [
		0.48384028673171997,
		0.3096295893192291,
		-0.2832745313644409,
		0.999991774559021
	],
	"left_eye": [
		0.46994417905807495,
		0.26278582215309143,
		-0.22951500117778778,
		0.9999765157699585
	],
	"right_eye": [
		0.4595232903957367,
		0.2667548656463623,
		-0.2877904176712036,
		0.9999915957450867
	],
	"left_ear": [
		0.436743825674057,
		0.2880401611328125,
		-0.012682083062827587,
		0.9999858140945435
	],
	"right_ear": [
		0.41241002082824707,
		0.2994596064090729,
		-0.27176451683044434,
		0.9999949932098389
	]
}