{
	"left_hip": [
		0.4793705940246582,
		1.188596248626709,
		0.08031800389289856,
		0.41963818669319153
	],
	"left_knee": [
		0.5035949945449829,
		1.6992042064666748,
		0.08653036504983902,
		0.006590478587895632
	],
	"left_ankle": [
		0.5065237283706665,
		2.1610803604125977,
		0.3597518801689148,
		0.0002725801314227283
	],
	"right_hip": [
		0.3394128680229187,
		1.229175329208374,
		-0.07913567870855331,
		0.37137725949287415
	],
	"right_knee": [
		0.36093491315841675,
		1.7338244915008545,
		-0.11896791309118271,
		0.015177258290350437
	],
	"right_ankle": [
		0.36276400089263916,
		2.2295889854431152,
		0.01868070289492607,
		0.001878503942862153
	],
	"left_shoulder": [
		0.4984486997127533,
		0.5195578932762146,
		0.10283952951431274,
		0.9999023079872131
	],
	"left_elbow": [
		0.6726929545402527,
		0.5578175187110901,
		0.19666676223278046,
		0.9980514645576477
	],
	"left_wrist": [
		0.8213898539543152,
		0.6178611516952515,
		0.05484475940465927,
		0.9984936714172363
	],
	"right_shoulder": [
		0.28191715478897095,
		0.5431099534034729,
		-0.34991440176963806,
		0.9999252557754517
	],
	"right_elbow": [
		0.10052718222141266,
		0.5716575384140015,
		-0.7876694798469543,
		0.9982059597969055
	],
	"right_wrist": [
		0.2666541635990143,
		0.39239805936813354,
		-1.1637232303619385,
		0.9971776604652405
	],
	"nose": [
		0.48345017433166504,
		0.3098360300064087,
		-0.27537092566490173,
		0.9999921321868896
	],
	"left_eye": [
		0.46949663758277893,
		0.2630058526992798,
		-0.22219789028167725,
		0.9999775886535645
	],
	"right_eye": [
		0.4587862491607666,
		0.2670748233795166,
		-0.2826288342475891,
		0.9999917149543762
	],
	"left_ear": [
		0.4367225766181946,
		0.28857189416885376,
		-0.005257905460894108,
		0.9999865293502808
	],
	"right_ear": [
		0.4120471477508545,
		0.2997603118419647,
		-0.2734125852584839,
		0.9999948740005493
	]
}