{
	"left_hip": [
		0.4862731099128723,
		1.2070316076278687,
		0.09162874519824982,
		0.36718812584877014
	],
	"left_knee": [
		0.527671217918396,
		1.7191816568374634,
		0.12236573547124863,
		0.007476390339434147
	],
	"left_ankle": [
		0.5212869644165039,
		2.200329303741455,
		0.46598443388938904,
		0.0002614448603708297
	],
	"right_hip": [
		0.3439245820045471,
		1.2457703351974487,
		-0.09028727561235428,
		0.3011229634284973
	],
	"right_knee": [
		0.37605127692222595,
		1.7643955945968628,
		-0.08347240090370178,
		0.014201758429408073
	],
	"right_ankle": [
		0.3757416903972626,
		2.2717437744140625,
		0.11407501995563507,
		0.0015528904041275382
	],
	"left_shoulder": [
		0.4938565194606781,
		0.5412543416023254,
		0.09573352336883545,
		0.9999420046806335
	],
	"left_elbow": [
		0.6534837484359741,
		0.6517906785011292,
		0.26038700342178345,
		0.9983630776405334
	],
	"left_wrist": [
		0.801740288734436,
		0.7571097612380981,
		0.1556357890367508,
		0.9989826679229736
	],
	"right_shoulder": [
		0.2819492220878601,
		0.5439352989196777,
		-0.3945451080799103,
		0.9999188780784607
	],
	"right_elbow": [
		0.10835810005664825,
		0.5519499778747559,
		-0.8539328575134277,
		0.9976887106895447
	],
	"right_wrist": [
		0.29209330677986145,
		0.38593441247940063,
		-1.2185688018798828,
		0.9972113966941833
	],
	"nose": [
		0.4851173758506775,
		0.3245273232460022,
		-0.31199508905410767,
		0.9999913573265076
	],
	"left_eye": [
		0.47160226106643677,
		0.2742311358451843,
		-0.26427969336509705,
		0.9999773502349854
	],
	"right_eye": [
		0.45996183156967163,
		0.2793339192867279,
		-0.326668918132782,
		0.9999887347221375
	],
	"left_ear": [
		0.43852099776268005,
		0.2977477014064789,
		-0.04424580931663513,
		0.9999875426292419
	],
	"right_ear": [
		0.4123292863368988,
		0.3084494471549988,
		-0.32400959730148315,
		0.9999916553497314
	]
}