{
	"left_hip": [
		0.516398012638092,
		1.1919785737991333,
		0.04688755422830582,
		0.26908817887306213
	],
	"left_knee": [
		0.5299317836761475,
		1.6863293647766113,
		-0.03757955878973007,
		0.01031965296715498
	],
	"left_ankle": [
		0.5348377823829651,
		2.173964262008667,
		0.21698038280010223,
		0.0006581727648153901
	],
	"right_hip": [
		0.3765186667442322,
		1.213890552520752,
		-0.04577017202973366,
		0.27212536334991455
	],
	"right_knee": [
		0.3908112645149231,
		1.7242344617843628,
		-0.07446007430553436,
		0.016562405973672867
	],
	"right_ankle": [
		0.3972799479961395,
		2.2018442153930664,
		0.07953689992427826,
		0.0013382903998717666
	],
	"left_shoulder": [
		0.48660406470298767,
		0.5617604851722717,
		0.13933086395263672,
		0.999783456325531
	],
	"left_elbow": [
		0.5099542737007141,
		0.8654202818870544,
		0.41035348176956177,
		0.8866640329360962
	],
	"left_wrist": [
		0.5935244560241699,
		1.0368229150772095,
		0.552078366279602,
		0.6760997772216797
	],
	"right_shoulder": [
		0.3080940842628479,
		0.5257957577705383,
		-0.22058208286762238,
		0.9999558329582214
	],
	"right_elbow": [
		0.14889776706695557,
		0.5038177371025085,
		-0.6041613817214966,
		0.9988923668861389
	],
	"right_wrist": [
		0.32762017846107483,
		0.3481177091598511,
		-0.7994595170021057,
		0.9924440383911133
	],
	"nose": [
		0.4974426329135895,
		0.332367479801178,
		-0.27208754420280457,
		0.9999582171440125
	],
	"left_eye": [
		0.4913722574710846,
		0.28841593861579895,
		-0.22823163866996765,
		0.9999226331710815
	],
	"right_eye": [
		0.47385960817337036,
		0.2870422303676605,
		-0.2728615403175354,
		0.9999619722366333
	],
	"left_ear": [
		0.46681007742881775,
		0.3038215935230255,
		0.01231818925589323,
		0.999954342842102
	],
	"right_ear": [
		0.4221467077732086,
		0.30829158425331116,
		-0.19542746245861053,
		0.9999856948852539
	]
}