{
	"left_hip": [
		0.5113766193389893,
		1.1835649013519287,
		0.05979607254266739,
		0.2854641377925873
	],
	"left_knee": [
		0.5275406241416931,
		1.6510441303253174,
		0.003383514704182744,
		0.020939504727721214
	],
	"left_ankle": [
		0.5334039926528931,
		2.11458683013916,
		0.18749162554740906,
		0.0012602598872035742
	],
	"right_hip": [
		0.37970325350761414,
		1.2127330303192139,
		-0.05897752195596695,
		0.3121068775653839
	],
	"right_knee": [
		0.3946448266506195,
		1.7079839706420898,
		-0.08602019399404526,
		0.03824714198708534
	],
	"right_ankle": [
		0.4048098027706146,
		2.169776678085327,
		-0.008980600163340569,
		0.003535423893481493
	],
	"left_shoulder": [
		0.4769582748413086,
		0.5490898489952087,
		0.2264244556427002,
		0.997272253036499
	],
	"left_elbow": [
		0.5023189783096313,
		0.5473920702934265,
		0.5040289759635925,
		0.8353185653686523
	],
	"left_wrist": [
		0.4751097559928894,
		0.43001964688301086,
		0.8080628514289856,
		0.6007405519485474
	],
	"right_shoulder": [
		0.31826919317245483,
		0.5246930122375488,
		-0.16285568475723267,
		0.999843955039978
	],
	"right_elbow": [
		0.16684836149215698,
		0.49363669753074646,
		-0.4049610197544098,
		0.9991142153739929
	],
	"right_wrist": [
		0.3373681902885437,
		0.3438599705696106,
		-0.26864543557167053,
		0.9887358546257019
	],
	"nose": [
		0.4983847737312317,
		0.33825093507766724,
		-0.16899076104164124,
		0.9998615980148315
	],
	"left_eye": [
		0.49402689933776855,
		0.2951587736606598,
		-0.12107263505458832,
		0.9997595548629761
	],
	"right_eye": [
		0.4742000997066498,
		0.29241397976875305,
		-0.17448070645332336,
		0.9999040365219116
	],
	"left_ear": [
		0.47137266397476196,
		0.3066345155239105,
		0.1016031950712204,
		0.9998632073402405
	],
	"right_ear": [
		0.4233759343624115,
		0.3085956573486328,
		-0.14126639068126678,
		0.9999733567237854
	]
}