{
	"left_hip": [
		0.489370197057724,
		1.184383749961853,
		0.09304624795913696,
		0.1918347179889679
	],
	"left_knee": [
		0.49273481965065,
		1.6681581735610962,
		0.07207439839839935,
		0.012775358743965626
	],
	"left_ankle": [
		0.49975210428237915,
		2.1069912910461426,
		0.3016863465309143,
		0.0014285652432590723
	],
	"right_hip": [
		0.3654312193393707,
		1.2011455297470093,
		-0.09145086258649826,
		0.23497772216796875
	],
	"right_knee": [
		0.3619441092014313,
		1.691124677658081,
		-0.08573468029499054,
		0.02869783714413643
	],
	"right_ankle": [
		0.36734259128570557,
		2.138866901397705,
		0.03639410808682442,
		0.0023761179763823748
	],
	"left_shoulder": [
		0.4883059561252594,
		0.581895112991333,
		0.12518855929374695,
		0.9966766238212585
	],
	"left_elbow": [
		0.5164692401885986,
		0.8732931613922119,
		0.2795995771884918,
		0.39560145139694214
	],
	"left_wrist": [
		0.5602781176567078,
		1.0844881534576416,
		0.1867370903491974,
		0.29107606410980225
	],
	"right_shoulder": [
		0.3185509443283081,
		0.5570929050445557,
		-0.31089529395103455,
		0.9998735189437866
	],
	"right_elbow": [
		0.28544068336486816,
		0.9116054773330688,
		-0.36327868700027466,
		0.9827670454978943
	],
	"right_wrist": [
		0.3610296845436096,
		1.1433452367782593,
		-0.4665355086326599,
		0.8921036720275879
	],
	"nose": [
		0.4845668375492096,
		0.3589266538619995,
		-0.2871948480606079,
		0.9997122883796692
	],
	"left_eye": [
		0.48793530464172363,
		0.3179537057876587,
		-0.25357866287231445,
		0.9995369911193848
	],
	"right_eye": [
		0.45750656723976135,
		0.3118892014026642,
		-0.3022848963737488,
		0.9998247027397156
	],
	"left_ear": [
		0.47700777649879456,
		0.3315904438495636,
		-0.053705401718616486,
		0.9993654489517212
	],
	"right_ear": [
		0.4117695689201355,
		0.32354509830474854,
		-0.2739827036857605,
		0.9999241828918457
	]
}