{
	"left_hip": [
		0.4914943277835846,
		1.1844574213027954,
		0.09222397953271866,
		0.16695421934127808
	],
	"left_knee": [
		0.4997544288635254,
		1.6675617694854736,
		0.062406908720731735,
		0.0111585957929492
	],
	"left_ankle": [
		0.509795606136322,
		2.1154160499572754,
		0.3022725284099579,
		0.001272615510970354
	],
	"right_hip": [
		0.36344239115715027,
		1.2014838457107544,
		-0.09058729559183121,
		0.20097920298576355
	],
	"right_knee": [
		0.36373111605644226,
		1.691388726234436,
		-0.09921357780694962,
		0.024521542713046074
	],
	"right_ankle": [
		0.3706841468811035,
		2.1464145183563232,
		0.02794327773153782,
		0.002062030602246523
	],
	"left_shoulder": [
		0.48957332968711853,
		0.5841405391693115,
		0.14678169786930084,
		0.9970777034759521
	],
	"left_elbow": [
		0.5407646894454956,
		0.8541046380996704,
		0.29795530438423157,
		0.42425262928009033
	],
	"left_wrist": [
		0.6109158396720886,
		1.0642319917678833,
		0.22410233318805695,
		0.31172996759414673
	],
	"right_shoulder": [
		0.31886154413223267,
		0.5522102117538452,
		-0.31653445959091187,
		0.9998591542243958
	],
	"right_elbow": [
		0.3004179000854492,
		0.9055209159851074,
		-0.4148845672607422,
		0.9741673469543457
	],
	"right_wrist": [
		0.3607563376426697,
		1.1514124870300293,
		-0.5712321996688843,
		0.8743969202041626
	],
	"nose": [
		0.48279863595962524,
		0.35541287064552307,
		-0.2855127453804016,
		0.9997357130050659
	],
	"left_eye": [
		0.48526591062545776,
		0.314040869474411,
		-0.24935874342918396,
		0.9995700120925903
	],
	"right_eye": [
		0.455472469329834,
		0.3092535436153412,
		-0.29947930574417114,
		0.999832034111023
	],
	"left_ear": [
		0.4740142226219177,
		0.32996058464050293,
		-0.0462905615568161,
		0.9993992447853088
	],
	"right_ear": [
		0.40968069434165955,
		0.32311609387397766,
		-0.2690451145172119,
		0.9999231696128845
	]
}