{
	"left_hip": [
		0.49120014905929565,
		1.18426513671875,
		0.08545928448438644,
		0.14398682117462158
	],
	"left_knee": [
		0.5020758509635925,
		1.6658220291137695,
		0.05183219909667969,
		0.00929216668009758
	],
	"left_ankle": [
		0.5135620832443237,
		2.115481376647949,
		0.2820996642112732,
		0.001075581181794405
	],
	"right_hip": [
		0.36060473322868347,
		1.2004165649414062,
		-0.0838632732629776,
		0.16549348831176758
	],
	"right_knee": [
		0.3693462908267975,
		1.68946373462677,
		-0.1017560213804245,
		0.01954897865653038
	],
	"right_ankle": [
		0.376125693321228,
		2.145282745361328,
		0.012890133075416088,
		0.001689256401732564
	],
	"left_shoulder": [
		0.4895053803920746,
		0.5850202441215515,
		0.13476897776126862,
		0.9976655840873718
	],
	"left_elbow": [
		0.5499233603477478,
		0.8435314893722534,
		0.282442569732666,
		0.47128862142562866
	],
	"left_wrist": [
		0.6139160394668579,
		1.0616421699523926,
		0.20207586884498596,
		0.3296421766281128
	],
	"right_shoulder": [
		0.31807175278663635,
		0.5493549108505249,
		-0.2934829294681549,
		0.999843418598175
	],
	"right_elbow": [
		0.3090627193450928,
		0.8875251412391663,
		-0.38637521862983704,
		0.9611632823944092
	],
	"right_wrist": [
		0.3551328480243683,
		1.1485062837600708,
		-0.5371004343032837,
		0.8286285400390625
	],
	"nose": [
		0.4796666204929352,
		0.35616588592529297,
		-0.2840743660926819,
		0.9997797608375549
	],
	"left_eye": [
		0.4827359616756439,
		0.3146790862083435,
		-0.24738922715187073,
		0.9996404647827148
	],
	"right_eye": [
		0.4522104263305664,
		0.3094581961631775,
		-0.29486677050590515,
		0.9998528361320496
	],
	"left_ear": [
		0.47016143798828125,
		0.3303753435611725,
		-0.04108162596821785,
		0.9994984865188599
	],
	"right_ear": [
		0.4062080383300781,
		0.323150634765625,
		-0.24966749548912048,
		0.9999281167984009
	]
}