{
	"left_hip": [
		0.4810921549797058,
		1.1773868799209595,
		0.07048153132200241,
		0.07353764772415161
	],
	"left_knee": [
		0.48409977555274963,
		1.6800508499145508,
		0.034033115953207016,
		0.005534338764846325
	],
	"left_ankle": [
		0.4882533550262451,
		2.1374166011810303,
		0.30309027433395386,
		0.0007460316410288215
	],
	"right_hip": [
		0.3434704542160034,
		1.178602695465088,
		-0.06877915561199188,
		0.07821893692016602
	],
	"right_knee": [
		0.3486495018005371,
		1.6927788257598877,
		-0.08491385728120804,
		0.009743367321789265
	],
	"right_ankle": [
		0.3525126874446869,
		2.1670851707458496,
		0.031489308923482895,
		0.0010454239090904593
	],
	"left_shoulder": [
		0.4933417737483978,
		0.5907787680625916,
		0.11447884887456894,
		0.998863160610199
	],
	"left_elbow": [
		0.5311194658279419,
		0.8789487481117249,
		0.29282405972480774,
		0.4672962725162506
	],
	"left_wrist": [
		0.5880263447761536,
		1.0654865503311157,
		0.18397629261016846,
		0.21228563785552979
	],
	"right_shoulder": [
		0.32161396741867065,
		0.5422495007514954,
		-0.23325678706169128,
		0.9998852610588074
	],
	"right_elbow": [
		0.2133079320192337,
		0.8404068946838379,
		-0.2839297354221344,
		0.9622122049331665
	],
	"right_wrist": [
		0.3149218261241913,
		1.0834537744522095,
		-0.44541725516319275,
		0.7544265985488892
	],
	"nose": [
		0.47792330384254456,
		0.38014575839042664,
		-0.32235264778137207,
		0.9998664855957031
	],
	"left_eye": [
		0.48877444863319397,
		0.3417133092880249,
		-0.28920823335647583,
		0.9997696280479431
	],
	"right_eye": [
		0.4539318084716797,
		0.3347042202949524,
		-0.330293744802475,
		0.9998952150344849
	],
	"left_ear": [
		0.48475947976112366,
		0.3512275516986847,
		-0.07947854697704315,
		0.9996601343154907
	],
	"right_ear": [
		0.4135764241218567,
		0.3358871042728424,
		-0.2311517894268036,
		0.9999495148658752
	]
}