{
	"left_hip": [
		0.47943782806396484,
		1.1781193017959595,
		0.07350163161754608,
		0.06939247995615005
	],
	"left_knee": [
		0.48201900720596313,
		1.6801424026489258,
		0.03745625168085098,
		0.005126772914081812
	],
	"left_ankle": [
		0.48421746492385864,
		2.137232780456543,
		0.315685898065567,
		0.000697576382663101
	],
	"right_hip": [
		0.34124115109443665,
		1.178681492805481,
		-0.07178975641727448,
		0.0749082863330841
	],
	"right_knee": [
		0.34605878591537476,
		1.6939971446990967,
		-0.08486969769001007,
		0.009107837453484535
	],
	"right_ankle": [
		0.3491923213005066,
		2.167141914367676,
		0.03851214423775673,
		0.0009851630311459303
	],
	"left_shoulder": [
		0.49288687109947205,
		0.5920343995094299,
		0.11976144462823868,
		0.9988706111907959
	],
	"left_elbow": [
		0.5304538011550903,
		0.8785713315010071,
		0.31440919637680054,
		0.46149346232414246
	],
	"left_wrist": [
		0.5878881812095642,
		1.0643137693405151,
		0.22991351783275604,
		0.20750516653060913
	],
	"right_shoulder": [
		0.3214157223701477,
		0.5419425368309021,
		-0.23683102428913116,
		0.9998940229415894
	],
	"right_elbow": [
		0.20915642380714417,
		0.8357199430465698,
		-0.3194967806339264,
		0.9644884467124939
	],
	"right_wrist": [
		0.31060782074928284,
		1.0769566297531128,
		-0.5157893300056458,
		0.7659715414047241
	],
	"nose": [
		0.47735562920570374,
		0.38092732429504395,
		-0.3220154941082001,
		0.999870777130127
	],
	"left_eye": [
		0.48873457312583923,
		0.34266233444213867,
		-0.28758504986763,
		0.9997744560241699
	],
	"right_eye": [
		0.4534487724304199,
		0.33545637130737305,
		-0.32693374156951904,
		0.9998992681503296
	],
	"left_ear": [
		0.4848600924015045,
		0.35254183411598206,
		-0.07631706446409225,
		0.9996688365936279
	],
	"right_ear": [
		0.4134255051612854,
		0.33648213744163513,
		-0.23278625309467316,
		0.9999523758888245
	]
}