{
	"left_hip": [
		0.4774381220340729,
		1.184719443321228,
		0.0733807235956192,
		0.05842507630586624
	],
	"left_knee": [
		0.47756338119506836,
		1.6833406686782837,
		0.041289158165454865,
		0.0041334787383675575
	],
	"left_ankle": [
		0.47868436574935913,
		2.141505479812622,
		0.3165341317653656,
		0.0005977028631605208
	],
	"right_hip": [
		0.3390273451805115,
		1.182700276374817,
		-0.07171929627656937,
		0.0662236288189888
	],
	"right_knee": [
		0.3414715826511383,
		1.7002677917480469,
		-0.07876209914684296,
		0.008064264431595802
	],
	"right_ankle": [
		0.34270328283309937,
		2.169687271118164,
		0.04013136029243469,
		0.0008696967852301896
	],
	"left_shoulder": [
		0.49013441801071167,
		0.5907326340675354,
		0.11732600629329681,
		0.9990255832672119
	],
	"left_elbow": [
		0.5295040011405945,
		0.8678549528121948,
		0.34056398272514343,
		0.468000590801239
	],
	"left_wrist": [
		0.6001627445220947,
		1.0487691164016724,
		0.296767920255661,
		0.19151435792446136
	],
	"right_shoulder": [
		0.3208901286125183,
		0.5408379435539246,
		-0.2375963032245636,
		0.9999238848686218
	],
	"right_elbow": [
		0.1925969272851944,
		0.8124647736549377,
		-0.34191423654556274,
		0.9720346927642822
	],
	"right_wrist": [
		0.28466254472732544,
		1.0606054067611694,
		-0.5312041640281677,
		0.7975300550460815
	],
	"nose": [
		0.4740174412727356,
		0.3869945704936981,
		-0.33210936188697815,
		0.9998986124992371
	],
	"left_eye": [
		0.4874745011329651,
		0.348562628030777,
		-0.29715555906295776,
		0.9998169541358948
	],
	"right_eye": [
		0.45054569840431213,
		0.340962678194046,
		-0.33127400279045105,
		0.9999215602874756
	],
	"left_ear": [
		0.48457255959510803,
		0.35738077759742737,
		-0.07716701179742813,
		0.999736487865448
	],
	"right_ear": [
		0.41155290603637695,
		0.34028294682502747,
		-0.23098687827587128,
		0.9999644756317139
	]
}