{
	"left_hip": [
		0.47564610838890076,
		1.185271143913269,
		0.07339533418416977,
		0.05548003315925598
	],
	"left_knee": [
		0.47647953033447266,
		1.6833686828613281,
		0.04098445177078247,
		0.003886648453772068
	],
	"left_ankle": [
		0.4766623377799988,
		2.143195390701294,
		0.31562384963035583,
		0.0005670966929756105
	],
	"right_hip": [
		0.3366949260234833,
		1.182878017425537,
		-0.07173265516757965,
		0.0630318745970726
	],
	"right_knee": [
		0.339557021856308,
		1.7000701427459717,
		-0.08224880695343018,
		0.007615015842020512
	],
	"right_ankle": [
		0.3398667275905609,
		2.1701037883758545,
		0.035580143332481384,
		0.0008233751868829131
	],
	"left_shoulder": [
		0.4900716245174408,
		0.5908591747283936,
		0.11601930856704712,
		0.9990836977958679
	],
	"left_elbow": [
		0.531119704246521,
		0.8678943514823914,
		0.3346276581287384,
		0.4800560176372528
	],
	"left_wrist": [
		0.6042838096618652,
		1.0487968921661377,
		0.2807667851448059,
		0.19458289444446564
	],
	"right_shoulder": [
		0.3187750279903412,
		0.5412065982818604,
		-0.23646041750907898,
		0.9999291300773621
	],
	"right_elbow": [
		0.19285210967063904,
		0.8088077306747437,
		-0.3477753698825836,
		0.9725985527038574
	],
	"right_wrist": [
		0.2809019684791565,
		1.0550113916397095,
		-0.5760055184364319,
		0.79710453748703
	],
	"nose": [
		0.47376400232315063,
		0.3886444568634033,
		-0.33163344860076904,
		0.9999052286148071
	],
	"left_eye": [
		0.48728102445602417,
		0.35002821683883667,
		-0.2959546744823456,
		0.9998287558555603
	],
	"right_eye": [
		0.4504334032535553,
		0.3421216309070587,
		-0.33082103729248047,
		0.9999265670776367
	],
	"left_ear": [
		0.484353244304657,
		0.35884130001068115,
		-0.07681924849748611,
		0.9997553825378418
	],
	"right_ear": [
		0.4113120138645172,
		0.34129688143730164,
		-0.2316972017288208,
		0.9999669790267944
	]
}