{
	"left_hip": [
		0.4748772084712982,
		1.1716395616531372,
		0.06721861660480499,
		0.10832864791154861
	],
	"left_knee": [
		0.476947546005249,
		1.6454079151153564,
		0.052943866699934006,
		0.0022005445789545774
	],
	"left_ankle": [
		0.47374430298805237,
		2.098918914794922,
		0.308340847492218,
		0.00032559153623878956
	],
	"right_hip": [
		0.334148645401001,
		1.1718655824661255,
		-0.06583519279956818,
		0.12215117365121841
	],
	"right_knee": [
		0.33976030349731445,
		1.6541837453842163,
		-0.08867036551237106,
		0.004498824942857027
	],
	"right_ankle": [
		0.3405856490135193,
		2.1185691356658936,
		0.033531103283166885,
		0.0004017300088889897
	],
	"left_shoulder": [
		0.4880932867527008,
		0.599220335483551,
		0.08429886400699615,
		0.9996627569198608
	],
	"left_elbow": [
		0.5477179884910583,
		0.8728938698768616,
		0.24107658863067627,
		0.6618022918701172
	],
	"left_wrist": [
		0.61430424451828,
		1.0509594678878784,
		0.13038824498653412,
		0.4694927930831909
	],
	"right_shoulder": [
		0.3077128529548645,
		0.5393756628036499,
		-0.20368222892284393,
		0.999975323677063
	],
	"right_elbow": [
		0.1621202826499939,
		0.7309138178825378,
		-0.5717605948448181,
		0.9868896007537842
	],
	"right_wrist": [
		0.29711487889289856,
		0.7139317989349365,
		-1.0274968147277832,
		0.9037370085716248
	],
	"nose": [
		0.46836262941360474,
		0.39186856150627136,
		-0.3541259169578552,
		0.9999654293060303
	],
	"left_eye": [
		0.4809397757053375,
		0.3536844253540039,
		-0.3162554204463959,
		0.9999364614486694
	],
	"right_eye": [
		0.4446168541908264,
		0.3438798487186432,
		-0.34053152799606323,
		0.9999732375144958
	],
	"left_ear": [
		0.475536972284317,
		0.3626077175140381,
		-0.07928012311458588,
		0.9999154806137085
	],
	"right_ear": [
		0.4051338732242584,
		0.3428547978401184,
		-0.211686372756958,
		0.9999891519546509
	]
}