{
	"left_hip": [
		0.47487926483154297,
		1.1665894985198975,
		0.05645196512341499,
		0.12187594175338745
	],
	"left_knee": [
		0.47675997018814087,
		1.6453825235366821,
		0.01976091042160988,
		0.002003501867875457
	],
	"left_ankle": [
		0.469984233379364,
		2.103238821029663,
		0.2840089499950409,
		0.00028343332814984024
	],
	"right_hip": [
		0.3334094285964966,
		1.1709808111190796,
		-0.055055100470781326,
		0.1375824511051178
	],
	"right_knee": [
		0.336751788854599,
		1.6551436185836792,
		-0.11403433978557587,
		0.003820131067186594
	],
	"right_ankle": [
		0.3371557593345642,
		2.1192731857299805,
		0.005986168049275875,
		0.0003276738279964775
	],
	"left_shoulder": [
		0.48923397064208984,
		0.5992693305015564,
		0.08060664683580399,
		0.9997182488441467
	],
	"left_elbow": [
		0.5503257513046265,
		0.8731138110160828,
		0.22772209346294403,
		0.7374643087387085
	],
	"left_wrist": [
		0.6126464605331421,
		1.0504225492477417,
		0.13051852583885193,
		0.5754921436309814
	],
	"right_shoulder": [
		0.3033299446105957,
		0.5410420298576355,
		-0.2087230235338211,
		0.9999781847000122
	],
	"right_elbow": [
		0.15603387355804443,
		0.7255788445472717,
		-0.602494478225708,
		0.990136444568634
	],
	"right_wrist": [
		0.29997482895851135,
		0.5924075841903687,
		-0.9926267862319946,
		0.929301381111145
	],
	"nose": [
		0.46962952613830566,
		0.3918813169002533,
		-0.39245957136154175,
		0.9999701976776123
	],
	"left_eye": [
		0.48158106207847595,
		0.3538174629211426,
		-0.3426509499549866,
		0.9999428391456604
	],
	"right_eye": [
		0.44793400168418884,
		0.343054860830307,
		-0.3730590343475342,
		0.9999762773513794
	],
	"left_ear": [
		0.4755498766899109,
		0.362666517496109,
		-0.07232356071472168,
		0.999925434589386
	],
	"right_ear": [
		0.4067402482032776,
		0.33943256735801697,
		-0.2134072333574295,
		0.9999904036521912
	]
}