{
	"left_hip": [
		0.47680777311325073,
		1.1649534702301025,
		0.05065898224711418,
		0.15366055071353912
	],
	"left_knee": [
		0.4774963855743408,
		1.639551043510437,
		0.05687282606959343,
		0.002123178681358695
	],
	"left_ankle": [
		0.47059059143066406,
		2.0924606323242188,
		0.34421876072883606,
		0.0002955716918222606
	],
	"right_hip": [
		0.33337733149528503,
		1.1712214946746826,
		-0.04948311299085617,
		0.1741548478603363
	],
	"right_knee": [
		0.3364104628562927,
		1.6537343263626099,
		-0.08051718771457672,
		0.003703206079080701
	],
	"right_ankle": [
		0.3372487425804138,
		2.112105131149292,
		0.06936944276094437,
		0.00032737149740569293
	],
	"left_shoulder": [
		0.4925191402435303,
		0.5973367094993591,
		0.0676325261592865,
		0.999774694442749
	],
	"left_elbow": [
		0.5525485873222351,
		0.8656479716300964,
		0.22155627608299255,
		0.8152565360069275
	],
	"left_wrist": [
		0.6137497425079346,
		1.0603830814361572,
		0.1598038226366043,
		0.6703200340270996
	],
	"right_shoulder": [
		0.30566662549972534,
		0.5404894351959229,
		-0.22594904899597168,
		0.9999811053276062
	],
	"right_elbow": [
		0.15788964927196503,
		0.7141625285148621,
		-0.6360705494880676,
		0.9932823181152344
	],
	"right_wrist": [
		0.3303340673446655,
		0.5979532599449158,
		-0.997665524482727,
		0.9528172612190247
	],
	"nose": [
		0.47090521454811096,
		0.39578983187675476,
		-0.425495445728302,
		0.9999711513519287
	],
	"left_eye": [
		0.4832398295402527,
		0.3584234118461609,
		-0.3798339068889618,
		0.9999385476112366
	],
	"right_eye": [
		0.4500485062599182,
		0.34389835596084595,
		-0.4087778627872467,
		0.99997478723526
	],
	"left_ear": [
		0.47805339097976685,
		0.3645223081111908,
		-0.10563717782497406,
		0.9999229311943054
	],
	"right_ear": [
		0.4112781882286072,
		0.33933061361312866,
		-0.2441515028476715,
		0.9999895691871643
	]
}