{
	"left_hip": [
		0.48206764459609985,
		1.15956711769104,
		0.05986494943499565,
		0.20457406342029572
	],
	"left_knee": [
		0.48179906606674194,
		1.6226820945739746,
		0.03170109540224075,
		0.0023137321695685387
	],
	"left_ankle": [
		0.47551313042640686,
		2.072876214981079,
		0.25230464339256287,
		0.00033388248994015157
	],
	"right_hip": [
		0.3374011218547821,
		1.1650184392929077,
		-0.058264367282390594,
		0.23023292422294617
	],
	"right_knee": [
		0.3396582007408142,
		1.6361193656921387,
		-0.11371300369501114,
		0.003795167664065957
	],
	"right_ankle": [
		0.3428080081939697,
		2.0822975635528564,
		-0.012485628016293049,
		0.00029434903990477324
	],
	"left_shoulder": [
		0.49513834714889526,
		0.5951821208000183,
		0.09454570710659027,
		0.9998266100883484
	],
	"left_elbow": [
		0.547700047492981,
		0.863533079624176,
		0.2128075361251831,
		0.8562250733375549
	],
	"left_wrist": [
		0.6127052903175354,
		1.040066123008728,
		0.05729193240404129,
		0.7437553405761719
	],
	"right_shoulder": [
		0.30941301584243774,
		0.5340628623962402,
		-0.20406420528888702,
		0.9999842643737793
	],
	"right_elbow": [
		0.16811126470565796,
		0.7523614168167114,
		-0.5250694155693054,
		0.994971513748169
	],
	"right_wrist": [
		0.3487616181373596,
		0.778097927570343,
		-0.8968451619148254,
		0.9679096937179565
	],
	"nose": [
		0.4802362024784088,
		0.39447033405303955,
		-0.31197625398635864,
		0.9999739527702332
	],
	"left_eye": [
		0.4898596405982971,
		0.35661229491233826,
		-0.2723556458950043,
		0.9999449253082275
	],
	"right_eye": [
		0.45835080742836,
		0.34386172890663147,
		-0.3040648400783539,
		0.9999774694442749
	],
	"left_ear": [
		0.48285970091819763,
		0.36319324374198914,
		-0.04486144334077835,
		0.9999301433563232
	],
	"right_ear": [
		0.41786035895347595,
		0.3394247889518738,
		-0.19494417309761047,
		0.9999904036521912
	]
}