{
	"left_hip": [
		0.4833132326602936,
		1.1619454622268677,
		0.06362564116716385,
		0.2047094851732254
	],
	"left_knee": [
		0.48339056968688965,
		1.6230641603469849,
		0.03364302217960358,
		0.002476741559803486
	],
	"left_ankle": [
		0.4811108708381653,
		2.0737802982330322,
		0.2640075087547302,
		0.00036055626696906984
	],
	"right_hip": [
		0.33898696303367615,
		1.1681568622589111,
		-0.061923593282699585,
		0.23092709481716156
	],
	"right_knee": [
		0.34489819407463074,
		1.6398988962173462,
		-0.11578889936208725,
		0.0042426250874996185
	],
	"right_ankle": [
		0.351255863904953,
		2.0835185050964355,
		-0.010856513865292072,
		0.00030052452348172665
	],
	"left_shoulder": [
		0.49511241912841797,
		0.595214307308197,
		0.10015891492366791,
		0.9998350143432617
	],
	"left_elbow": [
		0.5452554225921631,
		0.8635703921318054,
		0.21369513869285583,
		0.8547795414924622
	],
	"left_wrist": [
		0.6119039058685303,
		1.0400869846343994,
		0.061594318598508835,
		0.7523025274276733
	],
	"right_shoulder": [
		0.3112339377403259,
		0.5341030359268188,
		-0.20487558841705322,
		0.9999849200248718
	],
	"right_elbow": [
		0.17374008893966675,
		0.7708972692489624,
		-0.5095661878585815,
		0.9951073527336121
	],
	"right_wrist": [
		0.3531952202320099,
		0.8282906413078308,
		-0.8696920275688171,
		0.970136284828186
	],
	"nose": [
		0.48160043358802795,
		0.3922259211540222,
		-0.3005860447883606,
		0.9999747276306152
	],
	"left_eye": [
		0.49051278829574585,
		0.35378849506378174,
		-0.2619139552116394,
		0.999947190284729
	],
	"right_eye": [
		0.4593525528907776,
		0.3429781198501587,
		-0.2949950098991394,
		0.9999783039093018
	],
	"left_ear": [
		0.4830568730831146,
		0.36080148816108704,
		-0.04237109422683716,
		0.999932587146759
	],
	"right_ear": [
		0.41913262009620667,
		0.3392683267593384,
		-0.19633343815803528,
		0.9999907612800598
	]
}