{
	"left_hip": [
		0.478684663772583,
		1.16731858253479,
		0.06967919319868088,
		0.19822047650814056
	],
	"left_knee": [
		0.47918614745140076,
		1.6308461427688599,
		0.040817540138959885,
		0.0023702194448560476
	],
	"left_ankle": [
		0.47619932889938354,
		2.085108518600464,
		0.2694518268108368,
		0.0003412079531699419
	],
	"right_hip": [
		0.33519846200942993,
		1.1732219457626343,
		-0.06782139092683792,
		0.2218572050333023
	],
	"right_knee": [
		0.34214654564857483,
		1.6453663110733032,
		-0.12736578285694122,
		0.004132545553147793
	],
	"right_ankle": [
		0.34550902247428894,
		2.0884721279144287,
		-0.01322850026190281,
		0.00027976781711913645
	],
	"left_shoulder": [
		0.4951106905937195,
		0.596885621547699,
		0.10418398678302765,
		0.9998417496681213
	],
	"left_elbow": [
		0.545026957988739,
		0.8657000064849854,
		0.2225380837917328,
		0.8519243001937866
	],
	"left_wrist": [
		0.6115816235542297,
		1.0404479503631592,
		0.07565487921237946,
		0.7590959072113037
	],
	"right_shoulder": [
		0.31133049726486206,
		0.5341395735740662,
		-0.2358618527650833,
		0.9999850988388062
	],
	"right_elbow": [
		0.17882387340068817,
		0.7946742177009583,
		-0.49161654710769653,
		0.9950066804885864
	],
	"right_wrist": [
		0.35571548342704773,
		0.8761353492736816,
		-0.7893298864364624,
		0.9719634652137756
	],
	"nose": [
		0.4844566285610199,
		0.39098477363586426,
		-0.27125677466392517,
		0.9999745488166809
	],
	"left_eye": [
		0.49172598123550415,
		0.3521099388599396,
		-0.23541259765625,
		0.9999479055404663
	],
	"right_eye": [
		0.4631589949131012,
		0.3423207700252533,
		-0.275071918964386,
		0.9999783635139465
	],
	"left_ear": [
		0.4830271601676941,
		0.358788400888443,
		-0.036355648189783096,
		0.9999333024024963
	],
	"right_ear": [
		0.42241352796554565,
		0.3391536772251129,
		-0.2034491002559662,
		0.9999908208847046
	]
}