{
	"left_hip": [
		0.4698142111301422,
		1.174496054649353,
		0.09959941357374191,
		0.17052696645259857
	],
	"left_knee": [
		0.47352129220962524,
		1.6453919410705566,
		0.05061855912208557,
		0.0032367140520364046
	],
	"left_ankle": [
		0.4711422920227051,
		2.097285509109497,
		0.278271347284317,
		0.00038802294875495136
	],
	"right_hip": [
		0.33528396487236023,
		1.1817072629928589,
		-0.09810899198055267,
		0.18948321044445038
	],
	"right_knee": [
		0.34269577264785767,
		1.6512759923934937,
		-0.1430605798959732,
		0.005805210210382938
	],
	"right_ankle": [
		0.34464263916015625,
		2.11090350151062,
		-0.03429679200053215,
		0.00040289448224939406
	],
	"left_shoulder": [
		0.4953458309173584,
		0.6044065356254578,
		0.16043035686016083,
		0.9995466470718384
	],
	"left_elbow": [
		0.5405904650688171,
		0.873742938041687,
		0.3172317445278168,
		0.7983482480049133
	],
	"left_wrist": [
		0.602326512336731,
		1.0410513877868652,
		0.15874923765659332,
		0.733558714389801
	],
	"right_shoulder": [
		0.3158223032951355,
		0.5354328155517578,
		-0.29565006494522095,
		0.9999688267707825
	],
	"right_elbow": [
		0.20473280549049377,
		0.8506908416748047,
		-0.4840618669986725,
		0.9943280220031738
	],
	"right_wrist": [
		0.36665481328964233,
		0.9727683663368225,
		-0.7291900515556335,
		0.9750427603721619
	],
	"nose": [
		0.4941693842411041,
		0.3908112645149231,
		-0.26930850744247437,
		0.9999134540557861
	],
	"left_eye": [
		0.49866747856140137,
		0.3517453670501709,
		-0.23409859836101532,
		0.9998409152030945
	],
	"right_eye": [
		0.47473931312561035,
		0.3424927294254303,
		-0.28914812207221985,
		0.9999447464942932
	],
	"left_ear": [
		0.4846808910369873,
		0.3581993579864502,
		-0.030273711308836937,
		0.9997573494911194
	],
	"right_ear": [
		0.43081116676330566,
		0.3395606279373169,
		-0.2691919803619385,
		0.9999762773513794
	]
}