{
	"left_hip": [
		0.4681456983089447,
		1.207412838935852,
		0.10322114080190659,
		0.09721899032592773
	],
	"left_knee": [
		0.47300106287002563,
		1.7000517845153809,
		0.11342839151620865,
		0.002365731168538332
	],
	"left_ankle": [
		0.47033900022506714,
		2.1652112007141113,
		0.39179378747940063,
		0.00026145033189095557
	],
	"right_hip": [
		0.331030935049057,
		1.2276886701583862,
		-0.10152605921030045,
		0.10692384093999863
	],
	"right_knee": [
		0.3396412134170532,
		1.7166310548782349,
		-0.11694727092981339,
		0.0049576470628380775
	],
	"right_ankle": [
		0.3359641432762146,
		2.1892755031585693,
		0.050486378371715546,
		0.0003244529361836612
	],
	"left_shoulder": [
		0.49013370275497437,
		0.6049572825431824,
		0.10411882400512695,
		0.9992115497589111
	],
	"left_elbow": [
		0.5377031564712524,
		0.8673979640007019,
		0.28898826241493225,
		0.7020134925842285
	],
	"left_wrist": [
		0.5988717079162598,
		1.0370750427246094,
		0.18613263964653015,
		0.6736292839050293
	],
	"right_shoulder": [
		0.3158729672431946,
		0.548471987247467,
		-0.39423972368240356,
		0.9999290108680725
	],
	"right_elbow": [
		0.20861633121967316,
		0.8758887648582458,
		-0.5315573811531067,
		0.982606053352356
	],
	"right_wrist": [
		0.36120519042015076,
		1.0375361442565918,
		-0.705711841583252,
		0.9541447162628174
	],
	"nose": [
		0.5129396319389343,
		0.3971652388572693,
		-0.2690054774284363,
		0.9996547698974609
	],
	"left_eye": [
		0.5136803388595581,
		0.3543359935283661,
		-0.23676995933055878,
		0.9993739724159241
	],
	"right_eye": [
		0.4987688660621643,
		0.3497143089771271,
		-0.30491214990615845,
		0.9997731447219849
	],
	"left_ear": [
		0.4860384464263916,
		0.357124924659729,
		-0.060512710362672806,
		0.9991410374641418
	],
	"right_ear": [
		0.44943952560424805,
		0.3427888751029968,
		-0.3620688021183014,
		0.9998838305473328
	]
}