{
	"left_hip": [
		0.4666743874549866,
		1.1925193071365356,
		0.10113805532455444,
		0.014591677114367485
	],
	"left_knee": [
		0.4641948342323303,
		1.700109601020813,
		0.08056995272636414,
		0.000774478365201503
	],
	"left_ankle": [
		0.45667868852615356,
		2.174553871154785,
		0.3705783486366272,
		7.444016227964312e-05
	],
	"right_hip": [
		0.324097216129303,
		1.1981631517410278,
		-0.09921335428953171,
		0.01587197370827198
	],
	"right_knee": [
		0.3289322257041931,
		1.7014278173446655,
		-0.13195525109767914,
		0.0021959636360406876
	],
	"right_ankle": [
		0.3191506266593933,
		2.1891417503356934,
		0.03534815087914467,
		0.00012327155855018646
	],
	"left_shoulder": [
		0.49719446897506714,
		0.6107781529426575,
		0.09806860983371735,
		0.9990863800048828
	],
	"left_elbow": [
		0.5464782118797302,
		0.8811553120613098,
		0.2855767607688904,
		0.5001044869422913
	],
	"left_wrist": [
		0.6100760698318481,
		1.0862709283828735,
		0.18743537366390228,
		0.4658244252204895
	],
	"right_shoulder": [
		0.31220000982284546,
		0.5377535820007324,
		-0.40455564856529236,
		0.9999398589134216
	],
	"right_elbow": [
		0.16150571405887604,
		0.7927291393280029,
		-0.5294209718704224,
		0.9702571630477905
	],
	"right_wrist": [
		0.2725568115711212,
		1.0330771207809448,
		-0.6843794584274292,
		0.9087919592857361
	],
	"nose": [
		0.5214343070983887,
		0.39970535039901733,
		-0.29186686873435974,
		0.999642014503479
	],
	"left_eye": [
		0.5228180885314941,
		0.35666075348854065,
		-0.2571975588798523,
		0.9994041323661804
	],
	"right_eye": [
		0.5088552832603455,
		0.35238245129585266,
		-0.3264048397541046,
		0.9997760653495789
	],
	"left_ear": [
		0.4960967004299164,
		0.3569834232330322,
		-0.06479401886463165,
		0.9993027448654175
	],
	"right_ear": [
		0.45993572473526,
		0.3431376516819,
		-0.3779663145542145,
		0.9998982548713684
	]
}