{
	"left_hip": [
		0.4667491316795349,
		1.1927472352981567,
		0.10302937030792236,
		0.013543834909796715
	],
	"left_knee": [
		0.4647718369960785,
		1.700380802154541,
		0.08085201680660248,
		0.0007659042603336275
	],
	"left_ankle": [
		0.4578932821750641,
		2.1748902797698975,
		0.3706096410751343,
		7.292839291039854e-05
	],
	"right_hip": [
		0.32428908348083496,
		1.198326587677002,
		-0.10109642893075943,
		0.01474747247993946
	],
	"right_knee": [
		0.3306540250778198,
		1.7018882036209106,
		-0.1348048895597458,
		0.00219725351780653
	],
	"right_ankle": [
		0.32120826840400696,
		2.1902596950531006,
		0.031902071088552475,
		0.000121634679089766
	],
	"left_shoulder": [
		0.49718332290649414,
		0.6112057566642761,
		0.10572855174541473,
		0.9990608096122742
	],
	"left_elbow": [
		0.5460749864578247,
		0.8824506402015686,
		0.28933513164520264,
		0.4884227216243744
	],
	"left_wrist": [
		0.6099837422370911,
		1.0855711698532104,
		0.19035744667053223,
		0.45794448256492615
	],
	"right_shoulder": [
		0.3122188150882721,
		0.5379390716552734,
		-0.40422186255455017,
		0.9999397993087769
	],
	"right_elbow": [
		0.16132061183452606,
		0.7939860224723816,
		-0.5305830836296082,
		0.9698742032051086
	],
	"right_wrist": [
		0.2742154896259308,
		1.0341823101043701,
		-0.6917749047279358,
		0.9063182473182678
	],
	"nose": [
		0.5215657949447632,
		0.39985764026641846,
		-0.2899547517299652,
		0.9996419548988342
	],
	"left_eye": [
		0.5230079889297485,
		0.3567752540111542,
		-0.2544165253639221,
		0.9994052648544312
	],
	"right_eye": [
		0.5090147852897644,
		0.3524084985256195,
		-0.3241078853607178,
		0.9997759461402893
	],
	"left_ear": [
		0.4961140751838684,
		0.3570367395877838,
		-0.06054136902093887,
		0.9993047714233398
	],
	"right_ear": [
		0.4599663317203522,
		0.3431278467178345,
		-0.3761438727378845,
		0.9998987913131714
	]
}