{
	"left_hip": [
		0.4756999909877777,
		1.2150132656097412,
		0.11756400763988495,
		0.010014036670327187
	],
	"left_knee": [
		0.48197513818740845,
		1.7135193347930908,
		0.09580961614847183,
		0.0013162638060748577
	],
	"left_ankle": [
		0.4816455841064453,
		2.178924798965454,
		0.3493911027908325,
		0.0001043887241394259
	],
	"right_hip": [
		0.3428785800933838,
		1.2306996583938599,
		-0.11557265371084213,
		0.011088840663433075
	],
	"right_knee": [
		0.35571056604385376,
		1.7282963991165161,
		-0.14307579398155212,
		0.0032905314583331347
	],
	"right_ankle": [
		0.3557015657424927,
		2.2037112712860107,
		-0.005772880744189024,
		0.00016363494796678424
	],
	"left_shoulder": [
		0.4891855716705322,
		0.6098105311393738,
		0.15030930936336517,
		0.998627245426178
	],
	"left_elbow": [
		0.5286010503768921,
		0.8803073167800903,
		0.3068564534187317,
		0.41126006841659546
	],
	"left_wrist": [
		0.5910776257514954,
		1.0704655647277832,
		0.1824231892824173,
		0.41630178689956665
	],
	"right_shoulder": [
		0.31365370750427246,
		0.5483276844024658,
		-0.3917038142681122,
		0.9999225735664368
	],
	"right_elbow": [
		0.1901734471321106,
		0.853207528591156,
		-0.4824272096157074,
		0.9685879945755005
	],
	"right_wrist": [
		0.32128041982650757,
		1.0596286058425903,
		-0.5913944840431213,
		0.9038599729537964
	],
	"nose": [
		0.5217995643615723,
		0.4001518487930298,
		-0.24009767174720764,
		0.9995812773704529
	],
	"left_eye": [
		0.5231936573982239,
		0.35676097869873047,
		-0.2049611359834671,
		0.9993149638175964
	],
	"right_eye": [
		0.5089548826217651,
		0.35245266556739807,
		-0.2764274477958679,
		0.9997419714927673
	],
	"left_ear": [
		0.4956924021244049,
		0.3568594753742218,
		-0.019595185294747353,
		0.9991552829742432
	],
	"right_ear": [
		0.4598832130432129,
		0.34316641092300415,
		-0.34547558426856995,
		0.9998844861984253
	]
}