{
	"left_hip": [
		0.48092085123062134,
		1.2247440814971924,
		0.11444772779941559,
		0.008942813612520695
	],
	"left_knee": [
		0.487510621547699,
		1.7233119010925293,
		0.09894795715808868,
		0.0014340459601953626
	],
	"left_ankle": [
		0.48716044425964355,
		2.191833019256592,
		0.35891348123550415,
		0.00011100756819359958
	],
	"right_hip": [
		0.347970187664032,
		1.2443358898162842,
		-0.11251785606145859,
		0.009762086905539036
	],
	"right_knee": [
		0.3589252829551697,
		1.7433342933654785,
		-0.1307608038187027,
		0.0034520048648118973
	],
	"right_ankle": [
		0.36169981956481934,
		2.216175079345703,
		0.022181469947099686,
		0.00016824078920762986
	],
	"left_shoulder": [
		0.4889816641807556,
		0.6063848733901978,
		0.14383062720298767,
		0.9984727501869202
	],
	"left_elbow": [
		0.5293183326721191,
		0.8806242942810059,
		0.30484738945961,
		0.3951021134853363
	],
	"left_wrist": [
		0.5908190608024597,
		1.0732802152633667,
		0.17821630835533142,
		0.3960449993610382
	],
	"right_shoulder": [
		0.32023873925209045,
		0.5521716475486755,
		-0.397735059261322,
		0.9998993873596191
	],
	"right_elbow": [
		0.23244960606098175,
		0.882979154586792,
		-0.4662128984928131,
		0.9612091183662415
	],
	"right_wrist": [
		0.36489230394363403,
		1.0763860940933228,
		-0.5283571481704712,
		0.8865746259689331
	],
	"nose": [
		0.5217625498771667,
		0.3993455767631531,
		-0.24316683411598206,
		0.9995487332344055
	],
	"left_eye": [
		0.52314692735672,
		0.3555869162082672,
		-0.20991218090057373,
		0.9992564916610718
	],
	"right_eye": [
		0.508407711982727,
		0.3515825569629669,
		-0.28165608644485474,
		0.9997128844261169
	],
	"left_ear": [
		0.4956901967525482,
		0.3562077581882477,
		-0.02779199741780758,
		0.9990631937980652
	],
	"right_ear": [
		0.45948395133018494,
		0.343242347240448,
		-0.3505665361881256,
		0.999865710735321
	]
}