{
	"left_hip": [
		0.47752833366394043,
		1.1832338571548462,
		0.14173360168933868,
		0.07395818084478378
	],
	"left_knee": [
		0.4980551302433014,
		1.5814130306243896,
		0.14467377960681915,
		0.012872830033302307
	],
	"left_ankle": [
		0.5150686502456665,
		2.0258524417877197,
		0.36763280630111694,
		0.0015344901476055384
	],
	"right_hip": [
		0.37263694405555725,
		1.2043646574020386,
		-0.14020384848117828,
		0.06323141604661942
	],
	"right_knee": [
		0.3915782570838928,
		1.6166582107543945,
		-0.12323808670043945,
		0.028917117044329643
	],
	"right_ankle": [
		0.39983516931533813,
		2.075157642364502,
		0.006460331380367279,
		0.004572075325995684
	],
	"left_shoulder": [
		0.4871421456336975,
		0.589630126953125,
		0.20848719775676727,
		0.9965560436248779
	],
	"left_elbow": [
		0.5302719473838806,
		0.8464648723602295,
		0.2712182402610779,
		0.37185993790626526
	],
	"left_wrist": [
		0.5917683839797974,
		1.024105191230774,
		0.07182133942842484,
		0.5461421608924866
	],
	"right_shoulder": [
		0.3385560214519501,
		0.5604062676429749,
		-0.404750257730484,
		0.9990641474723816
	],
	"right_elbow": [
		0.37336158752441406,
		0.8943490982055664,
		-0.4781217575073242,
		0.9125238656997681
	],
	"right_wrist": [
		0.4925655722618103,
		1.107666015625,
		-0.5006060600280762,
		0.8093730807304382
	],
	"nose": [
		0.517869234085083,
		0.3870723247528076,
		-0.20026858150959015,
		0.9990206956863403
	],
	"left_eye": [
		0.5186459422111511,
		0.34144917130470276,
		-0.1692444533109665,
		0.9984180331230164
	],
	"right_eye": [
		0.5012853741645813,
		0.3360121548175812,
		-0.23959997296333313,
		0.9990575313568115
	],
	"left_ear": [
		0.4900895059108734,
		0.3479579985141754,
		0.004275995306670666,
		0.9977229833602905
	],
	"right_ear": [
		0.45328521728515625,
		0.33917567133903503,
		-0.31135624647140503,
		0.9991660118103027
	]
}