{
	"left_hip": [
		0.5000796318054199,
		1.212517261505127,
		0.13941287994384766,
		0.0829799473285675
	],
	"left_knee": [
		0.5278094410896301,
		1.6563254594802856,
		0.15631438791751862,
		0.012792350724339485
	],
	"left_ankle": [
		0.5520657300949097,
		2.091841697692871,
		0.4074530005455017,
		0.0015297508798539639
	],
	"right_hip": [
		0.39557451009750366,
		1.2415207624435425,
		-0.1379711627960205,
		0.0715097188949585
	],
	"right_knee": [
		0.4279046058654785,
		1.695297360420227,
		-0.08388146013021469,
		0.029912983998656273
	],
	"right_ankle": [
		0.4404848515987396,
		2.143343925476074,
		0.08266675472259521,
		0.004579352214932442
	],
	"left_shoulder": [
		0.4872468411922455,
		0.5860089659690857,
		0.1935725212097168,
		0.9949910640716553
	],
	"left_elbow": [
		0.5287147760391235,
		0.8679837584495544,
		0.2810324728488922,
		0.3056600093841553
	],
	"left_wrist": [
		0.5923243761062622,
		1.0704807043075562,
		0.13500533998012543,
		0.5244737267494202
	],
	"right_shoulder": [
		0.35326558351516724,
		0.5698155760765076,
		-0.421565443277359,
		0.9987985491752625
	],
	"right_elbow": [
		0.38896414637565613,
		0.9144623279571533,
		-0.48392778635025024,
		0.8824585676193237
	],
	"right_wrist": [
		0.49142923951148987,
		1.177714467048645,
		-0.48964399099349976,
		0.7668153047561646
	],
	"nose": [
		0.5217165350914001,
		0.36262246966362,
		-0.20891377329826355,
		0.9989767670631409
	],
	"left_eye": [
		0.519773006439209,
		0.3139718472957611,
		-0.18059077858924866,
		0.9983102679252625
	],
	"right_eye": [
		0.5033226013183594,
		0.3132813572883606,
		-0.2495459020137787,
		0.9989638924598694
	],
	"left_ear": [
		0.4896531105041504,
		0.32740500569343567,
		-0.015568427741527557,
		0.9976099133491516
	],
	"right_ear": [
		0.45348334312438965,
		0.3245775103569031,
		-0.3244292140007019,
		0.9990969896316528
	]
}