{
	"left_hip": [
		0.5090640783309937,
		1.2176936864852905,
		0.1196565181016922,
		0.07514426857233047
	],
	"left_knee": [
		0.5289325714111328,
		1.682436466217041,
		0.13956297934055328,
		0.011374796740710735
	],
	"left_ankle": [
		0.5457461476325989,
		2.1279373168945312,
		0.3839184045791626,
		0.0013467146782204509
	],
	"right_hip": [
		0.39519959688186646,
		1.2470759153366089,
		-0.11826859414577484,
		0.0634344220161438
	],
	"right_knee": [
		0.41845035552978516,
		1.7228715419769287,
		-0.0832575187087059,
		0.024687234312295914
	],
	"right_ankle": [
		0.42915526032447815,
		2.173070192337036,
		0.08072174340486526,
		0.003621873678639531
	],
	"left_shoulder": [
		0.4910852313041687,
		0.5887615084648132,
		0.17456933856010437,
		0.9952554106712341
	],
	"left_elbow": [
		0.5327263474464417,
		0.8788254857063293,
		0.27718886733055115,
		0.2780352532863617
	],
	"left_wrist": [
		0.6067360639572144,
		1.096665382385254,
		0.14508481323719025,
		0.4736762046813965
	],
	"right_shoulder": [
		0.35460391640663147,
		0.5731081366539001,
		-0.407959520816803,
		0.998839795589447
	],
	"right_elbow": [
		0.3911222219467163,
		0.9491962194442749,
		-0.43924006819725037,
		0.8510851263999939
	],
	"right_wrist": [
		0.49433112144470215,
		1.1873176097869873,
		-0.4471932351589203,
		0.6750153303146362
	],
	"nose": [
		0.5244847536087036,
		0.33969566226005554,
		-0.20216067135334015,
		0.9992350339889526
	],
	"left_eye": [
		0.5203864574432373,
		0.29389694333076477,
		-0.17460207641124725,
		0.9987563490867615
	],
	"right_eye": [
		0.5034534335136414,
		0.296347975730896,
		-0.241486594080925,
		0.9992210268974304
	],
	"left_ear": [
		0.4891173839569092,
		0.3097448945045471,
		-0.015622411854565144,
		0.9982792735099792
	],
	"right_ear": [
		0.4526684880256653,
		0.31466203927993774,
		-0.310020387172699,
		0.9993507862091064
	]
}