{
	"left_hip": [
		0.5063365697860718,
		1.2128384113311768,
		0.11218909919261932,
		0.09168850630521774
	],
	"left_knee": [
		0.5265417695045471,
		1.6759824752807617,
		0.1410749852657318,
		0.011676094494760036
	],
	"left_ankle": [
		0.5446745753288269,
		2.1192777156829834,
		0.3489218056201935,
		0.0014061860274523497
	],
	"right_hip": [
		0.3958672881126404,
		1.2431540489196777,
		-0.11083444207906723,
		0.07774460315704346
	],
	"right_knee": [
		0.41707977652549744,
		1.7172130346298218,
		-0.0784648209810257,
		0.025707527995109558
	],
	"right_ankle": [
		0.42774805426597595,
		2.166309356689453,
		0.0527971014380455,
		0.0037080724723637104
	],
	"left_shoulder": [
		0.48816782236099243,
		0.5855150818824768,
		0.16549846529960632,
		0.9956905245780945
	],
	"left_elbow": [
		0.5288740992546082,
		0.8671025633811951,
		0.24892468750476837,
		0.28356435894966125
	],
	"left_wrist": [
		0.5929433703422546,
		1.030471920967102,
		0.1104760393500328,
		0.47113052010536194
	],
	"right_shoulder": [
		0.3578285574913025,
		0.5702515244483948,
		-0.3695273995399475,
		0.9989203214645386
	],
	"right_elbow": [
		0.3990928530693054,
		0.9164798259735107,
		-0.39877820014953613,
		0.8572129011154175
	],
	"right_wrist": [
		0.5175623893737793,
		1.1677967309951782,
		-0.4079110622406006,
		0.6543875336647034
	],
	"nose": [
		0.5251961350440979,
		0.3329079747200012,
		-0.19044683873653412,
		0.9994322657585144
	],
	"left_eye": [
		0.5195096135139465,
		0.2890166938304901,
		-0.16374187171459198,
		0.9990905523300171
	],
	"right_eye": [
		0.5030784606933594,
		0.29191458225250244,
		-0.22580930590629578,
		0.9994242191314697
	],
	"left_ear": [
		0.48720335960388184,
		0.30528441071510315,
		-0.011231869459152222,
		0.9987608790397644
	],
	"right_ear": [
		0.4518962800502777,
		0.3118497133255005,
		-0.2787470519542694,
		0.9995298385620117
	]
}