{
	"left_hip": [
		0.501146137714386,
		1.2036982774734497,
		0.10871956497430801,
		0.10943331569433212
	],
	"left_knee": [
		0.5180608630180359,
		1.6703381538391113,
		0.1502729207277298,
		0.011690344661474228
	],
	"left_ankle": [
		0.53373122215271,
		2.103809356689453,
		0.35124480724334717,
		0.0014627763302996755
	],
	"right_hip": [
		0.3949494957923889,
		1.231765627861023,
		-0.10745390504598618,
		0.09366463869810104
	],
	"right_knee": [
		0.4092722535133362,
		1.7114521265029907,
		-0.0647021010518074,
		0.026705153286457062
	],
	"right_ankle": [
		0.4126286506652832,
		2.153891086578369,
		0.06121920794248581,
		0.003956687171012163
	],
	"left_shoulder": [
		0.4875658452510834,
		0.584706723690033,
		0.15914659202098846,
		0.9959788918495178
	],
	"left_elbow": [
		0.5266172289848328,
		0.8499315977096558,
		0.24902360141277313,
		0.29771870374679565
	],
	"left_wrist": [
		0.5902464985847473,
		1.0147312879562378,
		0.1366884410381317,
		0.4783022105693817
	],
	"right_shoulder": [
		0.3585812449455261,
		0.5673744082450867,
		-0.365462988615036,
		0.9989650249481201
	],
	"right_elbow": [
		0.3998047709465027,
		0.9087812304496765,
		-0.3952621519565582,
		0.8608753085136414
	],
	"right_wrist": [
		0.513677179813385,
		1.16635000705719,
		-0.390118271112442,
		0.6444743871688843
	],
	"nose": [
		0.5250087976455688,
		0.3304426372051239,
		-0.18124888837337494,
		0.9995419979095459
	],
	"left_eye": [
		0.5169148445129395,
		0.2873864471912384,
		-0.15517666935920715,
		0.9992752075195312
	],
	"right_eye": [
		0.501891553401947,
		0.29087144136428833,
		-0.21459028124809265,
		0.9995372891426086
	],
	"left_ear": [
		0.4827038645744324,
		0.30474337935447693,
		-0.009389153681695461,
		0.9990262389183044
	],
	"right_ear": [
		0.45020952820777893,
		0.31189045310020447,
		-0.26882991194725037,
		0.999626636505127
	]
}