{
	"left_hip": [
		0.49940070509910583,
		1.196794867515564,
		0.11197660118341446,
		0.1010279729962349
	],
	"left_knee": [
		0.5167133808135986,
		1.6627082824707031,
		0.11914888769388199,
		0.00971541740000248
	],
	"left_ankle": [
		0.5296128988265991,
		2.108579158782959,
		0.32727745175361633,
		0.0011441635433584452
	],
	"right_hip": [
		0.3895488977432251,
		1.221749186515808,
		-0.11034014075994492,
		0.08511821925640106
	],
	"right_knee": [
		0.4058350622653961,
		1.6989244222640991,
		-0.09437606483697891,
		0.021616773679852486
	],
	"right_ankle": [
		0.4109094738960266,
		2.144571304321289,
		0.039846938103437424,
		0.0026362088974565268
	],
	"left_shoulder": [
		0.4765315055847168,
		0.5811333656311035,
		0.1897115409374237,
		0.9967501759529114
	],
	"left_elbow": [
		0.516946017742157,
		0.8662749528884888,
		0.2360915243625641,
		0.31403306126594543
	],
	"left_wrist": [
		0.5874737501144409,
		1.0984023809432983,
		0.08732381463050842,
		0.450801283121109
	],
	"right_shoulder": [
		0.3561320900917053,
		0.5612044334411621,
		-0.37559160590171814,
		0.9991015195846558
	],
	"right_elbow": [
		0.38390570878982544,
		0.8967979550361633,
		-0.4331854283809662,
		0.8543791770935059
	],
	"right_wrist": [
		0.48532015085220337,
		1.1607502698898315,
		-0.44573792815208435,
		0.6230144500732422
	],
	"nose": [
		0.521950900554657,
		0.32674556970596313,
		-0.1434314101934433,
		0.9997218251228333
	],
	"left_eye": [
		0.5088865160942078,
		0.28279194235801697,
		-0.11731380224227905,
		0.9995869398117065
	],
	"right_eye": [
		0.4973370134830475,
		0.2862129509449005,
		-0.18279582262039185,
		0.9997187852859497
	],
	"left_ear": [
		0.4717082381248474,
		0.3019421696662903,
		0.02252749167382717,
		0.9994649887084961
	],
	"right_ear": [
		0.44662103056907654,
		0.30943453311920166,
		-0.2642425000667572,
		0.9997862577438354
	]
}