{
	"left_hip": [
		0.49782246351242065,
		1.1975507736206055,
		0.11323130130767822,
		0.10248386114835739
	],
	"left_knee": [
		0.5157479643821716,
		1.6626434326171875,
		0.12088610231876373,
		0.01021095085889101
	],
	"left_ankle": [
		0.5294896960258484,
		2.1083011627197266,
		0.32861417531967163,
		0.0011945333098992705
	],
	"right_hip": [
		0.38936275243759155,
		1.2220953702926636,
		-0.11161519587039948,
		0.08661907911300659
	],
	"right_knee": [
		0.4059569835662842,
		1.6982340812683105,
		-0.09434495121240616,
		0.022476300597190857
	],
	"right_ankle": [
		0.4112630784511566,
		2.144427537918091,
		0.04003717750310898,
		0.0026905641425400972
	],
	"left_shoulder": [
		0.47494369745254517,
		0.5807719826698303,
		0.1917557716369629,
		0.9966259002685547
	],
	"left_elbow": [
		0.5154277086257935,
		0.8669924139976501,
		0.23796446621418,
		0.308005690574646
	],
	"left_wrist": [
		0.5867193341255188,
		1.093300223350525,
		0.09069924056529999,
		0.44471603631973267
	],
	"right_shoulder": [
		0.35592734813690186,
		0.5612948536872864,
		-0.3748926818370819,
		0.999076247215271
	],
	"right_elbow": [
		0.38389667868614197,
		0.8968297839164734,
		-0.42805448174476624,
		0.8546316623687744
	],
	"right_wrist": [
		0.4848927855491638,
		1.1608977317810059,
		-0.4410807490348816,
		0.6248841881752014
	],
	"nose": [
		0.5213145017623901,
		0.326773077249527,
		-0.14579275250434875,
		0.999721884727478
	],
	"left_eye": [
		0.5076900720596313,
		0.28241661190986633,
		-0.11986200511455536,
		0.9995920062065125
	],
	"right_eye": [
		0.4959869384765625,
		0.2860237658023834,
		-0.1836581975221634,
		0.9997195601463318
	],
	"left_ear": [
		0.4708798825740814,
		0.3017246425151825,
		0.021026011556386948,
		0.9994747042655945
	],
	"right_ear": [
		0.4450201094150543,
		0.30939748883247375,
		-0.2658688426017761,
		0.999788761138916
	]
}