{
	"left_hip": [
		0.5008482933044434,
		1.1971663236618042,
		0.1090010404586792,
		0.10638494789600372
	],
	"left_knee": [
		0.5183430910110474,
		1.6587697267532349,
		0.10682511329650879,
		0.010517549701035023
	],
	"left_ankle": [
		0.5325725078582764,
		2.1049814224243164,
		0.3249993920326233,
		0.0012203779770061374
	],
	"right_hip": [
		0.388293594121933,
		1.2212120294570923,
		-0.10739655792713165,
		0.0902654379606247
	],
	"right_knee": [
		0.4055192470550537,
		1.6912051439285278,
		-0.09400486201047897,
		0.022751731798052788
	],
	"right_ankle": [
		0.41135233640670776,
		2.1365609169006348,
		0.047212596982717514,
		0.0026299681048840284
	],
	"left_shoulder": [
		0.47574225068092346,
		0.5808884501457214,
		0.18807825446128845,
		0.9966532588005066
	],
	"left_elbow": [
		0.5159690976142883,
		0.8702098727226257,
		0.2440529316663742,
		0.31134554743766785
	],
	"left_wrist": [
		0.5856364369392395,
		1.0876895189285278,
		0.09367454051971436,
		0.4370824694633484
	],
	"right_shoulder": [
		0.3515743613243103,
		0.5581313967704773,
		-0.365597665309906,
		0.999083399772644
	],
	"right_elbow": [
		0.3801562190055847,
		0.8944488763809204,
		-0.41964778304100037,
		0.8578586578369141
	],
	"right_wrist": [
		0.476794570684433,
		1.158437967300415,
		-0.44272691011428833,
		0.6284467577934265
	],
	"nose": [
		0.5180792808532715,
		0.32361891865730286,
		-0.15969590842723846,
		0.9997264742851257
	],
	"left_eye": [
		0.5047658681869507,
		0.280155748128891,
		-0.1319909244775772,
		0.9996041059494019
	],
	"right_eye": [
		0.4915199279785156,
		0.2840612232685089,
		-0.19478291273117065,
		0.9997257590293884
	],
	"left_ear": [
		0.46945691108703613,
		0.30058977007865906,
		0.018852315843105316,
		0.9994894862174988
	],
	"right_ear": [
		0.4412623941898346,
		0.30784526467323303,
		-0.2655431926250458,
		0.9997971653938293
	]
}