{
	"left_hip": [
		0.49429208040237427,
		1.214580774307251,
		0.104503333568573,
		0.10747428238391876
	],
	"left_knee": [
		0.5116557478904724,
		1.7062040567398071,
		0.11330336332321167,
		0.00999448448419571
	],
	"left_ankle": [
		0.5204492807388306,
		2.172459363937378,
		0.3722403049468994,
		0.0011633095564320683
	],
	"right_hip": [
		0.36446550488471985,
		1.2446125745773315,
		-0.10278616100549698,
		0.09129538387060165
	],
	"right_knee": [
		0.38051387667655945,
		1.7475281953811646,
		-0.08485456556081772,
		0.020633015781641006
	],
	"right_ankle": [
		0.38847631216049194,
		2.2048544883728027,
		0.09571234881877899,
		0.0022230627946555614
	],
	"left_shoulder": [
		0.47526901960372925,
		0.5852105021476746,
		0.12780366837978363,
		0.9973609447479248
	],
	"left_elbow": [
		0.5275319814682007,
		0.8821283578872681,
		0.2558083236217499,
		0.33783891797065735
	],
	"left_wrist": [
		0.6139676570892334,
		1.1149089336395264,
		0.1666487455368042,
		0.40276873111724854
	],
	"right_shoulder": [
		0.33481675386428833,
		0.5635296106338501,
		-0.4020113945007324,
		0.9992548227310181
	],
	"right_elbow": [
		0.34452104568481445,
		0.9468951225280762,
		-0.42329055070877075,
		0.8514754772186279
	],
	"right_wrist": [
		0.4098483920097351,
		1.2689461708068848,
		-0.4441554546356201,
		0.6091281771659851
	],
	"nose": [
		0.5130506157875061,
		0.3114153742790222,
		-0.19390769302845,
		0.9997686147689819
	],
	"left_eye": [
		0.497813880443573,
		0.2712101936340332,
		-0.16452309489250183,
		0.9996824264526367
	],
	"right_eye": [
		0.48580145835876465,
		0.27392473816871643,
		-0.2332518994808197,
		0.9997771382331848
	],
	"left_ear": [
		0.4584977626800537,
		0.29439854621887207,
		-0.01159835234284401,
		0.9996078014373779
	],
	"right_ear": [
		0.43050700426101685,
		0.2996549904346466,
		-0.3160248398780823,
		0.9998461604118347
	]
}