{
	"left_hip": [
		0.49438491463661194,
		1.2161791324615479,
		0.10276627540588379,
		0.09820931404829025
	],
	"left_knee": [
		0.5112093687057495,
		1.7108150720596313,
		0.11473138630390167,
		0.00905738864094019
	],
	"left_ankle": [
		0.518025279045105,
		2.1780614852905273,
		0.3968152701854706,
		0.001057760906405747
	],
	"right_hip": [
		0.3613656461238861,
		1.2465893030166626,
		-0.10108669102191925,
		0.08326540142297745
	],
	"right_knee": [
		0.3762989640235901,
		1.7508927583694458,
		-0.0752563625574112,
		0.018689006567001343
	],
	"right_ankle": [
		0.38217785954475403,
		2.2130444049835205,
		0.12129179388284683,
		0.0020154579542577267
	],
	"left_shoulder": [
		0.47485485672950745,
		0.5851863026618958,
		0.12169845402240753,
		0.9974274039268494
	],
	"left_elbow": [
		0.5273610353469849,
		0.8817911148071289,
		0.24955308437347412,
		0.33505699038505554
	],
	"left_wrist": [
		0.6080790162086487,
		1.0978950262069702,
		0.1588728427886963,
		0.3908078968524933
	],
	"right_shoulder": [
		0.33227601647377014,
		0.56532883644104,
		-0.4120109975337982,
		0.9992719888687134
	],
	"right_elbow": [
		0.3385131359100342,
		0.9457923173904419,
		-0.43112874031066895,
		0.8421958684921265
	],
	"right_wrist": [
		0.40469980239868164,
		1.2731300592422485,
		-0.4508916437625885,
		0.5977048277854919
	],
	"nose": [
		0.511252224445343,
		0.3112002909183502,
		-0.19945089519023895,
		0.9997702836990356
	],
	"left_eye": [
		0.4953882098197937,
		0.2707546651363373,
		-0.17123118042945862,
		0.9996835589408875
	],
	"right_eye": [
		0.4835413992404938,
		0.27356746792793274,
		-0.2398509532213211,
		0.9997785687446594
	],
	"left_ear": [
		0.4559648633003235,
		0.2943170666694641,
		-0.02205335721373558,
		0.9996155500411987
	],
	"right_ear": [
		0.4282773435115814,
		0.299606055021286,
		-0.3246484398841858,
		0.9998495578765869
	]
}