{
	"left_hip": [
		0.4834955334663391,
		1.2136071920394897,
		0.09206865727901459,
		0.05191295966506004
	],
	"left_knee": [
		0.4869832396507263,
		1.7163804769515991,
		0.08064574748277664,
		0.004535169340670109
	],
	"left_ankle": [
		0.4869934022426605,
		2.1848554611206055,
		0.3688984811306,
		0.000542957684956491
	],
	"right_hip": [
		0.33595624566078186,
		1.234285831451416,
		-0.09011390060186386,
		0.04332168027758598
	],
	"right_knee": [
		0.3426757752895355,
		1.7390996217727661,
		-0.0904027596116066,
		0.009347905404865742
	],
	"right_ankle": [
		0.342345654964447,
		2.2030532360076904,
		0.11541619151830673,
		0.001012141932733357
	],
	"left_shoulder": [
		0.4809521734714508,
		0.5955684781074524,
		0.10985058546066284,
		0.9979841709136963
	],
	"left_elbow": [
		0.5410970449447632,
		0.8934081792831421,
		0.24003966152668,
		0.3344678580760956
	],
	"left_wrist": [
		0.6135221123695374,
		1.131516456604004,
		0.1332431137561798,
		0.32638704776763916
	],
	"right_shoulder": [
		0.3105922341346741,
		0.5681319236755371,
		-0.40380939841270447,
		0.999428927898407
	],
	"right_elbow": [
		0.3014688789844513,
		0.9274336695671082,
		-0.4422454237937927,
		0.7769439220428467
	],
	"right_wrist": [
		0.32778307795524597,
		1.2423114776611328,
		-0.5043158531188965,
		0.529556393623352
	],
	"nose": [
		0.499413400888443,
		0.30934539437294006,
		-0.2373858243227005,
		0.9998124837875366
	],
	"left_eye": [
		0.4804655611515045,
		0.2698677182197571,
		-0.20694606006145477,
		0.9997259378433228
	],
	"right_eye": [
		0.468391090631485,
		0.2727755904197693,
		-0.2759367525577545,
		0.9998189806938171
	],
	"left_ear": [
		0.4443625509738922,
		0.29504644870758057,
		-0.04117875546216965,
		0.9996761679649353
	],
	"right_ear": [
		0.41603875160217285,
		0.2999602258205414,
		-0.3342896103858948,
		0.9998828768730164
	]
}