{
	"left_hip": [
		0.4899115562438965,
		1.2227131128311157,
		0.06061727553606033,
		0.01878795586526394
	],
	"left_knee": [
		0.49623364210128784,
		1.7246661186218262,
		0.07523682713508606,
		0.0011510229669511318
	],
	"left_ankle": [
		0.49997377395629883,
		2.19218111038208,
		0.38314929604530334,
		0.00024611406843177974
	],
	"right_hip": [
		0.33310920000076294,
		1.2392077445983887,
		-0.058927983045578,
		0.015314506366848946
	],
	"right_knee": [
		0.3437994420528412,
		1.7503238916397095,
		-0.038036689162254333,
		0.0017935726791620255
	],
	"right_ankle": [
		0.3499259948730469,
		2.209561347961426,
		0.15515373647212982,
		0.0002664645144250244
	],
	"left_shoulder": [
		0.49145856499671936,
		0.591177761554718,
		0.05105334520339966,
		0.9993234872817993
	],
	"left_elbow": [
		0.5522395372390747,
		0.8846277594566345,
		0.16786904633045197,
		0.5576447248458862
	],
	"left_wrist": [
		0.6227971315383911,
		1.1159453392028809,
		0.0592082217335701,
		0.21235959231853485
	],
	"right_shoulder": [
		0.2960609793663025,
		0.5728931427001953,
		-0.3227193057537079,
		0.9996421337127686
	],
	"right_elbow": [
		0.28595584630966187,
		0.9149190783500671,
		-0.34392470121383667,
		0.6987231373786926
	],
	"right_wrist": [
		0.32071998715400696,
		1.2541687488555908,
		-0.43700918555259705,
		0.3052172362804413
	],
	"nose": [
		0.4628055691719055,
		0.29269132018089294,
		-0.3234879970550537,
		0.9998272061347961
	],
	"left_eye": [
		0.45375293493270874,
		0.25449731945991516,
		-0.2870023846626282,
		0.9997354745864868
	],
	"right_eye": [
		0.42758694291114807,
		0.261400043964386,
		-0.33282405138015747,
		0.9998031258583069
	],
	"left_ear": [
		0.4365038275718689,
		0.28235965967178345,
		-0.09060938656330109,
		0.9996665120124817
	],
	"right_ear": [
		0.3763525187969208,
		0.3016689419746399,
		-0.27575069665908813,
		0.9998535513877869
	]
}