{
	"left_hip": [
		0.48832231760025024,
		1.223387360572815,
		0.06371200084686279,
		0.01871974766254425
	],
	"left_knee": [
		0.49326762557029724,
		1.7266817092895508,
		0.07190931588411331,
		0.0013136537745594978
	],
	"left_ankle": [
		0.49539023637771606,
		2.193942070007324,
		0.3608923554420471,
		0.0002902124251704663
	],
	"right_hip": [
		0.33313077688217163,
		1.2388774156570435,
		-0.061999838799238205,
		0.015346511267125607
	],
	"right_knee": [
		0.34293216466903687,
		1.7510017156600952,
		-0.05104973167181015,
		0.001893840730190277
	],
	"right_ankle": [
		0.3458324372768402,
		2.211512804031372,
		0.13004693388938904,
		0.00029731495305895805
	],
	"left_shoulder": [
		0.4919208884239197,
		0.5915170907974243,
		0.05687076970934868,
		0.9993680715560913
	],
	"left_elbow": [
		0.5543866753578186,
		0.8880484104156494,
		0.16904380917549133,
		0.5643315315246582
	],
	"left_wrist": [
		0.6184960603713989,
		1.1243034601211548,
		0.059908974915742874,
		0.208934023976326
	],
	"right_shoulder": [
		0.2969248592853546,
		0.5720343589782715,
		-0.3062170445919037,
		0.999649703502655
	],
	"right_elbow": [
		0.2886243760585785,
		0.9111387133598328,
		-0.3262685537338257,
		0.6890789866447449
	],
	"right_wrist": [
		0.3166959583759308,
		1.246991753578186,
		-0.42525964975357056,
		0.28251129388809204
	],
	"nose": [
		0.46160832047462463,
		0.29312366247177124,
		-0.3193921446800232,
		0.9998401403427124
	],
	"left_eye": [
		0.45305222272872925,
		0.2548622488975525,
		-0.28326496481895447,
		0.9997544288635254
	],
	"right_eye": [
		0.42655593156814575,
		0.2620091736316681,
		-0.32744288444519043,
		0.9998168349266052
	],
	"left_ear": [
		0.4364963471889496,
		0.28249216079711914,
		-0.08740419149398804,
		0.9996910691261292
	],
	"right_ear": [
		0.37590789794921875,
		0.30221712589263916,
		-0.26384586095809937,
		0.9998634457588196
	]
}