{
	"left_hip": [
		0.4876517355442047,
		1.2201355695724487,
		0.06546476483345032,
		0.0167254488915205
	],
	"left_knee": [
		0.4932308793067932,
		1.7246122360229492,
		0.05953999236226082,
		0.0011297297896817327
	],
	"left_ankle": [
		0.49555063247680664,
		2.194206714630127,
		0.35722607374191284,
		0.0002526395255699754
	],
	"right_hip": [
		0.33358854055404663,
		1.236770510673523,
		-0.0636351928114891,
		0.013452024199068546
	],
	"right_knee": [
		0.3428303301334381,
		1.7491843700408936,
		-0.06651731580495834,
		0.0015347950393334031
	],
	"right_ankle": [
		0.3469790518283844,
		2.209575891494751,
		0.1248389333486557,
		0.00024612960987724364
	],
	"left_shoulder": [
		0.49014005064964294,
		0.5925631523132324,
		0.06651422381401062,
		0.9994319677352905
	],
	"left_elbow": [
		0.5556296706199646,
		0.8915385603904724,
		0.18332377076148987,
		0.5930814146995544
	],
	"left_wrist": [
		0.6187750697135925,
		1.1349966526031494,
		0.07678215950727463,
		0.21955111622810364
	],
	"right_shoulder": [
		0.2984555661678314,
		0.5703226327896118,
		-0.3219183683395386,
		0.9996373653411865
	],
	"right_elbow": [
		0.29052039980888367,
		0.9043822288513184,
		-0.38640791177749634,
		0.6675539612770081
	],
	"right_wrist": [
		0.30767694115638733,
		1.2238367795944214,
		-0.5328031778335571,
		0.2639341354370117
	],
	"nose": [
		0.4616081118583679,
		0.29322823882102966,
		-0.307208389043808,
		0.9998394250869751
	],
	"left_eye": [
		0.45266395807266235,
		0.25574204325675964,
		-0.27072378993034363,
		0.999752938747406
	],
	"right_eye": [
		0.4270368218421936,
		0.26253989338874817,
		-0.31745296716690063,
		0.999815821647644
	],
	"left_ear": [
		0.43582430481910706,
		0.2836683690547943,
		-0.07275323569774628,
		0.9997001886367798
	],
	"right_ear": [
		0.37611711025238037,
		0.30276820063591003,
		-0.2704184055328369,
		0.9998607635498047
	]
}