{
	"left_hip": [
		0.4876647889614105,
		1.217886209487915,
		0.06992922723293304,
		0.01627017930150032
	],
	"left_knee": [
		0.4936584532260895,
		1.7206932306289673,
		0.05957813188433647,
		0.0010939431376755238
	],
	"left_ankle": [
		0.49738970398902893,
		2.190709352493286,
		0.3567661941051483,
		0.00024422374553978443
	],
	"right_hip": [
		0.33465179800987244,
		1.2360403537750244,
		-0.06810329854488373,
		0.012994548305869102
	],
	"right_knee": [
		0.344193696975708,
		1.7466624975204468,
		-0.07140452414751053,
		0.0014937507221475244
	],
	"right_ankle": [
		0.34953776001930237,
		2.207946300506592,
		0.11741183698177338,
		0.0002397904172539711
	],
	"left_shoulder": [
		0.48786991834640503,
		0.5925725698471069,
		0.08175646513700485,
		0.999418318271637
	],
	"left_elbow": [
		0.551899790763855,
		0.8898158669471741,
		0.20777520537376404,
		0.5915245413780212
	],
	"left_wrist": [
		0.6181273460388184,
		1.1273845434188843,
		0.10125167667865753,
		0.22747017443180084
	],
	"right_shoulder": [
		0.2993471324443817,
		0.5699013471603394,
		-0.32904917001724243,
		0.9996214509010315
	],
	"right_elbow": [
		0.2905517518520355,
		0.9030759930610657,
		-0.3860810399055481,
		0.6651929020881653
	],
	"right_wrist": [
		0.3179093599319458,
		1.215397596359253,
		-0.5099239349365234,
		0.26919683814048767
	],
	"nose": [
		0.4616124629974365,
		0.29334405064582825,
		-0.2935505509376526,
		0.9998393654823303
	],
	"left_eye": [
		0.45258766412734985,
		0.2559675872325897,
		-0.2574477195739746,
		0.9997518658638
	],
	"right_eye": [
		0.4272051453590393,
		0.2626856863498688,
		-0.30736663937568665,
		0.9998156428337097
	],
	"left_ear": [
		0.4354873299598694,
		0.28401240706443787,
		-0.06368930637836456,
		0.9996982216835022
	],
	"right_ear": [
		0.3761270344257355,
		0.3029155731201172,
		-0.2727324366569519,
		0.9998600482940674
	]
}