{
	"left_hip": [
		0.498321533203125,
		1.2181378602981567,
		0.07684488594532013,
		0.015306494198739529
	],
	"left_knee": [
		0.5126760601997375,
		1.721225380897522,
		0.06825898587703705,
		0.0010097268968820572
	],
	"left_ankle": [
		0.5241130590438843,
		2.1905698776245117,
		0.3618956208229065,
		0.00022774348326493055
	],
	"right_hip": [
		0.348656564950943,
		1.2424442768096924,
		-0.07507278770208359,
		0.012288752943277359
	],
	"right_knee": [
		0.36747580766677856,
		1.7531659603118896,
		-0.07152783125638962,
		0.001411658595316112
	],
	"right_ankle": [
		0.3798966705799103,
		2.212864398956299,
		0.11668048799037933,
		0.00022625554993283004
	],
	"left_shoulder": [
		0.48071298003196716,
		0.5926950573921204,
		0.11088534444570541,
		0.9993852972984314
	],
	"left_elbow": [
		0.5419254899024963,
		0.8932769298553467,
		0.2352345734834671,
		0.5732051730155945
	],
	"left_wrist": [
		0.6189189553260803,
		1.1265445947647095,
		0.12551268935203552,
		0.22544483840465546
	],
	"right_shoulder": [
		0.3037891983985901,
		0.5696793794631958,
		-0.3330797255039215,
		0.9996267557144165
	],
	"right_elbow": [
		0.29611536860466003,
		0.9129900336265564,
		-0.37711507081985474,
		0.6683127880096436
	],
	"right_wrist": [
		0.3502224385738373,
		1.2209043502807617,
		-0.49332863092422485,
		0.2830673158168793
	],
	"nose": [
		0.46261754631996155,
		0.2946173846721649,
		-0.2504582703113556,
		0.999850332736969
	],
	"left_eye": [
		0.4528375267982483,
		0.2586559057235718,
		-0.21554246544837952,
		0.9997645616531372
	],
	"right_eye": [
		0.4283388555049896,
		0.26474887132644653,
		-0.2701530456542969,
		0.9998281598091125
	],
	"left_ear": [
		0.43546146154403687,
		0.2857738137245178,
		-0.032104261219501495,
		0.9997119307518005
	],
	"right_ear": [
		0.3765278458595276,
		0.30452078580856323,
		-0.26791876554489136,
		0.9998703002929688
	]
}