{
	"left_hip": [
		0.49861565232276917,
		1.223686933517456,
		0.1302025020122528,
		0.09398900717496872
	],
	"left_knee": [
		0.5264784097671509,
		1.701093316078186,
		0.16742351651191711,
		0.005151505582034588
	],
	"left_ankle": [
		0.5441745519638062,
		2.1524384021759033,
		0.4213714599609375,
		0.0006038409774191678
	],
	"right_hip": [
		0.3916965425014496,
		1.253481388092041,
		-0.12873436510562897,
		0.08487314730882645
	],
	"right_knee": [
		0.4209730625152588,
		1.7527856826782227,
		-0.08349088579416275,
		0.014065444469451904
	],
	"right_ankle": [
		0.43169084191322327,
		2.210069417953491,
		0.08232633769512177,
		0.001158888335339725
	],
	"left_shoulder": [
		0.4617725908756256,
		0.5837504267692566,
		0.1986866444349289,
		0.9977911710739136
	],
	"left_elbow": [
		0.5053984522819519,
		0.8949340581893921,
		0.25627362728118896,
		0.3443838059902191
	],
	"left_wrist": [
		0.5961701273918152,
		1.1206873655319214,
		0.11891446262598038,
		0.34530606865882874
	],
	"right_shoulder": [
		0.34879082441329956,
		0.5575014352798462,
		-0.4091336727142334,
		0.9994860291481018
	],
	"right_elbow": [
		0.37686318159103394,
		0.9165166616439819,
		-0.4661889970302582,
		0.8016980886459351
	],
	"right_wrist": [
		0.48000669479370117,
		1.1852458715438843,
		-0.4806424081325531,
		0.5509524941444397
	],
	"nose": [
		0.507300078868866,
		0.30075812339782715,
		-0.14983037114143372,
		0.9998531937599182
	],
	"left_eye": [
		0.49023938179016113,
		0.26004108786582947,
		-0.12089850753545761,
		0.9997960329055786
	],
	"right_eye": [
		0.47952643036842346,
		0.2636928856372833,
		-0.18472488224506378,
		0.9998542666435242
	],
	"left_ear": [
		0.4530268609523773,
		0.28579577803611755,
		0.0258154459297657,
		0.9997652173042297
	],
	"right_ear": [
		0.43015050888061523,
		0.2955341339111328,
		-0.2872754633426666,
		0.9999043345451355
	]
}