{
	"left_hip": [
		0.5029646158218384,
		1.2288575172424316,
		0.12499841302633286,
		0.06747828423976898
	],
	"left_knee": [
		0.5314722061157227,
		1.7149107456207275,
		0.17407217621803284,
		0.0040568276308476925
	],
	"left_ankle": [
		0.5486848950386047,
		2.1672353744506836,
		0.43042248487472534,
		0.0004694991512224078
	],
	"right_hip": [
		0.3956024944782257,
		1.2635475397109985,
		-0.12346620857715607,
		0.05925854668021202
	],
	"right_knee": [
		0.4248522222042084,
		1.7712301015853882,
		-0.06659222394227982,
		0.010922775603830814
	],
	"right_ankle": [
		0.431713730096817,
		2.2297823429107666,
		0.11519338935613632,
		0.0009115561842918396
	],
	"left_shoulder": [
		0.46431976556777954,
		0.5826687812805176,
		0.1776297390460968,
		0.9970607161521912
	],
	"left_elbow": [
		0.5160958170890808,
		0.8879241943359375,
		0.24357417225837708,
		0.2597491145133972
	],
	"left_wrist": [
		0.6066783666610718,
		1.0923292636871338,
		0.12433222681283951,
		0.36597880721092224
	],
	"right_shoulder": [
		0.3629814386367798,
		0.5642534494400024,
		-0.4051358699798584,
		0.9992839097976685
	],
	"right_elbow": [
		0.39522507786750793,
		0.9166529774665833,
		-0.4536527991294861,
		0.739149808883667
	],
	"right_wrist": [
		0.489614337682724,
		1.2163552045822144,
		-0.4573823809623718,
		0.4996168911457062
	],
	"nose": [
		0.5213690996170044,
		0.3129466772079468,
		-0.1537821739912033,
		0.9998633861541748
	],
	"left_eye": [
		0.5046768188476562,
		0.26664280891418457,
		-0.1277739405632019,
		0.9998099207878113
	],
	"right_eye": [
		0.49621158838272095,
		0.27128440141677856,
		-0.19487179815769196,
		0.9998586773872375
	],
	"left_ear": [
		0.46615156531333923,
		0.2906387150287628,
		0.008512130007147789,
		0.9997918009757996
	],
	"right_ear": [
		0.4504827558994293,
		0.29913756251335144,
		-0.29143452644348145,
		0.9999067783355713
	]
}