{
	"left_hip": [
		0.512108325958252,
		1.2157436609268188,
		0.12307169288396835,
		0.0353132002055645
	],
	"left_knee": [
		0.5381735563278198,
		1.7048418521881104,
		0.1271289438009262,
		0.002702376339584589
	],
	"left_ankle": [
		0.5545376539230347,
		2.162829875946045,
		0.35362428426742554,
		0.00029198001720942557
	],
	"right_hip": [
		0.39989233016967773,
		1.2473423480987549,
		-0.12138034403324127,
		0.029508113861083984
	],
	"right_knee": [
		0.4242008626461029,
		1.7517765760421753,
		-0.11006589978933334,
		0.006948898080736399
	],
	"right_ankle": [
		0.43086934089660645,
		2.215364694595337,
		0.03524593636393547,
		0.0005494534270837903
	],
	"left_shoulder": [
		0.4738580286502838,
		0.5796058177947998,
		0.20225298404693604,
		0.9967307448387146
	],
	"left_elbow": [
		0.5209829807281494,
		0.8653912544250488,
		0.27523118257522583,
		0.17640569806098938
	],
	"left_wrist": [
		0.6120158433914185,
		1.0706034898757935,
		0.13921424746513367,
		0.33174964785575867
	],
	"right_shoulder": [
		0.37034308910369873,
		0.5592944622039795,
		-0.39919304847717285,
		0.9992609024047852
	],
	"right_elbow": [
		0.38996899127960205,
		0.9435506463050842,
		-0.45972567796707153,
		0.7246794104576111
	],
	"right_wrist": [
		0.48536157608032227,
		1.1806535720825195,
		-0.4754818081855774,
		0.46483469009399414
	],
	"nose": [
		0.532564640045166,
		0.3350427746772766,
		-0.14449189603328705,
		0.9998648762702942
	],
	"left_eye": [
		0.5164672136306763,
		0.28579074144363403,
		-0.1179216131567955,
		0.9998144507408142
	],
	"right_eye": [
		0.50738924741745,
		0.2900155186653137,
		-0.18756034970283508,
		0.9998601078987122
	],
	"left_ear": [
		0.48140907287597656,
		0.3032149076461792,
		0.028325792402029037,
		0.9998066425323486
	],
	"right_ear": [
		0.46289557218551636,
		0.31066012382507324,
		-0.2810437083244324,
		0.9999100565910339
	]
}