{
	"left_hip": [
		0.503518283367157,
		1.2197251319885254,
		0.15562936663627625,
		0.03862399235367775
	],
	"left_knee": [
		0.5369129180908203,
		1.6949948072433472,
		0.18216894567012787,
		0.003292060922831297
	],
	"left_ankle": [
		0.5579259395599365,
		2.1354453563690186,
		0.42634424567222595,
		0.0003674953186418861
	],
	"right_hip": [
		0.4008300304412842,
		1.2460354566574097,
		-0.15412640571594238,
		0.03248731046915054
	],
	"right_knee": [
		0.43161335587501526,
		1.7400285005569458,
		-0.11773188412189484,
		0.009175248444080353
	],
	"right_ankle": [
		0.4421430230140686,
		2.1959195137023926,
		0.03654947876930237,
		0.0008452647016383708
	],
	"left_shoulder": [
		0.47354426980018616,
		0.5798884034156799,
		0.24419505894184113,
		0.9956395626068115
	],
	"left_elbow": [
		0.5192018747329712,
		0.8707659244537354,
		0.2948719561100006,
		0.16437385976314545
	],
	"left_wrist": [
		0.6191517114639282,
		1.0802651643753052,
		0.14164820313453674,
		0.33778151869773865
	],
	"right_shoulder": [
		0.37159329652786255,
		0.5546557903289795,
		-0.42050284147262573,
		0.9991819262504578
	],
	"right_elbow": [
		0.39824458956718445,
		0.9257209300994873,
		-0.4911980628967285,
		0.7343069314956665
	],
	"right_wrist": [
		0.4979778230190277,
		1.1760129928588867,
		-0.49563902616500854,
		0.5184385180473328
	],
	"nose": [
		0.5349134802818298,
		0.3349953293800354,
		-0.13643360137939453,
		0.9997915625572205
	],
	"left_eye": [
		0.5191035866737366,
		0.2859148681163788,
		-0.10693440586328506,
		0.9997043013572693
	],
	"right_eye": [
		0.5099825263023376,
		0.28979775309562683,
		-0.18116846680641174,
		0.9997828006744385
	],
	"left_ear": [
		0.4836629331111908,
		0.3030720055103302,
		0.043671876192092896,
		0.9996770620346069
	],
	"right_ear": [
		0.465236097574234,
		0.310006320476532,
		-0.2827787697315216,
		0.9998477697372437
	]
}