{
	"left_hip": [
		0.5040602684020996,
		1.2378339767456055,
		0.14961189031600952,
		0.04738747328519821
	],
	"left_knee": [
		0.5381520986557007,
		1.7118386030197144,
		0.18212434649467468,
		0.004247957840561867
	],
	"left_ankle": [
		0.5637352466583252,
		2.160947561264038,
		0.441734254360199,
		0.0004851951089221984
	],
	"right_hip": [
		0.40165457129478455,
		1.265139102935791,
		-0.14811894297599792,
		0.03965821489691734
	],
	"right_knee": [
		0.43689998984336853,
		1.7597237825393677,
		-0.09918196499347687,
		0.011735293082892895
	],
	"right_ankle": [
		0.4484257698059082,
		2.216115951538086,
		0.0810590535402298,
		0.0012533391127362847
	],
	"left_shoulder": [
		0.4770675599575043,
		0.5878264307975769,
		0.22265338897705078,
		0.9944697022438049
	],
	"left_elbow": [
		0.5311474204063416,
		0.8884140253067017,
		0.2812453806400299,
		0.14384502172470093
	],
	"left_wrist": [
		0.6188226938247681,
		1.1176601648330688,
		0.13150568306446075,
		0.33950647711753845
	],
	"right_shoulder": [
		0.3755304515361786,
		0.5564488768577576,
		-0.4307524263858795,
		0.9989835619926453
	],
	"right_elbow": [
		0.4000833034515381,
		0.9154962301254272,
		-0.4962475299835205,
		0.7128361463546753
	],
	"right_wrist": [
		0.5017106533050537,
		1.2070869207382202,
		-0.5034080743789673,
		0.5493586659431458
	],
	"nose": [
		0.5378940105438232,
		0.3356492519378662,
		-0.1527012288570404,
		0.9997327923774719
	],
	"left_eye": [
		0.522822380065918,
		0.2865235507488251,
		-0.12321297824382782,
		0.9996120929718018
	],
	"right_eye": [
		0.5132812857627869,
		0.29004499316215515,
		-0.19683626294136047,
		0.9997146129608154
	],
	"left_ear": [
		0.486703097820282,
		0.30341193079948425,
		0.029233524575829506,
		0.999568521976471
	],
	"right_ear": [
		0.4686746597290039,
		0.30993133783340454,
		-0.2982627749443054,
		0.9997904300689697
	]
}