{
	"left_hip": [
		0.5016783475875854,
		1.2371485233306885,
		0.15340229868888855,
		0.05053488165140152
	],
	"left_knee": [
		0.5369788408279419,
		1.703869104385376,
		0.19563600420951843,
		0.004158148542046547
	],
	"left_ankle": [
		0.5637626051902771,
		2.1433157920837402,
		0.4562062621116638,
		0.0004801148024853319
	],
	"right_hip": [
		0.4015493392944336,
		1.2645682096481323,
		-0.15191993117332458,
		0.04257805272936821
	],
	"right_knee": [
		0.43662410974502563,
		1.7516639232635498,
		-0.09939812123775482,
		0.011876055970788002
	],
	"right_ankle": [
		0.4491654932498932,
		2.198866844177246,
		0.08014249801635742,
		0.0012835175730288029
	],
	"left_shoulder": [
		0.4764000475406647,
		0.5878180265426636,
		0.22385764122009277,
		0.9941682815551758
	],
	"left_elbow": [
		0.5258209705352783,
		0.8888395428657532,
		0.27967730164527893,
		0.13647718727588654
	],
	"left_wrist": [
		0.6128197908401489,
		1.1224870681762695,
		0.12315579503774643,
		0.3388180136680603
	],
	"right_shoulder": [
		0.3752887547016144,
		0.5563414692878723,
		-0.43520674109458923,
		0.998971700668335
	],
	"right_elbow": [
		0.39855071902275085,
		0.9150335192680359,
		-0.5034629702568054,
		0.7155217528343201
	],
	"right_wrist": [
		0.5015625953674316,
		1.2061009407043457,
		-0.5076083540916443,
		0.5667409896850586
	],
	"nose": [
		0.5387674570083618,
		0.335667222738266,
		-0.1528322994709015,
		0.9997100830078125
	],
	"left_eye": [
		0.5236955881118774,
		0.28662630915641785,
		-0.12353886663913727,
		0.9995794296264648
	],
	"right_eye": [
		0.5142229795455933,
		0.2900450527667999,
		-0.1972840428352356,
		0.9996897578239441
	],
	"left_ear": [
		0.4877541959285736,
		0.30348846316337585,
		0.027385985478758812,
		0.9995283484458923
	],
	"right_ear": [
		0.4694969058036804,
		0.30990272760391235,
		-0.301120787858963,
		0.9997736215591431
	]
}