{
	"left_hip": [
		0.4949883818626404,
		1.2325822114944458,
		0.1658788025379181,
		0.05385717377066612
	],
	"left_knee": [
		0.5300644636154175,
		1.6726845502853394,
		0.2098505049943924,
		0.00374494562856853
	],
	"left_ankle": [
		0.5618578195571899,
		2.109959840774536,
		0.46559566259384155,
		0.00046092047705315053
	],
	"right_hip": [
		0.40231800079345703,
		1.25919771194458,
		-0.16440777480602264,
		0.04722076654434204
	],
	"right_knee": [
		0.4364485740661621,
		1.7133268117904663,
		-0.1025020033121109,
		0.012981515377759933
	],
	"right_ankle": [
		0.45017877221107483,
		2.16469144821167,
		0.07447225600481033,
		0.00146250962279737
	],
	"left_shoulder": [
		0.4716053605079651,
		0.5842293500900269,
		0.23214800655841827,
		0.992706298828125
	],
	"left_elbow": [
		0.5101491212844849,
		0.8925663232803345,
		0.2743259072303772,
		0.10980943590402603
	],
	"left_wrist": [
		0.6080058813095093,
		1.1172252893447876,
		0.11709113419055939,
		0.31572240591049194
	],
	"right_shoulder": [
		0.37652769684791565,
		0.5555135607719421,
		-0.45037826895713806,
		0.9988870620727539
	],
	"right_elbow": [
		0.4058000147342682,
		0.9540421366691589,
		-0.5248651504516602,
		0.7193982005119324
	],
	"right_wrist": [
		0.490194708108902,
		1.2063509225845337,
		-0.5315264463424683,
		0.6026063561439514
	],
	"nose": [
		0.5408550500869751,
		0.3357745110988617,
		-0.15953467786312103,
		0.9995874762535095
	],
	"left_eye": [
		0.5263949632644653,
		0.2869309186935425,
		-0.1291217803955078,
		0.9993953108787537
	],
	"right_eye": [
		0.5164364576339722,
		0.29029330611228943,
		-0.20481622219085693,
		0.9995579123497009
	],
	"left_ear": [
		0.4902888834476471,
		0.30359992384910583,
		0.02443614788353443,
		0.9993096590042114
	],
	"right_ear": [
		0.47210341691970825,
		0.3099175989627838,
		-0.3122490346431732,
		0.9996778964996338
	]
}