{
	"left_hip": [
		0.4994426667690277,
		1.2326375246047974,
		0.1582774668931961,
		0.055998753756284714
	],
	"left_knee": [
		0.5333961844444275,
		1.691413402557373,
		0.19108876585960388,
		0.004087523557245731
	],
	"left_ankle": [
		0.5620055198669434,
		2.1355338096618652,
		0.44389957189559937,
		0.0004947379347868264
	],
	"right_hip": [
		0.4034591317176819,
		1.2582327127456665,
		-0.1568332016468048,
		0.049348171800374985
	],
	"right_knee": [
		0.43571892380714417,
		1.7328780889511108,
		-0.102531298995018,
		0.01390934083610773
	],
	"right_ankle": [
		0.44693827629089355,
		2.1894724369049072,
		0.07114145159721375,
		0.001550997607409954
	],
	"left_shoulder": [
		0.47315970063209534,
		0.5835217833518982,
		0.23161204159259796,
		0.9923760890960693
	],
	"left_elbow": [
		0.5114990472793579,
		0.893439531326294,
		0.27490442991256714,
		0.11076153069734573
	],
	"left_wrist": [
		0.6076850295066833,
		1.116154670715332,
		0.12155751883983612,
		0.3159588873386383
	],
	"right_shoulder": [
		0.3768090009689331,
		0.5541852116584778,
		-0.4396122395992279,
		0.9988791942596436
	],
	"right_elbow": [
		0.4048711657524109,
		0.9304091334342957,
		-0.515539288520813,
		0.7257325649261475
	],
	"right_wrist": [
		0.4910507798194885,
		1.2070521116256714,
		-0.5258422493934631,
		0.6082517504692078
	],
	"nose": [
		0.5432528257369995,
		0.33593037724494934,
		-0.15228582918643951,
		0.9995582699775696
	],
	"left_eye": [
		0.5290144681930542,
		0.2869538962841034,
		-0.12229263782501221,
		0.999354898929596
	],
	"right_eye": [
		0.519178032875061,
		0.2902921438217163,
		-0.19777004420757294,
		0.9995319247245789
	],
	"left_ear": [
		0.49170294404029846,
		0.3036107122898102,
		0.02944837138056755,
		0.9992703199386597
	],
	"right_ear": [
		0.4746610224246979,
		0.309901624917984,
		-0.30599385499954224,
		0.999660849571228
	]
}