{
	"left_hip": [
		0.5000930428504944,
		1.2320204973220825,
		0.15826289355754852,
		0.05768385902047157
	],
	"left_knee": [
		0.5343028903007507,
		1.6887409687042236,
		0.19300654530525208,
		0.004201611969619989
	],
	"left_ankle": [
		0.5633713603019714,
		2.1296019554138184,
		0.44764837622642517,
		0.0005112249054946005
	],
	"right_hip": [
		0.40505337715148926,
		1.2569223642349243,
		-0.15681760013103485,
		0.051332131028175354
	],
	"right_knee": [
		0.4361632466316223,
		1.7306016683578491,
		-0.09978915750980377,
		0.01448209397494793
	],
	"right_ankle": [
		0.4480791985988617,
		2.1825456619262695,
		0.07536692917346954,
		0.001619247836060822
	],
	"left_shoulder": [
		0.4735153317451477,
		0.5831575989723206,
		0.2321130782365799,
		0.9921573400497437
	],
	"left_elbow": [
		0.5116281509399414,
		0.8934348225593567,
		0.27499258518218994,
		0.10936639457941055
	],
	"left_wrist": [
		0.6077790856361389,
		1.1142287254333496,
		0.12134727090597153,
		0.3161992132663727
	],
	"right_shoulder": [
		0.37728220224380493,
		0.553209125995636,
		-0.43878239393234253,
		0.9988765716552734
	],
	"right_elbow": [
		0.40483230352401733,
		0.9197514653205872,
		-0.5153788924217224,
		0.7289841175079346
	],
	"right_wrist": [
		0.4959053099155426,
		1.2050212621688843,
		-0.5255275368690491,
		0.6148012280464172
	],
	"nose": [
		0.5448504686355591,
		0.33624374866485596,
		-0.1491313874721527,
		0.9995346069335938
	],
	"left_eye": [
		0.5302910208702087,
		0.28701260685920715,
		-0.11941975355148315,
		0.9993230104446411
	],
	"right_eye": [
		0.5207488536834717,
		0.2903195917606354,
		-0.19476981461048126,
		0.9995102286338806
	],
	"left_ear": [
		0.4924643039703369,
		0.303663045167923,
		0.030747663229703903,
		0.9992342591285706
	],
	"right_ear": [
		0.4760071635246277,
		0.3099045157432556,
		-0.3045661747455597,
		0.9996460676193237
	]
}