{
	"left_hip": [
		0.5064730048179626,
		1.228297472000122,
		0.14808382093906403,
		0.05351177230477333
	],
	"left_knee": [
		0.5390576124191284,
		1.6941531896591187,
		0.1873812973499298,
		0.004543254151940346
	],
	"left_ankle": [
		0.5646735429763794,
		2.1379194259643555,
		0.4493175446987152,
		0.0005542390281334519
	],
	"right_hip": [
		0.4060164988040924,
		1.2524770498275757,
		-0.14665168523788452,
		0.04819954186677933
	],
	"right_knee": [
		0.43691539764404297,
		1.7397602796554565,
		-0.0924040824174881,
		0.014692430384457111
	],
	"right_ankle": [
		0.45030122995376587,
		2.192530870437622,
		0.09125113487243652,
		0.0016825463389977813
	],
	"left_shoulder": [
		0.476238489151001,
		0.5823764801025391,
		0.22277724742889404,
		0.9917566776275635
	],
	"left_elbow": [
		0.5170750617980957,
		0.8925634026527405,
		0.2758687436580658,
		0.1063704565167427
	],
	"left_wrist": [
		0.6157587766647339,
		1.1121279001235962,
		0.12270192056894302,
		0.3095480501651764
	],
	"right_shoulder": [
		0.3788088262081146,
		0.550209105014801,
		-0.43382495641708374,
		0.9988855123519897
	],
	"right_elbow": [
		0.4043563902378082,
		0.9342662692070007,
		-0.5042003393173218,
		0.725963830947876
	],
	"right_wrist": [
		0.4989633560180664,
		1.1993881464004517,
		-0.5191935896873474,
		0.6067578196525574
	],
	"nose": [
		0.5486620664596558,
		0.3361648917198181,
		-0.14845868945121765,
		0.9995061755180359
	],
	"left_eye": [
		0.5335908532142639,
		0.28689274191856384,
		-0.1190657764673233,
		0.999275267124176
	],
	"right_eye": [
		0.5246105790138245,
		0.2898670434951782,
		-0.19467805325984955,
		0.9994776248931885
	],
	"left_ear": [
		0.4955543577671051,
		0.3039674758911133,
		0.030733462423086166,
		0.9991849660873413
	],
	"right_ear": [
		0.4794895648956299,
		0.3098315894603729,
		-0.3044606149196625,
		0.9996268153190613
	]
}