{
	"left_hip": [
		0.5028688907623291,
		1.219862461090088,
		0.15515032410621643,
		0.0599406398832798
	],
	"left_knee": [
		0.5315321683883667,
		1.666694164276123,
		0.19134674966335297,
		0.004655721131712198
	],
	"left_ankle": [
		0.5581804513931274,
		2.1016836166381836,
		0.4481772780418396,
		0.0005819930229336023
	],
	"right_hip": [
		0.4058418273925781,
		1.2406024932861328,
		-0.1537047177553177,
		0.0541805736720562
	],
	"right_knee": [
		0.43068671226501465,
		1.708491325378418,
		-0.09937296062707901,
		0.01603151485323906
	],
	"right_ankle": [
		0.44421085715293884,
		2.1538712978363037,
		0.0719970315694809,
		0.0018572092521935701
	],
	"left_shoulder": [
		0.4785817563533783,
		0.5822421312332153,
		0.23910482227802277,
		0.9921587705612183
	],
	"left_elbow": [
		0.5201510190963745,
		0.8907340168952942,
		0.28938281536102295,
		0.11161022633314133
	],
	"left_wrist": [
		0.6175448298454285,
		1.1097888946533203,
		0.1292988359928131,
		0.32952073216438293
	],
	"right_shoulder": [
		0.3797146677970886,
		0.5472967028617859,
		-0.43073946237564087,
		0.9989473223686218
	],
	"right_elbow": [
		0.4021527171134949,
		0.8877133727073669,
		-0.5043541193008423,
		0.7413183450698853
	],
	"right_wrist": [
		0.5017907023429871,
		1.1821411848068237,
		-0.5123224854469299,
		0.6318827271461487
	],
	"nose": [
		0.5490072965621948,
		0.3341202735900879,
		-0.14639337360858917,
		0.999531090259552
	],
	"left_eye": [
		0.5341901183128357,
		0.28575456142425537,
		-0.11650051176548004,
		0.9993106126785278
	],
	"right_eye": [
		0.5250279903411865,
		0.2886786162853241,
		-0.1912458837032318,
		0.9995036125183105
	],
	"left_ear": [
		0.49664536118507385,
		0.3037526309490204,
		0.03587488830089569,
		0.999212384223938
	],
	"right_ear": [
		0.4801601767539978,
		0.30921462178230286,
		-0.2962668538093567,
		0.9996426701545715
	]
}