{
	"left_hip": [
		0.5002346038818359,
		1.2151124477386475,
		0.15598565340042114,
		0.07194368541240692
	],
	"left_knee": [
		0.5265701413154602,
		1.6383247375488281,
		0.18482042849063873,
		0.005026991479098797
	],
	"left_ankle": [
		0.5510474443435669,
		2.065704584121704,
		0.40934300422668457,
		0.0006335146026685834
	],
	"right_hip": [
		0.40718311071395874,
		1.2345572710037231,
		-0.15447621047496796,
		0.06682492047548294
	],
	"right_knee": [
		0.4256405830383301,
		1.677910327911377,
		-0.11151401698589325,
		0.018887966871261597
	],
	"right_ankle": [
		0.4354793429374695,
		2.117232322692871,
		0.030769607052206993,
		0.0021810841280966997
	],
	"left_shoulder": [
		0.4829554557800293,
		0.5815367698669434,
		0.24251583218574524,
		0.9924869537353516
	],
	"left_elbow": [
		0.5225461721420288,
		0.8893771171569824,
		0.28363847732543945,
		0.1172705590724945
	],
	"left_wrist": [
		0.6136680841445923,
		1.1007004976272583,
		0.11977653205394745,
		0.35033929347991943
	],
	"right_shoulder": [
		0.3822501301765442,
		0.5450147986412048,
		-0.4135892987251282,
		0.9989988207817078
	],
	"right_elbow": [
		0.3992699980735779,
		0.8830358982086182,
		-0.48516568541526794,
		0.7656290531158447
	],
	"right_wrist": [
		0.4929807186126709,
		1.1733922958374023,
		-0.48996439576148987,
		0.6661989688873291
	],
	"nose": [
		0.5504037141799927,
		0.33053040504455566,
		-0.1396639347076416,
		0.9995629191398621
	],
	"left_eye": [
		0.5352141261100769,
		0.2835964560508728,
		-0.10959938913583755,
		0.9993655681610107
	],
	"right_eye": [
		0.5258730053901672,
		0.2868901491165161,
		-0.18229524791240692,
		0.9995449781417847
	],
	"left_ear": [
		0.4981177747249603,
		0.3027040362358093,
		0.0430450364947319,
		0.9992616772651672
	],
	"right_ear": [
		0.4816915988922119,
		0.3082224130630493,
		-0.2810388207435608,
		0.9996681809425354
	]
}