{
	"left_hip": [
		0.5048030614852905,
		1.2128345966339111,
		0.15780431032180786,
		0.07767317444086075
	],
	"left_knee": [
		0.5292287468910217,
		1.638658881187439,
		0.1735101044178009,
		0.005493053235113621
	],
	"left_ankle": [
		0.5543501973152161,
		2.0719807147979736,
		0.4016117453575134,
		0.0006731713656336069
	],
	"right_hip": [
		0.41467347741127014,
		1.2296746969223022,
		-0.15622036159038544,
		0.07546466588973999
	],
	"right_knee": [
		0.4343554377555847,
		1.669083833694458,
		-0.11813978850841522,
		0.022524824365973473
	],
	"right_ankle": [
		0.4479183256626129,
		2.118932008743286,
		0.028985461220145226,
		0.0024971298407763243
	],
	"left_shoulder": [
		0.486102432012558,
		0.5774000287055969,
		0.26524361968040466,
		0.9924476146697998
	],
	"left_elbow": [
		0.5251486897468567,
		0.8761659860610962,
		0.3139331638813019,
		0.13064907491207123
	],
	"left_wrist": [
		0.6135504841804504,
		1.0739141702651978,
		0.14512410759925842,
		0.38085439801216125
	],
	"right_shoulder": [
		0.38436129689216614,
		0.5363447070121765,
		-0.3959769606590271,
		0.9990284442901611
	],
	"right_elbow": [
		0.39949744939804077,
		0.8665289878845215,
		-0.4789245128631592,
		0.816292405128479
	],
	"right_wrist": [
		0.5060601830482483,
		1.1503305435180664,
		-0.4881851077079773,
		0.7355582118034363
	],
	"nose": [
		0.5497704148292542,
		0.32915541529655457,
		-0.10938596725463867,
		0.9995442032814026
	],
	"left_eye": [
		0.5334017872810364,
		0.28419050574302673,
		-0.08064182102680206,
		0.9993327260017395
	],
	"right_eye": [
		0.5242034792900085,
		0.2873576879501343,
		-0.15387779474258423,
		0.9995318651199341
	],
	"left_ear": [
		0.4964888095855713,
		0.30363819003105164,
		0.0684744194149971,
		0.9991993308067322
	],
	"right_ear": [
		0.4804954528808594,
		0.30960628390312195,
		-0.25773710012435913,
		0.9996400475502014
	]
}