{
	"left_hip": [
		0.4706094264984131,
		1.13106107711792,
		0.17997746169567108,
		0.10417308658361435
	],
	"left_knee": [
		0.5460149049758911,
		1.3936874866485596,
		0.08734180778265,
		0.016932446509599686
	],
	"left_ankle": [
		0.550783634185791,
		1.8278369903564453,
		0.23630325496196747,
		0.002184723736718297
	],
	"right_hip": [
		0.39322036504745483,
		1.1355562210083008,
		-0.17828455567359924,
		0.09360586106777191
	],
	"right_knee": [
		0.4482850134372711,
		1.4092177152633667,
		-0.2316245585680008,
		0.05565573647618294
	],
	"right_ankle": [
		0.44944819808006287,
		1.9038063287734985,
		-0.15997111797332764,
		0.0063471803441643715
	],
	"left_shoulder": [
		0.4712449014186859,
		0.5564123392105103,
		0.38168439269065857,
		0.992686927318573
	],
	"left_elbow": [
		0.5238515734672546,
		0.7934730052947998,
		0.43823257088661194,
		0.17951437830924988
	],
	"left_wrist": [
		0.6055067777633667,
		0.9351001977920532,
		0.21305939555168152,
		0.3992308974266052
	],
	"right_shoulder": [
		0.376882940530777,
		0.5158607363700867,
		-0.3605954051017761,
		0.9986302852630615
	],
	"right_elbow": [
		0.4342382848262787,
		0.8056928515434265,
		-0.44623079895973206,
		0.8717394471168518
	],
	"right_wrist": [
		0.5858520865440369,
		0.982563316822052,
		-0.4218808114528656,
		0.8021089434623718
	],
	"nose": [
		0.527035117149353,
		0.31736457347869873,
		-0.010821574367582798,
		0.9993317723274231
	],
	"left_eye": [
		0.5120912790298462,
		0.27363014221191406,
		0.019589882344007492,
		0.9990551471710205
	],
	"right_eye": [
		0.5036585330963135,
		0.27711108326911926,
		-0.05864892527461052,
		0.9992868304252625
	],
	"left_ear": [
		0.4761529564857483,
		0.2928507328033447,
		0.16328267753124237,
		0.9988034963607788
	],
	"right_ear": [
		0.4584244191646576,
		0.2997799813747406,
		-0.1828019618988037,
		0.9992963671684265
	]
}