{
	"left_hip": [
		0.459052711725235,
		1.0961716175079346,
		0.2165655642747879,
		0.1988101452589035
	],
	"left_knee": [
		0.5977022051811218,
		0.8668107390403748,
		0.178995281457901,
		0.039987675845623016
	],
	"left_ankle": [
		0.5869134664535522,
		1.1444063186645508,
		0.35085636377334595,
		0.011022542603313923
	],
	"right_hip": [
		0.40065687894821167,
		1.1185901165008545,
		-0.21572032570838928,
		0.20477205514907837
	],
	"right_knee": [
		0.5521274209022522,
		0.9042845368385315,
		-0.32192352414131165,
		0.18983681499958038
	],
	"right_ankle": [
		0.5478395223617554,
		1.1685179471969604,
		-0.017072368413209915,
		0.027491018176078796
	],
	"left_shoulder": [
		0.4585666060447693,
		0.5510692596435547,
		0.41050902009010315,
		0.9932725429534912
	],
	"left_elbow": [
		0.5234469175338745,
		0.7990668416023254,
		0.4735322892665863,
		0.1374543309211731
	],
	"left_wrist": [
		0.592887282371521,
		0.913904070854187,
		0.26170799136161804,
		0.262034147977829
	],
	"right_shoulder": [
		0.38840335607528687,
		0.5110520124435425,
		-0.38259193301200867,
		0.998944878578186
	],
	"right_elbow": [
		0.48415613174438477,
		0.7958473563194275,
		-0.42910847067832947,
		0.9132494330406189
	],
	"right_wrist": [
		0.6147762537002563,
		0.9293907284736633,
		-0.24212107062339783,
		0.8410947918891907
	],
	"nose": [
		0.5248980522155762,
		0.31851184368133545,
		0.003156585618853569,
		0.999286949634552
	],
	"left_eye": [
		0.5085985660552979,
		0.2731409966945648,
		0.03648783266544342,
		0.998996376991272
	],
	"right_eye": [
		0.5008237957954407,
		0.2770727872848511,
		-0.04385358840227127,
		0.9992498755455017
	],
	"left_ear": [
		0.471066951751709,
		0.292689710855484,
		0.18756048381328583,
		0.9988545179367065
	],
	"right_ear": [
		0.4564118981361389,
		0.29989293217658997,
		-0.16592949628829956,
		0.9993870258331299
	]
}