{
	"left_hip": [
		0.4544312357902527,
		1.0941673517227173,
		0.2194155752658844,
		0.22588595747947693
	],
	"left_knee": [
		0.5873632431030273,
		0.8683387041091919,
		0.21274319291114807,
		0.04356696084141731
	],
	"left_ankle": [
		0.5822285413742065,
		1.1354645490646362,
		0.4012581408023834,
		0.013060200959444046
	],
	"right_hip": [
		0.4059121012687683,
		1.118237018585205,
		-0.2185971736907959,
		0.22999100387096405
	],
	"right_knee": [
		0.5544992685317993,
		0.9181652069091797,
		-0.3022427558898926,
		0.21934130787849426
	],
	"right_ankle": [
		0.542313277721405,
		1.1630001068115234,
		0.0008894503116607666,
		0.033710356801748276
	],
	"left_shoulder": [
		0.4518868923187256,
		0.5469593405723572,
		0.4071057438850403,
		0.9937037229537964
	],
	"left_elbow": [
		0.5171059370040894,
		0.7990288138389587,
		0.47152334451675415,
		0.13480977714061737
	],
	"left_wrist": [
		0.5916464924812317,
		0.9111282825469971,
		0.269502192735672,
		0.24929675459861755
	],
	"right_shoulder": [
		0.3919145166873932,
		0.5094631314277649,
		-0.3843403458595276,
		0.9990047216415405
	],
	"right_elbow": [
		0.49489203095436096,
		0.7809131145477295,
		-0.43096837401390076,
		0.9188315868377686
	],
	"right_wrist": [
		0.615286111831665,
		0.92313152551651,
		-0.2420411854982376,
		0.8466261029243469
	],
	"nose": [
		0.5249282121658325,
		0.3187558352947235,
		0.0011489915195852518,
		0.9993127584457397
	],
	"left_eye": [
		0.5084296464920044,
		0.2733150124549866,
		0.033860765397548676,
		0.9990416169166565
	],
	"right_eye": [
		0.5006957650184631,
		0.2771860957145691,
		-0.04642525315284729,
		0.9992733001708984
	],
	"left_ear": [
		0.4707337021827698,
		0.2927004396915436,
		0.18312819302082062,
		0.998921275138855
	],
	"right_ear": [
		0.4563841223716736,
		0.29988712072372437,
		-0.17071810364723206,
		0.9994209408760071
	]
}