{
	"left_hip": [
		0.4499453008174896,
		1.0671675205230713,
		0.21084263920783997,
		0.33266159892082214
	],
	"left_knee": [
		0.5688096284866333,
		0.8476685881614685,
		0.17460748553276062,
		0.07042919844388962
	],
	"left_ankle": [
		0.5588431358337402,
		1.064487338066101,
		0.34701627492904663,
		0.026838602498173714
	],
	"right_hip": [
		0.41072994470596313,
		1.088071584701538,
		-0.20999877154827118,
		0.3204762041568756
	],
	"right_knee": [
		0.5453895330429077,
		0.9148939251899719,
		-0.292006254196167,
		0.33924126625061035
	],
	"right_ankle": [
		0.5314210057258606,
		1.1005284786224365,
		-0.04359446465969086,
		0.06865142285823822
	],
	"left_shoulder": [
		0.430696964263916,
		0.5334938168525696,
		0.4161100387573242,
		0.9954666495323181
	],
	"left_elbow": [
		0.5007292032241821,
		0.7850924134254456,
		0.48817119002342224,
		0.13915304839611053
	],
	"left_wrist": [
		0.5919012427330017,
		0.8822768926620483,
		0.29674509167671204,
		0.20942869782447815
	],
	"right_shoulder": [
		0.40262994170188904,
		0.503089189529419,
		-0.3464420437812805,
		0.9992241263389587
	],
	"right_elbow": [
		0.5005373954772949,
		0.7574699521064758,
		-0.40021514892578125,
		0.9446593523025513
	],
	"right_wrist": [
		0.6159878969192505,
		0.8964651823043823,
		-0.24130776524543762,
		0.8765712976455688
	],
	"nose": [
		0.5250945091247559,
		0.32796841859817505,
		0.028479620814323425,
		0.9993894696235657
	],
	"left_eye": [
		0.5085389614105225,
		0.27877646684646606,
		0.05961582064628601,
		0.9991869926452637
	],
	"right_eye": [
		0.5010958909988403,
		0.2833201289176941,
		-0.01845673657953739,
		0.9993343949317932
	],
	"left_ear": [
		0.46823278069496155,
		0.29554659128189087,
		0.20158013701438904,
		0.9991464018821716
	],
	"right_ear": [
		0.45742735266685486,
		0.30202940106391907,
		-0.14543671905994415,
		0.9995184540748596
	]
}