{
	"left_hip": [
		0.4538273811340332,
		1.0280247926712036,
		0.1981649398803711,
		0.39772117137908936
	],
	"left_knee": [
		0.5867684483528137,
		0.8477373719215393,
		0.08383166044950485,
		0.09502224624156952
	],
	"left_ankle": [
		0.572340726852417,
		1.1031086444854736,
		0.19813664257526398,
		0.036932170391082764
	],
	"right_hip": [
		0.4053415358066559,
		1.0427470207214355,
		-0.1975969523191452,
		0.36840665340423584
	],
	"right_knee": [
		0.5334360599517822,
		0.9381944537162781,
		-0.31444209814071655,
		0.3976595997810364
	],
	"right_ankle": [
		0.5275441408157349,
		1.1317750215530396,
		-0.15367338061332703,
		0.09234074503183365
	],
	"left_shoulder": [
		0.438964307308197,
		0.5215631723403931,
		0.442535400390625,
		0.996374785900116
	],
	"left_elbow": [
		0.5256314277648926,
		0.7677955031394958,
		0.5253044366836548,
		0.1589316725730896
	],
	"left_wrist": [
		0.5947824716567993,
		0.8616048693656921,
		0.34408462047576904,
		0.19127841293811798
	],
	"right_shoulder": [
		0.3975469470024109,
		0.488724946975708,
		-0.286824494600296,
		0.9993219971656799
	],
	"right_elbow": [
		0.49857407808303833,
		0.7258427739143372,
		-0.351125568151474,
		0.95882648229599
	],
	"right_wrist": [
		0.6096466779708862,
		0.8635329604148865,
		-0.22649896144866943,
		0.8910855054855347
	],
	"nose": [
		0.5262959003448486,
		0.3278964161872864,
		0.07914505898952484,
		0.9993749856948853
	],
	"left_eye": [
		0.5094504952430725,
		0.27976366877555847,
		0.11318492889404297,
		0.9991990923881531
	],
	"right_eye": [
		0.5024824738502502,
		0.2836470305919647,
		0.03673841431736946,
		0.999321460723877
	],
	"left_ear": [
		0.4692503809928894,
		0.29668357968330383,
		0.256701797246933,
		0.9991911053657532
	],
	"right_ear": [
		0.4600113332271576,
		0.3021810054779053,
		-0.08262991160154343,
		0.9995186924934387
	]
}