{
	"left_hip": [
		0.4525587558746338,
		1.0093797445297241,
		0.18580089509487152,
		0.42274969816207886
	],
	"left_knee": [
		0.568341851234436,
		0.8806320428848267,
		0.11171992123126984,
		0.10735712945461273
	],
	"left_ankle": [
		0.6926560401916504,
		1.1330833435058594,
		0.21979084610939026,
		0.03769534081220627
	],
	"right_hip": [
		0.39326590299606323,
		1.0147849321365356,
		-0.18518763780593872,
		0.3651295602321625
	],
	"right_knee": [
		0.4645361006259918,
		0.9647960662841797,
		-0.26524531841278076,
		0.43738898634910583
	],
	"right_ankle": [
		0.4910060465335846,
		1.1859012842178345,
		-0.12597475945949554,
		0.0947422906756401
	],
	"left_shoulder": [
		0.4522320628166199,
		0.525477945804596,
		0.37875068187713623,
		0.9970618486404419
	],
	"left_elbow": [
		0.5643948316574097,
		0.704383909702301,
		0.37301450967788696,
		0.2533627152442932
	],
	"left_wrist": [
		0.6431049108505249,
		0.7520751357078552,
		0.09335239231586456,
		0.29564350843429565
	],
	"right_shoulder": [
		0.38201823830604553,
		0.47420641779899597,
		-0.27988994121551514,
		0.9993149638175964
	],
	"right_elbow": [
		0.472219854593277,
		0.6166110634803772,
		-0.4536820948123932,
		0.9704656600952148
	],
	"right_wrist": [
		0.6059255599975586,
		0.6898273825645447,
		-0.4035823345184326,
		0.9141659736633301
	],
	"nose": [
		0.5235920548439026,
		0.33193066716194153,
		0.01381441205739975,
		0.9993538856506348
	],
	"left_eye": [
		0.5091198682785034,
		0.2835254371166229,
		0.04991665855050087,
		0.9991815090179443
	],
	"right_eye": [
		0.501728892326355,
		0.28562217950820923,
		-0.016809353604912758,
		0.9992562532424927
	],
	"left_ear": [
		0.4687090814113617,
		0.2985714375972748,
		0.21331901848316193,
		0.9992417693138123
	],
	"right_ear": [
		0.4591595530509949,
		0.30220526456832886,
		-0.0843743085861206,
		0.9994910955429077
	]
}