{
	"left_hip": [
		0.4598069190979004,
		0.981997549533844,
		0.17071989178657532,
		0.48764050006866455
	],
	"left_knee": [
		0.5432140231132507,
		0.7189823389053345,
		0.18318122625350952,
		0.10988187789916992
	],
	"left_ankle": [
		0.8045333027839661,
		0.6272392272949219,
		0.2570463716983795,
		0.04948898404836655
	],
	"right_hip": [
		0.40690144896507263,
		1.0233287811279297,
		-0.17015084624290466,
		0.45193496346473694
	],
	"right_knee": [
		0.5345529317855835,
		0.7670241594314575,
		-0.21028713881969452,
		0.5360064506530762
	],
	"right_ankle": [
		0.724305272102356,
		0.7267759442329407,
		-0.09310689568519592,
		0.13622327148914337
	],
	"left_shoulder": [
		0.4688655436038971,
		0.495169997215271,
		0.2406729757785797,
		0.9981034398078918
	],
	"left_elbow": [
		0.6057859659194946,
		0.5366654396057129,
		0.23921838402748108,
		0.42639148235321045
	],
	"left_wrist": [
		0.7337502241134644,
		0.578596293926239,
		0.01939569227397442,
		0.4881306290626526
	],
	"right_shoulder": [
		0.37478333711624146,
		0.46166858077049255,
		-0.30524638295173645,
		0.9986005425453186
	],
	"right_elbow": [
		0.48666253685951233,
		0.469536691904068,
		-0.6199913024902344,
		0.9583693742752075
	],
	"right_wrist": [
		0.6179579496383667,
		0.45578014850616455,
		-0.6784332990646362,
		0.8611119985580444
	],
	"nose": [
		0.5169040560722351,
		0.32042115926742554,
		-0.106203593313694,
		0.9995588660240173
	],
	"left_eye": [
		0.5029978156089783,
		0.2755724787712097,
		-0.07124437391757965,
		0.9994691610336304
	],
	"right_eye": [
		0.4963958263397217,
		0.27838513255119324,
		-0.12724778056144714,
		0.9994049072265625
	],
	"left_ear": [
		0.46269112825393677,
		0.29200172424316406,
		0.10518161952495575,
		0.9995401501655579
	],
	"right_ear": [
		0.4523424506187439,
		0.2975214123725891,
		-0.15192696452140808,
		0.9995757341384888
	]
}