{
	"left_hip": [
		0.4618504047393799,
		0.9627341032028198,
		0.16821719706058502,
		0.48934879899024963
	],
	"left_knee": [
		0.5434826612472534,
		0.7387627363204956,
		0.16504418849945068,
		0.10415756702423096
	],
	"left_ankle": [
		0.8000397682189941,
		0.5986236929893494,
		0.23164737224578857,
		0.04910040646791458
	],
	"right_hip": [
		0.40927132964134216,
		1.0142091512680054,
		-0.16765648126602173,
		0.46983933448791504
	],
	"right_knee": [
		0.5216106176376343,
		0.8153390884399414,
		-0.2198328673839569,
		0.5297074913978577
	],
	"right_ankle": [
		0.6638568043708801,
		0.8447054028511047,
		-0.1000811904668808,
		0.13318899273872375
	],
	"left_shoulder": [
		0.4677240252494812,
		0.49409425258636475,
		0.19915379583835602,
		0.9981783628463745
	],
	"left_elbow": [
		0.6066582202911377,
		0.5086509585380554,
		0.180776447057724,
		0.4423733949661255
	],
	"left_wrist": [
		0.77228844165802,
		0.5515119433403015,
		-0.045675888657569885,
		0.4995957016944885
	],
	"right_shoulder": [
		0.37342578172683716,
		0.45612502098083496,
		-0.3180829882621765,
		0.9986391067504883
	],
	"right_elbow": [
		0.4831179678440094,
		0.45276013016700745,
		-0.6315162777900696,
		0.9561298489570618
	],
	"right_wrist": [
		0.6181138157844543,
		0.4341287612915039,
		-0.7006306052207947,
		0.8524734377861023
	],
	"nose": [
		0.5169275403022766,
		0.31431615352630615,
		-0.1526036560535431,
		0.9995800852775574
	],
	"left_eye": [
		0.5028551816940308,
		0.2718247175216675,
		-0.11486472934484482,
		0.9994949102401733
	],
	"right_eye": [
		0.4964238107204437,
		0.27633416652679443,
		-0.1673143208026886,
		0.9994247555732727
	],
	"left_ear": [
		0.4624592661857605,
		0.2887117266654968,
		0.07134179770946503,
		0.9995594620704651
	],
	"right_ear": [
		0.45336127281188965,
		0.2950296103954315,
		-0.17187486588954926,
		0.9995914101600647
	]
}