{
	"left_hip": [
		0.45987749099731445,
		0.9838825464248657,
		0.1472991555929184,
		0.6357925534248352
	],
	"left_knee": [
		0.5231691598892212,
		1.0453695058822632,
		0.12277722358703613,
		0.15275828540325165
	],
	"left_ankle": [
		0.5999030470848083,
		1.2561410665512085,
		0.25297144055366516,
		0.09685695171356201
	],
	"right_hip": [
		0.3956245183944702,
		1.036928415298462,
		-0.14667150378227234,
		0.6463674306869507
	],
	"right_knee": [
		0.405264675617218,
		1.222922682762146,
		-0.21458156406879425,
		0.6383424997329712
	],
	"right_ankle": [
		0.39374929666519165,
		1.6219415664672852,
		-0.12812402844429016,
		0.18500660359859467
	],
	"left_shoulder": [
		0.4617496430873871,
		0.5016213059425354,
		0.08623774349689484,
		0.9987131953239441
	],
	"left_elbow": [
		0.6164411902427673,
		0.4189020097255707,
		-0.028470605611801147,
		0.6647681593894958
	],
	"left_wrist": [
		0.7954503893852234,
		0.3951634466648102,
		-0.3105383813381195,
		0.6893069744110107
	],
	"right_shoulder": [
		0.3571125268936157,
		0.46439871191978455,
		-0.4186672270298004,
		0.9986818432807922
	],
	"right_elbow": [
		0.4223555028438568,
		0.3426015079021454,
		-0.8140980005264282,
		0.9665377140045166
	],
	"right_wrist": [
		0.584143877029419,
		0.29647594690322876,
		-0.9354411363601685,
		0.8800860047340393
	],
	"nose": [
		0.4943529963493347,
		0.2968636751174927,
		-0.2938973009586334,
		0.9996296167373657
	],
	"left_eye": [
		0.48702168464660645,
		0.2590297758579254,
		-0.2537817358970642,
		0.9995796084403992
	],
	"right_eye": [
		0.4789647161960602,
		0.26256656646728516,
		-0.30333712697029114,
		0.9994693994522095
	],
	"left_ear": [
		0.4549228250980377,
		0.2776743769645691,
		-0.04999632388353348,
		0.9996535778045654
	],
	"right_ear": [
		0.4412648677825928,
		0.2840251624584198,
		-0.2760722041130066,
		0.9996622800827026
	]
}