{
	"left_hip": [
		0.46530404686927795,
		1.03146231174469,
		0.09172936528921127,
		0.635002851486206
	],
	"left_knee": [
		0.484562486410141,
		1.438833475112915,
		0.15734565258026123,
		0.11461709439754486
	],
	"left_ankle": [
		0.4855956435203552,
		1.8002647161483765,
		0.39555302262306213,
		0.06474368274211884
	],
	"right_hip": [
		0.37370139360427856,
		1.055189847946167,
		-0.09047694504261017,
		0.6026580333709717
	],
	"right_knee": [
		0.3721902370452881,
		1.4617165327072144,
		-0.04031335562467575,
		0.4553346335887909
	],
	"right_ankle": [
		0.3716663718223572,
		1.8373913764953613,
		0.09288904070854187,
		0.12486735731363297
	],
	"left_shoulder": [
		0.4746282696723938,
		0.5028073787689209,
		0.062282759696245193,
		0.9988744854927063
	],
	"left_elbow": [
		0.6345924139022827,
		0.4275214672088623,
		0.06007380038499832,
		0.7727318406105042
	],
	"left_wrist": [
		0.7951091527938843,
		0.3532732427120209,
		-0.036281708627939224,
		0.7946488857269287
	],
	"right_shoulder": [
		0.3456278443336487,
		0.4712737500667572,
		-0.3687748312950134,
		0.9978066682815552
	],
	"right_elbow": [
		0.3932350277900696,
		0.37997227907180786,
		-0.7634769678115845,
		0.9756003618240356
	],
	"right_wrist": [
		0.5540313124656677,
		0.25799334049224854,
		-0.8871479034423828,
		0.914242684841156
	],
	"nose": [
		0.482945054769516,
		0.3301643431186676,
		-0.2908966839313507,
		0.9996921420097351
	],
	"left_eye": [
		0.48021993041038513,
		0.28939324617385864,
		-0.25194111466407776,
		0.9996500015258789
	],
	"right_eye": [
		0.4675489068031311,
		0.29180681705474854,
		-0.2978893518447876,
		0.99958336353302
	],
	"left_ear": [
		0.45258498191833496,
		0.29772236943244934,
		-0.05439786985516548,
		0.9997391104698181
	],
	"right_ear": [
		0.42956775426864624,
		0.3058331608772278,
		-0.2616036534309387,
		0.9997298717498779
	]
}