{
	"left_hip": [
		0.4693973660469055,
		1.0471949577331543,
		0.09444276988506317,
		0.6771425008773804
	],
	"left_knee": [
		0.4829270839691162,
		1.447029709815979,
		0.18981198966503143,
		0.09812889993190765
	],
	"left_ankle": [
		0.4827309548854828,
		1.811028242111206,
		0.44179409742355347,
		0.05278537794947624
	],
	"right_hip": [
		0.3777395784854889,
		1.056492805480957,
		-0.0933045744895935,
		0.6323073506355286
	],
	"right_knee": [
		0.37564095854759216,
		1.4744261503219604,
		-0.009003358893096447,
		0.39103269577026367
	],
	"right_ankle": [
		0.373276948928833,
		1.8470900058746338,
		0.14266712963581085,
		0.102561816573143
	],
	"left_shoulder": [
		0.46938270330429077,
		0.5060555338859558,
		0.053040601313114166,
		0.9990354180335999
	],
	"left_elbow": [
		0.6360897421836853,
		0.4319923520088196,
		0.08031798899173737,
		0.8141760230064392
	],
	"left_wrist": [
		0.7957044839859009,
		0.3523889482021332,
		-0.01755869947373867,
		0.833477258682251
	],
	"right_shoulder": [
		0.34642812609672546,
		0.474158376455307,
		-0.3762320280075073,
		0.9979249835014343
	],
	"right_elbow": [
		0.40483203530311584,
		0.3145541846752167,
		-0.720824122428894,
		0.9794628620147705
	],
	"right_wrist": [
		0.5586410760879517,
		0.2543284296989441,
		-0.7546800971031189,
		0.9284943342208862
	],
	"nose": [
		0.48383015394210815,
		0.334242045879364,
		-0.28172582387924194,
		0.9997438192367554
	],
	"left_eye": [
		0.4803214967250824,
		0.2935159206390381,
		-0.24455976486206055,
		0.9997084140777588
	],
	"right_eye": [
		0.4683378338813782,
		0.29606708884239197,
		-0.29406848549842834,
		0.9996549487113953
	],
	"left_ear": [
		0.4521786570549011,
		0.30232498049736023,
		-0.05594416335225105,
		0.9997851848602295
	],
	"right_ear": [
		0.43063873052597046,
		0.309408575296402,
		-0.2808324098587036,
		0.9997754096984863
	]
}