{
	"left_hip": [
		0.47033604979515076,
		1.046605110168457,
		0.0939040333032608,
		0.6940078139305115
	],
	"left_knee": [
		0.4835057258605957,
		1.445207118988037,
		0.1776835024356842,
		0.09252980351448059
	],
	"left_ankle": [
		0.48492231965065,
		1.8079181909561157,
		0.40233999490737915,
		0.04783860221505165
	],
	"right_hip": [
		0.37534254789352417,
		1.0642509460449219,
		-0.09278933703899384,
		0.6450199484825134
	],
	"right_knee": [
		0.3726942837238312,
		1.4723498821258545,
		-0.03333774209022522,
		0.36846503615379333
	],
	"right_ankle": [
		0.37325865030288696,
		1.8435542583465576,
		0.09822224825620651,
		0.09365655481815338
	],
	"left_shoulder": [
		0.46936482191085815,
		0.5062427520751953,
		0.05041782930493355,
		0.9991065859794617
	],
	"left_elbow": [
		0.6361826658248901,
		0.4345312714576721,
		0.07424812018871307,
		0.8319195508956909
	],
	"left_wrist": [
		0.7953965067863464,
		0.3536553382873535,
		-0.047287121415138245,
		0.8500139117240906
	],
	"right_shoulder": [
		0.34395256638526917,
		0.4737091362476349,
		-0.3796831965446472,
		0.9980023503303528
	],
	"right_elbow": [
		0.4010818600654602,
		0.3249932527542114,
		-0.7425159215927124,
		0.9812412858009338
	],
	"right_wrist": [
		0.5561633706092834,
		0.2512638568878174,
		-0.8333468437194824,
		0.9347866773605347
	],
	"nose": [
		0.48394376039505005,
		0.335710734128952,
		-0.2918185591697693,
		0.999765932559967
	],
	"left_eye": [
		0.4804929196834564,
		0.2953360378742218,
		-0.25487831234931946,
		0.9997334480285645
	],
	"right_eye": [
		0.46879449486732483,
		0.2979382276535034,
		-0.3032067120075226,
		0.9996858835220337
	],
	"left_ear": [
		0.45191702246665955,
		0.3037223517894745,
		-0.06205764412879944,
		0.9998049736022949
	],
	"right_ear": [
		0.43101030588150024,
		0.31113553047180176,
		-0.27948352694511414,
		0.999795138835907
	]
}