{
	"left_hip": [
		0.4696331024169922,
		1.1049792766571045,
		0.10931120067834854,
		0.8621007800102234
	],
	"left_knee": [
		0.48511800169944763,
		1.5252106189727783,
		0.15968884527683258,
		0.05254404991865158
	],
	"left_ankle": [
		0.48268961906433105,
		1.910110354423523,
		0.46306556463241577,
		0.012816114351153374
	],
	"right_hip": [
		0.3558676242828369,
		1.1208628416061401,
		-0.10832922160625458,
		0.8095299005508423
	],
	"right_knee": [
		0.35498929023742676,
		1.539028525352478,
		-0.08082251995801926,
		0.1851167380809784
	],
	"right_ankle": [
		0.36129021644592285,
		1.9347569942474365,
		0.12084551900625229,
		0.03236253932118416
	],
	"left_shoulder": [
		0.48145371675491333,
		0.5208648443222046,
		0.18203267455101013,
		0.9995793700218201
	],
	"left_elbow": [
		0.6486833095550537,
		0.4688660800457001,
		0.12253867089748383,
		0.9586349129676819
	],
	"left_wrist": [
		0.7981739640235901,
		0.41824379563331604,
		-0.037825122475624084,
		0.9652376770973206
	],
	"right_shoulder": [
		0.31523653864860535,
		0.49677032232284546,
		-0.3516102433204651,
		0.9986832141876221
	],
	"right_elbow": [
		0.35916468501091003,
		0.29707813262939453,
		-0.8686590194702148,
		0.9937891960144043
	],
	"right_wrist": [
		0.5000165700912476,
		0.3249773383140564,
		-1.1103169918060303,
		0.9817190766334534
	],
	"nose": [
		0.46040478348731995,
		0.3426388204097748,
		-0.25713908672332764,
		0.9998912215232849
	],
	"left_eye": [
		0.4561038017272949,
		0.2871413230895996,
		-0.20359523594379425,
		0.9998795986175537
	],
	"right_eye": [
		0.4406001567840576,
		0.2855198085308075,
		-0.25327613949775696,
		0.9998744130134583
	],
	"left_ear": [
		0.4354220926761627,
		0.30888643860816956,
		0.04778267815709114,
		0.9999275207519531
	],
	"right_ear": [
		0.3999738097190857,
		0.299503892660141,
		-0.18186217546463013,
		0.9999169111251831
	]
}