{
	"left_hip": [
		0.4742105007171631,
		1.1049264669418335,
		0.13942520320415497,
		0.7572543025016785
	],
	"left_knee": [
		0.4911816120147705,
		1.516761064529419,
		0.11822976917028427,
		0.041314803063869476
	],
	"left_ankle": [
		0.5067204833030701,
		1.9176898002624512,
		0.3481445908546448,
		0.0070438445545732975
	],
	"right_hip": [
		0.36505380272865295,
		1.1182829141616821,
		-0.1384333074092865,
		0.6908862590789795
	],
	"right_knee": [
		0.36978787183761597,
		1.5138881206512451,
		-0.1262693703174591,
		0.14003443717956543
	],
	"right_ankle": [
		0.37430956959724426,
		1.9553426504135132,
		0.009207597002387047,
		0.02387029118835926
	],
	"left_shoulder": [
		0.47728103399276733,
		0.5293720364570618,
		0.23664315044879913,
		0.9996057152748108
	],
	"left_elbow": [
		0.6340295076370239,
		0.5088140368461609,
		0.22783982753753662,
		0.9754311442375183
	],
	"left_wrist": [
		0.8001354336738586,
		0.4698656499385834,
		0.04357152432203293,
		0.9836422204971313
	],
	"right_shoulder": [
		0.3191285729408264,
		0.4823946952819824,
		-0.333172470331192,
		0.9986596703529358
	],
	"right_elbow": [
		0.33590418100357056,
		0.38419827818870544,
		-0.7841671705245972,
		0.9936539530754089
	],
	"right_wrist": [
		0.48158034682273865,
		0.4281628727912903,
		-0.9808794856071472,
		0.9875373840332031
	],
	"nose": [
		0.4723750948905945,
		0.31463146209716797,
		-0.16798222064971924,
		0.999931812286377
	],
	"left_eye": [
		0.4587745666503906,
		0.2699289321899414,
		-0.11852886527776718,
		0.9999241232872009
	],
	"right_eye": [
		0.44774380326271057,
		0.27455422282218933,
		-0.17738178372383118,
		0.9999252557754517
	],
	"left_ear": [
		0.4304324686527252,
		0.28867897391319275,
		0.10445369780063629,
		0.9999572038650513
	],
	"right_ear": [
		0.40865176916122437,
		0.2909371256828308,
		-0.16475005447864532,
		0.9999498128890991
	]
}