{
	"left_hip": [
		0.47602930665016174,
		1.085578441619873,
		0.13207083940505981,
		0.8001887798309326
	],
	"left_knee": [
		0.5052188038825989,
		1.5347157716751099,
		0.10451067984104156,
		0.0501009039580822
	],
	"left_ankle": [
		0.49871310591697693,
		1.9554083347320557,
		0.30904826521873474,
		0.017231535166502
	],
	"right_hip": [
		0.3719795346260071,
		1.102950930595398,
		-0.1314869374036789,
		0.7426701188087463
	],
	"right_knee": [
		0.3824853301048279,
		1.5520130395889282,
		-0.16000458598136902,
		0.17833496630191803
	],
	"right_ankle": [
		0.3844992220401764,
		1.9893364906311035,
		-0.01633363403379917,
		0.03446738049387932
	],
	"left_shoulder": [
		0.47222787141799927,
		0.522970974445343,
		0.2356719970703125,
		0.9997023344039917
	],
	"left_elbow": [
		0.6472660303115845,
		0.5327431559562683,
		0.23366281390190125,
		0.9751152992248535
	],
	"left_wrist": [
		0.8123650550842285,
		0.4897616505622864,
		0.05505390092730522,
		0.9813019037246704
	],
	"right_shoulder": [
		0.3257240355014801,
		0.4631067216396332,
		-0.3012826144695282,
		0.998884379863739
	],
	"right_elbow": [
		0.34297603368759155,
		0.4856400191783905,
		-0.7150542736053467,
		0.9931764006614685
	],
	"right_wrist": [
		0.46943187713623047,
		0.4696471095085144,
		-0.9274739027023315,
		0.9892587065696716
	],
	"nose": [
		0.4839441776275635,
		0.3048819601535797,
		-0.13613516092300415,
		0.9999518990516663
	],
	"left_eye": [
		0.4666152894496918,
		0.263688325881958,
		-0.08994362503290176,
		0.9999478459358215
	],
	"right_eye": [
		0.4579795300960541,
		0.2683294415473938,
		-0.14944621920585632,
		0.9999500513076782
	],
	"left_ear": [
		0.43066829442977905,
		0.283420592546463,
		0.11660603433847427,
		0.9999708533287048
	],
	"right_ear": [
		0.41653746366500854,
		0.289546936750412,
		-0.1478593796491623,
		0.9999659657478333
	]
}