{
	"left_hip": [
		0.4789060950279236,
		1.101088285446167,
		0.1174706444144249,
		0.8336867690086365
	],
	"left_knee": [
		0.5009623169898987,
		1.5455248355865479,
		0.17113032937049866,
		0.04110274463891983
	],
	"left_ankle": [
		0.49192237854003906,
		1.9623210430145264,
		0.46646538376808167,
		0.012768290005624294
	],
	"right_hip": [
		0.36832183599472046,
		1.1186798810958862,
		-0.11657790839672089,
		0.7797146439552307
	],
	"right_knee": [
		0.3700535297393799,
		1.5677262544631958,
		-0.07077538967132568,
		0.14921079576015472
	],
	"right_ankle": [
		0.3711974620819092,
		2.0044472217559814,
		0.11855915933847427,
		0.027222778648138046
	],
	"left_shoulder": [
		0.48189777135849,
		0.5211340188980103,
		0.19340485334396362,
		0.9997648000717163
	],
	"left_elbow": [
		0.6522592902183533,
		0.5290047526359558,
		0.25605538487434387,
		0.9811798334121704
	],
	"left_wrist": [
		0.811627209186554,
		0.48587995767593384,
		0.1299680769443512,
		0.9862640500068665
	],
	"right_shoulder": [
		0.32708659768104553,
		0.46864965558052063,
		-0.36686205863952637,
		0.9991099834442139
	],
	"right_elbow": [
		0.2793923020362854,
		0.4520966112613678,
		-0.7903512716293335,
		0.9938292503356934
	],
	"right_wrist": [
		0.4460442066192627,
		0.46678707003593445,
		-0.986976146697998,
		0.9905874729156494
	],
	"nose": [
		0.48511093854904175,
		0.3024660348892212,
		-0.18957622349262238,
		0.9999629259109497
	],
	"left_eye": [
		0.4682352542877197,
		0.2621648609638214,
		-0.14298757910728455,
		0.9999599456787109
	],
	"right_eye": [
		0.45919305086135864,
		0.2668837308883667,
		-0.20399244129657745,
		0.9999621510505676
	],
	"left_ear": [
		0.43206438422203064,
		0.28358158469200134,
		0.06632100045681,
		0.9999777674674988
	],
	"right_ear": [
		0.41858166456222534,
		0.2915970981121063,
		-0.2124801129102707,
		0.999974250793457
	]
}