{
	"left_hip": [
		0.480243444442749,
		1.1132972240447998,
		0.11578287929296494,
		0.8561030030250549
	],
	"left_knee": [
		0.5004274249076843,
		1.5590566396713257,
		0.2022213190793991,
		0.035505328327417374
	],
	"left_ankle": [
		0.4941132962703705,
		1.9672757387161255,
		0.5189434289932251,
		0.010448073036968708
	],
	"right_hip": [
		0.36786019802093506,
		1.1339919567108154,
		-0.11476778984069824,
		0.806818425655365
	],
	"right_knee": [
		0.37014269828796387,
		1.5821294784545898,
		-0.04141176491975784,
		0.13233309984207153
	],
	"right_ankle": [
		0.371709406375885,
		2.0147311687469482,
		0.16854526102542877,
		0.02328631654381752
	],
	"left_shoulder": [
		0.48364344239234924,
		0.520241379737854,
		0.17071953415870667,
		0.9998039603233337
	],
	"left_elbow": [
		0.6533578634262085,
		0.5250348448753357,
		0.25242188572883606,
		0.9844872355461121
	],
	"left_wrist": [
		0.8112484812736511,
		0.4843469262123108,
		0.11565624177455902,
		0.9888286590576172
	],
	"right_shoulder": [
		0.32868868112564087,
		0.47489863634109497,
		-0.3811131417751312,
		0.999258279800415
	],
	"right_elbow": [
		0.2642805278301239,
		0.44865596294403076,
		-0.8152645230293274,
		0.9943991899490356
	],
	"right_wrist": [
		0.42957958579063416,
		0.46213239431381226,
		-1.025435447692871,
		0.9914636015892029
	],
	"nose": [
		0.4850645065307617,
		0.30235815048217773,
		-0.21670226752758026,
		0.9999696612358093
	],
	"left_eye": [
		0.4683300852775574,
		0.2618623673915863,
		-0.17020240426063538,
		0.9999671578407288
	],
	"right_eye": [
		0.45932355523109436,
		0.2665938436985016,
		-0.22988148033618927,
		0.9999690651893616
	],
	"left_ear": [
		0.4321519732475281,
		0.2843048572540283,
		0.03915783017873764,
		0.9999818205833435
	],
	"right_ear": [
		0.41883373260498047,
		0.29254040122032166,
		-0.23106947541236877,
		0.9999790191650391
	]
}