{
	"left_hip": [
		0.4977697730064392,
		1.1729780435562134,
		0.11656901985406876,
		0.870938777923584
	],
	"left_knee": [
		0.5127112865447998,
		1.6310865879058838,
		0.13977006077766418,
		0.025039302185177803
	],
	"left_ankle": [
		0.515492856502533,
		2.0543112754821777,
		0.4054173529148102,
		0.0051209162920713425
	],
	"right_hip": [
		0.3809031546115875,
		1.194025993347168,
		-0.11561043560504913,
		0.8320373892784119
	],
	"right_knee": [
		0.38330885767936707,
		1.6484711170196533,
		-0.09341446310281754,
		0.11714115738868713
	],
	"right_ankle": [
		0.3893682360649109,
		2.0948562622070312,
		0.05641504004597664,
		0.01789344660937786
	],
	"left_shoulder": [
		0.49701085686683655,
		0.528982937335968,
		0.21760530769824982,
		0.9998598694801331
	],
	"left_elbow": [
		0.6634083390235901,
		0.5223731398582458,
		0.28339001536369324,
		0.9915696382522583
	],
	"left_wrist": [
		0.8047666549682617,
		0.4755384922027588,
		0.1846948117017746,
		0.9947885870933533
	],
	"right_shoulder": [
		0.34158486127853394,
		0.5086799263954163,
		-0.3375934958457947,
		0.999596893787384
	],
	"right_elbow": [
		0.25390082597732544,
		0.39275097846984863,
		-0.7949584126472473,
		0.9965593814849854
	],
	"right_wrist": [
		0.42229899764060974,
		0.43547818064689636,
		-0.9575684666633606,
		0.9935561418533325
	],
	"nose": [
		0.4853554368019104,
		0.30691877007484436,
		-0.23436105251312256,
		0.9999855160713196
	],
	"left_eye": [
		0.46928730607032776,
		0.26355040073394775,
		-0.18607191741466522,
		0.9999838471412659
	],
	"right_eye": [
		0.4567123353481293,
		0.2691178023815155,
		-0.238671213388443,
		0.9999855756759644
	],
	"left_ear": [
		0.4347893297672272,
		0.28813856840133667,
		0.048076968640089035,
		0.9999912977218628
	],
	"right_ear": [
		0.41710323095321655,
		0.3001652657985687,
		-0.18894721567630768,
		0.9999905228614807
	]
}