{
	"left_hip": [
		0.49694570899009705,
		1.1710344552993774,
		0.11870412528514862,
		0.8792465329170227
	],
	"left_knee": [
		0.5119432210922241,
		1.6249613761901855,
		0.1466880738735199,
		0.02443234995007515
	],
	"left_ankle": [
		0.5141182541847229,
		2.044403314590454,
		0.4173138737678528,
		0.00444392953068018
	],
	"right_hip": [
		0.38088417053222656,
		1.192063331604004,
		-0.11786893755197525,
		0.8438470363616943
	],
	"right_knee": [
		0.38291123509407043,
		1.6417725086212158,
		-0.09114086627960205,
		0.12030496448278427
	],
	"right_ankle": [
		0.3884328305721283,
		2.089972734451294,
		0.06605572253465652,
		0.01864210143685341
	],
	"left_shoulder": [
		0.49639320373535156,
		0.5313451886177063,
		0.2214004099369049,
		0.9998701214790344
	],
	"left_elbow": [
		0.6631431579589844,
		0.5225851535797119,
		0.27689915895462036,
		0.9927578568458557
	],
	"left_wrist": [
		0.8037827610969543,
		0.47771093249320984,
		0.16369518637657166,
		0.9956699013710022
	],
	"right_shoulder": [
		0.3412783145904541,
		0.5100712180137634,
		-0.32887399196624756,
		0.9996524453163147
	],
	"right_elbow": [
		0.2505875825881958,
		0.3798086941242218,
		-0.7731218934059143,
		0.9970197081565857
	],
	"right_wrist": [
		0.41974419355392456,
		0.4283275008201599,
		-0.9282056093215942,
		0.9941868782043457
	],
	"nose": [
		0.48526912927627563,
		0.3090318739414215,
		-0.21644005179405212,
		0.9999877214431763
	],
	"left_eye": [
		0.4689367711544037,
		0.26393961906433105,
		-0.16699343919754028,
		0.9999861717224121
	],
	"right_eye": [
		0.456494003534317,
		0.26913997530937195,
		-0.21962769329547882,
		0.9999879598617554
	],
	"left_ear": [
		0.43470320105552673,
		0.28855282068252563,
		0.059157174080610275,
		0.9999926090240479
	],
	"right_ear": [
		0.41701632738113403,
		0.30015498399734497,
		-0.1782703697681427,
		0.9999921321868896
	]
}