{
	"left_hip": [
		0.49492621421813965,
		1.1775896549224854,
		0.11838771402835846,
		0.8787017464637756
	],
	"left_knee": [
		0.5049970746040344,
		1.6454722881317139,
		0.13230659067630768,
		0.024577273055911064
	],
	"left_ankle": [
		0.49961739778518677,
		2.077962875366211,
		0.3849160671234131,
		0.0033187067601829767
	],
	"right_hip": [
		0.37632817029953003,
		1.195268988609314,
		-0.11761041730642319,
		0.8466345071792603
	],
	"right_knee": [
		0.36885684728622437,
		1.658901572227478,
		-0.11344535648822784,
		0.1231297180056572
	],
	"right_ankle": [
		0.37051016092300415,
		2.1144330501556396,
		0.050689078867435455,
		0.018769923597574234
	],
	"left_shoulder": [
		0.49824270606040955,
		0.530038058757782,
		0.22970843315124512,
		0.9998776316642761
	],
	"left_elbow": [
		0.6667638421058655,
		0.5240776538848877,
		0.257005900144577,
		0.9947186708450317
	],
	"left_wrist": [
		0.8046631813049316,
		0.4800637364387512,
		0.11254378408193588,
		0.9971020817756653
	],
	"right_shoulder": [
		0.3362899720668793,
		0.5098966956138611,
		-0.3030175566673279,
		0.9997400045394897
	],
	"right_elbow": [
		0.2449827939271927,
		0.3780539929866791,
		-0.7588827013969421,
		0.9978145360946655
	],
	"right_wrist": [
		0.4212941527366638,
		0.41555264592170715,
		-0.9498658180236816,
		0.9952067732810974
	],
	"nose": [
		0.4843551516532898,
		0.30929651856422424,
		-0.23031678795814514,
		0.9999909996986389
	],
	"left_eye": [
		0.4675617814064026,
		0.26274022459983826,
		-0.17956861853599548,
		0.9999893307685852
	],
	"right_eye": [
		0.45215973258018494,
		0.268892765045166,
		-0.2277781069278717,
		0.9999916553497314
	],
	"left_ear": [
		0.4343867301940918,
		0.2869964838027954,
		0.05895744636654854,
		0.9999945163726807
	],
	"right_ear": [
		0.41270607709884644,
		0.299143522977829,
		-0.14865292608737946,
		0.9999947547912598
	]
}