{
	"left_hip": [
		0.4904854893684387,
		1.1866118907928467,
		0.11544898897409439,
		0.8490067720413208
	],
	"left_knee": [
		0.4965716004371643,
		1.6585514545440674,
		0.11915136873722076,
		0.02543705515563488
	],
	"left_ankle": [
		0.49219489097595215,
		2.091494560241699,
		0.3587392568588257,
		0.002504864241927862
	],
	"right_hip": [
		0.3722209632396698,
		1.2029541730880737,
		-0.1146857962012291,
		0.8132831454277039
	],
	"right_knee": [
		0.3607938885688782,
		1.6700201034545898,
		-0.1101984977722168,
		0.12410381436347961
	],
	"right_ankle": [
		0.36159998178482056,
		2.1313297748565674,
		0.02115587517619133,
		0.01875779591500759
	],
	"left_shoulder": [
		0.4970678687095642,
		0.5323485136032104,
		0.23299114406108856,
		0.9998729228973389
	],
	"left_elbow": [
		0.663870096206665,
		0.523715615272522,
		0.2451876401901245,
		0.9958516955375671
	],
	"left_wrist": [
		0.8070904016494751,
		0.46929842233657837,
		0.08280998468399048,
		0.9980392456054688
	],
	"right_shoulder": [
		0.33514538407325745,
		0.5105661749839783,
		-0.2825947403907776,
		0.9997755289077759
	],
	"right_elbow": [
		0.23916086554527283,
		0.37557512521743774,
		-0.719857931137085,
		0.9981452226638794
	],
	"right_wrist": [
		0.412339448928833,
		0.40824049711227417,
		-0.902256190776825,
		0.995063066482544
	],
	"nose": [
		0.48301273584365845,
		0.3110201060771942,
		-0.19203492999076843,
		0.9999932050704956
	],
	"left_eye": [
		0.4661410450935364,
		0.2628557085990906,
		-0.14177411794662476,
		0.9999914169311523
	],
	"right_eye": [
		0.45000767707824707,
		0.26924753189086914,
		-0.19168268144130707,
		0.9999938607215881
	],
	"left_ear": [
		0.4337710440158844,
		0.2872259020805359,
		0.08453980833292007,
		0.999995768070221
	],
	"right_ear": [
		0.4109298288822174,
		0.2989976108074188,
		-0.14032526314258575,
		0.9999964237213135
	]
}