{
	"left_hip": [
		0.4876832962036133,
		1.1868963241577148,
		0.13034696877002716,
		0.7527487277984619
	],
	"left_knee": [
		0.4937771260738373,
		1.657442569732666,
		0.13597114384174347,
		0.030891044065356255
	],
	"left_ankle": [
		0.49336743354797363,
		2.089503526687622,
		0.37834662199020386,
		0.002159790601581335
	],
	"right_hip": [
		0.3715741038322449,
		1.2045584917068481,
		-0.12951388955116272,
		0.7197455763816833
	],
	"right_knee": [
		0.36057427525520325,
		1.6687395572662354,
		-0.12592531740665436,
		0.15627703070640564
	],
	"right_ankle": [
		0.3609706163406372,
		2.135329246520996,
		-0.0018126142676919699,
		0.020969748497009277
	],
	"left_shoulder": [
		0.4924301207065582,
		0.5298629403114319,
		0.24971243739128113,
		0.9998083114624023
	],
	"left_elbow": [
		0.6649675965309143,
		0.523127019405365,
		0.24202589690685272,
		0.9953538775444031
	],
	"left_wrist": [
		0.7975574731826782,
		0.4960247278213501,
		0.04389366880059242,
		0.9979139566421509
	],
	"right_shoulder": [
		0.3339415490627289,
		0.5083264708518982,
		-0.284263551235199,
		0.999748170375824
	],
	"right_elbow": [
		0.23482556641101837,
		0.3827286958694458,
		-0.7360435724258423,
		0.9984379410743713
	],
	"right_wrist": [
		0.4115278124809265,
		0.4109806418418884,
		-0.9500567317008972,
		0.9949366450309753
	],
	"nose": [
		0.47980672121047974,
		0.30503061413764954,
		-0.19828589260578156,
		0.9999931454658508
	],
	"left_eye": [
		0.46370911598205566,
		0.2540297210216522,
		-0.1475551575422287,
		0.9999902844429016
	],
	"right_eye": [
		0.4479776918888092,
		0.2629016041755676,
		-0.20097875595092773,
		0.9999942779541016
	],
	"left_ear": [
		0.43298396468162537,
		0.284822940826416,
		0.08639054000377655,
		0.9999951124191284
	],
	"right_ear": [
		0.40935009717941284,
		0.2975064814090729,
		-0.1441655308008194,
		0.9999969005584717
	]
}