{
	"left_hip": [
		0.4790380001068115,
		1.1796847581863403,
		0.14149951934814453,
		0.5680325627326965
	],
	"left_knee": [
		0.4987393319606781,
		1.6227900981903076,
		0.17789733409881592,
		0.02532823570072651
	],
	"left_ankle": [
		0.524498462677002,
		2.058708429336548,
		0.46416693925857544,
		0.0018940146546810865
	],
	"right_hip": [
		0.36966603994369507,
		1.2182130813598633,
		-0.1405278444290161,
		0.5318205952644348
	],
	"right_knee": [
		0.3965970277786255,
		1.6186192035675049,
		-0.1399415135383606,
		0.11194805800914764
	],
	"right_ankle": [
		0.3849048614501953,
		2.1195147037506104,
		0.06052682548761368,
		0.018105972558259964
	],
	"left_shoulder": [
		0.49059659242630005,
		0.5127837657928467,
		0.2204887568950653,
		0.9997667074203491
	],
	"left_elbow": [
		0.6712512969970703,
		0.486019492149353,
		0.2785950005054474,
		0.9948245286941528
	],
	"left_wrist": [
		0.8175511360168457,
		0.5000966787338257,
		0.08493019640445709,
		0.9976200461387634
	],
	"right_shoulder": [
		0.30457496643066406,
		0.5319990515708923,
		-0.36258524656295776,
		0.9995781183242798
	],
	"right_elbow": [
		0.11952231824398041,
		0.5947510600090027,
		-0.7581800818443298,
		0.9964000582695007
	],
	"right_wrist": [
		0.3029713034629822,
		0.4544260799884796,
		-1.029228925704956,
		0.9914090037345886
	],
	"nose": [
		0.48683682084083557,
		0.2924274206161499,
		-0.227452352643013,
		0.9999843835830688
	],
	"left_eye": [
		0.4648315906524658,
		0.2494814097881317,
		-0.17441275715827942,
		0.9999712109565735
	],
	"right_eye": [
		0.4576682448387146,
		0.2553333044052124,
		-0.2466275990009308,
		0.999986469745636
	],
	"left_ear": [
		0.43261608481407166,
		0.2836265563964844,
		0.049452923238277435,
		0.9999831318855286
	],
	"right_ear": [
		0.41531872749328613,
		0.2956066131591797,
		-0.2522818148136139,
		0.9999920725822449
	]
}