{
	"left_hip": [
		0.48508381843566895,
		1.1777385473251343,
		0.09215447306632996,
		0.5217205882072449
	],
	"left_knee": [
		0.5190024971961975,
		1.6893330812454224,
		0.07118681818246841,
		0.010452077724039555
	],
	"left_ankle": [
		0.5233811140060425,
		2.1498966217041016,
		0.34206289052963257,
		0.0005050786421634257
	],
	"right_hip": [
		0.3460977375507355,
		1.2230844497680664,
		-0.09088858962059021,
		0.4540165662765503
	],
	"right_knee": [
		0.36721718311309814,
		1.7189842462539673,
		-0.13503016531467438,
		0.029766209423542023
	],
	"right_ankle": [
		0.37651270627975464,
		2.1989927291870117,
		0.02218557707965374,
		0.004369745962321758
	],
	"left_shoulder": [
		0.4838137626647949,
		0.5151956677436829,
		0.127695232629776,
		0.9999078512191772
	],
	"left_elbow": [
		0.6774964332580566,
		0.5111672282218933,
		0.17273816466331482,
		0.9983445405960083
	],
	"left_wrist": [
		0.7924524545669556,
		0.5563514232635498,
		-0.02668953314423561,
		0.9991757869720459
	],
	"right_shoulder": [
		0.2914350628852844,
		0.548545777797699,
		-0.34264373779296875,
		0.9998251795768738
	],
	"right_elbow": [
		0.10110551118850708,
		0.6168445348739624,
		-0.7522667050361633,
		0.997836709022522
	],
	"right_wrist": [
		0.2328890860080719,
		0.4187656342983246,
		-1.0546605587005615,
		0.9964385032653809
	],
	"nose": [
		0.48573365807533264,
		0.2985471785068512,
		-0.2780199646949768,
		0.9999874234199524
	],
	"left_eye": [
		0.4689842760562897,
		0.2550625205039978,
		-0.22627511620521545,
		0.9999725818634033
	],
	"right_eye": [
		0.4611353278160095,
		0.25893634557724,
		-0.2888187766075134,
		0.9999877214431763
	],
	"left_ear": [
		0.43286070227622986,
		0.2831017076969147,
		-0.0012649288401007652,
		0.9999839067459106
	],
	"right_ear": [
		0.41433995962142944,
		0.29526883363723755,
		-0.28442472219467163,
		0.9999926686286926
	]
}