{
	"left_hip": [
		0.4858741760253906,
		1.179528832435608,
		0.08713448792695999,
		0.540211021900177
	],
	"left_knee": [
		0.5121127963066101,
		1.6885881423950195,
		0.10031603276729584,
		0.00854070857167244
	],
	"left_ankle": [
		0.5131685733795166,
		2.149717330932617,
		0.4177771508693695,
		0.00037078483728691936
	],
	"right_hip": [
		0.3491552472114563,
		1.2239081859588623,
		-0.08587296307086945,
		0.4574800431728363
	],
	"right_knee": [
		0.3631463646888733,
		1.7173783779144287,
		-0.09945923089981079,
		0.020989377051591873
	],
	"right_ankle": [
		0.3718232214450836,
		2.1947896480560303,
		0.0992550253868103,
		0.0030069248750805855
	],
	"left_shoulder": [
		0.4796832203865051,
		0.5175911784172058,
		0.10245080292224884,
		0.9999129772186279
	],
	"left_elbow": [
		0.6774359345436096,
		0.5101399421691895,
		0.20363692939281464,
		0.9986147880554199
	],
	"left_wrist": [
		0.8077298402786255,
		0.5312996506690979,
		0.10284926742315292,
		0.9991858005523682
	],
	"right_shoulder": [
		0.2939457297325134,
		0.5520935654640198,
		-0.3828198313713074,
		0.9997736811637878
	],
	"right_elbow": [
		0.10190663486719131,
		0.6153497695922852,
		-0.806330680847168,
		0.9971041679382324
	],
	"right_wrist": [
		0.22623412311077118,
		0.4250437617301941,
		-1.1364834308624268,
		0.9953016042709351
	],
	"nose": [
		0.4855777323246002,
		0.30169570446014404,
		-0.30413541197776794,
		0.9999781250953674
	],
	"left_eye": [
		0.468108594417572,
		0.25739559531211853,
		-0.25310128927230835,
		0.9999573826789856
	],
	"right_eye": [
		0.46212682127952576,
		0.26192036271095276,
		-0.316649854183197,
		0.9999784827232361
	],
	"left_ear": [
		0.4294242858886719,
		0.28431078791618347,
		-0.030046692118048668,
		0.9999762773513794
	],
	"right_ear": [
		0.4169192910194397,
		0.2955072522163391,
		-0.31321367621421814,
		0.9999865293502808
	]
}