{
	"left_hip": [
		0.4879908561706543,
		1.1912610530853271,
		0.09946581721305847,
		0.43879738450050354
	],
	"left_knee": [
		0.5118778944015503,
		1.7004058361053467,
		0.16809116303920746,
		0.004638355690985918
	],
	"left_ankle": [
		0.5116291642189026,
		2.166806221008301,
		0.4941781461238861,
		0.0001713164965622127
	],
	"right_hip": [
		0.3483361303806305,
		1.2305991649627686,
		-0.09816257655620575,
		0.3819522559642792
	],
	"right_knee": [
		0.36648887395858765,
		1.735916018486023,
		-0.08414506912231445,
		0.009025976061820984
	],
	"right_ankle": [
		0.370913028717041,
		2.2184321880340576,
		0.15064997971057892,
		0.0010894893202930689
	],
	"left_shoulder": [
		0.4730246067047119,
		0.5178125500679016,
		0.10573051869869232,
		0.9998719692230225
	],
	"left_elbow": [
		0.6667641997337341,
		0.5166674256324768,
		0.22320643067359924,
		0.9974406957626343
	],
	"left_wrist": [
		0.7798470258712769,
		0.5100426077842712,
		0.1303221881389618,
		0.9978756904602051
	],
	"right_shoulder": [
		0.2919714152812958,
		0.5499506592750549,
		-0.4065743088722229,
		0.9998250603675842
	],
	"right_elbow": [
		0.10647530853748322,
		0.5998849868774414,
		-0.822923481464386,
		0.9967302680015564
	],
	"right_wrist": [
		0.23579220473766327,
		0.42019978165626526,
		-1.1093119382858276,
		0.9922749996185303
	],
	"nose": [
		0.48383036255836487,
		0.3106176257133484,
		-0.32172268629074097,
		0.9999670386314392
	],
	"left_eye": [
		0.46586447954177856,
		0.26531821489334106,
		-0.27213749289512634,
		0.9999294281005859
	],
	"right_eye": [
		0.4610658586025238,
		0.2689114809036255,
		-0.339163601398468,
		0.999968945980072
	],
	"left_ear": [
		0.4264819622039795,
		0.29085612297058105,
		-0.047334372997283936,
		0.9999623894691467
	],
	"right_ear": [
		0.4154930114746094,
		0.30028027296066284,
		-0.34199661016464233,
		0.9999831914901733
	]
}