{
	"left_hip": [
		0.48586565256118774,
		1.1948230266571045,
		0.11415396630764008,
		0.5070656538009644
	],
	"left_knee": [
		0.5189818739891052,
		1.703932523727417,
		0.11377674341201782,
		0.00872869323939085
	],
	"left_ankle": [
		0.5282410979270935,
		2.1518337726593018,
		0.36270350217819214,
		0.0003237359633203596
	],
	"right_hip": [
		0.34759894013404846,
		1.232771396636963,
		-0.11307565122842789,
		0.43447166681289673
	],
	"right_knee": [
		0.3719542622566223,
		1.7402762174606323,
		-0.16406145691871643,
		0.01269311923533678
	],
	"right_ankle": [
		0.3762570023536682,
		2.230774164199829,
		-0.03570759668946266,
		0.0018716594204306602
	],
	"left_shoulder": [
		0.4908386766910553,
		0.5226409435272217,
		0.16570471227169037,
		0.9999172687530518
	],
	"left_elbow": [
		0.6789251565933228,
		0.5504476428031921,
		0.2541049122810364,
		0.9984322786331177
	],
	"left_wrist": [
		0.8350591659545898,
		0.5636247396469116,
		0.08005610853433609,
		0.9988110065460205
	],
	"right_shoulder": [
		0.28418320417404175,
		0.5448769927024841,
		-0.38313040137290955,
		0.9998605251312256
	],
	"right_elbow": [
		0.10534349828958511,
		0.5847261548042297,
		-0.8480054140090942,
		0.996088981628418
	],
	"right_wrist": [
		0.24858859181404114,
		0.40869784355163574,
		-1.2155910730361938,
		0.9942440986633301
	],
	"nose": [
		0.4852157533168793,
		0.3114106357097626,
		-0.23858439922332764,
		0.9999806880950928
	],
	"left_eye": [
		0.46820005774497986,
		0.26589444279670715,
		-0.18403972685337067,
		0.9999562501907349
	],
	"right_eye": [
		0.4630574584007263,
		0.2695700526237488,
		-0.25570303201675415,
		0.9999812245368958
	],
	"left_ear": [
		0.4301365911960602,
		0.29153233766555786,
		0.04105100780725479,
		0.9999758005142212
	],
	"right_ear": [
		0.4175005853176117,
		0.30071330070495605,
		-0.27979081869125366,
		0.9999889731407166
	]
}