{
	"left_hip": [
		0.4858255386352539,
		1.2026351690292358,
		0.09504670649766922,
		0.6069574952125549
	],
	"left_knee": [
		0.5094002485275269,
		1.6984342336654663,
		0.10591624677181244,
		0.007968715392053127
	],
	"left_ankle": [
		0.511355996131897,
		2.1545348167419434,
		0.40809446573257446,
		0.00028893438866361976
	],
	"right_hip": [
		0.3516673445701599,
		1.2358729839324951,
		-0.0939297303557396,
		0.5289303660392761
	],
	"right_knee": [
		0.3703143000602722,
		1.7351524829864502,
		-0.07119689136743546,
		0.013140957802534103
	],
	"right_ankle": [
		0.37631335854530334,
		2.2158472537994385,
		0.09596741199493408,
		0.0016962970839813352
	],
	"left_shoulder": [
		0.48533791303634644,
		0.5329545736312866,
		0.17265135049819946,
		0.9999443888664246
	],
	"left_elbow": [
		0.6282454133033752,
		0.6628347635269165,
		0.373243123292923,
		0.9985514879226685
	],
	"left_wrist": [
		0.7737690806388855,
		0.6286904215812683,
		0.34548479318618774,
		0.9992216229438782
	],
	"right_shoulder": [
		0.2858319878578186,
		0.5360099673271179,
		-0.3423343598842621,
		0.9998969435691833
	],
	"right_elbow": [
		0.1151047796010971,
		0.542270302772522,
		-0.761220395565033,
		0.9968811273574829
	],
	"right_wrist": [
		0.2791141867637634,
		0.38847583532333374,
		-1.0323833227157593,
		0.9960821270942688
	],
	"nose": [
		0.4897031784057617,
		0.3148121237754822,
		-0.20935459434986115,
		0.9999875426292419
	],
	"left_eye": [
		0.47528696060180664,
		0.2687212824821472,
		-0.16528092324733734,
		0.9999725222587585
	],
	"right_eye": [
		0.4660056531429291,
		0.27262622117996216,
		-0.23030832409858704,
		0.9999873638153076
	],
	"left_ear": [
		0.44101682305336,
		0.2946664094924927,
		0.03289083018898964,
		0.9999849200248718
	],
	"right_ear": [
		0.41720977425575256,
		0.303567111492157,
		-0.2619097828865051,
		0.9999923706054688
	]
}