{
	"left_hip": [
		0.4916967749595642,
		1.2022401094436646,
		0.08272682130336761,
		0.6428972482681274
	],
	"left_knee": [
		0.5087839365005493,
		1.6982402801513672,
		0.08009256422519684,
		0.008452361449599266
	],
	"left_ankle": [
		0.5125935673713684,
		2.156346082687378,
		0.36063477396965027,
		0.00032020427170209587
	],
	"right_hip": [
		0.3572886288166046,
		1.2312207221984863,
		-0.08140282332897186,
		0.5779517889022827
	],
	"right_knee": [
		0.37376073002815247,
		1.7346469163894653,
		-0.0817817822098732,
		0.01281468104571104
	],
	"right_ankle": [
		0.3793396055698395,
		2.2140135765075684,
		0.05606948211789131,
		0.001650647260248661
	],
	"left_shoulder": [
		0.4910065531730652,
		0.5592159032821655,
		0.17771025002002716,
		0.9999536275863647
	],
	"left_elbow": [
		0.5934787392616272,
		0.7772368788719177,
		0.43729153275489807,
		0.9980701208114624
	],
	"left_wrist": [
		0.7512977719306946,
		0.7084959149360657,
		0.48492637276649475,
		0.9991274476051331
	],
	"right_shoulder": [
		0.29864194989204407,
		0.524048388004303,
		-0.3035735487937927,
		0.9999163150787354
	],
	"right_elbow": [
		0.12735894322395325,
		0.53010094165802,
		-0.7193549871444702,
		0.997409999370575
	],
	"right_wrist": [
		0.29101258516311646,
		0.3811306953430176,
		-0.9779170155525208,
		0.9966834187507629
	],
	"nose": [
		0.49435633420944214,
		0.31293416023254395,
		-0.21789154410362244,
		0.9999904036521912
	],
	"left_eye": [
		0.48091721534729004,
		0.2675376236438751,
		-0.17360906302928925,
		0.9999790191650391
	],
	"right_eye": [
		0.46885037422180176,
		0.2712256908416748,
		-0.23267360031604767,
		0.9999901056289673
	],
	"left_ear": [
		0.45139390230178833,
		0.29368576407432556,
		0.0314769446849823,
		0.9999884366989136
	],
	"right_ear": [
		0.41962751746177673,
		0.303087443113327,
		-0.23468978703022003,
		0.9999939799308777
	]
}