{
	"left_hip": [
		0.49403318762779236,
		1.2056925296783447,
		0.08236480504274368,
		0.6567540168762207
	],
	"left_knee": [
		0.5117148756980896,
		1.7013925313949585,
		0.08636494725942612,
		0.008971814066171646
	],
	"left_ankle": [
		0.5173066258430481,
		2.1571433544158936,
		0.3672977089881897,
		0.0003583333163987845
	],
	"right_hip": [
		0.35950738191604614,
		1.2328251600265503,
		-0.08109995722770691,
		0.598074197769165
	],
	"right_knee": [
		0.37816187739372253,
		1.7405140399932861,
		-0.06994280964136124,
		0.013718985952436924
	],
	"right_ankle": [
		0.3838883340358734,
		2.216757297515869,
		0.08184166252613068,
		0.0017796471947804093
	],
	"left_shoulder": [
		0.4909459948539734,
		0.5620933771133423,
		0.1770554482936859,
		0.9999538660049438
	],
	"left_elbow": [
		0.5845242738723755,
		0.7971014976501465,
		0.44015273451805115,
		0.9973986148834229
	],
	"left_wrist": [
		0.7497276663780212,
		0.7416138648986816,
		0.49407100677490234,
		0.9988782405853271
	],
	"right_shoulder": [
		0.30262047052383423,
		0.5224496126174927,
		-0.3105725347995758,
		0.9999211430549622
	],
	"right_elbow": [
		0.12895777821540833,
		0.5272629857063293,
		-0.7175447940826416,
		0.997580885887146
	],
	"right_wrist": [
		0.29699915647506714,
		0.37528032064437866,
		-0.9469032287597656,
		0.9968472719192505
	],
	"nose": [
		0.49486270546913147,
		0.3129875659942627,
		-0.21954229474067688,
		0.9999911189079285
	],
	"left_eye": [
		0.48203045129776,
		0.26768699288368225,
		-0.1738182008266449,
		0.999980628490448
	],
	"right_eye": [
		0.4690084457397461,
		0.27127689123153687,
		-0.2373233288526535,
		0.9999907612800598
	],
	"left_ear": [
		0.4534538686275482,
		0.293674111366272,
		0.02927558682858944,
		0.9999893307685852
	],
	"right_ear": [
		0.4198401868343353,
		0.30322781205177307,
		-0.2390403002500534,
		0.9999943971633911
	]
}