{
	"left_hip": [
		0.48791569471359253,
		1.2270549535751343,
		0.1299724578857422,
		0.6314302086830139
	],
	"left_knee": [
		0.5099518895149231,
		1.7407618761062622,
		0.22714605927467346,
		0.008208682760596275
	],
	"left_ankle": [
		0.5157644748687744,
		2.2048258781433105,
		0.6033205986022949,
		0.00034344501909799874
	],
	"right_hip": [
		0.37340545654296875,
		1.245084524154663,
		-0.12850713729858398,
		0.5866533517837524
	],
	"right_knee": [
		0.4037276804447174,
		1.7873027324676514,
		-0.05241485312581062,
		0.017696911469101906
	],
	"right_ankle": [
		0.39807161688804626,
		2.286078929901123,
		0.14394155144691467,
		0.0016592477913945913
	],
	"left_shoulder": [
		0.4813750684261322,
		0.5644283294677734,
		0.18691721558570862,
		0.9999513626098633
	],
	"left_elbow": [
		0.5280869007110596,
		0.8697381019592285,
		0.4480813443660736,
		0.9811405539512634
	],
	"left_wrist": [
		0.6935610175132751,
		0.9049604535102844,
		0.45620813965797424,
		0.9945402145385742
	],
	"right_shoulder": [
		0.3190003037452698,
		0.5296821594238281,
		-0.35928136110305786,
		0.9999333024024963
	],
	"right_elbow": [
		0.13593706488609314,
		0.5180778503417969,
		-0.7339138984680176,
		0.99763423204422
	],
	"right_wrist": [
		0.31296610832214355,
		0.36101773381233215,
		-0.9550824165344238,
		0.997182309627533
	],
	"nose": [
		0.5040880441665649,
		0.308308869600296,
		-0.21568997204303741,
		0.9999932646751404
	],
	"left_eye": [
		0.48952850699424744,
		0.2610403597354889,
		-0.174882173538208,
		0.9999858140945435
	],
	"right_eye": [
		0.47932863235473633,
		0.26701727509498596,
		-0.24340972304344177,
		0.9999926686286926
	],
	"left_ear": [
		0.4567059576511383,
		0.28689539432525635,
		0.02635226771235466,
		0.9999921917915344
	],
	"right_ear": [
		0.429546594619751,
		0.30098047852516174,
		-0.2768445611000061,
		0.9999955892562866
	]
}