{
	"left_hip": [
		0.4909868836402893,
		1.2184559106826782,
		0.13142812252044678,
		0.5761018991470337
	],
	"left_knee": [
		0.5179096460342407,
		1.7276725769042969,
		0.23495224118232727,
		0.007538259495049715
	],
	"left_ankle": [
		0.5277445912361145,
		2.1926541328430176,
		0.5914158225059509,
		0.0003238837525714189
	],
	"right_hip": [
		0.3739193081855774,
		1.243094801902771,
		-0.13000622391700745,
		0.5400006771087646
	],
	"right_knee": [
		0.41210031509399414,
		1.7806907892227173,
		-0.05291017144918442,
		0.018262384459376335
	],
	"right_ankle": [
		0.4044822156429291,
		2.2791013717651367,
		0.15245778858661652,
		0.0015405023004859686
	],
	"left_shoulder": [
		0.4817138612270355,
		0.5552401542663574,
		0.1693410575389862,
		0.9999422430992126
	],
	"left_elbow": [
		0.5486043691635132,
		0.8094539046287537,
		0.47245126962661743,
		0.9716641902923584
	],
	"left_wrist": [
		0.6801210641860962,
		0.8743632435798645,
		0.5660502314567566,
		0.990992546081543
	],
	"right_shoulder": [
		0.31926992535591125,
		0.5314375758171082,
		-0.3819480836391449,
		0.9999353885650635
	],
	"right_elbow": [
		0.13808652758598328,
		0.5139091610908508,
		-0.7522724866867065,
		0.9977326989173889
	],
	"right_wrist": [
		0.31315943598747253,
		0.3579835593700409,
		-0.9412621259689331,
		0.9972046613693237
	],
	"nose": [
		0.5064384937286377,
		0.30798667669296265,
		-0.29956546425819397,
		0.9999938011169434
	],
	"left_eye": [
		0.49269214272499084,
		0.26083308458328247,
		-0.2549002766609192,
		0.9999872446060181
	],
	"right_eye": [
		0.48136037588119507,
		0.26700544357299805,
		-0.3201694190502167,
		0.9999932646751404
	],
	"left_ear": [
		0.45986565947532654,
		0.28668710589408875,
		-0.023589275777339935,
		0.9999929070472717
	],
	"right_ear": [
		0.43052974343299866,
		0.30115973949432373,
		-0.31962820887565613,
		0.9999959468841553
	]
}