{
	"left_hip": [
		0.5121126770973206,
		1.2038123607635498,
		0.09768529236316681,
		0.5195006728172302
	],
	"left_knee": [
		0.5318389534950256,
		1.702987790107727,
		0.047161705791950226,
		0.013102224096655846
	],
	"left_ankle": [
		0.5405062437057495,
		2.1813786029815674,
		0.2955628037452698,
		0.0006757699884474277
	],
	"right_hip": [
		0.37412330508232117,
		1.2298595905303955,
		-0.09665530920028687,
		0.5243630409240723
	],
	"right_knee": [
		0.40797996520996094,
		1.7522679567337036,
		-0.09770525991916656,
		0.035782698541879654
	],
	"right_ankle": [
		0.40759772062301636,
		2.2469124794006348,
		0.06617920845746994,
		0.0024032574146986008
	],
	"left_shoulder": [
		0.4841241240501404,
		0.5499570965766907,
		0.20554611086845398,
		0.999801516532898
	],
	"left_elbow": [
		0.5549970865249634,
		0.7890934348106384,
		0.5379751920700073,
		0.9308004379272461
	],
	"left_wrist": [
		0.598633885383606,
		0.7899021506309509,
		0.8056357502937317,
		0.9052860736846924
	],
	"right_shoulder": [
		0.3171335458755493,
		0.5200070738792419,
		-0.261902779340744,
		0.9999423027038574
	],
	"right_elbow": [
		0.15037855505943298,
		0.5006837844848633,
		-0.7001412510871887,
		0.998264729976654
	],
	"right_wrist": [
		0.3304673135280609,
		0.35287177562713623,
		-0.8851668238639832,
		0.996985673904419
	],
	"nose": [
		0.5077201128005981,
		0.31658199429512024,
		-0.22164925932884216,
		0.9999853372573853
	],
	"left_eye": [
		0.4959750771522522,
		0.270153284072876,
		-0.17989400029182434,
		0.9999741315841675
	],
	"right_eye": [
		0.4833737909793854,
		0.2738250494003296,
		-0.23588332533836365,
		0.9999874234199524
	],
	"left_ear": [
		0.4655643403530121,
		0.28886452317237854,
		0.039861999452114105,
		0.9999851584434509
	],
	"right_ear": [
		0.43161511421203613,
		0.30152255296707153,
		-0.1992609202861786,
		0.9999934434890747
	]
}