{
	"left_hip": [
		0.5078877210617065,
		1.2005506753921509,
		0.08067459613084793,
		0.4478968381881714
	],
	"left_knee": [
		0.513116717338562,
		1.6891270875930786,
		0.07868590205907822,
		0.019869323819875717
	],
	"left_ankle": [
		0.5159518718719482,
		2.157043933868408,
		0.35359299182891846,
		0.0012743383413180709
	],
	"right_hip": [
		0.3731655776500702,
		1.2204439640045166,
		-0.07986601442098618,
		0.5020131468772888
	],
	"right_knee": [
		0.38793566823005676,
		1.7302650213241577,
		-0.0760263055562973,
		0.054331786930561066
	],
	"right_ankle": [
		0.3907110095024109,
		2.2084808349609375,
		0.03756241500377655,
		0.003925966564565897
	],
	"left_shoulder": [
		0.4909280240535736,
		0.5605359673500061,
		0.17170169949531555,
		0.999221920967102
	],
	"left_elbow": [
		0.5154055953025818,
		0.8156485557556152,
		0.4820646643638611,
		0.8262791037559509
	],
	"left_wrist": [
		0.5945212841033936,
		0.8910365700721741,
		0.7223114967346191,
		0.6932930946350098
	],
	"right_shoulder": [
		0.3185971975326538,
		0.529263973236084,
		-0.2528809905052185,
		0.9999226927757263
	],
	"right_elbow": [
		0.14964157342910767,
		0.4868216812610626,
		-0.7021578550338745,
		0.9987642765045166
	],
	"right_wrist": [
		0.3341391682624817,
		0.360073447227478,
		-0.9903432130813599,
		0.9954894185066223
	],
	"nose": [
		0.5012435913085938,
		0.33092984557151794,
		-0.26448526978492737,
		0.9999603629112244
	],
	"left_eye": [
		0.49530214071273804,
		0.28574326634407043,
		-0.21741385757923126,
		0.9999331831932068
	],
	"right_eye": [
		0.47348737716674805,
		0.28904515504837036,
		-0.2613127827644348,
		0.9999711513519287
	],
	"left_ear": [
		0.47062844038009644,
		0.3005388081073761,
		0.02517778053879738,
		0.9999596476554871
	],
	"right_ear": [
		0.4244791567325592,
		0.31241321563720703,
		-0.19445917010307312,
		0.9999870657920837
	]
}