{
	"left_hip": [
		0.502724826335907,
		1.184431791305542,
		0.07411456108093262,
		0.40061667561531067
	],
	"left_knee": [
		0.5188168287277222,
		1.6726726293563843,
		0.049872398376464844,
		0.018663212656974792
	],
	"left_ankle": [
		0.5230420827865601,
		2.1432507038116455,
		0.33999893069267273,
		0.0013695599045604467
	],
	"right_hip": [
		0.36749234795570374,
		1.2064101696014404,
		-0.07303773611783981,
		0.47996196150779724
	],
	"right_knee": [
		0.3927253782749176,
		1.7195364236831665,
		-0.0764981135725975,
		0.04572165757417679
	],
	"right_ankle": [
		0.3999131917953491,
		2.202731132507324,
		0.0554640106856823,
		0.003459916217252612
	],
	"left_shoulder": [
		0.47154563665390015,
		0.5485033392906189,
		0.14921768009662628,
		0.9990447759628296
	],
	"left_elbow": [
		0.5071890354156494,
		0.8318416476249695,
		0.41505494713783264,
		0.7362222671508789
	],
	"left_wrist": [
		0.5919216871261597,
		0.9370349645614624,
		0.5535998940467834,
		0.5688035488128662
	],
	"right_shoulder": [
		0.31660616397857666,
		0.5260325074195862,
		-0.25613245368003845,
		0.999923586845398
	],
	"right_elbow": [
		0.1484602838754654,
		0.5370721220970154,
		-0.6939336061477661,
		0.9988921880722046
	],
	"right_wrist": [
		0.3153838813304901,
		0.42554211616516113,
		-1.015610694885254,
		0.9946496486663818
	],
	"nose": [
		0.4882999360561371,
		0.35514840483665466,
		-0.30000826716423035,
		0.9999415278434753
	],
	"left_eye": [
		0.4876444935798645,
		0.30854687094688416,
		-0.2564854323863983,
		0.9999045729637146
	],
	"right_eye": [
		0.460440069437027,
		0.3097430467605591,
		-0.301370233297348,
		0.9999568462371826
	],
	"left_ear": [
		0.46961504220962524,
		0.3161257803440094,
		-0.01467713713645935,
		0.9999367594718933
	],
	"right_ear": [
		0.41506123542785645,
		0.32527241110801697,
		-0.22344553470611572,
		0.999981701374054
	]
}