{
	"left_hip": [
		0.5089300274848938,
		1.1770051717758179,
		0.06733030825853348,
		0.37718307971954346
	],
	"left_knee": [
		0.5276310443878174,
		1.6692906618118286,
		0.03250284865498543,
		0.015585730783641338
	],
	"left_ankle": [
		0.5344176292419434,
		2.1499946117401123,
		0.3204399347305298,
		0.0011074116919189692
	],
	"right_hip": [
		0.3765465021133423,
		1.1986104249954224,
		-0.0663379654288292,
		0.4439364969730377
	],
	"right_knee": [
		0.393768846988678,
		1.708710789680481,
		-0.07319667190313339,
		0.03716655448079109
	],
	"right_ankle": [
		0.40330585837364197,
		2.192948579788208,
		0.09023041278123856,
		0.0026263506151735783
	],
	"left_shoulder": [
		0.4763888418674469,
		0.5557969808578491,
		0.13063886761665344,
		0.9992700815200806
	],
	"left_elbow": [
		0.5368256568908691,
		0.8179062604904175,
		0.3516198694705963,
		0.7501233220100403
	],
	"left_wrist": [
		0.6256101131439209,
		0.9900189638137817,
		0.38375985622406006,
		0.6011251211166382
	],
	"right_shoulder": [
		0.3187808394432068,
		0.5371614694595337,
		-0.20737814903259277,
		0.9999315738677979
	],
	"right_elbow": [
		0.14290151000022888,
		0.5870653390884399,
		-0.6099234819412231,
		0.998435914516449
	],
	"right_wrist": [
		0.3130137324333191,
		0.5754343271255493,
		-0.9697979688644409,
		0.9931727051734924
	],
	"nose": [
		0.48229560256004333,
		0.3690616190433502,
		-0.27427467703819275,
		0.999950110912323
	],
	"left_eye": [
		0.484363317489624,
		0.32474952936172485,
		-0.23526465892791748,
		0.9999198317527771
	],
	"right_eye": [
		0.4575730860233307,
		0.32133159041404724,
		-0.27366745471954346,
		0.9999620318412781
	],
	"left_ear": [
		0.4665934443473816,
		0.32972338795661926,
		-0.010477788746356964,
		0.9999470114707947
	],
	"right_ear": [
		0.4123772084712982,
		0.3307553827762604,
		-0.19494859874248505,
		0.9999836683273315
	]
}