{
	"left_hip": [
		0.4822578430175781,
		1.2047466039657593,
		0.1692250818014145,
		0.18014054000377655
	],
	"left_knee": [
		0.5078931450843811,
		1.5995322465896606,
		0.2095499336719513,
		0.007558292709290981
	],
	"left_ankle": [
		0.5401775240898132,
		2.0295979976654053,
		0.4559463858604431,
		0.0007820163737051189
	],
	"right_hip": [
		0.3957105576992035,
		1.2290748357772827,
		-0.1678185760974884,
		0.18222180008888245
	],
	"right_knee": [
		0.4126700460910797,
		1.6288983821868896,
		-0.11119600385427475,
		0.026211965829133987
	],
	"right_ankle": [
		0.4318009912967682,
		2.0623281002044678,
		0.06645528972148895,
		0.0027964513283222914
	],
	"left_shoulder": [
		0.46686068177223206,
		0.5793446898460388,
		0.24205808341503143,
		0.9950960278511047
	],
	"left_elbow": [
		0.5228034853935242,
		0.8676183223724365,
		0.2826298475265503,
		0.3389192819595337
	],
	"left_wrist": [
		0.6232156157493591,
		1.091149926185608,
		0.1122719794511795,
		0.5027140378952026
	],
	"right_shoulder": [
		0.3701300024986267,
		0.5497781038284302,
		-0.4412778317928314,
		0.9987322688102722
	],
	"right_elbow": [
		0.399945467710495,
		0.8972750902175903,
		-0.5242918729782104,
		0.8441280126571655
	],
	"right_wrist": [
		0.4953322410583496,
		1.170406699180603,
		-0.5327578783035278,
		0.781486451625824
	],
	"nose": [
		0.5332764983177185,
		0.3248404860496521,
		-0.1538056582212448,
		0.9993914365768433
	],
	"left_eye": [
		0.5181531310081482,
		0.27901625633239746,
		-0.12261313199996948,
		0.9992161989212036
	],
	"right_eye": [
		0.5087080597877502,
		0.28328952193260193,
		-0.1965523064136505,
		0.9994069337844849
	],
	"left_ear": [
		0.47836288809776306,
		0.30013033747673035,
		0.03798595815896988,
		0.9990338683128357
	],
	"right_ear": [
		0.4612932801246643,
		0.3071587085723877,
		-0.2976590394973755,
		0.9994882345199585
	]
}