{
	"left_hip": [
		0.47628793120384216,
		1.206712245941162,
		0.1684839278459549,
		0.1695750504732132
	],
	"left_knee": [
		0.4995571970939636,
		1.5852640867233276,
		0.21494905650615692,
		0.006315976846963167
	],
	"left_ankle": [
		0.5303283333778381,
		2.0009238719940186,
		0.44796258211135864,
		0.0007931937579996884
	],
	"right_hip": [
		0.3952481150627136,
		1.231235146522522,
		-0.16710469126701355,
		0.16428352892398834
	],
	"right_knee": [
		0.4209466874599457,
		1.6059315204620361,
		-0.11195244640111923,
		0.028670841827988625
	],
	"right_ankle": [
		0.42956751585006714,
		2.0278332233428955,
		0.05743244290351868,
		0.0033405222930014133
	],
	"left_shoulder": [
		0.4634326100349426,
		0.5794152021408081,
		0.23862290382385254,
		0.9946100115776062
	],
	"left_elbow": [
		0.519773006439209,
		0.8879845142364502,
		0.27015677094459534,
		0.2597915530204773
	],
	"left_wrist": [
		0.6054849624633789,
		1.093397855758667,
		0.10657843202352524,
		0.4705637991428375
	],
	"right_shoulder": [
		0.3698734939098358,
		0.5512064695358276,
		-0.4313899576663971,
		0.998687744140625
	],
	"right_elbow": [
		0.40094369649887085,
		0.8986911773681641,
		-0.4989018440246582,
		0.8273123502731323
	],
	"right_wrist": [
		0.4984632432460785,
		1.1752572059631348,
		-0.490323543548584,
		0.7513301372528076
	],
	"nose": [
		0.5324673652648926,
		0.3216528594493866,
		-0.1462106853723526,
		0.9994228482246399
	],
	"left_eye": [
		0.5154809355735779,
		0.27639904618263245,
		-0.11719866842031479,
		0.9992614388465881
	],
	"right_eye": [
		0.5074718594551086,
		0.28046444058418274,
		-0.18798896670341492,
		0.9994451999664307
	],
	"left_ear": [
		0.4751826226711273,
		0.29778987169265747,
		0.03044642135500908,
		0.999119222164154
	],
	"right_ear": [
		0.4564991891384125,
		0.30651938915252686,
		-0.2886463701725006,
		0.9995335936546326
	]
}