{
	"left_hip": [
		0.4734923243522644,
		1.2006357908248901,
		0.16904093325138092,
		0.16512949764728546
	],
	"left_knee": [
		0.49590206146240234,
		1.5835343599319458,
		0.213904470205307,
		0.005935437511652708
	],
	"left_ankle": [
		0.527586042881012,
		2.0006825923919678,
		0.43483734130859375,
		0.0008077274542301893
	],
	"right_hip": [
		0.39563605189323425,
		1.224993348121643,
		-0.1676696240901947,
		0.15717032551765442
	],
	"right_knee": [
		0.42099452018737793,
		1.605731725692749,
		-0.11345883458852768,
		0.030775876715779305
	],
	"right_ankle": [
		0.42942923307418823,
		2.030277729034424,
		0.05019741132855415,
		0.0036777639761567116
	],
	"left_shoulder": [
		0.4630274176597595,
		0.5792293548583984,
		0.24049195647239685,
		0.9945629239082336
	],
	"left_elbow": [
		0.5185842514038086,
		0.8755594491958618,
		0.27388203144073486,
		0.23392623662948608
	],
	"left_wrist": [
		0.6043123006820679,
		1.0883994102478027,
		0.11177009344100952,
		0.45450738072395325
	],
	"right_shoulder": [
		0.369734525680542,
		0.5499846339225769,
		-0.4264952540397644,
		0.9987182021141052
	],
	"right_elbow": [
		0.4018997550010681,
		0.8963596224784851,
		-0.4929715096950531,
		0.8316646218299866
	],
	"right_wrist": [
		0.5041972398757935,
		1.1680679321289062,
		-0.47622355818748474,
		0.7521641850471497
	],
	"nose": [
		0.5322101712226868,
		0.3222934305667877,
		-0.13747672736644745,
		0.9994462728500366
	],
	"left_eye": [
		0.5149633884429932,
		0.27719083428382874,
		-0.10925626754760742,
		0.9992972612380981
	],
	"right_eye": [
		0.5072885751724243,
		0.2811177372932434,
		-0.17947646975517273,
		0.9994743466377258
	],
	"left_ear": [
		0.4743661880493164,
		0.29852786660194397,
		0.03373388946056366,
		0.9991744756698608
	],
	"right_ear": [
		0.4563106894493103,
		0.3072730600833893,
		-0.2795425057411194,
		0.9995660185813904
	]
}