{
	"left_hip": [
		0.4743243157863617,
		1.2002699375152588,
		0.1682329773902893,
		0.1648714691400528
	],
	"left_knee": [
		0.49706825613975525,
		1.5944337844848633,
		0.2109757661819458,
		0.005873033776879311
	],
	"left_ankle": [
		0.5276636481285095,
		2.015756607055664,
		0.42933306097984314,
		0.0008049646276049316
	],
	"right_hip": [
		0.39623478055000305,
		1.2235572338104248,
		-0.16686835885047913,
		0.15590383112430573
	],
	"right_knee": [
		0.41823258996009827,
		1.6248646974563599,
		-0.11070029437541962,
		0.030861936509609222
	],
	"right_ankle": [
		0.42940813302993774,
		2.0521068572998047,
		0.049813464283943176,
		0.003721825312823057
	],
	"left_shoulder": [
		0.4635297656059265,
		0.5791587233543396,
		0.2408408224582672,
		0.9946297407150269
	],
	"left_elbow": [
		0.5186159610748291,
		0.8700778484344482,
		0.27768635749816895,
		0.23149488866329193
	],
	"left_wrist": [
		0.6051019430160522,
		1.088233232498169,
		0.1133224219083786,
		0.4581058919429779
	],
	"right_shoulder": [
		0.36971110105514526,
		0.5490383505821228,
		-0.4225257337093353,
		0.9987525939941406
	],
	"right_elbow": [
		0.4013441205024719,
		0.8958824872970581,
		-0.4908744692802429,
		0.8340861797332764
	],
	"right_wrist": [
		0.5037306547164917,
		1.1666585206985474,
		-0.47931361198425293,
		0.7557740807533264
	],
	"nose": [
		0.5320917963981628,
		0.3223734498023987,
		-0.13404887914657593,
		0.999460756778717
	],
	"left_eye": [
		0.5148977637290955,
		0.2772321403026581,
		-0.10604928433895111,
		0.999317467212677
	],
	"right_eye": [
		0.5072020292282104,
		0.2811598479747772,
		-0.1763898730278015,
		0.9994890689849854
	],
	"left_ear": [
		0.47434720396995544,
		0.2985764741897583,
		0.035823654383420944,
		0.9991992712020874
	],
	"right_ear": [
		0.4562222361564636,
		0.3073073923587799,
		-0.2768945097923279,
		0.9995806217193604
	]
}