{
	"left_hip": [
		0.47868743538856506,
		1.2025853395462036,
		0.1683184802532196,
		0.14701130986213684
	],
	"left_knee": [
		0.5013233423233032,
		1.6233868598937988,
		0.1983005553483963,
		0.005568122956901789
	],
	"left_ankle": [
		0.5269919633865356,
		2.0534653663635254,
		0.42739397287368774,
		0.0007774849073030055
	],
	"right_hip": [
		0.39642757177352905,
		1.2222485542297363,
		-0.16690978407859802,
		0.13384468853473663
	],
	"right_knee": [
		0.41255101561546326,
		1.6566779613494873,
		-0.11397404968738556,
		0.030459566041827202
	],
	"right_ankle": [
		0.42651471495628357,
		2.094373941421509,
		0.04348168522119522,
		0.0037826579064130783
	],
	"left_shoulder": [
		0.467700719833374,
		0.5801298022270203,
		0.2580687403678894,
		0.9946005940437317
	],
	"left_elbow": [
		0.5221691727638245,
		0.8645942807197571,
		0.3040263056755066,
		0.21188144385814667
	],
	"left_wrist": [
		0.6176193952560425,
		1.092847466468811,
		0.13596993684768677,
		0.4555465579032898
	],
	"right_shoulder": [
		0.3691037893295288,
		0.5416392683982849,
		-0.4251321256160736,
		0.9988399147987366
	],
	"right_elbow": [
		0.3980780839920044,
		0.8876348733901978,
		-0.5019596815109253,
		0.8356328010559082
	],
	"right_wrist": [
		0.5013660788536072,
		1.152381181716919,
		-0.49835219979286194,
		0.7607334852218628
	],
	"nose": [
		0.5311436057090759,
		0.32094502449035645,
		-0.12914632260799408,
		0.9995139837265015
	],
	"left_eye": [
		0.5139656066894531,
		0.2770196497440338,
		-0.0996847152709961,
		0.9993851184844971
	],
	"right_eye": [
		0.5058885812759399,
		0.2809053361415863,
		-0.1730995774269104,
		0.9995359778404236
	],
	"left_ear": [
		0.47402772307395935,
		0.298599511384964,
		0.04840260371565819,
		0.9992766380310059
	],
	"right_ear": [
		0.45524734258651733,
		0.3073734641075134,
		-0.274453341960907,
		0.9996263980865479
	]
}