{
	"left_hip": [
		0.45177561044692993,
		1.0878660678863525,
		0.1882157027721405,
		0.15924562513828278
	],
	"left_knee": [
		0.5350878834724426,
		1.1643604040145874,
		0.10350124537944794,
		0.016056450083851814
	],
	"left_ankle": [
		0.5141247510910034,
		1.5445029735565186,
		0.267659455537796,
		0.002906055888161063
	],
	"right_hip": [
		0.38198715448379517,
		1.096861720085144,
		-0.18691733479499817,
		0.14587627351284027
	],
	"right_knee": [
		0.45817407965660095,
		1.2339574098587036,
		-0.26781654357910156,
		0.07405050843954086
	],
	"right_ankle": [
		0.4223884642124176,
		1.6069324016571045,
		-0.13422009348869324,
		0.01046044286340475
	],
	"left_shoulder": [
		0.46384602785110474,
		0.5538749098777771,
		0.3551400303840637,
		0.9938971400260925
	],
	"left_elbow": [
		0.5119104981422424,
		0.7862535119056702,
		0.4055304527282715,
		0.20944474637508392
	],
	"left_wrist": [
		0.5945984721183777,
		0.9196318984031677,
		0.1804879605770111,
		0.4047876298427582
	],
	"right_shoulder": [
		0.365898996591568,
		0.503984808921814,
		-0.36827027797698975,
		0.998675525188446
	],
	"right_elbow": [
		0.4171063303947449,
		0.7869784832000732,
		-0.45118919014930725,
		0.8936976790428162
	],
	"right_wrist": [
		0.5721496939659119,
		0.9480353593826294,
		-0.429406076669693,
		0.8326109051704407
	],
	"nose": [
		0.5193789005279541,
		0.3183249235153198,
		-0.024804238229990005,
		0.9986456036567688
	],
	"left_eye": [
		0.5033892393112183,
		0.27470582723617554,
		0.0074648624286055565,
		0.9979605078697205
	],
	"right_eye": [
		0.4966556429862976,
		0.2781578600406647,
		-0.06826478242874146,
		0.9984670281410217
	],
	"left_ear": [
		0.46574100852012634,
		0.29487764835357666,
		0.15479916334152222,
		0.9976610541343689
	],
	"right_ear": [
		0.4509735703468323,
		0.3020181655883789,
		-0.18021483719348907,
		0.9986451268196106
	]
}