{
	"left_hip": [
		0.4458006024360657,
		1.0737916231155396,
		0.21324031054973602,
		0.18800786137580872
	],
	"left_knee": [
		0.5571547746658325,
		0.8900060057640076,
		0.1563582718372345,
		0.021395856514573097
	],
	"left_ankle": [
		0.5224205255508423,
		1.2310649156570435,
		0.3228945732116699,
		0.005575914401561022
	],
	"right_hip": [
		0.38539448380470276,
		1.1008286476135254,
		-0.21230654418468475,
		0.17588922381401062
	],
	"right_knee": [
		0.49667900800704956,
		1.0230042934417725,
		-0.3382459580898285,
		0.12445583194494247
	],
	"right_ankle": [
		0.46999484300613403,
		1.281400442123413,
		-0.1146797388792038,
		0.02081902325153351
	],
	"left_shoulder": [
		0.4581441879272461,
		0.5491715669631958,
		0.3678898215293884,
		0.9945751428604126
	],
	"left_elbow": [
		0.5140175819396973,
		0.7884572744369507,
		0.437544584274292,
		0.2109588235616684
	],
	"left_wrist": [
		0.594514012336731,
		0.9081751704216003,
		0.2266291379928589,
		0.3804749548435211
	],
	"right_shoulder": [
		0.37057211995124817,
		0.5060201287269592,
		-0.3808702230453491,
		0.9988276958465576
	],
	"right_elbow": [
		0.4292474389076233,
		0.7863483428955078,
		-0.4444099962711334,
		0.9096603989601135
	],
	"right_wrist": [
		0.5798039436340332,
		0.9433521628379822,
		-0.33093783259391785,
		0.8509864211082458
	],
	"nose": [
		0.5173909068107605,
		0.3258911669254303,
		-0.021882614120841026,
		0.9987168908119202
	],
	"left_eye": [
		0.5012190937995911,
		0.278883695602417,
		0.010944382287561893,
		0.9980649948120117
	],
	"right_eye": [
		0.4955992102622986,
		0.28195682168006897,
		-0.06554393470287323,
		0.9985174536705017
	],
	"left_ear": [
		0.46264785528182983,
		0.29598942399024963,
		0.15826599299907684,
		0.9978488683700562
	],
	"right_ear": [
		0.4509528577327728,
		0.30215826630592346,
		-0.17992842197418213,
		0.9987506866455078
	]
}