{
	"left_hip": [
		0.44554972648620605,
		1.0124937295913696,
		0.1901961863040924,
		0.388495534658432
	],
	"left_knee": [
		0.5594483017921448,
		0.8827493190765381,
		0.07384753972291946,
		0.1217922642827034
	],
	"left_ankle": [
		0.5610541105270386,
		1.1448538303375244,
		0.21347424387931824,
		0.03813822567462921
	],
	"right_hip": [
		0.3877352178096771,
		1.0240089893341064,
		-0.18942998349666595,
		0.3117859959602356
	],
	"right_knee": [
		0.4892631471157074,
		0.9222500324249268,
		-0.3211544156074524,
		0.4192558228969574
	],
	"right_ankle": [
		0.5016667246818542,
		1.1612260341644287,
		-0.16162119805812836,
		0.08460238575935364
	],
	"left_shoulder": [
		0.443269819021225,
		0.5243616700172424,
		0.42233920097351074,
		0.9972411394119263
	],
	"left_elbow": [
		0.5483737587928772,
		0.7357451915740967,
		0.464938223361969,
		0.28375473618507385
	],
	"left_wrist": [
		0.623950183391571,
		0.808288037776947,
		0.22699841856956482,
		0.3026910424232483
	],
	"right_shoulder": [
		0.3842310607433319,
		0.4843200147151947,
		-0.26452603936195374,
		0.9990606904029846
	],
	"right_elbow": [
		0.46609848737716675,
		0.6590532660484314,
		-0.4317866265773773,
		0.9738051295280457
	],
	"right_wrist": [
		0.5960516929626465,
		0.7417459487915039,
		-0.38105738162994385,
		0.9214014410972595
	],
	"nose": [
		0.5191462635993958,
		0.33108440041542053,
		0.03961092606186867,
		0.999292254447937
	],
	"left_eye": [
		0.5037254095077515,
		0.2844022214412689,
		0.07724816352128983,
		0.9990870952606201
	],
	"right_eye": [
		0.49635475873947144,
		0.2861959934234619,
		0.009732387959957123,
		0.9991663694381714
	],
	"left_ear": [
		0.4631640315055847,
		0.29983586072921753,
		0.24583935737609863,
		0.9991686940193176
	],
	"right_ear": [
		0.4536435008049011,
		0.30253666639328003,
		-0.058923859149217606,
		0.9993798136711121
	]
}