{
	"left_hip": [
		0.45915618538856506,
		1.0252026319503784,
		0.13284358382225037,
		0.3714953362941742
	],
	"left_knee": [
		0.47492581605911255,
		1.4072016477584839,
		0.08599986881017685,
		0.08027217537164688
	],
	"left_ankle": [
		0.4788301885128021,
		1.775081992149353,
		0.2836558222770691,
		0.04399113729596138
	],
	"right_hip": [
		0.38331905007362366,
		1.0547553300857544,
		-0.13189944624900818,
		0.3243822157382965
	],
	"right_knee": [
		0.3780088722705841,
		1.4202187061309814,
		-0.14080506563186646,
		0.3942108154296875
	],
	"right_ankle": [
		0.36961427330970764,
		1.8118140697479248,
		-0.042529284954071045,
		0.07954439520835876
	],
	"left_shoulder": [
		0.4515829086303711,
		0.4783497154712677,
		0.1463434398174286,
		0.9980031847953796
	],
	"left_elbow": [
		0.6220847964286804,
		0.4192545711994171,
		0.10935883224010468,
		0.7294715642929077
	],
	"left_wrist": [
		0.8005630373954773,
		0.3758642077445984,
		-0.10744142532348633,
		0.7572020292282104
	],
	"right_shoulder": [
		0.35363468527793884,
		0.47021549940109253,
		-0.4051735997200012,
		0.9942387938499451
	],
	"right_elbow": [
		0.42489147186279297,
		0.36964595317840576,
		-0.7284894585609436,
		0.9714325666427612
	],
	"right_wrist": [
		0.5759871602058411,
		0.30311596393585205,
		-0.8176026344299316,
		0.9143316745758057
	],
	"nose": [
		0.4873124063014984,
		0.296047180891037,
		-0.2375343292951584,
		0.9995486736297607
	],
	"left_eye": [
		0.47831153869628906,
		0.25797009468078613,
		-0.19921356439590454,
		0.9993903040885925
	],
	"right_eye": [
		0.4705338478088379,
		0.2626456320285797,
		-0.255331814289093,
		0.9994091987609863
	],
	"left_ear": [
		0.44349828362464905,
		0.2722783088684082,
		0.011209944263100624,
		0.9995949268341064
	],
	"right_ear": [
		0.4325126111507416,
		0.28109490871429443,
		-0.2573860287666321,
		0.9996142387390137
	]
}