{
	"left_hip": [
		0.46702733635902405,
		1.0549732446670532,
		0.0899302214384079,
		0.6776450276374817
	],
	"left_knee": [
		0.4822344183921814,
		1.4806095361709595,
		0.1636679768562317,
		0.047587379813194275
	],
	"left_ankle": [
		0.47647562623023987,
		1.8608676195144653,
		0.4502348303794861,
		0.01677912473678589
	],
	"right_hip": [
		0.3589608669281006,
		1.095902919769287,
		-0.08868224173784256,
		0.5873134732246399
	],
	"right_knee": [
		0.35510778427124023,
		1.5039105415344238,
		-0.034032512456178665,
		0.18862850964069366
	],
	"right_ankle": [
		0.35818207263946533,
		1.88523268699646,
		0.14567258954048157,
		0.03240424767136574
	],
	"left_shoulder": [
		0.48870253562927246,
		0.5081051588058472,
		0.08543222397565842,
		0.9990983009338379
	],
	"left_elbow": [
		0.6620254516601562,
		0.4326763451099396,
		0.04708666354417801,
		0.9022801518440247
	],
	"left_wrist": [
		0.8063054084777832,
		0.3499425947666168,
		-0.09714172780513763,
		0.9148030877113342
	],
	"right_shoulder": [
		0.3289072811603546,
		0.49021297693252563,
		-0.3423003554344177,
		0.9962201118469238
	],
	"right_elbow": [
		0.3988134264945984,
		0.3681004047393799,
		-0.7564572095870972,
		0.9882321357727051
	],
	"right_wrist": [
		0.5497591495513916,
		0.25176358222961426,
		-0.8963351249694824,
		0.965022623538971
	],
	"nose": [
		0.47880440950393677,
		0.33390066027641296,
		-0.2836664617061615,
		0.9997669458389282
	],
	"left_eye": [
		0.47450417280197144,
		0.2900159955024719,
		-0.2397880256175995,
		0.9997031688690186
	],
	"right_eye": [
		0.4614531397819519,
		0.29255372285842896,
		-0.2847745418548584,
		0.9997143745422363
	],
	"left_ear": [
		0.4427250325679779,
		0.3004145324230194,
		-0.024626899510622025,
		0.9998191595077515
	],
	"right_ear": [
		0.41773080825805664,
		0.30878907442092896,
		-0.20871588587760925,
		0.9998055696487427
	]
}