{
	"left_hip": [
		0.4695500433444977,
		1.093408465385437,
		0.0947529524564743,
		0.8194231390953064
	],
	"left_knee": [
		0.48215144872665405,
		1.507560133934021,
		0.1401558369398117,
		0.03452170640230179
	],
	"left_ankle": [
		0.48021799325942993,
		1.885231614112854,
		0.4132968485355377,
		0.00747993029654026
	],
	"right_hip": [
		0.3525142967700958,
		1.1098344326019287,
		-0.093687042593956,
		0.7433854341506958
	],
	"right_knee": [
		0.3543192744255066,
		1.5247164964675903,
		-0.06443407386541367,
		0.124490886926651
	],
	"right_ankle": [
		0.35754498839378357,
		1.9192966222763062,
		0.09994031488895416,
		0.017335381358861923
	],
	"left_shoulder": [
		0.47703996300697327,
		0.519356906414032,
		0.1478874236345291,
		0.9995394349098206
	],
	"left_elbow": [
		0.6431865096092224,
		0.46750712394714355,
		0.05990792065858841,
		0.9600111246109009
	],
	"left_wrist": [
		0.8014825582504272,
		0.4011844992637634,
		-0.14447690546512604,
		0.9666924476623535
	],
	"right_shoulder": [
		0.31271377205848694,
		0.4965295195579529,
		-0.3215256631374359,
		0.9979175925254822
	],
	"right_elbow": [
		0.36784976720809937,
		0.3188643157482147,
		-0.7949293851852417,
		0.9942952394485474
	],
	"right_wrist": [
		0.5053306818008423,
		0.2937539219856262,
		-1.0055941343307495,
		0.9839478135108948
	],
	"nose": [
		0.46070510149002075,
		0.37227877974510193,
		-0.24604514241218567,
		0.9998531341552734
	],
	"left_eye": [
		0.4592825472354889,
		0.31973859667778015,
		-0.20698828995227814,
		0.9998156428337097
	],
	"right_eye": [
		0.4435681700706482,
		0.32243531942367554,
		-0.24922271072864532,
		0.9998230338096619
	],
	"left_ear": [
		0.43518370389938354,
		0.3256374001502991,
		0.01104267593473196,
		0.9998971819877625
	],
	"right_ear": [
		0.3965453505516052,
		0.3295316696166992,
		-0.17421357333660126,
		0.9998823404312134
	]
}