{
	"left_hip": [
		0.4695933759212494,
		1.097646951675415,
		0.10492149740457535,
		0.7762042880058289
	],
	"left_knee": [
		0.48147591948509216,
		1.5170214176177979,
		0.11108151823282242,
		0.03771430253982544
	],
	"left_ankle": [
		0.48445501923561096,
		1.8962281942367554,
		0.3667239546775818,
		0.007236124482005835
	],
	"right_hip": [
		0.3556583821773529,
		1.1146589517593384,
		-0.10389498621225357,
		0.6912474632263184
	],
	"right_knee": [
		0.3550463914871216,
		1.534620761871338,
		-0.09170590341091156,
		0.12668485939502716
	],
	"right_ankle": [
		0.3583829998970032,
		1.9372597932815552,
		0.0578315332531929,
		0.020002922043204308
	],
	"left_shoulder": [
		0.47656264901161194,
		0.5205044746398926,
		0.13873037695884705,
		0.9995318055152893
	],
	"left_elbow": [
		0.6400885581970215,
		0.45836779475212097,
		0.03564630448818207,
		0.9664180874824524
	],
	"left_wrist": [
		0.8006714582443237,
		0.4091239273548126,
		-0.18190565705299377,
		0.972780704498291
	],
	"right_shoulder": [
		0.31366869807243347,
		0.5004348158836365,
		-0.3313744068145752,
		0.9977290034294128
	],
	"right_elbow": [
		0.3636810779571533,
		0.31511759757995605,
		-0.8125253915786743,
		0.9941225647926331
	],
	"right_wrist": [
		0.5061560869216919,
		0.3178921043872833,
		-1.0107553005218506,
		0.9849203824996948
	],
	"nose": [
		0.4545392096042633,
		0.3527927100658417,
		-0.26754066348075867,
		0.9998698830604553
	],
	"left_eye": [
		0.45260220766067505,
		0.2999233603477478,
		-0.21348634362220764,
		0.999836266040802
	],
	"right_eye": [
		0.433169424533844,
		0.2984013557434082,
		-0.2565736770629883,
		0.999843418598175
	],
	"left_ear": [
		0.4331560730934143,
		0.31855300068855286,
		0.01446059811860323,
		0.9999086856842041
	],
	"right_ear": [
		0.3909832835197449,
		0.30991309881210327,
		-0.173357293009758,
		0.9998934864997864
	]
}