{
	"left_hip": [
		0.46249884366989136,
		1.0246593952178955,
		0.11747666448354721,
		0.762251079082489
	],
	"left_knee": [
		0.4815458357334137,
		1.4734641313552856,
		0.12072364240884781,
		0.034081265330314636
	],
	"left_ankle": [
		0.5085561275482178,
		1.811420202255249,
		0.3613910377025604,
		0.004861673805862665
	],
	"right_hip": [
		0.3590855002403259,
		1.0738658905029297,
		-0.11656645685434341,
		0.6922918558120728
	],
	"right_knee": [
		0.3562672734260559,
		1.476076602935791,
		-0.11271484196186066,
		0.10190489888191223
	],
	"right_ankle": [
		0.36535897850990295,
		1.8879073858261108,
		0.03516095131635666,
		0.01819874718785286
	],
	"left_shoulder": [
		0.4757923185825348,
		0.5068898797035217,
		0.17575407028198242,
		0.9995443820953369
	],
	"left_elbow": [
		0.6297528147697449,
		0.4854893982410431,
		0.09957223385572433,
		0.9803534150123596
	],
	"left_wrist": [
		0.7983373403549194,
		0.44656410813331604,
		-0.11926312744617462,
		0.9858513474464417
	],
	"right_shoulder": [
		0.3121568560600281,
		0.4717921018600464,
		-0.3510545492172241,
		0.9981445670127869
	],
	"right_elbow": [
		0.34123510122299194,
		0.35477763414382935,
		-0.819909393787384,
		0.9938015937805176
	],
	"right_wrist": [
		0.4769221842288971,
		0.3964826464653015,
		-1.056453824043274,
		0.9886259436607361
	],
	"nose": [
		0.45524173974990845,
		0.2968480587005615,
		-0.2344285249710083,
		0.9998917579650879
	],
	"left_eye": [
		0.4477437138557434,
		0.2530529201030731,
		-0.18768168985843658,
		0.9998683333396912
	],
	"right_eye": [
		0.4336286187171936,
		0.254917174577713,
		-0.2384093552827835,
		0.9998810887336731
	],
	"left_ear": [
		0.42269936203956604,
		0.2728155851364136,
		0.036349765956401825,
		0.999928891658783
	],
	"right_ear": [
		0.3973962664604187,
		0.2747691869735718,
		-0.19365698099136353,
		0.9999184012413025
	]
}