{
	"left_hip": [
		0.4665418267250061,
		1.0635734796524048,
		0.14086908102035522,
		0.7339168190956116
	],
	"left_knee": [
		0.4896504282951355,
		1.4831428527832031,
		0.10617737472057343,
		0.033209461718797684
	],
	"left_ankle": [
		0.5225332975387573,
		1.8894774913787842,
		0.3305717408657074,
		0.006021017674356699
	],
	"right_hip": [
		0.3717912435531616,
		1.0778993368148804,
		-0.13979505002498627,
		0.6861886382102966
	],
	"right_knee": [
		0.3742634654045105,
		1.4949287176132202,
		-0.14030975103378296,
		0.1260489970445633
	],
	"right_ankle": [
		0.3895418047904968,
		1.9310599565505981,
		-0.008529859595000744,
		0.022554902359843254
	],
	"left_shoulder": [
		0.46749013662338257,
		0.5184932947158813,
		0.2512817680835724,
		0.9996116757392883
	],
	"left_elbow": [
		0.6284739375114441,
		0.5123021602630615,
		0.2382209300994873,
		0.9751775860786438
	],
	"left_wrist": [
		0.7933715581893921,
		0.4880964756011963,
		0.05387509986758232,
		0.984216034412384
	],
	"right_shoulder": [
		0.31622666120529175,
		0.4604763388633728,
		-0.30752652883529663,
		0.998637318611145
	],
	"right_elbow": [
		0.3302014470100403,
		0.40627026557922363,
		-0.735110342502594,
		0.9935303330421448
	],
	"right_wrist": [
		0.4796608090400696,
		0.4376189112663269,
		-0.9258267283439636,
		0.9890192747116089
	],
	"nose": [
		0.4624687135219574,
		0.3063325881958008,
		-0.1429012268781662,
		0.9999241828918457
	],
	"left_eye": [
		0.4507560729980469,
		0.2662521302700043,
		-0.09563898295164108,
		0.9999082088470459
	],
	"right_eye": [
		0.43953412771224976,
		0.2697668969631195,
		-0.15343284606933594,
		0.9999180436134338
	],
	"left_ear": [
		0.4226837158203125,
		0.2789270281791687,
		0.11788515746593475,
		0.9999504685401917
	],
	"right_ear": [
		0.4044123589992523,
		0.2838751971721649,
		-0.14102619886398315,
		0.9999440312385559
	]
}