{
	"left_hip": [
		0.47375789284706116,
		1.0768598318099976,
		0.11164341866970062,
		0.7410486340522766
	],
	"left_knee": [
		0.49153321981430054,
		1.5064784288406372,
		0.08924350142478943,
		0.027954548597335815
	],
	"left_ankle": [
		0.4960835576057434,
		1.9197789430618286,
		0.315053254365921,
		0.004216072149574757
	],
	"right_hip": [
		0.3681916892528534,
		1.0860289335250854,
		-0.11075393110513687,
		0.6800742745399475
	],
	"right_knee": [
		0.3678867518901825,
		1.5208784341812134,
		-0.12033466249704361,
		0.10028952360153198
	],
	"right_ankle": [
		0.38428884744644165,
		1.9453212022781372,
		0.024258550256490707,
		0.016555888578295708
	],
	"left_shoulder": [
		0.466888427734375,
		0.5144277215003967,
		0.22786197066307068,
		0.999640703201294
	],
	"left_elbow": [
		0.6400836706161499,
		0.5220219492912292,
		0.23702046275138855,
		0.9801596403121948
	],
	"left_wrist": [
		0.8046183586120605,
		0.4882241487503052,
		0.09028100967407227,
		0.9889594912528992
	],
	"right_shoulder": [
		0.3189854025840759,
		0.4520551562309265,
		-0.29094916582107544,
		0.9987998604774475
	],
	"right_elbow": [
		0.3201468586921692,
		0.4463173449039459,
		-0.690083384513855,
		0.9927133321762085
	],
	"right_wrist": [
		0.4705372452735901,
		0.4667104184627533,
		-0.8746581077575684,
		0.9904316067695618
	],
	"nose": [
		0.4711318612098694,
		0.3017978072166443,
		-0.13955345749855042,
		0.9999427199363708
	],
	"left_eye": [
		0.4554322361946106,
		0.2616681158542633,
		-0.09294874966144562,
		0.9999327063560486
	],
	"right_eye": [
		0.4454227387905121,
		0.2659052312374115,
		-0.14837995171546936,
		0.9999408721923828
	],
	"left_ear": [
		0.42351287603378296,
		0.27880755066871643,
		0.11292095482349396,
		0.9999635815620422
	],
	"right_ear": [
		0.4076601564884186,
		0.2845962345600128,
		-0.1392323523759842,
		0.9999592900276184
	]
}