{
	"left_hip": [
		0.47819143533706665,
		1.0868650674819946,
		0.1057027131319046,
		0.7757725119590759
	],
	"left_knee": [
		0.4951585829257965,
		1.517387866973877,
		0.09560512006282806,
		0.025701651349663734
	],
	"left_ankle": [
		0.4965178370475769,
		1.9375104904174805,
		0.36087268590927124,
		0.0035311926621943712
	],
	"right_hip": [
		0.36769476532936096,
		1.0987913608551025,
		-0.10474886000156403,
		0.7187777757644653
	],
	"right_knee": [
		0.3673170506954193,
		1.5376640558242798,
		-0.10324414819478989,
		0.09060990810394287
	],
	"right_ankle": [
		0.38057148456573486,
		1.963585376739502,
		0.05971689894795418,
		0.014363683760166168
	],
	"left_shoulder": [
		0.4724293649196625,
		0.5139214396476746,
		0.20694038271903992,
		0.9996968507766724
	],
	"left_elbow": [
		0.6462510824203491,
		0.5218293070793152,
		0.25332343578338623,
		0.9835382103919983
	],
	"left_wrist": [
		0.8075522184371948,
		0.4863758683204651,
		0.14486180245876312,
		0.9909780621528625
	],
	"right_shoulder": [
		0.3195362687110901,
		0.45351555943489075,
		-0.32457250356674194,
		0.9989888668060303
	],
	"right_elbow": [
		0.29283979535102844,
		0.448164701461792,
		-0.7370719909667969,
		0.9935835599899292
	],
	"right_wrist": [
		0.45269545912742615,
		0.46320292353630066,
		-0.9033233523368835,
		0.9916696548461914
	],
	"nose": [
		0.47141212224960327,
		0.30219537019729614,
		-0.15942493081092834,
		0.9999517202377319
	],
	"left_eye": [
		0.45574870705604553,
		0.26169803738594055,
		-0.11675120890140533,
		0.9999433755874634
	],
	"right_eye": [
		0.44550997018814087,
		0.2660295069217682,
		-0.17746981978416443,
		0.9999507665634155
	],
	"left_ear": [
		0.42392244935035706,
		0.2792961895465851,
		0.08650939166545868,
		0.9999696016311646
	],
	"right_ear": [
		0.4076921343803406,
		0.2888660132884979,
		-0.1798422932624817,
		0.9999662637710571
	]
}