{
	"left_hip": [
		0.47810906171798706,
		1.0915745496749878,
		0.10585165023803711,
		0.7910856008529663
	],
	"left_knee": [
		0.49499383568763733,
		1.5242325067520142,
		0.10705505311489105,
		0.024411486461758614
	],
	"left_ankle": [
		0.4957343637943268,
		1.9421626329421997,
		0.3842354714870453,
		0.00322646158747375
	],
	"right_hip": [
		0.36758315563201904,
		1.104475736618042,
		-0.1048789769411087,
		0.735572099685669
	],
	"right_knee": [
		0.3658905625343323,
		1.5432225465774536,
		-0.09622351825237274,
		0.08600141853094101
	],
	"right_ankle": [
		0.3802971839904785,
		1.9690899848937988,
		0.07350362092256546,
		0.01337370090186596
	],
	"left_shoulder": [
		0.47355446219444275,
		0.5143150687217712,
		0.20118674635887146,
		0.999722421169281
	],
	"left_elbow": [
		0.6473634839057922,
		0.5218154788017273,
		0.24514541029930115,
		0.985032856464386
	],
	"left_wrist": [
		0.8072379231452942,
		0.4858386814594269,
		0.12201907485723495,
		0.9918467402458191
	],
	"right_shoulder": [
		0.3203936219215393,
		0.4552164077758789,
		-0.33131399750709534,
		0.9990742206573486
	],
	"right_elbow": [
		0.28134602308273315,
		0.4449904263019562,
		-0.7378483414649963,
		0.993969738483429
	],
	"right_wrist": [
		0.44461649656295776,
		0.4616096019744873,
		-0.9284098744392395,
		0.9921691417694092
	],
	"nose": [
		0.47134822607040405,
		0.30229678750038147,
		-0.17018678784370422,
		0.999955952167511
	],
	"left_eye": [
		0.455731064081192,
		0.26172563433647156,
		-0.12667900323867798,
		0.9999483227729797
	],
	"right_eye": [
		0.4454704821109772,
		0.2661035656929016,
		-0.1861082911491394,
		0.9999552369117737
	],
	"left_ear": [
		0.4239601194858551,
		0.2797714173793793,
		0.07750502973794937,
		0.9999723434448242
	],
	"right_ear": [
		0.40767139196395874,
		0.29044124484062195,
		-0.1835835576057434,
		0.9999693632125854
	]
}