{
	"left_hip": [
		0.4846116900444031,
		1.11008620262146,
		0.10015738010406494,
		0.853294849395752
	],
	"left_knee": [
		0.4967666268348694,
		1.5405231714248657,
		0.17906853556632996,
		0.024711929261684418
	],
	"left_ankle": [
		0.4958692491054535,
		1.9445385932922363,
		0.4858488142490387,
		0.002579561434686184
	],
	"right_hip": [
		0.36698442697525024,
		1.1270102262496948,
		-0.09934617578983307,
		0.8134900331497192
	],
	"right_knee": [
		0.3620641827583313,
		1.559714674949646,
		-0.040676768869161606,
		0.08498958498239517
	],
	"right_ankle": [
		0.3781391978263855,
		1.9785802364349365,
		0.16990560293197632,
		0.013436438515782356
	],
	"left_shoulder": [
		0.48941707611083984,
		0.5158665180206299,
		0.1634911149740219,
		0.999799370765686
	],
	"left_elbow": [
		0.6570183038711548,
		0.5219426155090332,
		0.2644907832145691,
		0.9898104667663574
	],
	"left_wrist": [
		0.8009403944015503,
		0.4834592938423157,
		0.1762399971485138,
		0.9944665431976318
	],
	"right_shoulder": [
		0.32607242465019226,
		0.47468751668930054,
		-0.3836445212364197,
		0.9993658661842346
	],
	"right_elbow": [
		0.2471201866865158,
		0.43183037638664246,
		-0.7426390051841736,
		0.9956145882606506
	],
	"right_wrist": [
		0.41981959342956543,
		0.4559303820133209,
		-0.8262466192245483,
		0.9932846426963806
	],
	"nose": [
		0.4717594087123871,
		0.3018508851528168,
		-0.2386084794998169,
		0.9999681115150452
	],
	"left_eye": [
		0.45522236824035645,
		0.2613022029399872,
		-0.19407352805137634,
		0.9999623894691467
	],
	"right_eye": [
		0.44452786445617676,
		0.2660759389400482,
		-0.24611027538776398,
		0.9999687671661377
	],
	"left_ear": [
		0.42493706941604614,
		0.28189221024513245,
		0.018436599522829056,
		0.9999803900718689
	],
	"right_ear": [
		0.40688639879226685,
		0.29617929458618164,
		-0.2191937267780304,
		0.9999791383743286
	]
}