{
	"left_hip": [
		0.48766040802001953,
		1.1242170333862305,
		0.10241005569696426,
		0.8785945773124695
	],
	"left_knee": [
		0.5008648633956909,
		1.565087080001831,
		0.1662471890449524,
		0.02166220173239708
	],
	"left_ankle": [
		0.5007272362709045,
		1.9741294384002686,
		0.45675572752952576,
		0.0020194961689412594
	],
	"right_hip": [
		0.3707430958747864,
		1.1467056274414062,
		-0.10152081400156021,
		0.8442332148551941
	],
	"right_knee": [
		0.3692261576652527,
		1.587659478187561,
		-0.055022548884153366,
		0.08425596356391907
	],
	"right_ankle": [
		0.3789522051811218,
		2.0189571380615234,
		0.129569411277771,
		0.012792377732694149
	],
	"left_shoulder": [
		0.4917376637458801,
		0.5206700563430786,
		0.17652809619903564,
		0.9998470544815063
	],
	"left_elbow": [
		0.6575556993484497,
		0.5098627209663391,
		0.2295195311307907,
		0.9926729798316956
	],
	"left_wrist": [
		0.8001199960708618,
		0.46854323148727417,
		0.11498458683490753,
		0.9961963891983032
	],
	"right_shoulder": [
		0.327504962682724,
		0.48993897438049316,
		-0.3285079598426819,
		0.9995454549789429
	],
	"right_elbow": [
		0.2515493631362915,
		0.4065723717212677,
		-0.7534064650535583,
		0.9965429306030273
	],
	"right_wrist": [
		0.4230734407901764,
		0.44828030467033386,
		-0.9161738157272339,
		0.9938929080963135
	],
	"nose": [
		0.47351107001304626,
		0.3049347400665283,
		-0.22905874252319336,
		0.9999778866767883
	],
	"left_eye": [
		0.4579854905605316,
		0.2622379660606384,
		-0.18229815363883972,
		0.999973714351654
	],
	"right_eye": [
		0.4465290606021881,
		0.2681574523448944,
		-0.23244497179985046,
		0.9999786019325256
	],
	"left_ear": [
		0.42696699500083923,
		0.2856670916080475,
		0.036811262369155884,
		0.999986469745636
	],
	"right_ear": [
		0.4078008532524109,
		0.2996819019317627,
		-0.18975725769996643,
		0.9999858736991882
	]
}