{
	"left_hip": [
		0.49727025628089905,
		1.1516975164413452,
		0.10758785903453827,
		0.8829005360603333
	],
	"left_knee": [
		0.5135523080825806,
		1.6065387725830078,
		0.13865314424037933,
		0.021123632788658142
	],
	"left_ankle": [
		0.5161372423171997,
		2.028008222579956,
		0.42277273535728455,
		0.0016505353851243854
	],
	"right_hip": [
		0.37882646918296814,
		1.1747709512710571,
		-0.10691685974597931,
		0.8598749041557312
	],
	"right_knee": [
		0.379827082157135,
		1.627821445465088,
		-0.07541193068027496,
		0.08617924153804779
	],
	"right_ankle": [
		0.3868024945259094,
		2.0731070041656494,
		0.10047551244497299,
		0.01626015454530716
	],
	"left_shoulder": [
		0.49302831292152405,
		0.5218526124954224,
		0.2163798063993454,
		0.9998709559440613
	],
	"left_elbow": [
		0.6585499048233032,
		0.5203879475593567,
		0.31345653533935547,
		0.9955317974090576
	],
	"left_wrist": [
		0.7944835424423218,
		0.4765303432941437,
		0.25953736901283264,
		0.9979609847068787
	],
	"right_shoulder": [
		0.3378482162952423,
		0.5019406676292419,
		-0.33420035243034363,
		0.9997744560241699
	],
	"right_elbow": [
		0.2260245829820633,
		0.3783021867275238,
		-0.7911645174026489,
		0.9978020191192627
	],
	"right_wrist": [
		0.40890541672706604,
		0.4166673719882965,
		-0.9835361242294312,
		0.9942718744277954
	],
	"nose": [
		0.481553852558136,
		0.3083433508872986,
		-0.19494348764419556,
		0.9999896883964539
	],
	"left_eye": [
		0.46542733907699585,
		0.2625431418418884,
		-0.14891257882118225,
		0.9999868869781494
	],
	"right_eye": [
		0.4529295563697815,
		0.2683563828468323,
		-0.2042851746082306,
		0.9999906420707703
	],
	"left_ear": [
		0.42935386300086975,
		0.2856472432613373,
		0.06532882153987885,
		0.9999935626983643
	],
	"right_ear": [
		0.41092807054519653,
		0.29801949858665466,
		-0.18080399930477142,
		0.9999942779541016
	]
}