{
	"left_hip": [
		0.49734264612197876,
		1.1531122922897339,
		0.10219050943851471,
		0.9084668755531311
	],
	"left_knee": [
		0.5148630142211914,
		1.6078847646713257,
		0.1651936173439026,
		0.02459241822361946
	],
	"left_ankle": [
		0.5169590711593628,
		2.0269393920898438,
		0.46503162384033203,
		0.001724607078358531
	],
	"right_hip": [
		0.3789389729499817,
		1.1780577898025513,
		-0.10149310529232025,
		0.8936488032341003
	],
	"right_knee": [
		0.3855575621128082,
		1.6327646970748901,
		-0.04505924880504608,
		0.10242597758769989
	],
	"right_ankle": [
		0.3919368088245392,
		2.0790529251098633,
		0.14782024919986725,
		0.01938857138156891
	],
	"left_shoulder": [
		0.4941745698451996,
		0.5210405588150024,
		0.19714297354221344,
		0.999893844127655
	],
	"left_elbow": [
		0.6581376791000366,
		0.5193939805030823,
		0.3063207268714905,
		0.9966535568237305
	],
	"left_wrist": [
		0.7937370538711548,
		0.48196038603782654,
		0.25719988346099854,
		0.9984769821166992
	],
	"right_shoulder": [
		0.3335784673690796,
		0.5006874799728394,
		-0.3383929133415222,
		0.9998533129692078
	],
	"right_elbow": [
		0.22120289504528046,
		0.3788129687309265,
		-0.7643085718154907,
		0.9984498620033264
	],
	"right_wrist": [
		0.40640726685523987,
		0.41369885206222534,
		-0.9077343940734863,
		0.9954442977905273
	],
	"nose": [
		0.48259687423706055,
		0.3159415125846863,
		-0.21011996269226074,
		0.9999927878379822
	],
	"left_eye": [
		0.46703261137008667,
		0.26872241497039795,
		-0.16862191259860992,
		0.9999902248382568
	],
	"right_eye": [
		0.4546622335910797,
		0.274230033159256,
		-0.22046113014221191,
		0.9999936819076538
	],
	"left_ear": [
		0.4299391210079193,
		0.2888958752155304,
		0.03832068294286728,
		0.9999954104423523
	],
	"right_ear": [
		0.4114448130130768,
		0.29990154504776,
		-0.19565080106258392,
		0.9999964833259583
	]
}