{
	"left_hip": [
		0.4973910450935364,
		1.1538554430007935,
		0.10065271705389023,
		0.9174719452857971
	],
	"left_knee": [
		0.5136394500732422,
		1.6088926792144775,
		0.16192187368869781,
		0.027015144005417824
	],
	"left_ankle": [
		0.5145714282989502,
		2.0287668704986572,
		0.4575526714324951,
		0.00185088487342
	],
	"right_hip": [
		0.37811267375946045,
		1.1784446239471436,
		-0.09993667900562286,
		0.9050998687744141
	],
	"right_knee": [
		0.38383862376213074,
		1.6332429647445679,
		-0.04643558710813522,
		0.11086273938417435
	],
	"right_ankle": [
		0.38927799463272095,
		2.0795676708221436,
		0.14266382157802582,
		0.02013975754380226
	],
	"left_shoulder": [
		0.49563631415367126,
		0.5202591419219971,
		0.19280648231506348,
		0.9998996257781982
	],
	"left_elbow": [
		0.6583358645439148,
		0.5200112462043762,
		0.29288405179977417,
		0.9969325065612793
	],
	"left_wrist": [
		0.794126033782959,
		0.4879334568977356,
		0.239515021443367,
		0.9985380172729492
	],
	"right_shoulder": [
		0.3309040665626526,
		0.5005925893783569,
		-0.3377324044704437,
		0.999872624874115
	],
	"right_elbow": [
		0.2213282287120819,
		0.37910911440849304,
		-0.7759069204330444,
		0.9986458420753479
	],
	"right_wrist": [
		0.4061773717403412,
		0.41325536370277405,
		-0.9513918161392212,
		0.9957335591316223
	],
	"nose": [
		0.482592910528183,
		0.31878435611724854,
		-0.22573843598365784,
		0.9999933838844299
	],
	"left_eye": [
		0.46705031394958496,
		0.27118340134620667,
		-0.18335556983947754,
		0.9999908208847046
	],
	"right_eye": [
		0.45464038848876953,
		0.27687573432922363,
		-0.23408544063568115,
		0.9999943375587463
	],
	"left_ear": [
		0.43000587821006775,
		0.29012858867645264,
		0.03062829002737999,
		0.999995768070221
	],
	"right_ear": [
		0.41143473982810974,
		0.3010828495025635,
		-0.19713261723518372,
		0.9999969601631165
	]
}