{
	"left_hip": [
		0.4977032542228699,
		1.1543422937393188,
		0.0988466665148735,
		0.9440218806266785
	],
	"left_knee": [
		0.5102487206459045,
		1.610887885093689,
		0.1255233883857727,
		0.035773731768131256
	],
	"left_ankle": [
		0.5090912580490112,
		2.0323827266693115,
		0.3903227746486664,
		0.002556044841185212
	],
	"right_hip": [
		0.3769241273403168,
		1.1778175830841064,
		-0.0980999618768692,
		0.9410208463668823
	],
	"right_knee": [
		0.37982288002967834,
		1.6344499588012695,
		-0.07735298573970795,
		0.1361110657453537
	],
	"right_ankle": [
		0.38380637764930725,
		2.0825204849243164,
		0.07436604052782059,
		0.024371737614274025
	],
	"left_shoulder": [
		0.4963291585445404,
		0.5173916220664978,
		0.20234188437461853,
		0.9999203085899353
	],
	"left_elbow": [
		0.6541354060173035,
		0.5276910066604614,
		0.27759018540382385,
		0.9978474974632263
	],
	"left_wrist": [
		0.7963975667953491,
		0.4933184087276459,
		0.21095673739910126,
		0.9987770318984985
	],
	"right_shoulder": [
		0.3298470079898834,
		0.49951642751693726,
		-0.30472731590270996,
		0.9999397397041321
	],
	"right_elbow": [
		0.22101886570453644,
		0.38167858123779297,
		-0.7467764616012573,
		0.9993002414703369
	],
	"right_wrist": [
		0.40524452924728394,
		0.4131182134151459,
		-0.9279180765151978,
		0.9967395663261414
	],
	"nose": [
		0.4813092350959778,
		0.32015350461006165,
		-0.2268914431333542,
		0.9999958276748657
	],
	"left_eye": [
		0.465247243642807,
		0.2740899324417114,
		-0.1825357973575592,
		0.9999934434890747
	],
	"right_eye": [
		0.4519166052341461,
		0.28038784861564636,
		-0.2298128604888916,
		0.9999969005584717
	],
	"left_ear": [
		0.4302166998386383,
		0.2919244170188904,
		0.038195155560970306,
		0.9999973177909851
	],
	"right_ear": [
		0.4102669656276703,
		0.30421775579452515,
		-0.17169328033924103,
		0.9999985694885254
	]
}