{
	"left_hip": [
		0.49866360425949097,
		1.1523610353469849,
		0.09120387583971024,
		0.9477693438529968
	],
	"left_knee": [
		0.5107934474945068,
		1.6093263626098633,
		0.103398397564888,
		0.03812241181731224
	],
	"left_ankle": [
		0.5102375149726868,
		2.034219741821289,
		0.3532106280326843,
		0.0026431705337017775
	],
	"right_hip": [
		0.3767721951007843,
		1.176874041557312,
		-0.09044188261032104,
		0.9457514882087708
	],
	"right_knee": [
		0.38009971380233765,
		1.6339854001998901,
		-0.0849042683839798,
		0.13617029786109924
	],
	"right_ankle": [
		0.3844752013683319,
		2.0823752880096436,
		0.05087309330701828,
		0.022833190858364105
	],
	"left_shoulder": [
		0.49626389145851135,
		0.5160127878189087,
		0.1987578570842743,
		0.9999228119850159
	],
	"left_elbow": [
		0.654087483882904,
		0.5259327292442322,
		0.2726023197174072,
		0.9980204105377197
	],
	"left_wrist": [
		0.7979030609130859,
		0.48618754744529724,
		0.2273540198802948,
		0.9987236857414246
	],
	"right_shoulder": [
		0.3298729360103607,
		0.5004266500473022,
		-0.2842729091644287,
		0.9999470710754395
	],
	"right_elbow": [
		0.2208293378353119,
		0.38395747542381287,
		-0.7190083861351013,
		0.9994102716445923
	],
	"right_wrist": [
		0.4051883816719055,
		0.4132728576660156,
		-0.890814483165741,
		0.9968193769454956
	],
	"nose": [
		0.48084068298339844,
		0.3204535245895386,
		-0.22611069679260254,
		0.9999963045120239
	],
	"left_eye": [
		0.4649362564086914,
		0.2746502757072449,
		-0.18219229578971863,
		0.9999940991401672
	],
	"right_eye": [
		0.450796514749527,
		0.2816598117351532,
		-0.22733287513256073,
		0.9999973177909851
	],
	"left_ear": [
		0.430317223072052,
		0.29240161180496216,
		0.03781180828809738,
		0.9999975562095642
	],
	"right_ear": [
		0.40952268242836,
		0.30651912093162537,
		-0.16012705862522125,
		0.9999988675117493
	]
}