{
	"left_hip": [
		0.49865251779556274,
		1.1489953994750977,
		0.09066644310951233,
		0.9496222734451294
	],
	"left_knee": [
		0.5107409358024597,
		1.6055450439453125,
		0.09825518727302551,
		0.0379650816321373
	],
	"left_ankle": [
		0.510130763053894,
		2.0327553749084473,
		0.33932968974113464,
		0.002568816300481558
	],
	"right_hip": [
		0.37664827704429626,
		1.1734980344772339,
		-0.08990088850259781,
		0.948009192943573
	],
	"right_knee": [
		0.3801245093345642,
		1.6309438943862915,
		-0.08826921135187149,
		0.1339603066444397
	],
	"right_ankle": [
		0.38437408208847046,
		2.0804057121276855,
		0.0385686419904232,
		0.021575475111603737
	],
	"left_shoulder": [
		0.4962840676307678,
		0.5142372846603394,
		0.199652761220932,
		0.9999253153800964
	],
	"left_elbow": [
		0.652886688709259,
		0.5258020758628845,
		0.2705053687095642,
		0.9980847239494324
	],
	"left_wrist": [
		0.7992836236953735,
		0.4820130467414856,
		0.22458267211914062,
		0.9987428188323975
	],
	"right_shoulder": [
		0.3298599421977997,
		0.4992975890636444,
		-0.27193349599838257,
		0.9999508857727051
	],
	"right_elbow": [
		0.2210356891155243,
		0.38513222336769104,
		-0.702604353427887,
		0.9994608163833618
	],
	"right_wrist": [
		0.4052651822566986,
		0.4137343466281891,
		-0.8725367784500122,
		0.9969750046730042
	],
	"nose": [
		0.4805118441581726,
		0.3205595016479492,
		-0.22572359442710876,
		0.999996542930603
	],
	"left_eye": [
		0.4648357033729553,
		0.27481356263160706,
		-0.18188540637493134,
		0.9999945163726807
	],
	"right_eye": [
		0.4503982663154602,
		0.282135546207428,
		-0.22547098994255066,
		0.9999975562095642
	],
	"left_ear": [
		0.43057018518447876,
		0.29248934984207153,
		0.038653142750263214,
		0.9999977350234985
	],
	"right_ear": [
		0.40917500853538513,
		0.30750247836112976,
		-0.15281222760677338,
		0.9999990463256836
	]
}