{
	"left_hip": [
		0.4986335337162018,
		1.148765206336975,
		0.09065312147140503,
		0.9504234790802002
	],
	"left_knee": [
		0.5107365846633911,
		1.6053454875946045,
		0.09758276492357254,
		0.038346391171216965
	],
	"left_ankle": [
		0.5101231932640076,
		2.0327279567718506,
		0.33837294578552246,
		0.002582872286438942
	],
	"right_hip": [
		0.37665191292762756,
		1.1728684902191162,
		-0.08989401906728745,
		0.9489069581031799
	],
	"right_knee": [
		0.3801294267177582,
		1.6306822299957275,
		-0.08945082128047943,
		0.13434672355651855
	],
	"right_ankle": [
		0.38437575101852417,
		2.080371379852295,
		0.03661716729402542,
		0.021582351997494698
	],
	"left_shoulder": [
		0.4962729811668396,
		0.5139431357383728,
		0.20052149891853333,
		0.9999260902404785
	],
	"left_elbow": [
		0.65251624584198,
		0.5258283019065857,
		0.27130696177482605,
		0.9981107711791992
	],
	"left_wrist": [
		0.7995370626449585,
		0.48156559467315674,
		0.22468869388103485,
		0.998752236366272
	],
	"right_shoulder": [
		0.32992666959762573,
		0.4989564120769501,
		-0.2718709707260132,
		0.9999518394470215
	],
	"right_elbow": [
		0.22123436629772186,
		0.3853687345981598,
		-0.7021953463554382,
		0.9994723796844482
	],
	"right_wrist": [
		0.40527838468551636,
		0.4139839708805084,
		-0.875278651714325,
		0.9970201253890991
	],
	"nose": [
		0.4804432988166809,
		0.3205171823501587,
		-0.22216030955314636,
		0.9999966025352478
	],
	"left_eye": [
		0.4648211598396301,
		0.274794340133667,
		-0.1782296597957611,
		0.9999946355819702
	],
	"right_eye": [
		0.45035800337791443,
		0.28214749693870544,
		-0.22188976407051086,
		0.999997615814209
	],
	"left_ear": [
		0.4306384027004242,
		0.29249969124794006,
		0.04154158756136894,
		0.9999977946281433
	],
	"right_ear": [
		0.4091514050960541,
		0.30757662653923035,
		-0.15136754512786865,
		0.9999990463256836
	]
}