{
	"left_hip": [
		0.49838438630104065,
		1.1477136611938477,
		0.09093797206878662,
		0.9558472037315369
	],
	"left_knee": [
		0.5107661485671997,
		1.6036115884780884,
		0.1098461002111435,
		0.037917181849479675
	],
	"left_ankle": [
		0.5099703073501587,
		2.0292727947235107,
		0.36329734325408936,
		0.0025118726771324873
	],
	"right_hip": [
		0.3767639994621277,
		1.170254111289978,
		-0.09019903838634491,
		0.9549667835235596
	],
	"right_knee": [
		0.38036540150642395,
		1.628598690032959,
		-0.08052325993776321,
		0.13648858666419983
	],
	"right_ankle": [
		0.3844858705997467,
		2.079011917114258,
		0.05558471009135246,
		0.02194027230143547
	],
	"left_shoulder": [
		0.49627596139907837,
		0.5136829614639282,
		0.20001594722270966,
		0.9999334812164307
	],
	"left_elbow": [
		0.652350127696991,
		0.5244491696357727,
		0.26727908849716187,
		0.9982691407203674
	],
	"left_wrist": [
		0.8013758659362793,
		0.47757789492607117,
		0.20207028090953827,
		0.9989063739776611
	],
	"right_shoulder": [
		0.33000242710113525,
		0.49762454628944397,
		-0.2765676975250244,
		0.9999579787254333
	],
	"right_elbow": [
		0.22157981991767883,
		0.38570597767829895,
		-0.7099169492721558,
		0.9995059967041016
	],
	"right_wrist": [
		0.4049263000488281,
		0.41426917910575867,
		-0.9060407876968384,
		0.9972983002662659
	],
	"nose": [
		0.48025161027908325,
		0.3198944330215454,
		-0.2162448912858963,
		0.9999971985816956
	],
	"left_eye": [
		0.46474689245224,
		0.2741973400115967,
		-0.17192377150058746,
		0.9999954700469971
	],
	"right_eye": [
		0.45033153891563416,
		0.28174564242362976,
		-0.2161816656589508,
		0.9999979734420776
	],
	"left_ear": [
		0.4308069348335266,
		0.2923259735107422,
		0.04601495712995529,
		0.9999980926513672
	],
	"right_ear": [
		0.40907829999923706,
		0.30758899450302124,
		-0.14913854002952576,
		0.9999991655349731
	]
}