{
	"left_hip": [
		0.4983956217765808,
		1.1477421522140503,
		0.09087835252285004,
		0.9567857980728149
	],
	"left_knee": [
		0.5108007788658142,
		1.6035605669021606,
		0.11064140498638153,
		0.03743370622396469
	],
	"left_ankle": [
		0.509880006313324,
		2.028658151626587,
		0.364035427570343,
		0.0024753878824412823
	],
	"right_hip": [
		0.37689831852912903,
		1.1701841354370117,
		-0.0901464894413948,
		0.9561225771903992
	],
	"right_knee": [
		0.38046538829803467,
		1.6285759210586548,
		-0.07774145901203156,
		0.13663434982299805
	],
	"right_ankle": [
		0.38451167941093445,
		2.0788655281066895,
		0.058453112840652466,
		0.0220992099493742
	],
	"left_shoulder": [
		0.49624165892601013,
		0.5138565897941589,
		0.19970692694187164,
		0.9999361038208008
	],
	"left_elbow": [
		0.6523484587669373,
		0.5244107842445374,
		0.2651807367801666,
		0.9983080625534058
	],
	"left_wrist": [
		0.8016177415847778,
		0.47745954990386963,
		0.19873152673244476,
		0.9989785552024841
	],
	"right_shoulder": [
		0.3300357758998871,
		0.49738866090774536,
		-0.27460384368896484,
		0.9999594688415527
	],
	"right_elbow": [
		0.22156305611133575,
		0.3858947455883026,
		-0.7077926993370056,
		0.9995052218437195
	],
	"right_wrist": [
		0.40488964319229126,
		0.41426321864128113,
		-0.9065842628479004,
		0.9973764419555664
	],
	"nose": [
		0.48020824790000916,
		0.3194209039211273,
		-0.21266809105873108,
		0.9999973773956299
	],
	"left_eye": [
		0.46472615003585815,
		0.27372148633003235,
		-0.1680365353822708,
		0.9999958276748657
	],
	"right_eye": [
		0.45034581422805786,
		0.28129178285598755,
		-0.212217777967453,
		0.999998152256012
	],
	"left_ear": [
		0.430839478969574,
		0.29215359687805176,
		0.048208869993686676,
		0.9999982714653015
	],
	"right_ear": [
		0.4090844988822937,
		0.3073858320713043,
		-0.14751727879047394,
		0.9999991655349731
	]
}