{
	"left_hip": [
		0.4983906149864197,
		1.1479203701019287,
		0.09081827849149704,
		0.9570543766021729
	],
	"left_knee": [
		0.5107578039169312,
		1.6037465333938599,
		0.1127547025680542,
		0.03700947016477585
	],
	"left_ankle": [
		0.5097750425338745,
		2.028365135192871,
		0.36758261919021606,
		0.0024153960403054953
	],
	"right_hip": [
		0.37690815329551697,
		1.1704779863357544,
		-0.09008829295635223,
		0.956324577331543
	],
	"right_knee": [
		0.3804299533367157,
		1.628892183303833,
		-0.07306183129549026,
		0.13657043874263763
	],
	"right_ankle": [
		0.38449886441230774,
		2.0788254737854004,
		0.06558923423290253,
		0.021844087168574333
	],
	"left_shoulder": [
		0.4962710440158844,
		0.5138821601867676,
		0.19894780218601227,
		0.999938428401947
	],
	"left_elbow": [
		0.6523914337158203,
		0.5246825218200684,
		0.26446202397346497,
		0.9983397722244263
	],
	"left_wrist": [
		0.801742672920227,
		0.47742801904678345,
		0.1981547772884369,
		0.9990343451499939
	],
	"right_shoulder": [
		0.33001336455345154,
		0.49722298979759216,
		-0.2738852798938751,
		0.99996018409729
	],
	"right_elbow": [
		0.22121696174144745,
		0.3860378563404083,
		-0.7072630524635315,
		0.9995020627975464
	],
	"right_wrist": [
		0.40488189458847046,
		0.4142242968082428,
		-0.9053398370742798,
		0.9974115490913391
	],
	"nose": [
		0.48019760847091675,
		0.31912487745285034,
		-0.2108968049287796,
		0.9999974966049194
	],
	"left_eye": [
		0.464717298746109,
		0.27334025502204895,
		-0.16630664467811584,
		0.9999960660934448
	],
	"right_eye": [
		0.45037388801574707,
		0.28098875284194946,
		-0.2105899304151535,
		0.9999982118606567
	],
	"left_ear": [
		0.43086719512939453,
		0.2920897603034973,
		0.04898805916309357,
		0.9999983906745911
	],
	"right_ear": [
		0.40911006927490234,
		0.30729731917381287,
		-0.14726391434669495,
		0.9999991655349731
	]
}