{
	"left_hip": [
		0.4983850121498108,
		1.1482152938842773,
		0.09083332866430283,
		0.957139253616333
	],
	"left_knee": [
		0.510662317276001,
		1.6040171384811401,
		0.11269260942935944,
		0.03714605048298836
	],
	"left_ankle": [
		0.5096543431282043,
		2.02850604057312,
		0.3672106862068176,
		0.0024022646248340607
	],
	"right_hip": [
		0.3768911063671112,
		1.1707578897476196,
		-0.09010281413793564,
		0.9563371539115906
	],
	"right_knee": [
		0.380291223526001,
		1.6291171312332153,
		-0.07313226163387299,
		0.13692142069339752
	],
	"right_ankle": [
		0.38445931673049927,
		2.078843116760254,
		0.06522516161203384,
		0.02169930562376976
	],
	"left_shoulder": [
		0.49629145860671997,
		0.5139748454093933,
		0.1989431083202362,
		0.9999392628669739
	],
	"left_elbow": [
		0.6524926424026489,
		0.5250422954559326,
		0.2645485997200012,
		0.9983500838279724
	],
	"left_wrist": [
		0.8017616271972656,
		0.47748780250549316,
		0.19864360988140106,
		0.9990512728691101
	],
	"right_shoulder": [
		0.3300098478794098,
		0.49720898270606995,
		-0.2739538550376892,
		0.9999604225158691
	],
	"right_elbow": [
		0.22097834944725037,
		0.38611751794815063,
		-0.7072545289993286,
		0.9995020031929016
	],
	"right_wrist": [
		0.40487247705459595,
		0.4142170548439026,
		-0.9011286497116089,
		0.9974063038825989
	],
	"nose": [
		0.48020386695861816,
		0.319068044424057,
		-0.21071724593639374,
		0.9999975562095642
	],
	"left_eye": [
		0.4647262990474701,
		0.2732500731945038,
		-0.16610723733901978,
		0.9999961256980896
	],
	"right_eye": [
		0.4503999352455139,
		0.2809063196182251,
		-0.2105543613433838,
		0.9999982714653015
	],
	"left_ear": [
		0.4308916926383972,
		0.292084276676178,
		0.04913729429244995,
		0.9999984502792358
	],
	"right_ear": [
		0.4091322422027588,
		0.30728259682655334,
		-0.1473166048526764,
		0.9999991655349731
	]
}