{
	"left_hip": [
		0.4983270764350891,
		1.1491508483886719,
		0.09140703082084656,
		0.9575285911560059
	],
	"left_knee": [
		0.5105505585670471,
		1.6047990322113037,
		0.11362359672784805,
		0.03758792579174042
	],
	"left_ankle": [
		0.5095363855361938,
		2.0289175510406494,
		0.369206964969635,
		0.0023956329096108675
	],
	"right_hip": [
		0.376863569021225,
		1.1713643074035645,
		-0.09068085998296738,
		0.9566221833229065
	],
	"right_knee": [
		0.3801167905330658,
		1.6296693086624146,
		-0.07311641424894333,
		0.13896453380584717
	],
	"right_ankle": [
		0.3844512104988098,
		2.0790352821350098,
		0.06611651182174683,
		0.02178378403186798
	],
	"left_shoulder": [
		0.4963077902793884,
		0.5142552256584167,
		0.19936169683933258,
		0.9999404549598694
	],
	"left_elbow": [
		0.6526432037353516,
		0.5256177186965942,
		0.26791802048683167,
		0.9983714818954468
	],
	"left_wrist": [
		0.8017852902412415,
		0.4777287244796753,
		0.20355793833732605,
		0.9990885853767395
	],
	"right_shoulder": [
		0.3300240933895111,
		0.49720293283462524,
		-0.27803072333335876,
		0.9999607801437378
	],
	"right_elbow": [
		0.22089877724647522,
		0.38616931438446045,
		-0.7127016186714172,
		0.9995021820068359
	],
	"right_wrist": [
		0.40480390191078186,
		0.41419774293899536,
		-0.9050954580307007,
		0.9974297285079956
	],
	"nose": [
		0.48024097084999084,
		0.31894075870513916,
		-0.20972120761871338,
		0.9999976754188538
	],
	"left_eye": [
		0.4647718369960785,
		0.273087739944458,
		-0.16504201292991638,
		0.9999962449073792
	],
	"right_eye": [
		0.4505080282688141,
		0.2807071805000305,
		-0.21021012961864471,
		0.9999982714653015
	],
	"left_ear": [
		0.4309380054473877,
		0.29207560420036316,
		0.04996898025274277,
		0.9999984502792358
	],
	"right_ear": [
		0.40920573472976685,
		0.30720165371894836,
		-0.14930395781993866,
		0.9999991655349731
	]
}