{
	"left_hip": [
		0.49982911348342896,
		1.1557501554489136,
		0.09373758733272552,
		0.9451318979263306
	],
	"left_knee": [
		0.5093013048171997,
		1.6198523044586182,
		0.12717849016189575,
		0.03456280753016472
	],
	"left_ankle": [
		0.5069966316223145,
		2.048779010772705,
		0.3979950249195099,
		0.002126692794263363
	],
	"right_hip": [
		0.37655743956565857,
		1.1811715364456177,
		-0.09291020035743713,
		0.9423494935035706
	],
	"right_knee": [
		0.3781546354293823,
		1.6436892747879028,
		-0.07230694591999054,
		0.12809744477272034
	],
	"right_ankle": [
		0.3816099762916565,
		2.094149351119995,
		0.08218254894018173,
		0.017952250316739082
	],
	"left_shoulder": [
		0.49768275022506714,
		0.5156586766242981,
		0.19055619835853577,
		0.9999375939369202
	],
	"left_elbow": [
		0.6549103260040283,
		0.5264173150062561,
		0.27470436692237854,
		0.9982519149780273
	],
	"left_wrist": [
		0.8006418943405151,
		0.48221635818481445,
		0.2282572090625763,
		0.9989864230155945
	],
	"right_shoulder": [
		0.33026593923568726,
		0.5016534924507141,
		-0.3032146692276001,
		0.9999603033065796
	],
	"right_elbow": [
		0.2192482203245163,
		0.38893234729766846,
		-0.7094820141792297,
		0.9995007514953613
	],
	"right_wrist": [
		0.40456023812294006,
		0.4155326187610626,
		-0.8184646368026733,
		0.9968467354774475
	],
	"nose": [
		0.48005908727645874,
		0.3161400854587555,
		-0.2462710440158844,
		0.9999978542327881
	],
	"left_eye": [
		0.46498560905456543,
		0.27145493030548096,
		-0.2030925750732422,
		0.9999963641166687
	],
	"right_eye": [
		0.4499378800392151,
		0.2787852883338928,
		-0.25067347288131714,
		0.9999983906745911
	],
	"left_ear": [
		0.43169909715652466,
		0.29161036014556885,
		0.02091950736939907,
		0.9999985694885254
	],
	"right_ear": [
		0.4085431694984436,
		0.3069626986980438,
		-0.17783837020397186,
		0.9999992847442627
	]
}