{
	"left_hip": [
		0.4998108744621277,
		1.1587039232254028,
		0.09660467505455017,
		0.9437731504440308
	],
	"left_knee": [
		0.5090144872665405,
		1.62378990650177,
		0.13429152965545654,
		0.03391578793525696
	],
	"left_ankle": [
		0.5055990219116211,
		2.0553226470947266,
		0.4117196500301361,
		0.002056276425719261
	],
	"right_hip": [
		0.3765774965286255,
		1.1833158731460571,
		-0.09574414789676666,
		0.9401767253875732
	],
	"right_knee": [
		0.3774140775203705,
		1.6476256847381592,
		-0.07212740182876587,
		0.12641659379005432
	],
	"right_ankle": [
		0.37980571389198303,
		2.1002466678619385,
		0.08853796869516373,
		0.017407884821295738
	],
	"left_shoulder": [
		0.4976515769958496,
		0.5158613324165344,
		0.19085244834423065,
		0.9999394416809082
	],
	"left_elbow": [
		0.6558476090431213,
		0.5248236060142517,
		0.2795458137989044,
		0.9982857704162598
	],
	"left_wrist": [
		0.8006682395935059,
		0.4823210537433624,
		0.22830943763256073,
		0.9990173578262329
	],
	"right_shoulder": [
		0.33070889115333557,
		0.5021765232086182,
		-0.3173893690109253,
		0.9999604821205139
	],
	"right_elbow": [
		0.2192496359348297,
		0.3895030617713928,
		-0.7354916334152222,
		0.9994776248931885
	],
	"right_wrist": [
		0.4045424461364746,
		0.4160764813423157,
		-0.8778543472290039,
		0.9968135356903076
	],
	"nose": [
		0.4802677035331726,
		0.31563568115234375,
		-0.2384481132030487,
		0.9999979138374329
	],
	"left_eye": [
		0.4650418758392334,
		0.27097970247268677,
		-0.19591042399406433,
		0.9999964833259583
	],
	"right_eye": [
		0.45043492317199707,
		0.2779955267906189,
		-0.24924644827842712,
		0.9999984502792358
	],
	"left_ear": [
		0.4317275583744049,
		0.29148760437965393,
		0.02243150770664215,
		0.9999986290931702
	],
	"right_ear": [
		0.40900716185569763,
		0.30635565519332886,
		-0.18627940118312836,
		0.9999992847442627
	]
}