{
	"left_hip": [
		0.4988390803337097,
		1.1595840454101562,
		0.10328028351068497,
		0.9381935000419617
	],
	"left_knee": [
		0.5071451663970947,
		1.6257593631744385,
		0.1436847746372223,
		0.03188052773475647
	],
	"left_ankle": [
		0.5003417134284973,
		2.060245990753174,
		0.4159737229347229,
		0.0018971047829836607
	],
	"right_hip": [
		0.3765094578266144,
		1.1834739446640015,
		-0.10232808440923691,
		0.9322821497917175
	],
	"right_knee": [
		0.3753167986869812,
		1.6499040126800537,
		-0.07990994304418564,
		0.12164223194122314
	],
	"right_ankle": [
		0.37310540676116943,
		2.1071505546569824,
		0.08212779462337494,
		0.016308562830090523
	],
	"left_shoulder": [
		0.49698495864868164,
		0.515963077545166,
		0.19510316848754883,
		0.9999435544013977
	],
	"left_elbow": [
		0.6560069918632507,
		0.523880124092102,
		0.28295519948005676,
		0.9983317255973816
	],
	"left_wrist": [
		0.8006704449653625,
		0.4822813868522644,
		0.21157976984977722,
		0.999101459980011
	],
	"right_shoulder": [
		0.3310665488243103,
		0.5022562742233276,
		-0.3263413608074188,
		0.9999596476554871
	],
	"right_elbow": [
		0.21891041100025177,
		0.3910655379295349,
		-0.7578529119491577,
		0.9993832111358643
	],
	"right_wrist": [
		0.4043845236301422,
		0.4162438213825226,
		-0.9294220805168152,
		0.9966875314712524
	],
	"nose": [
		0.4803120195865631,
		0.3153321444988251,
		-0.22945404052734375,
		0.9999980330467224
	],
	"left_eye": [
		0.4649795889854431,
		0.27065309882164,
		-0.18680047988891602,
		0.9999967217445374
	],
	"right_eye": [
		0.45077890157699585,
		0.2773799002170563,
		-0.241409033536911,
		0.9999985694885254
	],
	"left_ear": [
		0.4317050576210022,
		0.29141467809677124,
		0.026476776227355003,
		0.9999987483024597
	],
	"right_ear": [
		0.40951380133628845,
		0.3058212697505951,
		-0.19500334560871124,
		0.9999992847442627
	]
}