{
	"left_hip": [
		0.49877023696899414,
		1.1627213954925537,
		0.10395542532205582,
		0.9312140345573425
	],
	"left_knee": [
		0.5067025423049927,
		1.6312931776046753,
		0.1451011598110199,
		0.028964240103960037
	],
	"left_ankle": [
		0.49931129813194275,
		2.068039894104004,
		0.42626237869262695,
		0.0016593483742326498
	],
	"right_hip": [
		0.37637895345687866,
		1.1870859861373901,
		-0.10289064794778824,
		0.9227099418640137
	],
	"right_knee": [
		0.37445881962776184,
		1.6579636335372925,
		-0.07471051812171936,
		0.11235183477401733
	],
	"right_ankle": [
		0.3714980483055115,
		2.1160731315612793,
		0.09173464775085449,
		0.014287133701145649
	],
	"left_shoulder": [
		0.49677911400794983,
		0.5160821080207825,
		0.19114238023757935,
		0.9999486207962036
	],
	"left_elbow": [
		0.656358540058136,
		0.5234512090682983,
		0.2869020104408264,
		0.9983763098716736
	],
	"left_wrist": [
		0.8004980087280273,
		0.4812503457069397,
		0.23810556530952454,
		0.9991799592971802
	],
	"right_shoulder": [
		0.33114519715309143,
		0.5034646987915039,
		-0.3370434641838074,
		0.9999597668647766
	],
	"right_elbow": [
		0.21998131275177002,
		0.3915676176548004,
		-0.7583996057510376,
		0.9992988705635071
	],
	"right_wrist": [
		0.4042666554450989,
		0.4164329171180725,
		-0.8700404167175293,
		0.9965161085128784
	],
	"nose": [
		0.4802279472351074,
		0.3150622248649597,
		-0.2301618754863739,
		0.9999982118606567
	],
	"left_eye": [
		0.46449559926986694,
		0.2703634202480316,
		-0.18798306584358215,
		0.9999970197677612
	],
	"right_eye": [
		0.45052018761634827,
		0.27697089314460754,
		-0.24017493426799774,
		0.9999986290931702
	],
	"left_ear": [
		0.4315147399902344,
		0.29113513231277466,
		0.021948907524347305,
		0.9999988079071045
	],
	"right_ear": [
		0.4095587134361267,
		0.30502697825431824,
		-0.20664024353027344,
		0.9999993443489075
	]
}