{
	"left_hip": [
		0.4986732006072998,
		1.1631507873535156,
		0.1041703000664711,
		0.9301640391349792
	],
	"left_knee": [
		0.5056350827217102,
		1.6318981647491455,
		0.14467202126979828,
		0.027820546180009842
	],
	"left_ankle": [
		0.4972292482852936,
		2.0700488090515137,
		0.4257921576499939,
		0.0015698245260864496
	],
	"right_hip": [
		0.3762138783931732,
		1.1877763271331787,
		-0.10309580713510513,
		0.9202609658241272
	],
	"right_knee": [
		0.37256255745887756,
		1.6595991849899292,
		-0.0753970667719841,
		0.10823030024766922
	],
	"right_ankle": [
		0.36876460909843445,
		2.118264675140381,
		0.08922285586595535,
		0.013494505546987057
	],
	"left_shoulder": [
		0.49652934074401855,
		0.5160578489303589,
		0.19129303097724915,
		0.9999508261680603
	],
	"left_elbow": [
		0.6563616991043091,
		0.5237935781478882,
		0.2918049097061157,
		0.9984037280082703
	],
	"left_wrist": [
		0.8000885844230652,
		0.4828197956085205,
		0.2360953539609909,
		0.9992117881774902
	],
	"right_shoulder": [
		0.33140504360198975,
		0.5040465593338013,
		-0.339793860912323,
		0.9999596476554871
	],
	"right_elbow": [
		0.22079071402549744,
		0.3914732038974762,
		-0.7577478289604187,
		0.9992684125900269
	],
	"right_wrist": [
		0.4042584300041199,
		0.41574811935424805,
		-0.877663791179657,
		0.9965111613273621
	],
	"nose": [
		0.48022717237472534,
		0.31506451964378357,
		-0.22522597014904022,
		0.9999982714653015
	],
	"left_eye": [
		0.46427083015441895,
		0.2703514099121094,
		-0.18327251076698303,
		0.9999971389770508
	],
	"right_eye": [
		0.45050397515296936,
		0.2769564986228943,
		-0.23748716711997986,
		0.9999986886978149
	],
	"left_ear": [
		0.43120908737182617,
		0.2910924255847931,
		0.023408789187669754,
		0.9999988675117493
	],
	"right_ear": [
		0.4096594452857971,
		0.30477744340896606,
		-0.20747116208076477,
		0.9999993443489075
	]
}