{
	"left_hip": [
		0.49867329001426697,
		1.1634377241134644,
		0.10438068211078644,
		0.928435206413269
	],
	"left_knee": [
		0.5054550766944885,
		1.6324102878570557,
		0.14412999153137207,
		0.026824969798326492
	],
	"left_ankle": [
		0.4968854784965515,
		2.071822166442871,
		0.4236129820346832,
		0.0014916000654920936
	],
	"right_hip": [
		0.3762006163597107,
		1.1884608268737793,
		-0.10329536348581314,
		0.9172505736351013
	],
	"right_knee": [
		0.37231507897377014,
		1.6610654592514038,
		-0.07779781520366669,
		0.10482834279537201
	],
	"right_ankle": [
		0.3682873845100403,
		2.1205639839172363,
		0.08652020245790482,
		0.012793862260878086
	],
	"left_shoulder": [
		0.49634987115859985,
		0.5160364508628845,
		0.19153974950313568,
		0.9999526739120483
	],
	"left_elbow": [
		0.6563700437545776,
		0.5240985155105591,
		0.29423752427101135,
		0.9984166622161865
	],
	"left_wrist": [
		0.7998871803283691,
		0.4838618040084839,
		0.23561589419841766,
		0.9992363452911377
	],
	"right_shoulder": [
		0.3316141963005066,
		0.5044244527816772,
		-0.34079793095588684,
		0.9999595880508423
	],
	"right_elbow": [
		0.22119204699993134,
		0.3913860023021698,
		-0.7555726766586304,
		0.9992427229881287
	],
	"right_wrist": [
		0.4042510390281677,
		0.41525882482528687,
		-0.8804237246513367,
		0.9964887499809265
	],
	"nose": [
		0.4802207052707672,
		0.31509318947792053,
		-0.2234593629837036,
		0.9999983310699463
	],
	"left_eye": [
		0.4640517234802246,
		0.27033376693725586,
		-0.18177442252635956,
		0.9999972581863403
	],
	"right_eye": [
		0.45045700669288635,
		0.2769453823566437,
		-0.2366064488887787,
		0.9999987483024597
	],
	"left_ear": [
		0.43097686767578125,
		0.29105857014656067,
		0.023676663637161255,
		0.999998927116394
	],
	"right_ear": [
		0.40969952940940857,
		0.3046322762966156,
		-0.20850782096385956,
		0.9999993443489075
	]
}