{
	"left_hip": [
		0.49529045820236206,
		1.1552685499191284,
		0.11222793161869049,
		0.8317395448684692
	],
	"left_knee": [
		0.5042197108268738,
		1.6158100366592407,
		0.16867902874946594,
		0.017162688076496124
	],
	"left_ankle": [
		0.5321528911590576,
		2.0142722129821777,
		0.41079121828079224,
		0.0015479408903047442
	],
	"right_hip": [
		0.38148730993270874,
		1.1864701509475708,
		-0.1112891286611557,
		0.8333828449249268
	],
	"right_knee": [
		0.3817242681980133,
		1.6483376026153564,
		-0.09562528878450394,
		0.10674632340669632
	],
	"right_ankle": [
		0.38645249605178833,
		2.1230998039245605,
		0.03134795278310776,
		0.02134769968688488
	],
	"left_shoulder": [
		0.49203047156333923,
		0.5166501998901367,
		0.2161596119403839,
		0.9999399781227112
	],
	"left_elbow": [
		0.6481064558029175,
		0.5338559746742249,
		0.2948527932167053,
		0.9973466396331787
	],
	"left_wrist": [
		0.7931963205337524,
		0.5018264651298523,
		0.23576942086219788,
		0.9990656971931458
	],
	"right_shoulder": [
		0.3335261046886444,
		0.5078746676445007,
		-0.3133833408355713,
		0.9999463558197021
	],
	"right_elbow": [
		0.22562357783317566,
		0.3877866566181183,
		-0.7266381978988647,
		0.9986342191696167
	],
	"right_wrist": [
		0.40579715371131897,
		0.4135199189186096,
		-0.8856488466262817,
		0.9965833425521851
	],
	"nose": [
		0.48007717728614807,
		0.31551751494407654,
		-0.19769874215126038,
		0.9999985694885254
	],
	"left_eye": [
		0.4619031548500061,
		0.2696104049682617,
		-0.15599460899829865,
		0.9999976754188538
	],
	"right_eye": [
		0.449862003326416,
		0.2766403257846832,
		-0.2076147049665451,
		0.9999988675117493
	],
	"left_ear": [
		0.42855304479599,
		0.28957757353782654,
		0.05029480531811714,
		0.9999990463256836
	],
	"right_ear": [
		0.4100858271121979,
		0.3027994930744171,
		-0.18127082288265228,
		0.9999993443489075
	]
}