{
	"left_hip": [
		0.4952484965324402,
		1.1550588607788086,
		0.11233045905828476,
		0.8106776475906372
	],
	"left_knee": [
		0.5039097666740417,
		1.6151107549667358,
		0.18176031112670898,
		0.016660986468195915
	],
	"left_ankle": [
		0.5308040380477905,
		2.0186898708343506,
		0.4510839581489563,
		0.001692501362413168
	],
	"right_hip": [
		0.38246700167655945,
		1.186241865158081,
		-0.1113898754119873,
		0.8177616596221924
	],
	"right_knee": [
		0.3828203082084656,
		1.648005485534668,
		-0.08090479671955109,
		0.1117333397269249
	],
	"right_ankle": [
		0.38779786229133606,
		2.122734785079956,
		0.06953469663858414,
		0.0242320466786623
	],
	"left_shoulder": [
		0.4919557571411133,
		0.5166975855827332,
		0.21558789908885956,
		0.9999392032623291
	],
	"left_elbow": [
		0.6480809450149536,
		0.5347310900688171,
		0.29023176431655884,
		0.997217059135437
	],
	"left_wrist": [
		0.7930169701576233,
		0.5017275810241699,
		0.22309911251068115,
		0.9990152716636658
	],
	"right_shoulder": [
		0.33363187313079834,
		0.5080646872520447,
		-0.3156621754169464,
		0.9999475479125977
	],
	"right_elbow": [
		0.2260671854019165,
		0.3879540264606476,
		-0.7267962694168091,
		0.9986006021499634
	],
	"right_wrist": [
		0.40598878264427185,
		0.4141381084918976,
		-0.8818681836128235,
		0.9965803623199463
	],
	"nose": [
		0.47998785972595215,
		0.3154067099094391,
		-0.20929613709449768,
		0.9999986886978149
	],
	"left_eye": [
		0.46160149574279785,
		0.26940202713012695,
		-0.1674705445766449,
		0.9999977946281433
	],
	"right_eye": [
		0.4495285451412201,
		0.27654793858528137,
		-0.21833984553813934,
		0.9999988675117493
	],
	"left_ear": [
		0.428422212600708,
		0.2892422676086426,
		0.04324989765882492,
		0.9999990463256836
	],
	"right_ear": [
		0.4100489616394043,
		0.30263522267341614,
		-0.18675217032432556,
		0.9999993443489075
	]
}