{
	"left_hip": [
		0.49521464109420776,
		1.155207872390747,
		0.11245135962963104,
		0.7779569029808044
	],
	"left_knee": [
		0.5068982839584351,
		1.61977219581604,
		0.17546164989471436,
		0.015062971040606499
	],
	"left_ankle": [
		0.5327866077423096,
		2.0304033756256104,
		0.4472312331199646,
		0.0015866594621911645
	],
	"right_hip": [
		0.38272660970687866,
		1.186048150062561,
		-0.11150121688842773,
		0.7897899150848389
	],
	"right_knee": [
		0.38658952713012695,
		1.6516116857528687,
		-0.08082154393196106,
		0.10485730320215225
	],
	"right_ankle": [
		0.39144814014434814,
		2.127804756164551,
		0.0700598657131195,
		0.023300692439079285
	],
	"left_shoulder": [
		0.4918895661830902,
		0.5184279680252075,
		0.21962246298789978,
		0.9999392628669739
	],
	"left_elbow": [
		0.6488624811172485,
		0.5357753038406372,
		0.2963448762893677,
		0.9971644282341003
	],
	"left_wrist": [
		0.7929819226264954,
		0.5016220808029175,
		0.22645239531993866,
		0.9989907145500183
	],
	"right_shoulder": [
		0.3337472081184387,
		0.5081296563148499,
		-0.3183292746543884,
		0.9999481439590454
	],
	"right_elbow": [
		0.22601592540740967,
		0.388211190700531,
		-0.7238762378692627,
		0.998442530632019
	],
	"right_wrist": [
		0.4065885543823242,
		0.4147731065750122,
		-0.8731571435928345,
		0.9965776801109314
	],
	"nose": [
		0.48002806305885315,
		0.315263956785202,
		-0.19522622227668762,
		0.9999986886978149
	],
	"left_eye": [
		0.46143975853919983,
		0.26930391788482666,
		-0.1537778079509735,
		0.9999977946281433
	],
	"right_eye": [
		0.4495585560798645,
		0.2764509916305542,
		-0.20638182759284973,
		0.9999988675117493
	],
	"left_ear": [
		0.4283018708229065,
		0.2890283763408661,
		0.05109148472547531,
		0.9999990463256836
	],
	"right_ear": [
		0.41027528047561646,
		0.30232706665992737,
		-0.1853831559419632,
		0.9999993443489075
	]
}