{
	"left_hip": [
		0.49520039558410645,
		1.1553454399108887,
		0.1126767173409462,
		0.7735058665275574
	],
	"left_knee": [
		0.5071576833724976,
		1.6199623346328735,
		0.1754147857427597,
		0.014855986461043358
	],
	"left_ankle": [
		0.5330315828323364,
		2.030625343322754,
		0.4468172490596771,
		0.0015746485441923141
	],
	"right_hip": [
		0.38277190923690796,
		1.1860328912734985,
		-0.11172455549240112,
		0.7861543893814087
	],
	"right_knee": [
		0.3869914710521698,
		1.6517369747161865,
		-0.08157993853092194,
		0.10413090139627457
	],
	"right_ankle": [
		0.39188575744628906,
		2.1282973289489746,
		0.06867405772209167,
		0.023300616070628166
	],
	"left_shoulder": [
		0.4918587803840637,
		0.5189326405525208,
		0.22035589814186096,
		0.9999392032623291
	],
	"left_elbow": [
		0.6489011645317078,
		0.5362124443054199,
		0.2964145541191101,
		0.9971567392349243
	],
	"left_wrist": [
		0.7929753065109253,
		0.5027040839195251,
		0.22532203793525696,
		0.9989904761314392
	],
	"right_shoulder": [
		0.3337532877922058,
		0.5081278085708618,
		-0.31837180256843567,
		0.9999479055404663
	],
	"right_elbow": [
		0.22598019242286682,
		0.3882330656051636,
		-0.7239260077476501,
		0.9984063506126404
	],
	"right_wrist": [
		0.4066268503665924,
		0.41479551792144775,
		-0.8747803568840027,
		0.996562123298645
	],
	"nose": [
		0.4800979495048523,
		0.3152396082878113,
		-0.1942085325717926,
		0.9999986886978149
	],
	"left_eye": [
		0.4614793360233307,
		0.2692919075489044,
		-0.1526651829481125,
		0.9999977946281433
	],
	"right_eye": [
		0.44969525933265686,
		0.27643290162086487,
		-0.20549733936786652,
		0.9999988675117493
	],
	"left_ear": [
		0.4282955229282379,
		0.28900662064552307,
		0.05222451686859131,
		0.9999990463256836
	],
	"right_ear": [
		0.4103778302669525,
		0.3022831380367279,
		-0.18522897362709045,
		0.9999993443489075
	]
}