{
	"left_hip": [
		0.49493736028671265,
		1.156238079071045,
		0.1132127046585083,
		0.7729429602622986
	],
	"left_knee": [
		0.5066713094711304,
		1.6230374574661255,
		0.18210312724113464,
		0.014785809442400932
	],
	"left_ankle": [
		0.5224511027336121,
		2.0427427291870117,
		0.46501126885414124,
		0.0015526637434959412
	],
	"right_hip": [
		0.38225799798965454,
		1.1863324642181396,
		-0.1122276782989502,
		0.783361554145813
	],
	"right_knee": [
		0.38490885496139526,
		1.6543985605239868,
		-0.07778368145227432,
		0.10343095660209656
	],
	"right_ankle": [
		0.3876860737800598,
		2.1289491653442383,
		0.08140411227941513,
		0.02273542247712612
	],
	"left_shoulder": [
		0.49184948205947876,
		0.5196478962898254,
		0.21986964344978333,
		0.9999402165412903
	],
	"left_elbow": [
		0.6489232182502747,
		0.5366123914718628,
		0.2988951504230499,
		0.9971846342086792
	],
	"left_wrist": [
		0.7929726839065552,
		0.5027218461036682,
		0.2259906530380249,
		0.999010443687439
	],
	"right_shoulder": [
		0.3337614834308624,
		0.5081173777580261,
		-0.3309519290924072,
		0.9999484419822693
	],
	"right_elbow": [
		0.22598572075366974,
		0.38826829195022583,
		-0.7251043319702148,
		0.998426616191864
	],
	"right_wrist": [
		0.40679019689559937,
		0.4149019122123718,
		-0.8504689335823059,
		0.9966033101081848
	],
	"nose": [
		0.4801274240016937,
		0.3153059780597687,
		-0.20703887939453125,
		0.9999987483024597
	],
	"left_eye": [
		0.4615117609500885,
		0.26930347084999084,
		-0.16499115526676178,
		0.9999978542327881
	],
	"right_eye": [
		0.4497758448123932,
		0.2764471173286438,
		-0.21869778633117676,
		0.999998927116394
	],
	"left_ear": [
		0.4282965660095215,
		0.28897160291671753,
		0.044235266745090485,
		0.9999991059303284
	],
	"right_ear": [
		0.4104243814945221,
		0.3022516965866089,
		-0.19746124744415283,
		0.9999993443489075
	]
}