{
	"left_hip": [
		0.4940243363380432,
		1.1944156885147095,
		0.10055224597454071,
		0.6876105070114136
	],
	"left_knee": [
		0.5213100910186768,
		1.7008497714996338,
		0.10578779131174088,
		0.010524649173021317
	],
	"left_ankle": [
		0.5206943154335022,
		2.1629631519317627,
		0.40292972326278687,
		0.0009253626340068877
	],
	"right_hip": [
		0.3562820255756378,
		1.2311445474624634,
		-0.09926951676607132,
		0.6627195477485657
	],
	"right_knee": [
		0.3757767677307129,
		1.738288402557373,
		-0.09285419434309006,
		0.06369233131408691
	],
	"right_ankle": [
		0.3779926896095276,
		2.226916790008545,
		0.0658542811870575,
		0.013747496530413628
	],
	"left_shoulder": [
		0.4973330497741699,
		0.5091843605041504,
		0.14201408624649048,
		0.9999435544013977
	],
	"left_elbow": [
		0.6748437285423279,
		0.5066897869110107,
		0.23860347270965576,
		0.9976556301116943
	],
	"left_wrist": [
		0.8204075694084167,
		0.5376453399658203,
		0.11438608169555664,
		0.9992790222167969
	],
	"right_shoulder": [
		0.2918238043785095,
		0.539101243019104,
		-0.36879080533981323,
		0.9999274611473083
	],
	"right_elbow": [
		0.11387886106967926,
		0.5975441336631775,
		-0.7775818705558777,
		0.9975466728210449
	],
	"right_wrist": [
		0.2977854013442993,
		0.4448208212852478,
		-1.1261240243911743,
		0.9962436556816101
	],
	"nose": [
		0.48688918352127075,
		0.3060896396636963,
		-0.29039132595062256,
		0.9999971389770508
	],
	"left_eye": [
		0.46903929114341736,
		0.26187145709991455,
		-0.2322015017271042,
		0.9999938011169434
	],
	"right_eye": [
		0.46063780784606934,
		0.26662322878837585,
		-0.2970069646835327,
		0.9999969601631165
	],
	"left_ear": [
		0.43168798089027405,
		0.28905022144317627,
		-0.02692190371453762,
		0.9999969005584717
	],
	"right_ear": [
		0.41333627700805664,
		0.3017110228538513,
		-0.3125176727771759,
		0.9999982714653015
	]
}