{
	"left_hip": [
		0.4939801096916199,
		1.2120076417922974,
		0.08932027220726013,
		0.6342522501945496
	],
	"left_knee": [
		0.520862877368927,
		1.7211833000183105,
		0.09905081987380981,
		0.009479514323174953
	],
	"left_ankle": [
		0.5190740823745728,
		2.1914608478546143,
		0.40921276807785034,
		0.0007858086610212922
	],
	"right_hip": [
		0.35169997811317444,
		1.2489486932754517,
		-0.08800504356622696,
		0.6049685478210449
	],
	"right_knee": [
		0.3736721873283386,
		1.7631491422653198,
		-0.09946475923061371,
		0.054261136800050735
	],
	"right_ankle": [
		0.37654855847358704,
		2.2588281631469727,
		0.0689954087138176,
		0.011359293013811111
	],
	"left_shoulder": [
		0.49876517057418823,
		0.5104025602340698,
		0.12411178648471832,
		0.9999455213546753
	],
	"left_elbow": [
		0.6750816106796265,
		0.5204876065254211,
		0.2427603304386139,
		0.9979255199432373
	],
	"left_wrist": [
		0.821574866771698,
		0.5696925520896912,
		0.13330048322677612,
		0.9993415474891663
	],
	"right_shoulder": [
		0.2888236939907074,
		0.5506993532180786,
		-0.35933220386505127,
		0.9999322295188904
	],
	"right_elbow": [
		0.10682789981365204,
		0.6283155679702759,
		-0.7727299332618713,
		0.9977829456329346
	],
	"right_wrist": [
		0.27718889713287354,
		0.43152666091918945,
		-1.117516279220581,
		0.9966464638710022
	],
	"nose": [
		0.48727694153785706,
		0.31151798367500305,
		-0.27932804822921753,
		0.9999966025352478
	],
	"left_eye": [
		0.4711155891418457,
		0.2651456892490387,
		-0.22815601527690887,
		0.9999918341636658
	],
	"right_eye": [
		0.4614504277706146,
		0.26960498094558716,
		-0.28878194093704224,
		0.9999962449073792
	],
	"left_ear": [
		0.43423333764076233,
		0.2911709249019623,
		-0.015684951096773148,
		0.9999956488609314
	],
	"right_ear": [
		0.41344842314720154,
		0.3027161657810211,
		-0.28547874093055725,
		0.9999977946281433
	]
}