{
	"left_hip": [
		0.4852500557899475,
		1.1961978673934937,
		0.09922851622104645,
		0.4824424982070923
	],
	"left_knee": [
		0.5268470048904419,
		1.706590175628662,
		0.08392142504453659,
		0.00949317030608654
	],
	"left_ankle": [
		0.5381385087966919,
		2.1635003089904785,
		0.3478688597679138,
		0.00045429638703353703
	],
	"right_hip": [
		0.3455583453178406,
		1.2317399978637695,
		-0.09821613132953644,
		0.45052576065063477
	],
	"right_knee": [
		0.38269954919815063,
		1.7418227195739746,
		-0.15170912444591522,
		0.03136608377099037
	],
	"right_ankle": [
		0.38815727829933167,
		2.239701271057129,
		-0.006814301945269108,
		0.005232280120253563
	],
	"left_shoulder": [
		0.49856048822402954,
		0.510405957698822,
		0.1452602595090866,
		0.9999388456344604
	],
	"left_elbow": [
		0.6803510189056396,
		0.5233201384544373,
		0.28107789158821106,
		0.9985805749893188
	],
	"left_wrist": [
		0.8074759244918823,
		0.554671049118042,
		0.18667104840278625,
		0.9993371367454529
	],
	"right_shoulder": [
		0.28383710980415344,
		0.5480899214744568,
		-0.33490562438964844,
		0.9999333024024963
	],
	"right_elbow": [
		0.09454482048749924,
		0.626663327217102,
		-0.7394706010818481,
		0.9980633854866028
	],
	"right_wrist": [
		0.24893803894519806,
		0.417870432138443,
		-1.079505443572998,
		0.9973021149635315
	],
	"nose": [
		0.4860000014305115,
		0.30664920806884766,
		-0.2551763653755188,
		0.9999940395355225
	],
	"left_eye": [
		0.4707079529762268,
		0.26012635231018066,
		-0.20344237983226776,
		0.9999836683273315
	],
	"right_eye": [
		0.4616023004055023,
		0.26396840810775757,
		-0.26410800218582153,
		0.9999935626983643
	],
	"left_ear": [
		0.43426409363746643,
		0.28680115938186646,
		0.010323578491806984,
		0.9999901652336121
	],
	"right_ear": [
		0.4126279950141907,
		0.29967746138572693,
		-0.2575833201408386,
		0.9999958276748657
	]
}