{
	"left_hip": [
		0.4922444224357605,
		1.1979453563690186,
		0.08462552726268768,
		0.5111896991729736
	],
	"left_knee": [
		0.5212273001670837,
		1.7096658945083618,
		0.08214237540960312,
		0.006924609653651714
	],
	"left_ankle": [
		0.5224995613098145,
		2.182969808578491,
		0.36979326605796814,
		0.0002862212131731212
	],
	"right_hip": [
		0.3479824960231781,
		1.243117332458496,
		-0.08350611478090286,
		0.46020451188087463
	],
	"right_knee": [
		0.37118858098983765,
		1.7494767904281616,
		-0.11745317280292511,
		0.01839642971754074
	],
	"right_ankle": [
		0.37838584184646606,
		2.2359769344329834,
		0.045607440173625946,
		0.002753985347226262
	],
	"left_shoulder": [
		0.4931477904319763,
		0.511137068271637,
		0.10265930742025375,
		0.999932050704956
	],
	"left_elbow": [
		0.6822153925895691,
		0.5142710208892822,
		0.23058107495307922,
		0.9987433552742004
	],
	"left_wrist": [
		0.7994028329849243,
		0.5592386722564697,
		0.13181041181087494,
		0.9991723299026489
	],
	"right_shoulder": [
		0.28837308287620544,
		0.5530163645744324,
		-0.37150686979293823,
		0.9999173283576965
	],
	"right_elbow": [
		0.10053829848766327,
		0.6229705214500427,
		-0.7802160978317261,
		0.9984254240989685
	],
	"right_wrist": [
		0.23988401889801025,
		0.4032595455646515,
		-1.1085190773010254,
		0.9974088668823242
	],
	"nose": [
		0.484066903591156,
		0.3044836223125458,
		-0.30173200368881226,
		0.9999831318855286
	],
	"left_eye": [
		0.4684992730617523,
		0.25723132491111755,
		-0.2527115046977997,
		0.9999577403068542
	],
	"right_eye": [
		0.459831178188324,
		0.2617925703525543,
		-0.314582884311676,
		0.9999838471412659
	],
	"left_ear": [
		0.432638943195343,
		0.28242453932762146,
		-0.03642910718917847,
		0.9999763369560242
	],
	"right_ear": [
		0.411093145608902,
		0.29698681831359863,
		-0.31050753593444824,
		0.9999899864196777
	]
}