{
	"left_hip": [
		0.4922274947166443,
		1.1971384286880493,
		0.08526705950498581,
		0.5071022510528564
	],
	"left_knee": [
		0.5186274647712708,
		1.709475040435791,
		0.08639667928218842,
		0.006843562237918377
	],
	"left_ankle": [
		0.5207002758979797,
		2.1821296215057373,
		0.381412535905838,
		0.0002809696306940168
	],
	"right_hip": [
		0.3483807444572449,
		1.242006540298462,
		-0.08414206653833389,
		0.4573996663093567
	],
	"right_knee": [
		0.37031611800193787,
		1.7491919994354248,
		-0.11662395298480988,
		0.01757475920021534
	],
	"right_ankle": [
		0.378009170293808,
		2.236252546310425,
		0.05148538202047348,
		0.0026010212022811174
	],
	"left_shoulder": [
		0.4921289086341858,
		0.5113100409507751,
		0.10344015061855316,
		0.999928891658783
	],
	"left_elbow": [
		0.6821781992912292,
		0.5193631052970886,
		0.22611887753009796,
		0.9987029433250427
	],
	"left_wrist": [
		0.7830572128295898,
		0.5519125461578369,
		0.12136927992105484,
		0.999079704284668
	],
	"right_shoulder": [
		0.29033929109573364,
		0.5537346005439758,
		-0.3704105615615845,
		0.9999175071716309
	],
	"right_elbow": [
		0.1046467050909996,
		0.6225792765617371,
		-0.7793195843696594,
		0.9984596371650696
	],
	"right_wrist": [
		0.23776300251483917,
		0.40421780943870544,
		-1.0887680053710938,
		0.99735426902771
	],
	"nose": [
		0.4836506247520447,
		0.30457496643066406,
		-0.3074520230293274,
		0.999982476234436
	],
	"left_eye": [
		0.4683811664581299,
		0.25749480724334717,
		-0.25770097970962524,
		0.9999567866325378
	],
	"right_eye": [
		0.45965296030044556,
		0.26211369037628174,
		-0.31901681423187256,
		0.9999836683273315
	],
	"left_ear": [
		0.43258970975875854,
		0.28273317217826843,
		-0.037112075835466385,
		0.9999759793281555
	],
	"right_ear": [
		0.41094622015953064,
		0.2972457706928253,
		-0.310124933719635,
		0.9999901652336121
	]
}