{
	"left_hip": [
		0.4910762310028076,
		1.1971720457077026,
		0.08423317968845367,
		0.49124544858932495
	],
	"left_knee": [
		0.5152827501296997,
		1.7131332159042358,
		0.06652262806892395,
		0.00657400768250227
	],
	"left_ankle": [
		0.5167682766914368,
		2.1948182582855225,
		0.34343716502189636,
		0.0002639409794937819
	],
	"right_hip": [
		0.34740763902664185,
		1.2412573099136353,
		-0.08297749608755112,
		0.4395450949668884
	],
	"right_knee": [
		0.3688923716545105,
		1.7494642734527588,
		-0.13785681128501892,
		0.016370829194784164
	],
	"right_ankle": [
		0.3752278685569763,
		2.244277000427246,
		0.004812931641936302,
		0.0023780884221196175
	],
	"left_shoulder": [
		0.4903572201728821,
		0.511593759059906,
		0.09756992012262344,
		0.9999313950538635
	],
	"left_elbow": [
		0.6808744668960571,
		0.5297223329544067,
		0.2130568027496338,
		0.9987354874610901
	],
	"left_wrist": [
		0.7783939838409424,
		0.5523437857627869,
		0.11045964807271957,
		0.9990918040275574
	],
	"right_shoulder": [
		0.29244428873062134,
		0.5549573302268982,
		-0.3620182275772095,
		0.999914288520813
	],
	"right_elbow": [
		0.1077994704246521,
		0.6218985915184021,
		-0.7753418684005737,
		0.9984133839607239
	],
	"right_wrist": [
		0.23672659695148468,
		0.40538954734802246,
		-1.0897481441497803,
		0.9972074031829834
	],
	"nose": [
		0.4836201071739197,
		0.30463680624961853,
		-0.3060525059700012,
		0.9999825358390808
	],
	"left_eye": [
		0.4683304727077484,
		0.25760021805763245,
		-0.2573443353176117,
		0.9999575614929199
	],
	"right_eye": [
		0.45964616537094116,
		0.2622775733470917,
		-0.3170156180858612,
		0.9999836087226868
	],
	"left_ear": [
		0.43247851729393005,
		0.28304019570350647,
		-0.036214858293533325,
		0.9999767541885376
	],
	"right_ear": [
		0.41096991300582886,
		0.29751789569854736,
		-0.3059527277946472,
		0.9999901652336121
	]
}