{
	"left_hip": [
		0.49488967657089233,
		1.1972696781158447,
		0.07589125633239746,
		0.40415793657302856
	],
	"left_knee": [
		0.5171296000480652,
		1.711664080619812,
		0.06942563503980637,
		0.004114368464797735
	],
	"left_ankle": [
		0.5218852758407593,
		2.192782402038574,
		0.3555592894554138,
		0.0001569165469845757
	],
	"right_hip": [
		0.34906694293022156,
		1.238985300064087,
		-0.07455654442310333,
		0.35022062063217163
	],
	"right_knee": [
		0.37105873227119446,
		1.7486991882324219,
		-0.12725786864757538,
		0.008452958427369595
	],
	"right_ankle": [
		0.3803333640098572,
		2.242846965789795,
		0.030431780964136124,
		0.0010633915662765503
	],
	"left_shoulder": [
		0.48496562242507935,
		0.5163796544075012,
		0.08272040635347366,
		0.9999228119850159
	],
	"left_elbow": [
		0.6795284152030945,
		0.5466052293777466,
		0.20374616980552673,
		0.9983387589454651
	],
	"left_wrist": [
		0.7759543657302856,
		0.5470165014266968,
		0.11513570696115494,
		0.9983749985694885
	],
	"right_shoulder": [
		0.2961205244064331,
		0.5629648566246033,
		-0.3720344007015228,
		0.9999013543128967
	],
	"right_elbow": [
		0.10568995773792267,
		0.6164661645889282,
		-0.7774916291236877,
		0.9978973865509033
	],
	"right_wrist": [
		0.24129343032836914,
		0.40903666615486145,
		-1.0813363790512085,
		0.9950143098831177
	],
	"nose": [
		0.4853542745113373,
		0.3094412684440613,
		-0.30901196599006653,
		0.9999784827232361
	],
	"left_eye": [
		0.4693041443824768,
		0.26373523473739624,
		-0.2588876485824585,
		0.9999496936798096
	],
	"right_eye": [
		0.46213847398757935,
		0.2684861421585083,
		-0.3179832100868225,
		0.9999799728393555
	],
	"left_ear": [
		0.43247175216674805,
		0.29083555936813354,
		-0.043244991451501846,
		0.999973475933075
	],
	"right_ear": [
		0.41423720121383667,
		0.3022848069667816,
		-0.3052399754524231,
		0.9999889731407166
	]
}