{
	"left_hip": [
		0.4901856780052185,
		1.2025797367095947,
		0.08607311546802521,
		0.42073023319244385
	],
	"left_knee": [
		0.5129961967468262,
		1.7181845903396606,
		0.08734768629074097,
		0.0041977474465966225
	],
	"left_ankle": [
		0.5132175087928772,
		2.1974003314971924,
		0.39519256353378296,
		0.00015314972552005202
	],
	"right_hip": [
		0.3485824167728424,
		1.2429916858673096,
		-0.08482787013053894,
		0.36199986934661865
	],
	"right_knee": [
		0.3686683773994446,
		1.753009557723999,
		-0.12532851099967957,
		0.008252817206084728
	],
	"right_ankle": [
		0.3740178346633911,
		2.2487528324127197,
		0.03621376305818558,
		0.0009804515866562724
	],
	"left_shoulder": [
		0.4848528504371643,
		0.5170661211013794,
		0.10740116983652115,
		0.9999279975891113
	],
	"left_elbow": [
		0.6778212189674377,
		0.5449525713920593,
		0.22913558781147003,
		0.9984555244445801
	],
	"left_wrist": [
		0.7741255164146423,
		0.5462207794189453,
		0.1200779527425766,
		0.9985359311103821
	],
	"right_shoulder": [
		0.29611822962760925,
		0.5625472068786621,
		-0.3808799982070923,
		0.9999027848243713
	],
	"right_elbow": [
		0.107155442237854,
		0.6141336560249329,
		-0.8012028932571411,
		0.9980576634407043
	],
	"right_wrist": [
		0.2455195188522339,
		0.40735480189323425,
		-1.098264455795288,
		0.9954821467399597
	],
	"nose": [
		0.4854240417480469,
		0.3094794452190399,
		-0.29821327328681946,
		0.9999793171882629
	],
	"left_eye": [
		0.4693795144557953,
		0.26363635063171387,
		-0.2491164654493332,
		0.9999523162841797
	],
	"right_eye": [
		0.4621627926826477,
		0.26851457357406616,
		-0.3121338486671448,
		0.9999806880950928
	],
	"left_ear": [
		0.4329349398612976,
		0.290839284658432,
		-0.032109446823596954,
		0.9999752640724182
	],
	"right_ear": [
		0.4147043228149414,
		0.30229106545448303,
		-0.31172019243240356,
		0.9999894499778748
	]
}