{
	"left_hip": [
		0.4865482449531555,
		1.2054383754730225,
		0.07541979104280472,
		0.4516354501247406
	],
	"left_knee": [
		0.5099039077758789,
		1.719931960105896,
		0.08451208472251892,
		0.0038458367343991995
	],
	"left_ankle": [
		0.5109566450119019,
		2.2009658813476562,
		0.39887529611587524,
		0.0001296180853387341
	],
	"right_hip": [
		0.3433868885040283,
		1.2467141151428223,
		-0.07406380772590637,
		0.38120564818382263
	],
	"right_knee": [
		0.3640340268611908,
		1.7554134130477905,
		-0.10602085292339325,
		0.0071686021983623505
	],
	"right_ankle": [
		0.36900898814201355,
		2.2450318336486816,
		0.07640288770198822,
		0.0007627678569406271
	],
	"left_shoulder": [
		0.4829600751399994,
		0.5208141207695007,
		0.06368756294250488,
		0.9999414086341858
	],
	"left_elbow": [
		0.6768852472305298,
		0.5321506261825562,
		0.16889020800590515,
		0.9987415075302124
	],
	"left_wrist": [
		0.7778303027153015,
		0.5684456825256348,
		0.04505813121795654,
		0.9988171458244324
	],
	"right_shoulder": [
		0.2935032248497009,
		0.5572571158409119,
		-0.3528740406036377,
		0.9999068379402161
	],
	"right_elbow": [
		0.10789795219898224,
		0.6087296009063721,
		-0.777321994304657,
		0.998248815536499
	],
	"right_wrist": [
		0.2557350993156433,
		0.40663275122642517,
		-1.13352632522583,
		0.9959539771080017
	],
	"nose": [
		0.4839131832122803,
		0.3124643862247467,
		-0.31021755933761597,
		0.9999816417694092
	],
	"left_eye": [
		0.4687659740447998,
		0.2646709680557251,
		-0.2642894387245178,
		0.9999574422836304
	],
	"right_eye": [
		0.4613983631134033,
		0.2692647874355316,
		-0.3202352523803711,
		0.9999818205833435
	],
	"left_ear": [
		0.43358954787254333,
		0.29100674390792847,
		-0.052444279193878174,
		0.9999784231185913
	],
	"right_ear": [
		0.4152138829231262,
		0.3020365536212921,
		-0.30595463514328003,
		0.999989926815033
	]
}