{
	"left_hip": [
		0.4818321764469147,
		1.2012226581573486,
		0.06876597553491592,
		0.513161838054657
	],
	"left_knee": [
		0.5059805512428284,
		1.7020286321640015,
		0.09480200707912445,
		0.004737277049571276
	],
	"left_ankle": [
		0.5102507472038269,
		2.1665287017822266,
		0.3997092843055725,
		0.00017263197514694184
	],
	"right_hip": [
		0.3379477262496948,
		1.242722749710083,
		-0.06769466400146484,
		0.4280705451965332
	],
	"right_knee": [
		0.35997992753982544,
		1.7364873886108398,
		-0.0922093540430069,
		0.007904061116278172
	],
	"right_ankle": [
		0.36809471249580383,
		2.2179274559020996,
		0.08764047920703888,
		0.0009163437061943114
	],
	"left_shoulder": [
		0.49593883752822876,
		0.5200998187065125,
		0.05016282945871353,
		0.9999563097953796
	],
	"left_elbow": [
		0.6741874814033508,
		0.5595067739486694,
		0.14176800847053528,
		0.9990819096565247
	],
	"left_wrist": [
		0.8040170669555664,
		0.6201944947242737,
		0.006769963540136814,
		0.9991495609283447
	],
	"right_shoulder": [
		0.2861407995223999,
		0.544035017490387,
		-0.37836143374443054,
		0.999909520149231
	],
	"right_elbow": [
		0.10954473912715912,
		0.6054899096488953,
		-0.8568357229232788,
		0.9983811378479004
	],
	"right_wrist": [
		0.25894463062286377,
		0.4027562439441681,
		-1.2631641626358032,
		0.9964831471443176
	],
	"nose": [
		0.4809955060482025,
		0.3150534927845001,
		-0.33656007051467896,
		0.9999830722808838
	],
	"left_eye": [
		0.46702829003334045,
		0.26605862379074097,
		-0.28523388504981995,
		0.9999604225158691
	],
	"right_eye": [
		0.457081139087677,
		0.27015459537506104,
		-0.34201398491859436,
		0.9999815821647644
	],
	"left_ear": [
		0.4341758191585541,
		0.29111620783805847,
		-0.060427069664001465,
		0.9999801516532898
	],
	"right_ear": [
		0.4111858904361725,
		0.30242541432380676,
		-0.3192337155342102,
		0.9999886751174927
	]
}