{
	"left_hip": [
		0.4950648248195648,
		1.2212697267532349,
		0.091822549700737,
		0.5494579672813416
	],
	"left_knee": [
		0.5108014941215515,
		1.7190138101577759,
		0.2026127278804779,
		0.008700496517121792
	],
	"left_ankle": [
		0.5143970251083374,
		2.180194139480591,
		0.5666133761405945,
		0.0004929272690787911
	],
	"right_hip": [
		0.36066293716430664,
		1.2517728805541992,
		-0.09066890180110931,
		0.4649003744125366
	],
	"right_knee": [
		0.37710827589035034,
		1.7687609195709229,
		-0.001706753158941865,
		0.017811667174100876
	],
	"right_ankle": [
		0.3762649893760681,
		2.250986099243164,
		0.22575215995311737,
		0.0020740749314427376
	],
	"left_shoulder": [
		0.49178656935691833,
		0.549642026424408,
		0.12959104776382446,
		0.9999717473983765
	],
	"left_elbow": [
		0.597159206867218,
		0.7614761590957642,
		0.39504343271255493,
		0.997624933719635
	],
	"left_wrist": [
		0.7366027235984802,
		0.9267098307609558,
		0.4365776479244232,
		0.9981734156608582
	],
	"right_shoulder": [
		0.2985108196735382,
		0.5346807241439819,
		-0.32619035243988037,
		0.9999199509620667
	],
	"right_elbow": [
		0.13050824403762817,
		0.5721856951713562,
		-0.7386474609375,
		0.9987163543701172
	],
	"right_wrist": [
		0.287112295627594,
		0.3813544809818268,
		-1.0532058477401733,
		0.9977909326553345
	],
	"nose": [
		0.493274986743927,
		0.3114542067050934,
		-0.2812337279319763,
		0.9999846816062927
	],
	"left_eye": [
		0.4792771339416504,
		0.2647797167301178,
		-0.23618915677070618,
		0.9999658465385437
	],
	"right_eye": [
		0.4669107496738434,
		0.26964572072029114,
		-0.29682448506355286,
		0.9999805092811584
	],
	"left_ear": [
		0.4466361403465271,
		0.290684312582016,
		-0.015288080088794231,
		0.9999820590019226
	],
	"right_ear": [
		0.4172496795654297,
		0.30288460850715637,
		-0.28773483633995056,
		0.9999853372573853
	]
}