{
	"left_hip": [
		0.5072217583656311,
		1.2113310098648071,
		0.07497357577085495,
		0.42135855555534363
	],
	"left_knee": [
		0.5265821814537048,
		1.716748833656311,
		0.05917869880795479,
		0.007467057555913925
	],
	"left_ankle": [
		0.5298563838005066,
		2.2069602012634277,
		0.34430748224258423,
		0.0005202163592912257
	],
	"right_hip": [
		0.37213075160980225,
		1.2237757444381714,
		-0.07387377321720123,
		0.40326932072639465
	],
	"right_knee": [
		0.3958203196525574,
		1.755630612373352,
		-0.10957719385623932,
		0.015237275511026382
	],
	"right_ankle": [
		0.3990709185600281,
		2.265455722808838,
		0.009803934022784233,
		0.0015340072568506002
	],
	"left_shoulder": [
		0.47521957755088806,
		0.5455783605575562,
		0.13066554069519043,
		0.9999011158943176
	],
	"left_elbow": [
		0.5124697089195251,
		0.8605817556381226,
		0.348245769739151,
		0.9295052886009216
	],
	"left_wrist": [
		0.6106813549995422,
		1.0611461400985718,
		0.3595885634422302,
		0.8125894665718079
	],
	"right_shoulder": [
		0.31122738122940063,
		0.5251901149749756,
		-0.2656790018081665,
		0.9999443292617798
	],
	"right_elbow": [
		0.14341330528259277,
		0.5509440898895264,
		-0.6754351854324341,
		0.9988082647323608
	],
	"right_wrist": [
		0.30511578917503357,
		0.36536845564842224,
		-0.9754652976989746,
		0.9964658617973328
	],
	"nose": [
		0.4928525984287262,
		0.3139202296733856,
		-0.2799166738986969,
		0.9999788403511047
	],
	"left_eye": [
		0.4821465015411377,
		0.26812300086021423,
		-0.23879742622375488,
		0.999960720539093
	],
	"right_eye": [
		0.46423453092575073,
		0.27130699157714844,
		-0.2840661406517029,
		0.9999763369560242
	],
	"left_ear": [
		0.45880335569381714,
		0.290383517742157,
		-0.005204977001994848,
		0.9999752044677734
	],
	"right_ear": [
		0.4152373671531677,
		0.29961538314819336,
		-0.2214241772890091,
		0.9999851584434509
	]
}