{
	"left_hip": [
		0.5070265531539917,
		1.207005500793457,
		0.0747930034995079,
		0.4143945872783661
	],
	"left_knee": [
		0.5262066721916199,
		1.7089409828186035,
		0.056866355240345,
		0.007681919261813164
	],
	"left_ankle": [
		0.5296956300735474,
		2.2002146244049072,
		0.3463939428329468,
		0.0005573047092184424
	],
	"right_hip": [
		0.37442535161972046,
		1.2187813520431519,
		-0.07379541546106339,
		0.4070417284965515
	],
	"right_knee": [
		0.3955722451210022,
		1.7483229637145996,
		-0.10449222475290298,
		0.015830572694540024
	],
	"right_ankle": [
		0.3990631699562073,
		2.257873058319092,
		0.026649663224816322,
		0.0015141949988901615
	],
	"left_shoulder": [
		0.47204750776290894,
		0.5441184639930725,
		0.14164908230304718,
		0.9998738169670105
	],
	"left_elbow": [
		0.5057395696640015,
		0.8511990308761597,
		0.3852559030056,
		0.9099147319793701
	],
	"left_wrist": [
		0.5763368606567383,
		1.026179313659668,
		0.47503548860549927,
		0.7618195414543152
	],
	"right_shoulder": [
		0.31340858340263367,
		0.5241247415542603,
		-0.25518369674682617,
		0.9999454021453857
	],
	"right_elbow": [
		0.14705365896224976,
		0.5491976141929626,
		-0.669998288154602,
		0.9987503290176392
	],
	"right_wrist": [
		0.3084818720817566,
		0.36557936668395996,
		-0.9828176498413086,
		0.9961643218994141
	],
	"nose": [
		0.49281755089759827,
		0.3170679807662964,
		-0.259716659784317,
		0.9999739527702332
	],
	"left_eye": [
		0.4824754595756531,
		0.2704800069332123,
		-0.21922072768211365,
		0.9999540448188782
	],
	"right_eye": [
		0.46423012018203735,
		0.2733108103275299,
		-0.265855610370636,
		0.9999727606773376
	],
	"left_ear": [
		0.45966053009033203,
		0.2905358374118805,
		0.010236071422696114,
		0.9999692440032959
	],
	"right_ear": [
		0.41532015800476074,
		0.29968053102493286,
		-0.20819120109081268,
		0.9999833703041077
	]
}