{
	"left_hip": [
		0.5187095999717712,
		1.1912410259246826,
		0.05018917843699455,
		0.3279992341995239
	],
	"left_knee": [
		0.5385865569114685,
		1.6870805025100708,
		-0.02006402425467968,
		0.008496781811118126
	],
	"left_ankle": [
		0.5455589294433594,
		2.1698508262634277,
		0.20050251483917236,
		0.0006118686287663877
	],
	"right_hip": [
		0.3765987753868103,
		1.209947109222412,
		-0.04907146841287613,
		0.35667183995246887
	],
	"right_knee": [
		0.3995431065559387,
		1.7247600555419922,
		-0.06929655373096466,
		0.016122620552778244
	],
	"right_ankle": [
		0.4135780930519104,
		2.2014358043670654,
		0.040376342833042145,
		0.001332696876488626
	],
	"left_shoulder": [
		0.47179073095321655,
		0.5384581685066223,
		0.19868287444114685,
		0.9992015957832336
	],
	"left_elbow": [
		0.5041420459747314,
		0.8064823746681213,
		0.48957008123397827,
		0.7552474737167358
	],
	"left_wrist": [
		0.5362225770950317,
		0.8468562960624695,
		0.7539467811584473,
		0.4987293481826782
	],
	"right_shoulder": [
		0.32084161043167114,
		0.5233941078186035,
		-0.15958324074745178,
		0.9999163746833801
	],
	"right_elbow": [
		0.1685461848974228,
		0.5322834253311157,
		-0.5909968614578247,
		0.9987262487411499
	],
	"right_wrist": [
		0.32763612270355225,
		0.3605060279369354,
		-0.8218059539794922,
		0.9920510649681091
	],
	"nose": [
		0.48647540807724,
		0.32446181774139404,
		-0.21148356795310974,
		0.9998928904533386
	],
	"left_eye": [
		0.4820847511291504,
		0.27814656496047974,
		-0.16549937427043915,
		0.9998207092285156
	],
	"right_eye": [
		0.45687928795814514,
		0.2803444266319275,
		-0.20606115460395813,
		0.9999082684516907
	],
	"left_ear": [
		0.4632102847099304,
		0.29470813274383545,
		0.07299871742725372,
		0.9998836517333984
	],
	"right_ear": [
		0.4128190577030182,
		0.30266597867012024,
		-0.11467838287353516,
		0.9999608397483826
	]
}