{
	"left_hip": [
		0.5116683840751648,
		1.1960972547531128,
		0.1263558268547058,
		0.45604056119918823
	],
	"left_knee": [
		0.5379417538642883,
		1.6727100610733032,
		0.13126909732818604,
		0.010759747587144375
	],
	"left_ankle": [
		0.5498963594436646,
		2.1199605464935303,
		0.3644551634788513,
		0.0005081816343590617
	],
	"right_hip": [
		0.3958132266998291,
		1.2278181314468384,
		-0.12476583570241928,
		0.49554330110549927
	],
	"right_knee": [
		0.4125768542289734,
		1.7211567163467407,
		-0.10139314830303192,
		0.02892127074301243
	],
	"right_ankle": [
		0.4193040728569031,
		2.1695706844329834,
		0.05233215540647507,
		0.0010348259238526225
	],
	"left_shoulder": [
		0.4785701632499695,
		0.5640703439712524,
		0.20478907227516174,
		0.998340368270874
	],
	"left_elbow": [
		0.5292671322822571,
		0.8607557415962219,
		0.2837677299976349,
		0.5831853747367859
	],
	"left_wrist": [
		0.6086400747299194,
		1.069863200187683,
		0.17399469017982483,
		0.5194765329360962
	],
	"right_shoulder": [
		0.36540257930755615,
		0.5547793507575989,
		-0.40398097038269043,
		0.999762773513794
	],
	"right_elbow": [
		0.3935021460056305,
		0.9043046832084656,
		-0.46455127000808716,
		0.9489707946777344
	],
	"right_wrist": [
		0.4954150319099426,
		1.1805140972137451,
		-0.47575291991233826,
		0.8973591923713684
	],
	"nose": [
		0.5405869483947754,
		0.3379141688346863,
		-0.147252157330513,
		0.9998508095741272
	],
	"left_eye": [
		0.5202525854110718,
		0.2971578538417816,
		-0.1178387999534607,
		0.9998087286949158
	],
	"right_eye": [
		0.5133017301559448,
		0.2954241633415222,
		-0.18950998783111572,
		0.9998903274536133
	],
	"left_ear": [
		0.4836696982383728,
		0.3092711269855499,
		0.03233058378100395,
		0.9998325705528259
	],
	"right_ear": [
		0.46850118041038513,
		0.3077143728733063,
		-0.28416818380355835,
		0.9999367594718933
	]
}