{
	"left_hip": [
		0.4949836730957031,
		1.2148929834365845,
		0.16343829035758972,
		0.13577120006084442
	],
	"left_knee": [
		0.5225056409835815,
		1.6594663858413696,
		0.19044461846351624,
		0.00578717514872551
	],
	"left_ankle": [
		0.5422809720039368,
		2.1003267765045166,
		0.45577558875083923,
		0.0005629321676678956
	],
	"right_hip": [
		0.3972420394420624,
		1.2336170673370361,
		-0.16201689839363098,
		0.1385786533355713
	],
	"right_knee": [
		0.4233376085758209,
		1.692137598991394,
		-0.12015698105096817,
		0.01766747236251831
	],
	"right_ankle": [
		0.4233063757419586,
		2.143629550933838,
		0.07027580589056015,
		0.0015629191184416413
	],
	"left_shoulder": [
		0.48095861077308655,
		0.588264524936676,
		0.2498878687620163,
		0.9941738843917847
	],
	"left_elbow": [
		0.5319551825523376,
		0.8848452568054199,
		0.30339115858078003,
		0.24851462244987488
	],
	"left_wrist": [
		0.620934009552002,
		1.1075888872146606,
		0.1327715665102005,
		0.4058552086353302
	],
	"right_shoulder": [
		0.3721523880958557,
		0.5416214466094971,
		-0.4512518048286438,
		0.998986542224884
	],
	"right_elbow": [
		0.38795262575149536,
		0.8767789602279663,
		-0.5394935011863708,
		0.7718741297721863
	],
	"right_wrist": [
		0.4918864667415619,
		1.1677757501602173,
		-0.5411772131919861,
		0.6415045261383057
	],
	"nose": [
		0.5430024266242981,
		0.33086779713630676,
		-0.16228309273719788,
		0.9994890093803406
	],
	"left_eye": [
		0.527519702911377,
		0.2852812111377716,
		-0.13157334923744202,
		0.9992689490318298
	],
	"right_eye": [
		0.5191455483436584,
		0.28886154294013977,
		-0.20886914432048798,
		0.9994728565216064
	],
	"left_ear": [
		0.4885530471801758,
		0.3020360469818115,
		0.03023322857916355,
		0.9991582632064819
	],
	"right_ear": [
		0.4722537398338318,
		0.30787497758865356,
		-0.316121369600296,
		0.999615490436554
	]
}