{
	"left_hip": [
		0.4842984676361084,
		1.1780871152877808,
		0.1676374226808548,
		0.11266305297613144
	],
	"left_knee": [
		0.5270255208015442,
		1.5439231395721436,
		0.16411253809928894,
		0.007225768640637398
	],
	"left_ankle": [
		0.5407723188400269,
		1.9778337478637695,
		0.39163780212402344,
		0.0010612739715725183
	],
	"right_hip": [
		0.3989478051662445,
		1.1932172775268555,
		-0.16611166298389435,
		0.10522524267435074
	],
	"right_knee": [
		0.43250393867492676,
		1.5672504901885986,
		-0.14297117292881012,
		0.03432200476527214
	],
	"right_ankle": [
		0.44355860352516174,
		2.0160207748413086,
		0.014735045842826366,
		0.0044454424642026424
	],
	"left_shoulder": [
		0.47593116760253906,
		0.5752328038215637,
		0.28028953075408936,
		0.9925498366355896
	],
	"left_elbow": [
		0.5312584638595581,
		0.8482633233070374,
		0.3411625623703003,
		0.1807216852903366
	],
	"left_wrist": [
		0.6294244527816772,
		1.0280450582504272,
		0.15415528416633606,
		0.39746323227882385
	],
	"right_shoulder": [
		0.370658814907074,
		0.5315629839897156,
		-0.41642865538597107,
		0.9985613226890564
	],
	"right_elbow": [
		0.41540607810020447,
		0.8617954850196838,
		-0.5091403722763062,
		0.8308379650115967
	],
	"right_wrist": [
		0.5697899460792542,
		1.090074896812439,
		-0.5189534425735474,
		0.7420470118522644
	],
	"nose": [
		0.5268874764442444,
		0.3194313049316406,
		-0.11900739371776581,
		0.9991101622581482
	],
	"left_eye": [
		0.5104276537895203,
		0.2777552306652069,
		-0.0889362320303917,
		0.9987214207649231
	],
	"right_eye": [
		0.5013108849525452,
		0.28162407875061035,
		-0.1637025624513626,
		0.9990763664245605
	],
	"left_ear": [
		0.47356873750686646,
		0.297377347946167,
		0.0648195818066597,
		0.9983723759651184
	],
	"right_ear": [
		0.4536534249782562,
		0.30511674284935,
		-0.26855942606925964,
		0.999184250831604
	]
}