{
	"left_hip": [
		0.4816667139530182,
		1.1449869871139526,
		0.14984062314033508,
		0.12287677824497223
	],
	"left_knee": [
		0.517418622970581,
		1.5197526216506958,
		0.1240244060754776,
		0.008489981293678284
	],
	"left_ankle": [
		0.5312070250511169,
		1.9521818161010742,
		0.29472777247428894,
		0.0011755629675462842
	],
	"right_hip": [
		0.39452487230300903,
		1.1525059938430786,
		-0.1483784019947052,
		0.11389674991369247
	],
	"right_knee": [
		0.42532235383987427,
		1.533995509147644,
		-0.13832561671733856,
		0.036582160741090775
	],
	"right_ankle": [
		0.4363296627998352,
		1.9886448383331299,
		-0.035535357892513275,
		0.00490095280110836
	],
	"left_shoulder": [
		0.47688859701156616,
		0.568157970905304,
		0.29145950078964233,
		0.9928846955299377
	],
	"left_elbow": [
		0.5280207395553589,
		0.8102055191993713,
		0.3575718402862549,
		0.20262238383293152
	],
	"left_wrist": [
		0.6119793653488159,
		0.9777466058731079,
		0.16022218763828278,
		0.4298585057258606
	],
	"right_shoulder": [
		0.3691299557685852,
		0.5290306806564331,
		-0.3495699167251587,
		0.9985556602478027
	],
	"right_elbow": [
		0.42149344086647034,
		0.8429712653160095,
		-0.4230833947658539,
		0.8481691479682922
	],
	"right_wrist": [
		0.5691527128219604,
		1.0257065296173096,
		-0.4308405816555023,
		0.7698814272880554
	],
	"nose": [
		0.5267950296401978,
		0.3175538182258606,
		-0.0554400272667408,
		0.9990971088409424
	],
	"left_eye": [
		0.5097441077232361,
		0.2749595046043396,
		-0.02871401235461235,
		0.9987130761146545
	],
	"right_eye": [
		0.5011178255081177,
		0.27930936217308044,
		-0.10113279521465302,
		0.9990687370300293
	],
	"left_ear": [
		0.47228726744651794,
		0.2950504720211029,
		0.10777468979358673,
		0.9983288049697876
	],
	"right_ear": [
		0.45354539155960083,
		0.3028382360935211,
		-0.21329455077648163,
		0.9991458058357239
	]
}