{
	"left_hip": [
		0.45579686760902405,
		1.123122215270996,
		0.1923452466726303,
		0.1215105950832367
	],
	"left_knee": [
		0.5355318784713745,
		1.257956624031067,
		0.10766817629337311,
		0.015325766988098621
	],
	"left_ankle": [
		0.5376447439193726,
		1.6317987442016602,
		0.28207042813301086,
		0.00239639263600111
	],
	"right_hip": [
		0.3854694962501526,
		1.1212259531021118,
		-0.1907995343208313,
		0.11732891947031021
	],
	"right_knee": [
		0.46321749687194824,
		1.2327167987823486,
		-0.28714311122894287,
		0.058873094618320465
	],
	"right_ankle": [
		0.4455958902835846,
		1.6830711364746094,
		-0.13447760045528412,
		0.007187439128756523
	],
	"left_shoulder": [
		0.4668961465358734,
		0.5644646883010864,
		0.38958144187927246,
		0.9919982552528381
	],
	"left_elbow": [
		0.5156852602958679,
		0.8193179965019226,
		0.4290331304073334,
		0.17201517522335052
	],
	"left_wrist": [
		0.5882508158683777,
		0.9336836934089661,
		0.18651136755943298,
		0.35138943791389465
	],
	"right_shoulder": [
		0.36920613050460815,
		0.5131704211235046,
		-0.3503578305244446,
		0.9986156821250916
	],
	"right_elbow": [
		0.4312753677368164,
		0.7916774749755859,
		-0.44377613067626953,
		0.8714414834976196
	],
	"right_wrist": [
		0.5818537473678589,
		0.9558033347129822,
		-0.38256165385246277,
		0.7958218455314636
	],
	"nose": [
		0.5245527029037476,
		0.3170488476753235,
		-0.009108727797865868,
		0.9990435838699341
	],
	"left_eye": [
		0.5073221325874329,
		0.2739967703819275,
		0.023225700482726097,
		0.9986302256584167
	],
	"right_eye": [
		0.5003721117973328,
		0.2780649960041046,
		-0.054910801351070404,
		0.9989972710609436
	],
	"left_ear": [
		0.47036513686180115,
		0.29409655928611755,
		0.17247101664543152,
		0.9982858300209045
	],
	"right_ear": [
		0.4538188576698303,
		0.3001396358013153,
		-0.1734561324119568,
		0.9990925788879395
	]
}