{
	"left_hip": [
		0.45162662863731384,
		1.0808590650558472,
		0.2054828703403473,
		0.17426161468029022
	],
	"left_knee": [
		0.5912110209465027,
		0.8958648443222046,
		0.07917626202106476,
		0.03287558630108833
	],
	"left_ankle": [
		0.5647475719451904,
		1.1464189291000366,
		0.21535353362560272,
		0.009184092283248901
	],
	"right_hip": [
		0.38647082448005676,
		1.1066900491714478,
		-0.20447225868701935,
		0.16935354471206665
	],
	"right_knee": [
		0.5271020531654358,
		0.9680876135826111,
		-0.37780553102493286,
		0.1476701945066452
	],
	"right_ankle": [
		0.527805745601654,
		1.1727350950241089,
		-0.16151593625545502,
		0.02345147915184498
	],
	"left_shoulder": [
		0.4552224576473236,
		0.5517574548721313,
		0.38814741373062134,
		0.9930110573768616
	],
	"left_elbow": [
		0.523115873336792,
		0.802520751953125,
		0.45287567377090454,
		0.16570204496383667
	],
	"left_wrist": [
		0.5913845300674438,
		0.9194507598876953,
		0.24019840359687805,
		0.299425333738327
	],
	"right_shoulder": [
		0.3754340708255768,
		0.5134116411209106,
		-0.37787720561027527,
		0.9987984895706177
	],
	"right_elbow": [
		0.4596943259239197,
		0.7830842137336731,
		-0.43552708625793457,
		0.8984721302986145
	],
	"right_wrist": [
		0.5951187610626221,
		0.9367910027503967,
		-0.30546924471855164,
		0.82817542552948
	],
	"nose": [
		0.5220005512237549,
		0.32054781913757324,
		-0.006632632575929165,
		0.9990577101707458
	],
	"left_eye": [
		0.5050100684165955,
		0.27468302845954895,
		0.02712532877922058,
		0.9986439943313599
	],
	"right_eye": [
		0.4989992082118988,
		0.2788451910018921,
		-0.05238482356071472,
		0.9989621639251709
	],
	"left_ear": [
		0.46665042638778687,
		0.2941386103630066,
		0.1791893094778061,
		0.9984135627746582
	],
	"right_ear": [
		0.45381808280944824,
		0.2999078631401062,
		-0.1716587096452713,
		0.999146044254303
	]
}