{
	"left_hip": [
		0.4546206593513489,
		1.058458685874939,
		0.19678619503974915,
		0.23380880057811737
	],
	"left_knee": [
		0.5885698199272156,
		0.8103887438774109,
		0.09613342583179474,
		0.05281824991106987
	],
	"left_ankle": [
		0.5964857339859009,
		1.055069923400879,
		0.22061756253242493,
		0.01924361102283001
	],
	"right_hip": [
		0.39509478211402893,
		1.0846610069274902,
		-0.19623436033725739,
		0.2295512855052948
	],
	"right_knee": [
		0.521151065826416,
		0.873887836933136,
		-0.3770674467086792,
		0.22746413946151733
	],
	"right_ankle": [
		0.5686179399490356,
		1.0739850997924805,
		-0.18516385555267334,
		0.044572919607162476
	],
	"left_shoulder": [
		0.4526710510253906,
		0.5465613007545471,
		0.4143947660923004,
		0.9937388896942139
	],
	"left_elbow": [
		0.5237537622451782,
		0.7917606234550476,
		0.47993797063827515,
		0.16026116907596588
	],
	"left_wrist": [
		0.5882166624069214,
		0.9005600214004517,
		0.27159321308135986,
		0.2713165879249573
	],
	"right_shoulder": [
		0.38083916902542114,
		0.5122206807136536,
		-0.30327174067497253,
		0.9988728761672974
	],
	"right_elbow": [
		0.4647700786590576,
		0.7536008358001709,
		-0.3772239685058594,
		0.9119697213172913
	],
	"right_wrist": [
		0.6048859357833862,
		0.9171031713485718,
		-0.2636334300041199,
		0.8424664735794067
	],
	"nose": [
		0.5211201906204224,
		0.3247256875038147,
		0.05695375055074692,
		0.9991433024406433
	],
	"left_eye": [
		0.5039170980453491,
		0.27646130323410034,
		0.09027950465679169,
		0.9988018274307251
	],
	"right_eye": [
		0.49811625480651855,
		0.28050723671913147,
		0.015155300498008728,
		0.9990622997283936
	],
	"left_ear": [
		0.46501845121383667,
		0.2949788272380829,
		0.2346688210964203,
		0.9986129999160767
	],
	"right_ear": [
		0.4538295269012451,
		0.30068743228912354,
		-0.09862171113491058,
		0.9992460608482361
	]
}