{
	"left_hip": [
		0.45457878708839417,
		1.0600414276123047,
		0.19764675199985504,
		0.2639383375644684
	],
	"left_knee": [
		0.5934582948684692,
		0.8296064138412476,
		0.151390939950943,
		0.062460463494062424
	],
	"left_ankle": [
		0.5928049087524414,
		1.0743850469589233,
		0.3198798596858978,
		0.023992173373699188
	],
	"right_hip": [
		0.3981460630893707,
		1.0871704816818237,
		-0.1970808506011963,
		0.260896235704422
	],
	"right_knee": [
		0.5355753898620605,
		0.8805892467498779,
		-0.34612780809402466,
		0.26531293988227844
	],
	"right_ankle": [
		0.5652382969856262,
		1.090956449508667,
		-0.07223749160766602,
		0.055847667157649994
	],
	"left_shoulder": [
		0.44818177819252014,
		0.5430895686149597,
		0.3979058265686035,
		0.9941100478172302
	],
	"left_elbow": [
		0.5012310743331909,
		0.7833627462387085,
		0.4623827040195465,
		0.161359041929245
	],
	"left_wrist": [
		0.5785161256790161,
		0.9066159725189209,
		0.2605460584163666,
		0.2611377537250519
	],
	"right_shoulder": [
		0.3831785321235657,
		0.5122910737991333,
		-0.32580476999282837,
		0.9989227652549744
	],
	"right_elbow": [
		0.4741613268852234,
		0.7697762250900269,
		-0.39882391691207886,
		0.918658435344696
	],
	"right_wrist": [
		0.6070342659950256,
		0.909387469291687,
		-0.2593507468700409,
		0.8513277769088745
	],
	"nose": [
		0.5207061767578125,
		0.32750415802001953,
		0.026055151596665382,
		0.9991897940635681
	],
	"left_eye": [
		0.5033971071243286,
		0.2783650755882263,
		0.05822427198290825,
		0.9988762140274048
	],
	"right_eye": [
		0.4978004992008209,
		0.28271082043647766,
		-0.01812344416975975,
		0.9991114139556885
	],
	"left_ear": [
		0.4635356068611145,
		0.29616233706474304,
		0.20425133407115936,
		0.998710036277771
	],
	"right_ear": [
		0.45364490151405334,
		0.30184027552604675,
		-0.13221631944179535,
		0.9992936253547668
	]
}