{
	"left_hip": [
		0.4431322515010834,
		1.0302023887634277,
		0.192819744348526,
		0.3077254593372345
	],
	"left_knee": [
		0.5592619180679321,
		0.8294003009796143,
		0.10305915027856827,
		0.08337696641683578
	],
	"left_ankle": [
		0.5491717457771301,
		1.0306729078292847,
		0.23416361212730408,
		0.035481251776218414
	],
	"right_hip": [
		0.40440648794174194,
		1.0385594367980957,
		-0.19221243262290955,
		0.2954857349395752
	],
	"right_knee": [
		0.5327268838882446,
		0.8897336721420288,
		-0.3065873384475708,
		0.35546159744262695
	],
	"right_ankle": [
		0.5208795666694641,
		1.048021912574768,
		-0.1432947814464569,
		0.08484227955341339
	],
	"left_shoulder": [
		0.42956438660621643,
		0.5241546034812927,
		0.4526040554046631,
		0.996092677116394
	],
	"left_elbow": [
		0.49349546432495117,
		0.7546892762184143,
		0.5250458717346191,
		0.16251350939273834
	],
	"left_wrist": [
		0.5814154148101807,
		0.8597466945648193,
		0.3388555645942688,
		0.21346242725849152
	],
	"right_shoulder": [
		0.39561063051223755,
		0.4950248599052429,
		-0.2574109733104706,
		0.999241054058075
	],
	"right_elbow": [
		0.4753548502922058,
		0.713931143283844,
		-0.3347253203392029,
		0.9553848505020142
	],
	"right_wrist": [
		0.6012645959854126,
		0.8577198386192322,
		-0.2372349500656128,
		0.8993850350379944
	],
	"nose": [
		0.5198013186454773,
		0.3406655192375183,
		0.0964478850364685,
		0.9993511438369751
	],
	"left_eye": [
		0.5029251575469971,
		0.2880159318447113,
		0.13093003630638123,
		0.9991227984428406
	],
	"right_eye": [
		0.4973682463169098,
		0.2920353412628174,
		0.05835885927081108,
		0.9992467164993286
	],
	"left_ear": [
		0.4617176651954651,
		0.3018001914024353,
		0.27383726835250854,
		0.9990522861480713
	],
	"right_ear": [
		0.45408859848976135,
		0.30630427598953247,
		-0.04756219685077667,
		0.9994399547576904
	]
}