{
	"left_hip": [
		0.443279892206192,
		1.0326356887817383,
		0.19266268610954285,
		0.31420934200286865
	],
	"left_knee": [
		0.5627546310424805,
		0.8301823735237122,
		0.09972425550222397,
		0.08553360402584076
	],
	"left_ankle": [
		0.5492359399795532,
		1.0460892915725708,
		0.22261711955070496,
		0.035288162529468536
	],
	"right_hip": [
		0.4035457670688629,
		1.0396485328674316,
		-0.192042276263237,
		0.29774969816207886
	],
	"right_knee": [
		0.5343862175941467,
		0.8966535329818726,
		-0.2946414351463318,
		0.3563935160636902
	],
	"right_ankle": [
		0.518459141254425,
		1.067169189453125,
		-0.12850819528102875,
		0.08447297662496567
	],
	"left_shoulder": [
		0.43039265275001526,
		0.5242844223976135,
		0.466594398021698,
		0.9961189031600952
	],
	"left_elbow": [
		0.5000061988830566,
		0.7542129755020142,
		0.5424619913101196,
		0.16337800025939941
	],
	"left_wrist": [
		0.5815523862838745,
		0.8558959364891052,
		0.35575076937675476,
		0.20802462100982666
	],
	"right_shoulder": [
		0.3955678939819336,
		0.4912821352481842,
		-0.25052744150161743,
		0.9992496967315674
	],
	"right_elbow": [
		0.47289079427719116,
		0.7077321410179138,
		-0.32607805728912354,
		0.9573665261268616
	],
	"right_wrist": [
		0.5973467230796814,
		0.8460212349891663,
		-0.22270433604717255,
		0.9008420705795288
	],
	"nose": [
		0.5198692083358765,
		0.34010547399520874,
		0.1022973284125328,
		0.9993674159049988
	],
	"left_eye": [
		0.5029463768005371,
		0.28761351108551025,
		0.13706669211387634,
		0.9991466403007507
	],
	"right_eye": [
		0.49723997712135315,
		0.2915942668914795,
		0.06408978998661041,
		0.9992654919624329
	],
	"left_ear": [
		0.4617070257663727,
		0.3021377921104431,
		0.2827613353729248,
		0.9990823268890381
	],
	"right_ear": [
		0.4536387324333191,
		0.30648791790008545,
		-0.03983243182301521,
		0.9994536638259888
	]
}