{
	"left_hip": [
		0.44651585817337036,
		1.0327942371368408,
		0.18712109327316284,
		0.33791109919548035
	],
	"left_knee": [
		0.5831561088562012,
		0.8763930797576904,
		0.08452971279621124,
		0.09668171405792236
	],
	"left_ankle": [
		0.5663710236549377,
		1.1080471277236938,
		0.20915038883686066,
		0.035817813128232956
	],
	"right_hip": [
		0.39919883012771606,
		1.0375561714172363,
		-0.18641434609889984,
		0.30503231287002563
	],
	"right_knee": [
		0.5323420166969299,
		0.9280368089675903,
		-0.28068307042121887,
		0.3704850971698761
	],
	"right_ankle": [
		0.5267640352249146,
		1.1071734428405762,
		-0.1258876621723175,
		0.08581598103046417
	],
	"left_shoulder": [
		0.43352723121643066,
		0.5234729051589966,
		0.43835267424583435,
		0.9958988428115845
	],
	"left_elbow": [
		0.5099865198135376,
		0.7492402195930481,
		0.5124998092651367,
		0.1742885857820511
	],
	"left_wrist": [
		0.5901373624801636,
		0.8466202020645142,
		0.32693517208099365,
		0.20315276086330414
	],
	"right_shoulder": [
		0.39368340373039246,
		0.4867841303348541,
		-0.26780688762664795,
		0.9991720914840698
	],
	"right_elbow": [
		0.4756980538368225,
		0.6951436400413513,
		-0.34011051058769226,
		0.9626034498214722
	],
	"right_wrist": [
		0.5941495895385742,
		0.8375433683395386,
		-0.2376548796892166,
		0.9055649638175964
	],
	"nose": [
		0.5199165344238281,
		0.33739444613456726,
		0.07506971061229706,
		0.9992867708206177
	],
	"left_eye": [
		0.5029329657554626,
		0.28582608699798584,
		0.10766472667455673,
		0.9990624785423279
	],
	"right_eye": [
		0.4965057373046875,
		0.2900072932243347,
		0.03586282208561897,
		0.9991773962974548
	],
	"left_ear": [
		0.46158367395401,
		0.3025107979774475,
		0.24894917011260986,
		0.9990410804748535
	],
	"right_ear": [
		0.4525984227657318,
		0.30668148398399353,
		-0.06796439737081528,
		0.9993810057640076
	]
}