{
	"left_hip": [
		0.4532682001590729,
		1.0202995538711548,
		0.17165888845920563,
		0.38570836186408997
	],
	"left_knee": [
		0.5596947073936462,
		0.8957954049110413,
		0.029544642195105553,
		0.12466385960578918
	],
	"left_ankle": [
		0.5814698934555054,
		1.1691498756408691,
		0.15585777163505554,
		0.04178527742624283
	],
	"right_hip": [
		0.3802078366279602,
		1.0195322036743164,
		-0.1709960252046585,
		0.3227884769439697
	],
	"right_knee": [
		0.4107213616371155,
		0.9705262780189514,
		-0.342201292514801,
		0.4306933581829071
	],
	"right_ankle": [
		0.43534308671951294,
		1.1943365335464478,
		-0.18503603339195251,
		0.09323903173208237
	],
	"left_shoulder": [
		0.452930212020874,
		0.5326076745986938,
		0.37940117716789246,
		0.9968392252922058
	],
	"left_elbow": [
		0.5901615023612976,
		0.7261700630187988,
		0.4134015142917633,
		0.31260359287261963
	],
	"left_wrist": [
		0.731619119644165,
		0.9000789523124695,
		0.19336779415607452,
		0.3502078652381897
	],
	"right_shoulder": [
		0.37450551986694336,
		0.4680994749069214,
		-0.2755839228630066,
		0.9989975094795227
	],
	"right_elbow": [
		0.456838458776474,
		0.5871622562408447,
		-0.5030351281166077,
		0.9695103168487549
	],
	"right_wrist": [
		0.5979554653167725,
		0.6755609512329102,
		-0.5261931419372559,
		0.9210792183876038
	],
	"nose": [
		0.515487551689148,
		0.32660403847694397,
		-0.008100247010588646,
		0.9993597269058228
	],
	"left_eye": [
		0.4986693859100342,
		0.2814396917819977,
		0.033684466034173965,
		0.9992076754570007
	],
	"right_eye": [
		0.49082666635513306,
		0.28398561477661133,
		-0.029847508296370506,
		0.9992470145225525
	],
	"left_ear": [
		0.45886120200157166,
		0.30045050382614136,
		0.21283213794231415,
		0.9992674589157104
	],
	"right_ear": [
		0.447429895401001,
		0.3037038743495941,
		-0.06667467206716537,
		0.9994304776191711
	]
}