{
	"left_hip": [
		0.45910900831222534,
		0.9831445813179016,
		0.17298515141010284,
		0.43628641963005066
	],
	"left_knee": [
		0.5465468764305115,
		0.7371273040771484,
		0.18366894125938416,
		0.10790201276540756
	],
	"left_ankle": [
		0.7947732210159302,
		0.6171531081199646,
		0.2825285792350769,
		0.04857524111866951
	],
	"right_hip": [
		0.4056772291660309,
		1.0364930629730225,
		-0.17231228947639465,
		0.42346012592315674
	],
	"right_knee": [
		0.5301448702812195,
		0.8079841732978821,
		-0.19713479280471802,
		0.5581273436546326
	],
	"right_ankle": [
		0.6986864805221558,
		0.763857364654541,
		-0.07781965285539627,
		0.16717591881752014
	],
	"left_shoulder": [
		0.4668199419975281,
		0.48042261600494385,
		0.21236364543437958,
		0.9978188872337341
	],
	"left_elbow": [
		0.6105735301971436,
		0.49421966075897217,
		0.20789703726768494,
		0.4683266580104828
	],
	"left_wrist": [
		0.7433246970176697,
		0.5258062481880188,
		-0.016492176800966263,
		0.5215322971343994
	],
	"right_shoulder": [
		0.37041109800338745,
		0.4605311155319214,
		-0.3103645443916321,
		0.9980979561805725
	],
	"right_elbow": [
		0.4714011251926422,
		0.4443226456642151,
		-0.6026592254638672,
		0.9669695496559143
	],
	"right_wrist": [
		0.6193968653678894,
		0.43994101881980896,
		-0.6249406337738037,
		0.8827250003814697
	],
	"nose": [
		0.5061529278755188,
		0.3190977871417999,
		-0.13108442723751068,
		0.99960857629776
	],
	"left_eye": [
		0.4923715591430664,
		0.2747155725955963,
		-0.09577522426843643,
		0.9995190501213074
	],
	"right_eye": [
		0.4844967722892761,
		0.27823925018310547,
		-0.14809772372245789,
		0.9994602203369141
	],
	"left_ear": [
		0.45586323738098145,
		0.29121363162994385,
		0.08551493287086487,
		0.9995781183242798
	],
	"right_ear": [
		0.44337329268455505,
		0.29665014147758484,
		-0.15575699508190155,
		0.9995927810668945
	]
}