{
	"left_hip": [
		0.46673402190208435,
		0.9784097671508789,
		0.14144150912761688,
		0.490123987197876
	],
	"left_knee": [
		0.4899938702583313,
		1.2516992092132568,
		0.10191192477941513,
		0.1148468405008316
	],
	"left_ankle": [
		0.5023417472839355,
		1.5630521774291992,
		0.2452721893787384,
		0.06998780369758606
	],
	"right_hip": [
		0.39878588914871216,
		1.0235545635223389,
		-0.14075742661952972,
		0.4857470989227295
	],
	"right_knee": [
		0.41429775953292847,
		1.2323769330978394,
		-0.17228543758392334,
		0.5551196932792664
	],
	"right_ankle": [
		0.39206087589263916,
		1.6360840797424316,
		-0.053942568600177765,
		0.16377247869968414
	],
	"left_shoulder": [
		0.47016435861587524,
		0.4759225845336914,
		0.1269044280052185,
		0.9980649352073669
	],
	"left_elbow": [
		0.6340488195419312,
		0.4225946366786957,
		0.07063726335763931,
		0.5871139168739319
	],
	"left_wrist": [
		0.7988746762275696,
		0.4454261362552643,
		-0.14927680790424347,
		0.6009714603424072
	],
	"right_shoulder": [
		0.3618817627429962,
		0.4559711515903473,
		-0.3878536522388458,
		0.9973077178001404
	],
	"right_elbow": [
		0.42418307065963745,
		0.37969210743904114,
		-0.7306872606277466,
		0.9685046076774597
	],
	"right_wrist": [
		0.5836604833602905,
		0.3282644748687744,
		-0.8234718441963196,
		0.8723202347755432
	],
	"nose": [
		0.4998303949832916,
		0.287044495344162,
		-0.25014328956604004,
		0.9995512366294861
	],
	"left_eye": [
		0.4893700182437897,
		0.25091102719306946,
		-0.2063336819410324,
		0.9994638562202454
	],
	"right_eye": [
		0.4816339612007141,
		0.25679993629455566,
		-0.26008766889572144,
		0.9993801116943359
	],
	"left_ear": [
		0.4548184275627136,
		0.2693403959274292,
		0.00013014703290537,
		0.9995635151863098
	],
	"right_ear": [
		0.44417470693588257,
		0.2776831090450287,
		-0.24442414939403534,
		0.9995691180229187
	]
}