{
	"left_hip": [
		0.46930640935897827,
		0.9929799437522888,
		0.12516701221466064,
		0.5401051640510559
	],
	"left_knee": [
		0.48286619782447815,
		1.341113805770874,
		0.0878840908408165,
		0.11808834224939346
	],
	"left_ankle": [
		0.4915262758731842,
		1.6993783712387085,
		0.2199600636959076,
		0.06159676983952522
	],
	"right_hip": [
		0.38865792751312256,
		1.0218608379364014,
		-0.12449505180120468,
		0.5319179892539978
	],
	"right_knee": [
		0.3819063603878021,
		1.364492416381836,
		-0.14646288752555847,
		0.5291160941123962
	],
	"right_ankle": [
		0.37718895077705383,
		1.7663207054138184,
		-0.08389069885015488,
		0.1515328288078308
	],
	"left_shoulder": [
		0.4636184275150299,
		0.48845937848091125,
		0.09343674778938293,
		0.9983862042427063
	],
	"left_elbow": [
		0.6252976655960083,
		0.42573311924934387,
		-0.015923691913485527,
		0.7103457450866699
	],
	"left_wrist": [
		0.79947429895401,
		0.3730791211128235,
		-0.10714621841907501,
		0.7231405377388
	],
	"right_shoulder": [
		0.3526719808578491,
		0.45922762155532837,
		-0.35168465971946716,
		0.99713134765625
	],
	"right_elbow": [
		0.41493916511535645,
		0.3350861668586731,
		-0.7058447599411011,
		0.9727330803871155
	],
	"right_wrist": [
		0.5680627226829529,
		0.28716060519218445,
		-0.7842501401901245,
		0.8945803046226501
	],
	"nose": [
		0.4869768023490906,
		0.29079025983810425,
		-0.27712273597717285,
		0.9995626211166382
	],
	"left_eye": [
		0.4786347448825836,
		0.25197094678878784,
		-0.24254851043224335,
		0.9994657039642334
	],
	"right_eye": [
		0.4708068370819092,
		0.2564399242401123,
		-0.2874414920806885,
		0.9994136691093445
	],
	"left_ear": [
		0.4470755457878113,
		0.26919347047805786,
		-0.03809371218085289,
		0.9996099472045898
	],
	"right_ear": [
		0.43493932485580444,
		0.276554137468338,
		-0.21810662746429443,
		0.9996184706687927
	]
}