{
	"left_hip": [
		0.4435427784919739,
		0.9945604801177979,
		0.10527702420949936,
		0.5701287388801575
	],
	"left_knee": [
		0.4792703092098236,
		1.4385160207748413,
		0.15404121577739716,
		0.10609795153141022
	],
	"left_ankle": [
		0.485609233379364,
		1.8006855249404907,
		0.37647417187690735,
		0.04708607867360115
	],
	"right_hip": [
		0.37913763523101807,
		1.055901050567627,
		-0.10421083122491837,
		0.5219538807868958
	],
	"right_knee": [
		0.3770369589328766,
		1.4652533531188965,
		-0.062488384544849396,
		0.434598833322525
	],
	"right_ankle": [
		0.3760302662849426,
		1.841407060623169,
		0.05815248563885689,
		0.11746831238269806
	],
	"left_shoulder": [
		0.464106023311615,
		0.4985259771347046,
		0.06746015697717667,
		0.9986546039581299
	],
	"left_elbow": [
		0.6303160190582275,
		0.43013009428977966,
		0.04986874386668205,
		0.7849329710006714
	],
	"left_wrist": [
		0.7961214780807495,
		0.344828337430954,
		-0.08398373425006866,
		0.7973487973213196
	],
	"right_shoulder": [
		0.347082257270813,
		0.47072961926460266,
		-0.3707079589366913,
		0.9966970086097717
	],
	"right_elbow": [
		0.40314778685569763,
		0.33999916911125183,
		-0.706303060054779,
		0.9778435826301575
	],
	"right_wrist": [
		0.5564026236534119,
		0.26433178782463074,
		-0.7747195363044739,
		0.9175113439559937
	],
	"nose": [
		0.48316091299057007,
		0.3023023009300232,
		-0.2598420977592468,
		0.9996517300605774
	],
	"left_eye": [
		0.47726869583129883,
		0.26305049657821655,
		-0.22003762423992157,
		0.9995781183242798
	],
	"right_eye": [
		0.4670928120613098,
		0.26779705286026,
		-0.2733460068702698,
		0.9995426535606384
	],
	"left_ear": [
		0.44604021310806274,
		0.2761246860027313,
		-0.03372004255652428,
		0.9996988773345947
	],
	"right_ear": [
		0.42967623472213745,
		0.2859265208244324,
		-0.2755272388458252,
		0.9996968507766724
	]
}