{
	"left_hip": [
		0.4687735438346863,
		1.0443493127822876,
		0.1017121821641922,
		0.6287960410118103
	],
	"left_knee": [
		0.48122844099998474,
		1.4548035860061646,
		0.16224737465381622,
		0.086016945540905
	],
	"left_ankle": [
		0.48473018407821655,
		1.8228760957717896,
		0.40377911925315857,
		0.03505411371588707
	],
	"right_hip": [
		0.37250715494155884,
		1.0705296993255615,
		-0.1004948765039444,
		0.5528807640075684
	],
	"right_knee": [
		0.3682144582271576,
		1.4778083562850952,
		-0.06696352362632751,
		0.3471449017524719
	],
	"right_ankle": [
		0.37072497606277466,
		1.8543837070465088,
		0.07130309194326401,
		0.08819391578435898
	],
	"left_shoulder": [
		0.4688088893890381,
		0.5013444423675537,
		0.04918317869305611,
		0.9989573359489441
	],
	"left_elbow": [
		0.6351085901260376,
		0.4272954761981964,
		0.03214188665151596,
		0.8412852883338928
	],
	"left_wrist": [
		0.7974480390548706,
		0.3416796326637268,
		-0.10411292314529419,
		0.8520116806030273
	],
	"right_shoulder": [
		0.34212881326675415,
		0.4768174886703491,
		-0.4069799482822418,
		0.9970466494560242
	],
	"right_elbow": [
		0.39914774894714355,
		0.3990904986858368,
		-0.7835382223129272,
		0.9825011491775513
	],
	"right_wrist": [
		0.544922947883606,
		0.24735330045223236,
		-0.8920075297355652,
		0.9367250800132751
	],
	"nose": [
		0.4795592725276947,
		0.3164084255695343,
		-0.31370145082473755,
		0.9997356534004211
	],
	"left_eye": [
		0.4746004641056061,
		0.27576932311058044,
		-0.2731451392173767,
		0.999681293964386
	],
	"right_eye": [
		0.4639304280281067,
		0.2798694372177124,
		-0.3224354386329651,
		0.9996562004089355
	],
	"left_ear": [
		0.44467487931251526,
		0.2892289161682129,
		-0.07097451388835907,
		0.9997754693031311
	],
	"right_ear": [
		0.4251083731651306,
		0.29957637190818787,
		-0.29078954458236694,
		0.9997701644897461
	]
}