{
	"left_hip": [
		0.4705731272697449,
		1.049431324005127,
		0.10418568551540375,
		0.6619506478309631
	],
	"left_knee": [
		0.48067110776901245,
		1.4582312107086182,
		0.17948415875434875,
		0.08071894943714142
	],
	"left_ankle": [
		0.48232632875442505,
		1.821961522102356,
		0.4373246729373932,
		0.02964601293206215
	],
	"right_hip": [
		0.3689795136451721,
		1.071096658706665,
		-0.10310617834329605,
		0.5770776271820068
	],
	"right_knee": [
		0.36379188299179077,
		1.4789897203445435,
		-0.07075369358062744,
		0.31582653522491455
	],
	"right_ankle": [
		0.36699530482292175,
		1.858818769454956,
		0.08006381243467331,
		0.07647296041250229
	],
	"left_shoulder": [
		0.47128620743751526,
		0.5036861300468445,
		0.05361708998680115,
		0.9991066455841064
	],
	"left_elbow": [
		0.6380798816680908,
		0.4291395843029022,
		0.00705635454505682,
		0.8702284693717957
	],
	"left_wrist": [
		0.7971727252006531,
		0.34426775574684143,
		-0.1776336133480072,
		0.879930317401886
	],
	"right_shoulder": [
		0.33405801653862,
		0.47661808133125305,
		-0.4316176474094391,
		0.9973045587539673
	],
	"right_elbow": [
		0.39896124601364136,
		0.31438586115837097,
		-0.8384960889816284,
		0.9853587746620178
	],
	"right_wrist": [
		0.5450002551078796,
		0.24824972450733185,
		-0.9555903673171997,
		0.9474995732307434
	],
	"nose": [
		0.46982377767562866,
		0.33123648166656494,
		-0.3446218967437744,
		0.9997727274894714
	],
	"left_eye": [
		0.46866780519485474,
		0.2883899211883545,
		-0.30125167965888977,
		0.9997277855873108
	],
	"right_eye": [
		0.45459499955177307,
		0.2888813316822052,
		-0.34979233145713806,
		0.999708890914917
	],
	"left_ear": [
		0.4426206052303314,
		0.3003300726413727,
		-0.08233779668807983,
		0.9998114109039307
	],
	"right_ear": [
		0.4150305390357971,
		0.3052781820297241,
		-0.30368712544441223,
		0.9998050332069397
	]
}