{
	"left_hip": [
		0.47450757026672363,
		1.0735621452331543,
		0.10244133323431015,
		0.7559794187545776
	],
	"left_knee": [
		0.48193368315696716,
		1.4804397821426392,
		0.21354424953460693,
		0.06659840047359467
	],
	"left_ankle": [
		0.47851499915122986,
		1.8534475564956665,
		0.5325871706008911,
		0.01896955817937851
	],
	"right_hip": [
		0.3593687117099762,
		1.0890754461288452,
		-0.10145050287246704,
		0.6734583377838135
	],
	"right_knee": [
		0.3548855185508728,
		1.495174765586853,
		-0.023590562865138054,
		0.24681521952152252
	],
	"right_ankle": [
		0.35866275429725647,
		1.8788858652114868,
		0.19282542169094086,
		0.051677729934453964
	],
	"left_shoulder": [
		0.4806652069091797,
		0.5124054551124573,
		0.08132711797952652,
		0.9993502497673035
	],
	"left_elbow": [
		0.645135760307312,
		0.4384269714355469,
		0.04119762405753136,
		0.9215198755264282
	],
	"left_wrist": [
		0.7946930527687073,
		0.35155412554740906,
		-0.1001402884721756,
		0.9288064241409302
	],
	"right_shoulder": [
		0.31851619482040405,
		0.4852669835090637,
		-0.3969420790672302,
		0.9978830218315125
	],
	"right_elbow": [
		0.3845520615577698,
		0.3162345290184021,
		-0.8622065782546997,
		0.990642786026001
	],
	"right_wrist": [
		0.5326396226882935,
		0.25426846742630005,
		-1.0310896635055542,
		0.9671968817710876
	],
	"nose": [
		0.46641403436660767,
		0.3505999743938446,
		-0.34681445360183716,
		0.999809205532074
	],
	"left_eye": [
		0.4651395380496979,
		0.3036491274833679,
		-0.30200713872909546,
		0.9997681379318237
	],
	"right_eye": [
		0.4498068690299988,
		0.302885502576828,
		-0.34410518407821655,
		0.9997680187225342
	],
	"left_ear": [
		0.43887796998023987,
		0.31452029943466187,
		-0.06744187325239182,
		0.9998539686203003
	],
	"right_ear": [
		0.4040331244468689,
		0.31776005029678345,
		-0.2457331418991089,
		0.9998483657836914
	]
}