{
	"left_hip": [
		0.47402340173721313,
		1.0884175300598145,
		0.10049854218959808,
		0.8045163154602051
	],
	"left_knee": [
		0.48300081491470337,
		1.4979866743087769,
		0.20882658660411835,
		0.05728165805339813
	],
	"left_ankle": [
		0.48067837953567505,
		1.8757672309875488,
		0.4999249577522278,
		0.014272020198404789
	],
	"right_hip": [
		0.3568914532661438,
		1.1063480377197266,
		-0.09940628707408905,
		0.7314221262931824
	],
	"right_knee": [
		0.3547561764717102,
		1.5172501802444458,
		-0.038758836686611176,
		0.21096476912498474
	],
	"right_ankle": [
		0.3594833314418793,
		1.9050593376159668,
		0.15602555871009827,
		0.04015279933810234
	],
	"left_shoulder": [
		0.4806815981864929,
		0.5152828097343445,
		0.12588246166706085,
		0.9994602203369141
	],
	"left_elbow": [
		0.6454921960830688,
		0.45267733931541443,
		0.10216923803091049,
		0.9418668150901794
	],
	"left_wrist": [
		0.7949641346931458,
		0.36838796734809875,
		-0.05029220134019852,
		0.9479796290397644
	],
	"right_shoulder": [
		0.3127039074897766,
		0.49067139625549316,
		-0.35770636796951294,
		0.9981859922409058
	],
	"right_elbow": [
		0.3771011233329773,
		0.30669382214546204,
		-0.8208286166191101,
		0.9928167462348938
	],
	"right_wrist": [
		0.51729816198349,
		0.2706621289253235,
		-0.9897743463516235,
		0.9754236936569214
	],
	"nose": [
		0.46759217977523804,
		0.3510773777961731,
		-0.27844446897506714,
		0.9998407959938049
	],
	"left_eye": [
		0.46529802680015564,
		0.30192720890045166,
		-0.22992542386054993,
		0.9998058676719666
	],
	"right_eye": [
		0.4502125382423401,
		0.3006240725517273,
		-0.2749980092048645,
		0.999809741973877
	],
	"left_ear": [
		0.43745580315589905,
		0.31328243017196655,
		-0.0030390224419534206,
		0.9998816251754761
	],
	"right_ear": [
		0.40107280015945435,
		0.31623515486717224,
		-0.20440945029258728,
		0.9998760223388672
	]
}