{
	"left_hip": [
		0.4692467749118805,
		1.0873003005981445,
		0.126688152551651,
		0.7864565253257751
	],
	"left_knee": [
		0.4801308214664459,
		1.4945478439331055,
		0.13156887888908386,
		0.054639849811792374
	],
	"left_ankle": [
		0.48013800382614136,
		1.868333101272583,
		0.359345406293869,
		0.01062034722417593
	],
	"right_hip": [
		0.3601219058036804,
		1.1005998849868774,
		-0.12577226758003235,
		0.7166782021522522
	],
	"right_knee": [
		0.356300950050354,
		1.5067486763000488,
		-0.11663620173931122,
		0.19119736552238464
	],
	"right_ankle": [
		0.35912030935287476,
		1.904645562171936,
		0.015090465545654297,
		0.033962905406951904
	],
	"left_shoulder": [
		0.47111016511917114,
		0.5180186033248901,
		0.2059372216463089,
		0.9994238615036011
	],
	"left_elbow": [
		0.6418271660804749,
		0.45625460147857666,
		0.13755576312541962,
		0.958896279335022
	],
	"left_wrist": [
		0.7950872182846069,
		0.40729230642318726,
		-0.057694196701049805,
		0.9653308391571045
	],
	"right_shoulder": [
		0.3162606358528137,
		0.47796085476875305,
		-0.33023276925086975,
		0.9980564713478088
	],
	"right_elbow": [
		0.3689779043197632,
		0.3129095435142517,
		-0.7755770683288574,
		0.9932827949523926
	],
	"right_wrist": [
		0.5144432783126831,
		0.326474666595459,
		-0.9875195622444153,
		0.981616735458374
	],
	"nose": [
		0.4656944274902344,
		0.2916209101676941,
		-0.19321979582309723,
		0.9998712539672852
	],
	"left_eye": [
		0.45735496282577515,
		0.24690671265125275,
		-0.1461121141910553,
		0.9998455047607422
	],
	"right_eye": [
		0.4423973560333252,
		0.2417532205581665,
		-0.19763487577438354,
		0.9998512268066406
	],
	"left_ear": [
		0.4338117241859436,
		0.2790708541870117,
		0.07191832363605499,
		0.9999075531959534
	],
	"right_ear": [
		0.39952966570854187,
		0.26825734972953796,
		-0.15801839530467987,
		0.9998995065689087
	]
}