{
	"left_hip": [
		0.46760353446006775,
		1.0834816694259644,
		0.12410874664783478,
		0.8066360950469971
	],
	"left_knee": [
		0.4846632480621338,
		1.498969316482544,
		0.12503904104232788,
		0.053599435836076736
	],
	"left_ankle": [
		0.4908025860786438,
		1.8656407594680786,
		0.3459515869617462,
		0.00789821520447731
	],
	"right_hip": [
		0.3658742308616638,
		1.0946288108825684,
		-0.12320111691951752,
		0.73837810754776
	],
	"right_knee": [
		0.35881251096725464,
		1.5105313062667847,
		-0.10647650063037872,
		0.16428057849407196
	],
	"right_ankle": [
		0.36632639169692993,
		1.9097204208374023,
		0.022666197270154953,
		0.028330976143479347
	],
	"left_shoulder": [
		0.4740432798862457,
		0.5118239521980286,
		0.19707903265953064,
		0.9994921088218689
	],
	"left_elbow": [
		0.6453365683555603,
		0.4751054644584656,
		0.15620042383670807,
		0.970941960811615
	],
	"left_wrist": [
		0.8050405383110046,
		0.4249819219112396,
		-0.020466331392526627,
		0.9768144488334656
	],
	"right_shoulder": [
		0.3198992609977722,
		0.46265706419944763,
		-0.33697444200515747,
		0.9980348944664001
	],
	"right_elbow": [
		0.3570590615272522,
		0.32865920662879944,
		-0.7664609551429749,
		0.9928675889968872
	],
	"right_wrist": [
		0.49061456322669983,
		0.3645121157169342,
		-0.955374538898468,
		0.9848206043243408
	],
	"nose": [
		0.4698966443538666,
		0.2659752070903778,
		-0.1806134730577469,
		0.9998941421508789
	],
	"left_eye": [
		0.45830273628234863,
		0.23070813715457916,
		-0.1358688920736313,
		0.9998760223388672
	],
	"right_eye": [
		0.44592124223709106,
		0.2312583476305008,
		-0.19497543573379517,
		0.9998827576637268
	],
	"left_ear": [
		0.43202781677246094,
		0.25921928882598877,
		0.07030054181814194,
		0.9999284148216248
	],
	"right_ear": [
		0.4103606641292572,
		0.2572070062160492,
		-0.17569348216056824,
		0.9999181032180786
	]
}