{
	"left_hip": [
		0.47266221046447754,
		1.0683363676071167,
		0.12918904423713684,
		0.6516109704971313
	],
	"left_knee": [
		0.5014010071754456,
		1.502788782119751,
		0.13349567353725433,
		0.0409153513610363
	],
	"left_ankle": [
		0.5121852159500122,
		1.9145828485488892,
		0.33395764231681824,
		0.006223295349627733
	],
	"right_hip": [
		0.37779802083969116,
		1.0922505855560303,
		-0.12834765017032623,
		0.5866467356681824
	],
	"right_knee": [
		0.3874364495277405,
		1.5304204225540161,
		-0.11814908683300018,
		0.15531767904758453
	],
	"right_ankle": [
		0.3873319625854492,
		1.9607478380203247,
		0.005264977924525738,
		0.023262737318873405
	],
	"left_shoulder": [
		0.4680345058441162,
		0.5187021493911743,
		0.2170289009809494,
		0.999528706073761
	],
	"left_elbow": [
		0.6424272060394287,
		0.5235434770584106,
		0.2400285005569458,
		0.9508693814277649
	],
	"left_wrist": [
		0.8129299283027649,
		0.49730220437049866,
		0.02935839258134365,
		0.9799873232841492
	],
	"right_shoulder": [
		0.329245388507843,
		0.4535748362541199,
		-0.3166901469230652,
		0.9980484843254089
	],
	"right_elbow": [
		0.3404175937175751,
		0.47681400179862976,
		-0.7031657695770264,
		0.9804469347000122
	],
	"right_wrist": [
		0.47357282042503357,
		0.4738747179508209,
		-0.9066155552864075,
		0.979221761226654
	],
	"nose": [
		0.48678022623062134,
		0.3024366796016693,
		-0.1178368479013443,
		0.9999529719352722
	],
	"left_eye": [
		0.4703543186187744,
		0.2589099407196045,
		-0.07271840423345566,
		0.9999462962150574
	],
	"right_eye": [
		0.4641765058040619,
		0.2633417844772339,
		-0.13353703916072845,
		0.9999505281448364
	],
	"left_ear": [
		0.4325244426727295,
		0.27539119124412537,
		0.12002049386501312,
		0.999968945980072
	],
	"right_ear": [
		0.42385536432266235,
		0.2848112881183624,
		-0.18194732069969177,
		0.9999626278877258
	]
}