{
	"left_hip": [
		0.49195998907089233,
		1.1297690868377686,
		0.11443354934453964,
		0.747346043586731
	],
	"left_knee": [
		0.5052427649497986,
		1.5796066522598267,
		0.12321601063013077,
		0.02353939786553383
	],
	"left_ankle": [
		0.4995659291744232,
		1.9997085332870483,
		0.38932210206985474,
		0.002811567857861519
	],
	"right_hip": [
		0.37523478269577026,
		1.1449538469314575,
		-0.11318322271108627,
		0.6656463742256165
	],
	"right_knee": [
		0.3716943860054016,
		1.6012765169143677,
		-0.10857629776000977,
		0.09331022202968597
	],
	"right_ankle": [
		0.37147000432014465,
		2.0478274822235107,
		0.035655051469802856,
		0.01262989267706871
	],
	"left_shoulder": [
		0.4931219220161438,
		0.5288297533988953,
		0.20211894810199738,
		0.9997845888137817
	],
	"left_elbow": [
		0.6553404331207275,
		0.5172205567359924,
		0.25773900747299194,
		0.9793248772621155
	],
	"left_wrist": [
		0.8096641302108765,
		0.4793432354927063,
		0.11766775697469711,
		0.9919966459274292
	],
	"right_shoulder": [
		0.3391525149345398,
		0.4812864661216736,
		-0.3347560167312622,
		0.999066948890686
	],
	"right_elbow": [
		0.26050519943237305,
		0.41731593012809753,
		-0.7810680270195007,
		0.9884742498397827
	],
	"right_wrist": [
		0.4339369833469391,
		0.45458805561065674,
		-0.9970738291740417,
		0.9874448180198669
	],
	"nose": [
		0.49009576439857483,
		0.3055855631828308,
		-0.1755932867527008,
		0.999980092048645
	],
	"left_eye": [
		0.4735800623893738,
		0.26380887627601624,
		-0.1276252269744873,
		0.9999772906303406
	],
	"right_eye": [
		0.46454939246177673,
		0.2682439088821411,
		-0.1839573234319687,
		0.9999794363975525
	],
	"left_ear": [
		0.43882298469543457,
		0.2868107557296753,
		0.08205050975084305,
		0.9999871253967285
	],
	"right_ear": [
		0.4258565902709961,
		0.2954421639442444,
		-0.17382709681987762,
		0.9999845027923584
	]
}