{
	"left_hip": [
		0.4972307085990906,
		1.146332859992981,
		0.11501123756170273,
		0.7668116688728333
	],
	"left_knee": [
		0.5100443363189697,
		1.5978167057037354,
		0.12918435037136078,
		0.02240343578159809
	],
	"left_ankle": [
		0.5041201114654541,
		2.015558958053589,
		0.3989183306694031,
		0.002499657217413187
	],
	"right_hip": [
		0.37760043144226074,
		1.1614421606063843,
		-0.11379305273294449,
		0.6924182176589966
	],
	"right_knee": [
		0.3749893605709076,
		1.6164135932922363,
		-0.10664697736501694,
		0.09089600294828415
	],
	"right_ankle": [
		0.3760966360569,
		2.058779001235962,
		0.042070355266332626,
		0.012598175555467606
	],
	"left_shoulder": [
		0.49949589371681213,
		0.5284462571144104,
		0.20755107700824738,
		0.999813973903656
	],
	"left_elbow": [
		0.6603418588638306,
		0.5141980648040771,
		0.2549392580986023,
		0.9828165769577026
	],
	"left_wrist": [
		0.8122259378433228,
		0.4614536464214325,
		0.11049256473779678,
		0.9934369921684265
	],
	"right_shoulder": [
		0.3391214907169342,
		0.48852089047431946,
		-0.33895808458328247,
		0.9992139935493469
	],
	"right_elbow": [
		0.26356273889541626,
		0.40720316767692566,
		-0.8254454731941223,
		0.9901856184005737
	],
	"right_wrist": [
		0.4314565658569336,
		0.4434072971343994,
		-1.0701720714569092,
		0.9888361692428589
	],
	"nose": [
		0.4901178479194641,
		0.306401789188385,
		-0.19481568038463593,
		0.9999833703041077
	],
	"left_eye": [
		0.47420185804367065,
		0.26460766792297363,
		-0.14395752549171448,
		0.9999809265136719
	],
	"right_eye": [
		0.46421223878860474,
		0.26891788840293884,
		-0.20079489052295685,
		0.9999829530715942
	],
	"left_ear": [
		0.440792977809906,
		0.28831690549850464,
		0.08005891740322113,
		0.9999893307685852
	],
	"right_ear": [
		0.42519035935401917,
		0.2974492311477661,
		-0.17554134130477905,
		0.9999871850013733
	]
}