{
	"left_hip": [
		0.5011300444602966,
		1.162383794784546,
		0.11532312631607056,
		0.7846289873123169
	],
	"left_knee": [
		0.5129508972167969,
		1.6189088821411133,
		0.13581132888793945,
		0.02161797136068344
	],
	"left_ankle": [
		0.5094160437583923,
		2.0367226600646973,
		0.4148957133293152,
		0.00225934199988842
	],
	"right_hip": [
		0.3795868754386902,
		1.1794795989990234,
		-0.11407305300235748,
		0.7179349660873413
	],
	"right_knee": [
		0.3773699402809143,
		1.6374434232711792,
		-0.0988997146487236,
		0.09286728501319885
	],
	"right_ankle": [
		0.3806653916835785,
		2.0781819820404053,
		0.05440802127122879,
		0.012567395344376564
	],
	"left_shoulder": [
		0.5012851357460022,
		0.5296540260314941,
		0.21069712936878204,
		0.9998342990875244
	],
	"left_elbow": [
		0.6611778140068054,
		0.5144587755203247,
		0.2537603974342346,
		0.9855484962463379
	],
	"left_wrist": [
		0.8128611445426941,
		0.45227375626564026,
		0.12141475826501846,
		0.9945690035820007
	],
	"right_shoulder": [
		0.33857613801956177,
		0.495987206697464,
		-0.33836206793785095,
		0.9993383884429932
	],
	"right_elbow": [
		0.25940951704978943,
		0.40218639373779297,
		-0.8179055452346802,
		0.9917869567871094
	],
	"right_wrist": [
		0.4284589886665344,
		0.4407307803630829,
		-1.0372283458709717,
		0.9900685548782349
	],
	"nose": [
		0.4882299304008484,
		0.3088979125022888,
		-0.23133400082588196,
		0.9999861121177673
	],
	"left_eye": [
		0.47376543283462524,
		0.26576635241508484,
		-0.18131183087825775,
		0.9999839663505554
	],
	"right_eye": [
		0.46145910024642944,
		0.2707917392253876,
		-0.2341637909412384,
		0.9999858736991882
	],
	"left_ear": [
		0.4408701956272125,
		0.2896479070186615,
		0.054615408182144165,
		0.9999911189079285
	],
	"right_ear": [
		0.4211094379425049,
		0.30167505145072937,
		-0.1802651435136795,
		0.9999895095825195
	]
}