{
	"left_hip": [
		0.4970332980155945,
		1.1657582521438599,
		0.12090490758419037,
		0.7798487544059753
	],
	"left_knee": [
		0.5200590491294861,
		1.6381196975708008,
		0.13399900496006012,
		0.019331805408000946
	],
	"left_ankle": [
		0.5175033807754517,
		2.0736610889434814,
		0.394840270280838,
		0.0014284607023000717
	],
	"right_hip": [
		0.3809727728366852,
		1.1865644454956055,
		-0.12013860046863556,
		0.7688539028167725
	],
	"right_knee": [
		0.3892742693424225,
		1.6628434658050537,
		-0.1069640964269638,
		0.10534915328025818
	],
	"right_ankle": [
		0.3856029808521271,
		2.1336069107055664,
		0.033679280430078506,
		0.02247799001634121
	],
	"left_shoulder": [
		0.4958338141441345,
		0.53150475025177,
		0.25161173939704895,
		0.9999205470085144
	],
	"left_elbow": [
		0.6535351872444153,
		0.5231490731239319,
		0.3318253755569458,
		0.9971036314964294
	],
	"left_wrist": [
		0.8053860664367676,
		0.48201748728752136,
		0.25297802686691284,
		0.999156653881073
	],
	"right_shoulder": [
		0.33877450227737427,
		0.5114225149154663,
		-0.30710870027542114,
		0.999879777431488
	],
	"right_elbow": [
		0.24006478488445282,
		0.3742986023426056,
		-0.7380387783050537,
		0.9980405569076538
	],
	"right_wrist": [
		0.41540828347206116,
		0.40286463499069214,
		-0.8999289274215698,
		0.9961020946502686
	],
	"nose": [
		0.48863333463668823,
		0.31399309635162354,
		-0.16044536232948303,
		0.9999973773956299
	],
	"left_eye": [
		0.472207248210907,
		0.2658255100250244,
		-0.11337640136480331,
		0.9999961256980896
	],
	"right_eye": [
		0.46228545904159546,
		0.27150171995162964,
		-0.1697569191455841,
		0.999997615814209
	],
	"left_ear": [
		0.4367824196815491,
		0.2902913987636566,
		0.09976713359355927,
		0.9999983310699463
	],
	"right_ear": [
		0.4207492768764496,
		0.29994264245033264,
		-0.15274176001548767,
		0.9999985694885254
	]
}