{
	"left_hip": [
		0.49930065870285034,
		1.1732158660888672,
		0.1157907247543335,
		0.8074874877929688
	],
	"left_knee": [
		0.5192986726760864,
		1.647337794303894,
		0.11951502412557602,
		0.023169605061411858
	],
	"left_ankle": [
		0.5161322355270386,
		2.0834474563598633,
		0.38349243998527527,
		0.0016996037447825074
	],
	"right_hip": [
		0.38402247428894043,
		1.1878793239593506,
		-0.11499013006687164,
		0.7935735583305359
	],
	"right_knee": [
		0.3862498700618744,
		1.6683474779129028,
		-0.10840889066457748,
		0.11068517714738846
	],
	"right_ankle": [
		0.38656607270240784,
		2.135800361633301,
		0.033642612397670746,
		0.023490289226174355
	],
	"left_shoulder": [
		0.4905770421028137,
		0.5314203500747681,
		0.25393229722976685,
		0.9999176263809204
	],
	"left_elbow": [
		0.6482847332954407,
		0.5294365882873535,
		0.3592871427536011,
		0.9974534511566162
	],
	"left_wrist": [
		0.805383026599884,
		0.4842465817928314,
		0.32150501012802124,
		0.9991825222969055
	],
	"right_shoulder": [
		0.3406657576560974,
		0.5126112699508667,
		-0.3117144703865051,
		0.9998950362205505
	],
	"right_elbow": [
		0.23872974514961243,
		0.37968921661376953,
		-0.7497390508651733,
		0.9982896447181702
	],
	"right_wrist": [
		0.41385239362716675,
		0.3999205529689789,
		-0.9312772750854492,
		0.9966709613800049
	],
	"nose": [
		0.4887600541114807,
		0.31303825974464417,
		-0.15622550249099731,
		0.9999973773956299
	],
	"left_eye": [
		0.4719606935977936,
		0.2653525173664093,
		-0.10842571407556534,
		0.9999962449073792
	],
	"right_eye": [
		0.4610872268676758,
		0.27168411016464233,
		-0.16525286436080933,
		0.9999977946281433
	],
	"left_ear": [
		0.4364061951637268,
		0.28990593552589417,
		0.10321348905563354,
		0.9999983906745911
	],
	"right_ear": [
		0.4201258718967438,
		0.3003363013267517,
		-0.15359021723270416,
		0.9999987483024597
	]
}