{
	"left_hip": [
		0.5029929280281067,
		1.178153395652771,
		0.11568919569253922,
		0.8203261494636536
	],
	"left_knee": [
		0.5192946195602417,
		1.6554315090179443,
		0.13234664499759674,
		0.02379600703716278
	],
	"left_ankle": [
		0.5204340815544128,
		2.091519355773926,
		0.3863151967525482,
		0.0017549085896462202
	],
	"right_hip": [
		0.3853837847709656,
		1.2022578716278076,
		-0.11490608751773834,
		0.8045437335968018
	],
	"right_knee": [
		0.3868010342121124,
		1.6789484024047852,
		-0.09673043340444565,
		0.11140929162502289
	],
	"right_ankle": [
		0.3900008797645569,
		2.146331310272217,
		0.043563857674598694,
		0.022170603275299072
	],
	"left_shoulder": [
		0.4937899708747864,
		0.531889021396637,
		0.2396111935377121,
		0.9999153017997742
	],
	"left_elbow": [
		0.6595035791397095,
		0.5167155265808105,
		0.289137065410614,
		0.9975656867027283
	],
	"left_wrist": [
		0.8033555150032043,
		0.4789395332336426,
		0.18450722098350525,
		0.9991520643234253
	],
	"right_shoulder": [
		0.34287649393081665,
		0.5130598545074463,
		-0.2888958156108856,
		0.9999002814292908
	],
	"right_elbow": [
		0.23534758388996124,
		0.38513925671577454,
		-0.7068356871604919,
		0.998529314994812
	],
	"right_wrist": [
		0.41485634446144104,
		0.4088835120201111,
		-0.8428614735603333,
		0.9964491724967957
	],
	"nose": [
		0.4880620539188385,
		0.3121563196182251,
		-0.19547012448310852,
		0.999997615814209
	],
	"left_eye": [
		0.47179341316223145,
		0.26476234197616577,
		-0.146663635969162,
		0.999996542930603
	],
	"right_eye": [
		0.45794162154197693,
		0.27189165353775024,
		-0.19940240681171417,
		0.9999980330467224
	],
	"left_ear": [
		0.43717217445373535,
		0.28966671228408813,
		0.08067075908184052,
		0.9999984502792358
	],
	"right_ear": [
		0.4176751673221588,
		0.301884263753891,
		-0.15353280305862427,
		0.999998927116394
	]
}