{
	"left_hip": [
		0.5017128586769104,
		1.1826590299606323,
		0.11266566812992096,
		0.815301239490509
	],
	"left_knee": [
		0.5180806517601013,
		1.6611653566360474,
		0.12873615324497223,
		0.02126096747815609
	],
	"left_ankle": [
		0.5201890468597412,
		2.098330020904541,
		0.37423965334892273,
		0.0015061255544424057
	],
	"right_hip": [
		0.38475027680397034,
		1.2061059474945068,
		-0.11184068769216537,
		0.7967451214790344
	],
	"right_knee": [
		0.3858277201652527,
		1.6832025051116943,
		-0.09471173584461212,
		0.10272978246212006
	],
	"right_ankle": [
		0.38839441537857056,
		2.1536316871643066,
		0.0450003407895565,
		0.019076576456427574
	],
	"left_shoulder": [
		0.49506574869155884,
		0.5326586365699768,
		0.23302964866161346,
		0.9999102354049683
	],
	"left_elbow": [
		0.6644189357757568,
		0.5216417908668518,
		0.277152955532074,
		0.9976286888122559
	],
	"left_wrist": [
		0.8032243847846985,
		0.49066582322120667,
		0.17550918459892273,
		0.9991415739059448
	],
	"right_shoulder": [
		0.3429727554321289,
		0.5136168599128723,
		-0.2679665684700012,
		0.9998880624771118
	],
	"right_elbow": [
		0.23603956401348114,
		0.3889414370059967,
		-0.6625378131866455,
		0.9984763264656067
	],
	"right_wrist": [
		0.41552576422691345,
		0.40975961089134216,
		-0.7916929721832275,
		0.9961767196655273
	],
	"nose": [
		0.48856639862060547,
		0.3091937303543091,
		-0.18049299716949463,
		0.9999974966049194
	],
	"left_eye": [
		0.47186747193336487,
		0.2611760199069977,
		-0.1331689953804016,
		0.9999963641166687
	],
	"right_eye": [
		0.45818376541137695,
		0.26885855197906494,
		-0.18256878852844238,
		0.9999979138374329
	],
	"left_ear": [
		0.43722087144851685,
		0.28887155652046204,
		0.08722832798957825,
		0.9999983310699463
	],
	"right_ear": [
		0.4180149435997009,
		0.3005776107311249,
		-0.14224009215831757,
		0.9999988675117493
	]
}