{
	"left_hip": [
		0.5013335943222046,
		1.1824309825897217,
		0.10628758370876312,
		0.8181204795837402
	],
	"left_knee": [
		0.5169911980628967,
		1.6608788967132568,
		0.11597718298435211,
		0.019899114966392517
	],
	"left_ankle": [
		0.5183178186416626,
		2.0991830825805664,
		0.36597317457199097,
		0.0013946187682449818
	],
	"right_hip": [
		0.38287732005119324,
		1.205986499786377,
		-0.10534636676311493,
		0.7994767427444458
	],
	"right_knee": [
		0.38394519686698914,
		1.6830863952636719,
		-0.09382043033838272,
		0.09617574512958527
	],
	"right_ankle": [
		0.384962797164917,
		2.1534228324890137,
		0.04585396498441696,
		0.017591817304491997
	],
	"left_shoulder": [
		0.4972524642944336,
		0.5325278639793396,
		0.2205226719379425,
		0.9999121427536011
	],
	"left_elbow": [
		0.665147066116333,
		0.5223650932312012,
		0.2619484066963196,
		0.9977126717567444
	],
	"left_wrist": [
		0.8031147718429565,
		0.491909921169281,
		0.15495046973228455,
		0.9991443157196045
	],
	"right_shoulder": [
		0.3418806195259094,
		0.5133908987045288,
		-0.26618286967277527,
		0.9998903870582581
	],
	"right_elbow": [
		0.2360483705997467,
		0.38905856013298035,
		-0.6541856527328491,
		0.9985160827636719
	],
	"right_wrist": [
		0.4157381057739258,
		0.4099312722682953,
		-0.7715896368026733,
		0.9961682558059692
	],
	"nose": [
		0.48850899934768677,
		0.3091566860675812,
		-0.18774361908435822,
		0.9999974966049194
	],
	"left_eye": [
		0.4716514050960541,
		0.2611650228500366,
		-0.14149309694766998,
		0.9999963641166687
	],
	"right_eye": [
		0.45796728134155273,
		0.26886478066444397,
		-0.1888139396905899,
		0.9999979138374329
	],
	"left_ear": [
		0.4372131824493408,
		0.288859486579895,
		0.07563874125480652,
		0.9999983310699463
	],
	"right_ear": [
		0.41798311471939087,
		0.3004401922225952,
		-0.14260327816009521,
		0.9999988675117493
	]
}