{
	"left_hip": [
		0.5003700256347656,
		1.1823776960372925,
		0.1025368720293045,
		0.8250783085823059
	],
	"left_knee": [
		0.5098620057106018,
		1.6606539487838745,
		0.10798666626214981,
		0.019138328731060028
	],
	"left_ankle": [
		0.5055433511734009,
		2.1011252403259277,
		0.3602363169193268,
		0.0013147302670404315
	],
	"right_hip": [
		0.37840598821640015,
		1.2056459188461304,
		-0.1015198603272438,
		0.8065618276596069
	],
	"right_knee": [
		0.3750542402267456,
		1.6823909282684326,
		-0.09415771067142487,
		0.09088774025440216
	],
	"right_ankle": [
		0.3713838458061218,
		2.1532676219940186,
		0.04562411457300186,
		0.01625390537083149
	],
	"left_shoulder": [
		0.4984535574913025,
		0.5311391949653625,
		0.21586675941944122,
		0.9999154210090637
	],
	"left_elbow": [
		0.6648994088172913,
		0.5232435464859009,
		0.26266250014305115,
		0.9977882504463196
	],
	"left_wrist": [
		0.8031171560287476,
		0.4920162260532379,
		0.15901558101177216,
		0.9991459846496582
	],
	"right_shoulder": [
		0.33886951208114624,
		0.51242595911026,
		-0.26886799931526184,
		0.9998946785926819
	],
	"right_elbow": [
		0.23617658019065857,
		0.3888828754425049,
		-0.6655007600784302,
		0.9985774755477905
	],
	"right_wrist": [
		0.4159727990627289,
		0.40989950299263,
		-0.7957702875137329,
		0.9961979389190674
	],
	"nose": [
		0.487731397151947,
		0.3092392385005951,
		-0.19710128009319305,
		0.9999975562095642
	],
	"left_eye": [
		0.47060030698776245,
		0.2612401247024536,
		-0.15216994285583496,
		0.9999963641166687
	],
	"right_eye": [
		0.4565315246582031,
		0.26905596256256104,
		-0.19931688904762268,
		0.9999979138374329
	],
	"left_ear": [
		0.4371833801269531,
		0.28882959485054016,
		0.06533642113208771,
		0.9999983906745911
	],
	"right_ear": [
		0.41752129793167114,
		0.3003687858581543,
		-0.14697179198265076,
		0.999998927116394
	]
}