{
	"left_hip": [
		0.4812218248844147,
		1.16632080078125,
		0.1229034885764122,
		0.7012685537338257
	],
	"left_knee": [
		0.5114444494247437,
		1.6200566291809082,
		0.17228560149669647,
		0.015910325571894646
	],
	"left_ankle": [
		0.5406746864318848,
		2.045105218887329,
		0.420124351978302,
		0.0010806444333866239
	],
	"right_hip": [
		0.37163782119750977,
		1.2144607305526733,
		-0.12192003428936005,
		0.6758848428726196
	],
	"right_knee": [
		0.3903113007545471,
		1.6397463083267212,
		-0.10943277180194855,
		0.06756947934627533
	],
	"right_ankle": [
		0.39383572340011597,
		2.12257719039917,
		0.05105356499552727,
		0.012046045623719692
	],
	"left_shoulder": [
		0.4816645681858063,
		0.5148953795433044,
		0.16414977610111237,
		0.9998778104782104
	],
	"left_elbow": [
		0.6760890483856201,
		0.4863426685333252,
		0.18666912615299225,
		0.9964090585708618
	],
	"left_wrist": [
		0.8219194412231445,
		0.4801931083202362,
		-0.02199779450893402,
		0.9985818862915039
	],
	"right_shoulder": [
		0.3062218725681305,
		0.5218182802200317,
		-0.35449469089508057,
		0.9996907711029053
	],
	"right_elbow": [
		0.13765542209148407,
		0.5560094714164734,
		-0.7780677080154419,
		0.9950838088989258
	],
	"right_wrist": [
		0.30771976709365845,
		0.4518373906612396,
		-1.0583868026733398,
		0.9916930198669434
	],
	"nose": [
		0.4852141737937927,
		0.304864764213562,
		-0.2659849524497986,
		0.9999927282333374
	],
	"left_eye": [
		0.46584540605545044,
		0.26077327132225037,
		-0.20910091698169708,
		0.9999872446060181
	],
	"right_eye": [
		0.45676058530807495,
		0.26652291417121887,
		-0.27277857065200806,
		0.9999927282333374
	],
	"left_ear": [
		0.43389129638671875,
		0.2885216176509857,
		0.0056893108412623405,
		0.9999929666519165
	],
	"right_ear": [
		0.4131968021392822,
		0.3010559380054474,
		-0.24880385398864746,
		0.9999949336051941
	]
}