{
	"left_hip": [
		0.4825572371482849,
		1.1959376335144043,
		0.12317629903554916,
		0.6305049061775208
	],
	"left_knee": [
		0.5152307152748108,
		1.7051829099655151,
		0.12499980628490448,
		0.01594403199851513
	],
	"left_ankle": [
		0.5377368927001953,
		2.1611807346343994,
		0.41868025064468384,
		0.0009715617634356022
	],
	"right_hip": [
		0.3624717593193054,
		1.2367215156555176,
		-0.12213045358657837,
		0.5997715592384338
	],
	"right_knee": [
		0.3894539475440979,
		1.74757981300354,
		-0.13627289235591888,
		0.05992046743631363
	],
	"right_ankle": [
		0.39301642775535583,
		2.2440693378448486,
		0.027441853657364845,
		0.010289358906447887
	],
	"left_shoulder": [
		0.48515647649765015,
		0.513878345489502,
		0.1743854582309723,
		0.9998801350593567
	],
	"left_elbow": [
		0.6773359179496765,
		0.49061670899391174,
		0.2829977571964264,
		0.9966133832931519
	],
	"left_wrist": [
		0.8224433660507202,
		0.5204083919525146,
		0.13584676384925842,
		0.9986505508422852
	],
	"right_shoulder": [
		0.29754361510276794,
		0.542055070400238,
		-0.36162465810775757,
		0.9997135996818542
	],
	"right_elbow": [
		0.11598052084445953,
		0.6074473857879639,
		-0.7871970534324646,
		0.9951979517936707
	],
	"right_wrist": [
		0.2920404374599457,
		0.44934386014938354,
		-1.0939671993255615,
		0.9922959804534912
	],
	"nose": [
		0.48809725046157837,
		0.3055729269981384,
		-0.2515031695365906,
		0.9999920725822449
	],
	"left_eye": [
		0.46922963857650757,
		0.26194363832473755,
		-0.1951238065958023,
		0.9999843239784241
	],
	"right_eye": [
		0.46215033531188965,
		0.2667964696884155,
		-0.26369187235832214,
		0.9999917149543762
	],
	"left_ear": [
		0.4340161681175232,
		0.2890113294124603,
		0.015611506998538971,
		0.9999909400939941
	],
	"right_ear": [
		0.4162788987159729,
		0.30107375979423523,
		-0.26053348183631897,
		0.9999944567680359
	]
}