{
	"left_hip": [
		0.48509764671325684,
		1.2163296937942505,
		0.10181008279323578,
		0.5746267437934875
	],
	"left_knee": [
		0.5181657075881958,
		1.733625054359436,
		0.09479907900094986,
		0.014436322264373302
	],
	"left_ankle": [
		0.5348311066627502,
		2.1959915161132812,
		0.3894810676574707,
		0.0008278456516563892
	],
	"right_hip": [
		0.35460716485977173,
		1.2554723024368286,
		-0.10055334866046906,
		0.5369277596473694
	],
	"right_knee": [
		0.38209304213523865,
		1.775580883026123,
		-0.12660391628742218,
		0.050905320793390274
	],
	"right_ankle": [
		0.3827907145023346,
		2.272301435470581,
		0.03306833654642105,
		0.008531134575605392
	],
	"left_shoulder": [
		0.49112263321876526,
		0.5135436654090881,
		0.17202836275100708,
		0.9998924732208252
	],
	"left_elbow": [
		0.6794298887252808,
		0.4962948262691498,
		0.28942447900772095,
		0.9970264434814453
	],
	"left_wrist": [
		0.820759117603302,
		0.5412909388542175,
		0.1895659863948822,
		0.9988023638725281
	],
	"right_shoulder": [
		0.2965840697288513,
		0.5626921057701111,
		-0.34326261281967163,
		0.9997476935386658
	],
	"right_elbow": [
		0.1110302209854126,
		0.6281940340995789,
		-0.7296444177627563,
		0.9955745339393616
	],
	"right_wrist": [
		0.28000009059906006,
		0.4471737742424011,
		-1.0553371906280518,
		0.9930840134620667
	],
	"nose": [
		0.48937907814979553,
		0.30441007018089294,
		-0.23205582797527313,
		0.999992847442627
	],
	"left_eye": [
		0.4705074429512024,
		0.26153501868247986,
		-0.1780128926038742,
		0.9999853372573853
	],
	"right_eye": [
		0.4630725383758545,
		0.2663058936595917,
		-0.24389418959617615,
		0.9999923706054688
	],
	"left_ear": [
		0.4343692660331726,
		0.28932416439056396,
		0.02130710333585739,
		0.9999914765357971
	],
	"right_ear": [
		0.4169713854789734,
		0.30119723081588745,
		-0.2462814599275589,
		0.9999949336051941
	]
}