{
	"left_hip": [
		0.487191766500473,
		1.1871687173843384,
		0.10856933891773224,
		0.3431217074394226
	],
	"left_knee": [
		0.5233665704727173,
		1.700040340423584,
		0.08329510688781738,
		0.008168209344148636
	],
	"left_ankle": [
		0.5365320444107056,
		2.1618807315826416,
		0.3627943992614746,
		0.00033447903115302324
	],
	"right_hip": [
		0.3546493351459503,
		1.230832815170288,
		-0.10727019608020782,
		0.285060316324234
	],
	"right_knee": [
		0.3848136365413666,
		1.7234104871749878,
		-0.15805351734161377,
		0.02009613811969757
	],
	"right_ankle": [
		0.3867712914943695,
		2.2157018184661865,
		0.0020675291307270527,
		0.002723504090681672
	],
	"left_shoulder": [
		0.47727179527282715,
		0.5186229944229126,
		0.15083631873130798,
		0.9998800158500671
	],
	"left_elbow": [
		0.6781097650527954,
		0.5064898729324341,
		0.17849759757518768,
		0.9971357583999634
	],
	"left_wrist": [
		0.7913901805877686,
		0.5380977392196655,
		-0.048282474279403687,
		0.9986096024513245
	],
	"right_shoulder": [
		0.28340214490890503,
		0.5527071952819824,
		-0.33973297476768494,
		0.9996183514595032
	],
	"right_elbow": [
		0.1050536036491394,
		0.6139962077140808,
		-0.7579769492149353,
		0.9936779141426086
	],
	"right_wrist": [
		0.23777493834495544,
		0.4199703633785248,
		-1.0896985530853271,
		0.9925081729888916
	],
	"nose": [
		0.48827871680259705,
		0.31388571858406067,
		-0.2508094310760498,
		0.9999786615371704
	],
	"left_eye": [
		0.46986132860183716,
		0.26704320311546326,
		-0.20110812783241272,
		0.9999551177024841
	],
	"right_eye": [
		0.46559008955955505,
		0.2705382704734802,
		-0.2692796587944031,
		0.999975323677063
	],
	"left_ear": [
		0.4288581311702728,
		0.292326956987381,
		0.021035974845290184,
		0.9999715089797974
	],
	"right_ear": [
		0.4193275570869446,
		0.3010661005973816,
		-0.2795272171497345,
		0.9999822974205017
	]
}