{
	"left_hip": [
		0.40433818101882935,
		1.1999363899230957,
		0.11574922502040863,
		0.37685874104499817
	],
	"left_knee": [
		0.4605182707309723,
		1.6337209939956665,
		0.23247167468070984,
		0.02838893234729767
	],
	"left_ankle": [
		0.5201404690742493,
		2.1013681888580322,
		0.5037945508956909,
		0.001815566560253501
	],
	"right_hip": [
		0.4239252209663391,
		1.2335362434387207,
		-0.1148761734366417,
		0.34296664595603943
	],
	"right_knee": [
		0.41855016350746155,
		1.709758996963501,
		0.02039891853928566,
		0.11374019831418991
	],
	"right_ankle": [
		0.4411998391151428,
		2.22438645362854,
		0.16388793289661407,
		0.015609689056873322
	],
	"left_shoulder": [
		0.3174950182437897,
		0.4953777492046356,
		0.04775852710008621,
		0.9995067119598389
	],
	"left_elbow": [
		0.29981955885887146,
		0.5215234756469727,
		0.15769900381565094,
		0.9839190244674683
	],
	"left_wrist": [
		0.39238202571868896,
		0.42650073766708374,
		0.28439849615097046,
		0.9484437108039856
	],
	"right_shoulder": [
		0.4270976185798645,
		0.5522751808166504,
		-0.20730599761009216,
		0.9987889528274536
	],
	"right_elbow": [
		0.4910268187522888,
		0.6165157556533813,
		-0.39452892541885376,
		0.9913232326507568
	],
	"right_wrist": [
		0.6037009954452515,
		0.5241522192955017,
		-0.47262048721313477,
		0.9762633442878723
	],
	"nose": [
		0.48562222719192505,
		0.3130049407482147,
		0.257386714220047,
		0.9999041557312012
	],
	"left_eye": [
		0.4652892053127289,
		0.26630350947380066,
		0.2150724232196808,
		0.9999030232429504
	],
	"right_eye": [
		0.4656827449798584,
		0.2692708969116211,
		0.18465638160705566,
		0.9999141693115234
	],
	"left_ear": [
		0.4211649000644684,
		0.2924135625362396,
		0.0902494266629219,
		0.9999426007270813
	],
	"right_ear": [
		0.42445263266563416,
		0.2966202199459076,
		-0.052248042076826096,
		0.999916672706604
	]
}