{
	"left_hip": [
		0.41776299476623535,
		1.1878856420516968,
		0.13700363039970398,
		0.484794557094574
	],
	"left_knee": [
		0.46354222297668457,
		1.5990574359893799,
		0.29141420125961304,
		0.05059860274195671
	],
	"left_ankle": [
		0.5154266357421875,
		2.054710865020752,
		0.5992406010627747,
		0.003976904787123203
	],
	"right_hip": [
		0.4295284152030945,
		1.218772530555725,
		-0.1368393450975418,
		0.46395343542099
	],
	"right_knee": [
		0.42904844880104065,
		1.659681797027588,
		0.01156892441213131,
		0.18398670852184296
	],
	"right_ankle": [
		0.44319501519203186,
		2.168128252029419,
		0.17051909863948822,
		0.03450106084346771
	],
	"left_shoulder": [
		0.33687299489974976,
		0.506485641002655,
		0.141358882188797,
		0.9993745684623718
	],
	"left_elbow": [
		0.4093936085700989,
		0.5007742047309875,
		0.23814912140369415,
		0.9688997864723206
	],
	"left_wrist": [
		0.5021247863769531,
		0.4929472804069519,
		0.15367327630519867,
		0.8999056220054626
	],
	"right_shoulder": [
		0.43529945611953735,
		0.5541568994522095,
		-0.34155577421188354,
		0.998406171798706
	],
	"right_elbow": [
		0.5265709161758423,
		0.5598503947257996,
		-0.6199584603309631,
		0.9904103875160217
	],
	"right_wrist": [
		0.6347607970237732,
		0.5029955506324768,
		-0.7538343667984009,
		0.9772641658782959
	],
	"nose": [
		0.4847959578037262,
		0.3112605810165405,
		0.01356544066220522,
		0.9998311400413513
	],
	"left_eye": [
		0.46359342336654663,
		0.2658890187740326,
		0.01804751716554165,
		0.9998586177825928
	],
	"right_eye": [
		0.4651717245578766,
		0.26929402351379395,
		-0.0514032244682312,
		0.9998584389686584
	],
	"left_ear": [
		0.42025941610336304,
		0.29207727313041687,
		0.07572738826274872,
		0.9999231100082397
	],
	"right_ear": [
		0.42557406425476074,
		0.2964269816875458,
		-0.2349122017621994,
		0.9998499155044556
	]
}