{
	"left_hip": [
		0.27180880308151245,
		1.290453314781189,
		0.23003795742988586,
		0.2777705192565918
	],
	"left_knee": [
		0.34007516503334045,
		1.0410534143447876,
		0.3633081614971161,
		0.03453763574361801
	],
	"left_ankle": [
		0.32542887330055237,
		1.4309626817703247,
		0.7354530096054077,
		0.004724693018943071
	],
	"right_hip": [
		0.2644772529602051,
		1.3338372707366943,
		-0.22875039279460907,
		0.25015926361083984
	],
	"right_knee": [
		0.36566194891929626,
		1.080204963684082,
		-0.23803921043872833,
		0.12559230625629425
	],
	"right_ankle": [
		0.3178586959838867,
		1.5224632024765015,
		0.15240123867988586,
		0.0259491428732872
	],
	"left_shoulder": [
		0.27762168645858765,
		0.5816353559494019,
		0.30005887150764465,
		0.9969366192817688
	],
	"left_elbow": [
		0.4328976571559906,
		0.6304746270179749,
		0.39139848947525024,
		0.8096137046813965
	],
	"left_wrist": [
		0.5572115182876587,
		0.5862897634506226,
		0.24293287098407745,
		0.8484289050102234
	],
	"right_shoulder": [
		0.2585665285587311,
		0.6127300262451172,
		-0.47453075647354126,
		0.9690684676170349
	],
	"right_elbow": [
		0.4109763503074646,
		0.6829147338867188,
		-0.6853774785995483,
		0.8423545956611633
	],
	"right_wrist": [
		0.5628376007080078,
		0.571652889251709,
		-0.45757755637168884,
		0.8134297728538513
	],
	"nose": [
		0.43048572540283203,
		0.33696308732032776,
		-0.10622171312570572,
		0.9994528889656067
	],
	"left_eye": [
		0.3948003649711609,
		0.2947194576263428,
		-0.0765412226319313,
		0.9994732737541199
	],
	"right_eye": [
		0.4009315073490143,
		0.2959839105606079,
		-0.16990360617637634,
		0.9993762373924255
	],
	"left_ear": [
		0.3253852128982544,
		0.33275529742240906,
		0.09905314445495605,
		0.9996780753135681
	],
	"right_ear": [
		0.3214576244354248,
		0.34481021761894226,
		-0.30257704854011536,
		0.9991402626037598
	]
}