{
	"left_hip": [
		0.3796815872192383,
		1.280474066734314,
		0.20571748912334442,
		0.1906493902206421
	],
	"left_knee": [
		0.40874654054641724,
		1.7774982452392578,
		0.3576238751411438,
		0.038200028240680695
	],
	"left_ankle": [
		0.4002905786037445,
		2.27231764793396,
		0.8092113733291626,
		0.006738221738487482
	],
	"right_hip": [
		0.26799100637435913,
		1.3495097160339355,
		-0.2047850340604782,
		0.16078554093837738
	],
	"right_knee": [
		0.33192867040634155,
		1.8153460025787354,
		-0.04119475185871124,
		0.11369931697845459
	],
	"right_ankle": [
		0.32425785064697266,
		2.3196263313293457,
		0.35479745268821716,
		0.020816117525100708
	],
	"left_shoulder": [
		0.42096567153930664,
		0.5585001111030579,
		-0.0798080787062645,
		0.9975156188011169
	],
	"left_elbow": [
		0.61897212266922,
		0.5568360090255737,
		-0.013182476162910461,
		0.8195269107818604
	],
	"left_wrist": [
		0.7986801266670227,
		0.5944284200668335,
		-0.202962726354599,
		0.8824388980865479
	],
	"right_shoulder": [
		0.21750621497631073,
		0.6317075490951538,
		-0.8300434350967407,
		0.9619854688644409
	],
	"right_elbow": [
		0.2403428554534912,
		1.0629596710205078,
		-0.8964697122573853,
		0.7036206722259521
	],
	"right_wrist": [
		0.32448381185531616,
		1.328672170639038,
		-0.901589035987854,
		0.6662908792495728
	],
	"nose": [
		0.4504789412021637,
		0.34307464957237244,
		-0.5880210995674133,
		0.9990708231925964
	],
	"left_eye": [
		0.4259856641292572,
		0.2878006398677826,
		-0.5403647422790527,
		0.9985470175743103
	],
	"right_eye": [
		0.4212861955165863,
		0.2917616367340088,
		-0.6562390923500061,
		0.9987186193466187
	],
	"left_ear": [
		0.36729896068573,
		0.3189837634563446,
		-0.2908324599266052,
		0.998835027217865
	],
	"right_ear": [
		0.3550512194633484,
		0.3216366171836853,
		-0.8096274137496948,
		0.9986129999160767
	]
}