{
	"left_hip": [
		0.49863678216934204,
		1.4022667407989502,
		0.21198764443397522,
		0.10405558347702026
	],
	"left_knee": [
		0.5406638383865356,
		1.6543676853179932,
		0.40338197350502014,
		0.018534332513809204
	],
	"left_ankle": [
		0.5988600254058838,
		2.1798083782196045,
		0.7372636795043945,
		0.0035314199049025774
	],
	"right_hip": [
		0.48687544465065,
		1.4626457691192627,
		-0.21009643375873566,
		0.09545647352933884
	],
	"right_knee": [
		0.558185875415802,
		1.7142064571380615,
		-0.13824309408664703,
		0.0722723975777626
	],
	"right_ankle": [
		0.5394856333732605,
		2.282015085220337,
		0.15817350149154663,
		0.009609396569430828
	],
	"left_shoulder": [
		0.4856080412864685,
		0.6017987728118896,
		0.23824293911457062,
		0.9918923377990723
	],
	"left_elbow": [
		0.38726651668548584,
		0.8491617441177368,
		0.41909414529800415,
		0.4455028772354126
	],
	"left_wrist": [
		0.5112394094467163,
		0.6604037880897522,
		0.581501841545105,
		0.5595581531524658
	],
	"right_shoulder": [
		0.49065718054771423,
		0.6300941109657288,
		-0.44655841588974,
		0.9776430726051331
	],
	"right_elbow": [
		0.4803226888179779,
		0.8006192445755005,
		-0.3583069443702698,
		0.44160300493240356
	],
	"right_wrist": [
		0.625178873538971,
		0.8724856376647949,
		-0.01329802442342043,
		0.3468199670314789
	],
	"nose": [
		0.472155898809433,
		0.31759360432624817,
		-0.21640321612358093,
		0.998091995716095
	],
	"left_eye": [
		0.46306711435317993,
		0.27341845631599426,
		-0.1782994568347931,
		0.9977467060089111
	],
	"right_eye": [
		0.44508495926856995,
		0.28012216091156006,
		-0.2097460776567459,
		0.9978571534156799
	],
	"left_ear": [
		0.482998788356781,
		0.32149508595466614,
		-0.07915191352367401,
		0.9982157945632935
	],
	"right_ear": [
		0.4293147623538971,
		0.34928634762763977,
		-0.32527464628219604,
		0.9984430074691772
	]
}