{
	"left_hip": [
		0.5809339284896851,
		1.2950297594070435,
		0.06023595482110977,
		0.05690869688987732
	],
	"left_knee": [
		0.614733099937439,
		1.9111931324005127,
		0.08193201571702957,
		0.013252959586679935
	],
	"left_ankle": [
		0.6426860094070435,
		2.488004446029663,
		0.3077705502510071,
		0.0023115521762520075
	],
	"right_hip": [
		0.4254094660282135,
		1.3267093896865845,
		-0.05750354006886482,
		0.07185094803571701
	],
	"right_knee": [
		0.46390047669410706,
		1.9801745414733887,
		-0.14527791738510132,
		0.04773562029004097
	],
	"right_ankle": [
		0.4876708388328552,
		2.571345567703247,
		-0.012399524450302124,
		0.007051311898976564
	],
	"left_shoulder": [
		0.4888606071472168,
		0.5869606733322144,
		0.17782284319400787,
		0.986877977848053
	],
	"left_elbow": [
		0.5679052472114563,
		0.9607921242713928,
		0.23274779319763184,
		0.24554741382598877
	],
	"left_wrist": [
		0.6457998156547546,
		1.2362202405929565,
		0.09127828478813171,
		0.2467097043991089
	],
	"right_shoulder": [
		0.3452056646347046,
		0.5437319278717041,
		-0.38292545080184937,
		0.9901353716850281
	],
	"right_elbow": [
		0.39843228459358215,
		0.906108558177948,
		-0.48436713218688965,
		0.6915270686149597
	],
	"right_wrist": [
		0.4643837511539459,
		1.2606505155563354,
		-0.5520642995834351,
		0.5410904884338379
	],
	"nose": [
		0.5318407416343689,
		0.32492396235466003,
		-0.20617341995239258,
		0.9987856149673462
	],
	"left_eye": [
		0.5140799283981323,
		0.27765917778015137,
		-0.1676505208015442,
		0.998581051826477
	],
	"right_eye": [
		0.5031257271766663,
		0.28052186965942383,
		-0.23600125312805176,
		0.9987186193466187
	],
	"left_ear": [
		0.4744945168495178,
		0.2989947497844696,
		0.038955457508563995,
		0.9989908337593079
	],
	"right_ear": [
		0.45149239897727966,
		0.30359503626823425,
		-0.2389720380306244,
		0.9991953372955322
	]
}