{
	"left_hip": [
		0.5736021399497986,
		1.3005861043930054,
		0.08076269924640656,
		0.052008725702762604
	],
	"left_knee": [
		0.6136109828948975,
		1.9181337356567383,
		0.09276548027992249,
		0.012117560021579266
	],
	"left_ankle": [
		0.642488420009613,
		2.4967522621154785,
		0.30793341994285583,
		0.002098491182550788
	],
	"right_hip": [
		0.4271945059299469,
		1.3336834907531738,
		-0.07862861454486847,
		0.06528650969266891
	],
	"right_knee": [
		0.46386247873306274,
		1.9881036281585693,
		-0.1377580165863037,
		0.04340388998389244
	],
	"right_ankle": [
		0.48956140875816345,
		2.578949451446533,
		-0.0017633488168939948,
		0.006361772306263447
	],
	"left_shoulder": [
		0.48540958762168884,
		0.5872225165367126,
		0.17763866484165192,
		0.9881158471107483
	],
	"left_elbow": [
		0.5678406953811646,
		0.9656472206115723,
		0.2258424460887909,
		0.2535962760448456
	],
	"left_wrist": [
		0.6532358527183533,
		1.2160260677337646,
		0.0942399650812149,
		0.23360668122768402
	],
	"right_shoulder": [
		0.3599748909473419,
		0.5529754161834717,
		-0.4067411422729492,
		0.991097092628479
	],
	"right_elbow": [
		0.42314013838768005,
		0.9371936917304993,
		-0.4595215916633606,
		0.684815526008606
	],
	"right_wrist": [
		0.4946117401123047,
		1.3022315502166748,
		-0.49761757254600525,
		0.5129207968711853
	],
	"nose": [
		0.5495720505714417,
		0.3324289619922638,
		-0.1926727443933487,
		0.998904287815094
	],
	"left_eye": [
		0.5280615091323853,
		0.2844798266887665,
		-0.1574093997478485,
		0.9987199902534485
	],
	"right_eye": [
		0.5218101739883423,
		0.28649377822875977,
		-0.2285802662372589,
		0.998843789100647
	],
	"left_ear": [
		0.4811170995235443,
		0.30641812086105347,
		0.03321555629372597,
		0.9990891814231873
	],
	"right_ear": [
		0.4704039692878723,
		0.3058377206325531,
		-0.2716100811958313,
		0.9992737770080566
	]
}