{
	"left_hip": [
		0.5685245394706726,
		1.3014334440231323,
		0.09572762250900269,
		0.04800029098987579
	],
	"left_knee": [
		0.6124479174613953,
		1.914431095123291,
		0.09133034199476242,
		0.011145934462547302
	],
	"left_ankle": [
		0.6418449878692627,
		2.491438388824463,
		0.29993122816085815,
		0.0019094700692221522
	],
	"right_hip": [
		0.42791062593460083,
		1.3355674743652344,
		-0.09376844763755798,
		0.05972254276275635
	],
	"right_knee": [
		0.4624515175819397,
		1.9806153774261475,
		-0.12666290998458862,
		0.039592403918504715
	],
	"right_ankle": [
		0.4906536936759949,
		2.569204330444336,
		0.004567144438624382,
		0.0057453252375125885
	],
	"left_shoulder": [
		0.485063374042511,
		0.5876739621162415,
		0.1749468743801117,
		0.9892510771751404
	],
	"left_elbow": [
		0.5679453015327454,
		0.9659289121627808,
		0.22114387154579163,
		0.2696061134338379
	],
	"left_wrist": [
		0.6494841575622559,
		1.2297674417495728,
		0.09011736512184143,
		0.2199701964855194
	],
	"right_shoulder": [
		0.3679521381855011,
		0.5541014075279236,
		-0.39891570806503296,
		0.9919700026512146
	],
	"right_elbow": [
		0.42389100790023804,
		0.940520703792572,
		-0.4475642740726471,
		0.6831178665161133
	],
	"right_wrist": [
		0.4968487322330475,
		1.2965648174285889,
		-0.4898552894592285,
		0.48852378129959106
	],
	"nose": [
		0.5523836612701416,
		0.3350040912628174,
		-0.18474631011486053,
		0.9990114569664001
	],
	"left_eye": [
		0.5310567617416382,
		0.28706440329551697,
		-0.15075361728668213,
		0.9988455176353455
	],
	"right_eye": [
		0.5251535177230835,
		0.2887614071369171,
		-0.22136569023132324,
		0.9989569187164307
	],
	"left_ear": [
		0.4844802916049957,
		0.3095191419124603,
		0.03208547458052635,
		0.9991782903671265
	],
	"right_ear": [
		0.47515058517456055,
		0.3063056170940399,
		-0.27092185616493225,
		0.9993448257446289
	]
}