{
	"left_hip": [
		0.5321404337882996,
		1.271114706993103,
		0.16212524473667145,
		0.043105654418468475
	],
	"left_knee": [
		0.5691370964050293,
		1.8509873151779175,
		0.12848353385925293,
		0.009325808845460415
	],
	"left_ankle": [
		0.6054085493087769,
		2.383531332015991,
		0.28285330533981323,
		0.000766575860325247
	],
	"right_hip": [
		0.4260435700416565,
		1.3102843761444092,
		-0.15974052250385284,
		0.041193656623363495
	],
	"right_knee": [
		0.4564817547798157,
		1.9242507219314575,
		-0.10626769065856934,
		0.025640040636062622
	],
	"right_ankle": [
		0.48037853837013245,
		2.4795725345611572,
		-0.024575386196374893,
		0.001942513627000153
	],
	"left_shoulder": [
		0.4602780342102051,
		0.5885478258132935,
		0.2753293216228485,
		0.9976552724838257
	],
	"left_elbow": [
		0.5229657888412476,
		0.9142720699310303,
		0.2953898310661316,
		0.4286019206047058
	],
	"left_wrist": [
		0.621316134929657,
		1.199567198753357,
		0.09718336164951324,
		0.206563800573349
	],
	"right_shoulder": [
		0.3821188509464264,
		0.5644561052322388,
		-0.3830835223197937,
		0.9984317421913147
	],
	"right_elbow": [
		0.4304434657096863,
		0.9149489402770996,
		-0.46404141187667847,
		0.82606041431427
	],
	"right_wrist": [
		0.5423835515975952,
		1.240385890007019,
		-0.4776535928249359,
		0.5203396677970886
	],
	"nose": [
		0.5459483861923218,
		0.33405840396881104,
		-0.1046760305762291,
		0.9998077154159546
	],
	"left_eye": [
		0.5282055139541626,
		0.28505226969718933,
		-0.07124067842960358,
		0.9997757077217102
	],
	"right_eye": [
		0.5196730494499207,
		0.2867678999900818,
		-0.14162515103816986,
		0.9997969269752502
	],
	"left_ear": [
		0.4813074469566345,
		0.3056437373161316,
		0.09498167037963867,
		0.9998381733894348
	],
	"right_ear": [
		0.469128280878067,
		0.30679547786712646,
		-0.22134771943092346,
		0.9998724460601807
	]
}