{
	"left_hip": [
		0.533424973487854,
		1.264143943786621,
		0.16134335100650787,
		0.043572135269641876
	],
	"left_knee": [
		0.5693666338920593,
		1.8399193286895752,
		0.1199953556060791,
		0.009261444211006165
	],
	"left_ankle": [
		0.6051679849624634,
		2.372140407562256,
		0.27928513288497925,
		0.0007423940114676952
	],
	"right_hip": [
		0.4286491870880127,
		1.2998545169830322,
		-0.1589985340833664,
		0.041364192962646484
	],
	"right_knee": [
		0.4559391140937805,
		1.9066784381866455,
		-0.11063452810049057,
		0.02608521655201912
	],
	"right_ankle": [
		0.4778163433074951,
		2.4626095294952393,
		-0.033874839544296265,
		0.0019059347687289119
	],
	"left_shoulder": [
		0.4604341983795166,
		0.5872159600257874,
		0.27567049860954285,
		0.9978437423706055
	],
	"left_elbow": [
		0.5237061381340027,
		0.89876788854599,
		0.3112143874168396,
		0.4304887056350708
	],
	"left_wrist": [
		0.6355825662612915,
		1.1610190868377686,
		0.11781854927539825,
		0.22072196006774902
	],
	"right_shoulder": [
		0.38055816292762756,
		0.5572719573974609,
		-0.36994969844818115,
		0.9985783696174622
	],
	"right_elbow": [
		0.42885661125183105,
		0.8929283618927002,
		-0.4565381407737732,
		0.8308463096618652
	],
	"right_wrist": [
		0.5468095541000366,
		1.189409613609314,
		-0.4778708517551422,
		0.5415974855422974
	],
	"nose": [
		0.542925238609314,
		0.33298465609550476,
		-0.09477583318948746,
		0.9998262524604797
	],
	"left_eye": [
		0.5257688760757446,
		0.2844255864620209,
		-0.06299269944429398,
		0.9997972846031189
	],
	"right_eye": [
		0.517650842666626,
		0.2854439914226532,
		-0.1322978287935257,
		0.9998164176940918
	],
	"left_ear": [
		0.4801013469696045,
		0.30479052662849426,
		0.0993446409702301,
		0.9998534321784973
	],
	"right_ear": [
		0.4671576917171478,
		0.3054886758327484,
		-0.21312753856182098,
		0.9998846054077148
	]
}