{
	"left_hip": [
		0.4637959897518158,
		1.1455777883529663,
		0.18161830306053162,
		0.1292937994003296
	],
	"left_knee": [
		0.5298311710357666,
		1.4198628664016724,
		0.20678620040416718,
		0.01874234899878502
	],
	"left_ankle": [
		0.5814327597618103,
		1.8400858640670776,
		0.4064989984035492,
		0.003095245221629739
	],
	"right_hip": [
		0.4191683232784271,
		1.1492369174957275,
		-0.18042971193790436,
		0.1471032351255417
	],
	"right_knee": [
		0.4614936411380768,
		1.4576307535171509,
		-0.18432822823524475,
		0.07126794010400772
	],
	"right_ankle": [
		0.4789583683013916,
		1.9744969606399536,
		-0.05256618186831474,
		0.012770304456353188
	],
	"left_shoulder": [
		0.4140627980232239,
		0.536574125289917,
		0.3687456250190735,
		0.9923794269561768
	],
	"left_elbow": [
		0.4471043646335602,
		0.8349965214729309,
		0.37366312742233276,
		0.1979120671749115
	],
	"left_wrist": [
		0.5659797787666321,
		0.9637115001678467,
		0.18498745560646057,
		0.20373156666755676
	],
	"right_shoulder": [
		0.4058571457862854,
		0.5031276345252991,
		-0.34786027669906616,
		0.9989506602287292
	],
	"right_elbow": [
		0.5274528861045837,
		0.7564100623130798,
		-0.3764227032661438,
		0.8795732259750366
	],
	"right_wrist": [
		0.6330610513687134,
		0.9059050679206848,
		-0.18632332980632782,
		0.7542330622673035
	],
	"nose": [
		0.5204617977142334,
		0.34513455629348755,
		0.012324273586273193,
		0.9994731545448303
	],
	"left_eye": [
		0.5057965517044067,
		0.2923823297023773,
		0.041078124195337296,
		0.9994894862174988
	],
	"right_eye": [
		0.49996915459632874,
		0.28960418701171875,
		-0.03433248773217201,
		0.9995359778404236
	],
	"left_ear": [
		0.4640614986419678,
		0.3018258810043335,
		0.17147234082221985,
		0.9994388222694397
	],
	"right_ear": [
		0.4563770294189453,
		0.30158188939094543,
		-0.16565284132957458,
		0.9995940327644348
	]
}