{
	"left_hip": [
		0.4585629105567932,
		1.0470329523086548,
		0.17818379402160645,
		0.38751843571662903
	],
	"left_knee": [
		0.5851002931594849,
		1.0545549392700195,
		0.04119136184453964,
		0.06730462610721588
	],
	"left_ankle": [
		0.5904765129089355,
		1.453192949295044,
		0.1381336748600006,
		0.0181424543261528
	],
	"right_hip": [
		0.40668219327926636,
		1.0467345714569092,
		-0.1771276444196701,
		0.4211936891078949
	],
	"right_knee": [
		0.4921085238456726,
		1.1516021490097046,
		-0.2897777259349823,
		0.37115710973739624
	],
	"right_ankle": [
		0.4955446720123291,
		1.5693707466125488,
		-0.2565903067588806,
		0.07507727295160294
	],
	"left_shoulder": [
		0.43019747734069824,
		0.5245010256767273,
		0.46125712990760803,
		0.9937775731086731
	],
	"left_elbow": [
		0.487445205450058,
		0.7692185044288635,
		0.5243431329727173,
		0.09734877943992615
	],
	"left_wrist": [
		0.6017544269561768,
		0.8759977221488953,
		0.3416617512702942,
		0.11243193596601486
	],
	"right_shoulder": [
		0.3922584652900696,
		0.47639569640159607,
		-0.19427034258842468,
		0.9993650913238525
	],
	"right_elbow": [
		0.47133055329322815,
		0.6670888066291809,
		-0.26892977952957153,
		0.9370294809341431
	],
	"right_wrist": [
		0.6079705953598022,
		0.8139076828956604,
		-0.2691219747066498,
		0.846670389175415
	],
	"nose": [
		0.5202816724777222,
		0.36166173219680786,
		0.15624843537807465,
		0.9989773035049438
	],
	"left_eye": [
		0.5098572969436646,
		0.3094402551651001,
		0.18497303128242493,
		0.9988412857055664
	],
	"right_eye": [
		0.5042349100112915,
		0.3048931360244751,
		0.11790963262319565,
		0.9988163709640503
	],
	"left_ear": [
		0.46809735894203186,
		0.3124862313270569,
		0.3063371777534485,
		0.9990265369415283
	],
	"right_ear": [
		0.4603903293609619,
		0.30884724855422974,
		0.006893042474985123,
		0.9991493225097656
	]
}