{
	"left_hip": [
		0.45608529448509216,
		1.0431138277053833,
		0.17348818480968475,
		0.3856908977031708
	],
	"left_knee": [
		0.5640877485275269,
		0.8436745405197144,
		0.10286430269479752,
		0.10052695125341415
	],
	"left_ankle": [
		0.6857134103775024,
		0.9765110015869141,
		0.20145392417907715,
		0.024911899119615555
	],
	"right_hip": [
		0.39268702268600464,
		1.0534422397613525,
		-0.17272965610027313,
		0.383816659450531
	],
	"right_knee": [
		0.46638059616088867,
		0.9309561252593994,
		-0.2653350234031677,
		0.40516045689582825
	],
	"right_ankle": [
		0.5599314570426941,
		1.1635186672210693,
		-0.15415748953819275,
		0.08013156056404114
	],
	"left_shoulder": [
		0.4335721433162689,
		0.5122095346450806,
		0.35096269845962524,
		0.9948240518569946
	],
	"left_elbow": [
		0.5849708914756775,
		0.6733999848365784,
		0.41292324662208557,
		0.17305877804756165
	],
	"left_wrist": [
		0.6872003674507141,
		0.7586337327957153,
		0.24071486294269562,
		0.24336360394954681
	],
	"right_shoulder": [
		0.38429880142211914,
		0.4672574996948242,
		-0.27777236700057983,
		0.9990389347076416
	],
	"right_elbow": [
		0.5135809779167175,
		0.6195180416107178,
		-0.3969201147556305,
		0.9443026185035706
	],
	"right_wrist": [
		0.6186861395835876,
		0.6853516101837158,
		-0.3144836127758026,
		0.8800506591796875
	],
	"nose": [
		0.5151333808898926,
		0.3593807816505432,
		0.014111923985183239,
		0.9982864260673523
	],
	"left_eye": [
		0.5053552389144897,
		0.3088611662387848,
		0.04474944993853569,
		0.9978589415550232
	],
	"right_eye": [
		0.4985920488834381,
		0.30493777990341187,
		-0.02028374746441841,
		0.9978964328765869
	],
	"left_ear": [
		0.46651721000671387,
		0.31332501769065857,
		0.18820573389530182,
		0.9982544779777527
	],
	"right_ear": [
		0.4559788703918457,
		0.309952974319458,
		-0.10480735450983047,
		0.9982017278671265
	]
}