{
	"left_hip": [
		0.47402095794677734,
		1.0147534608840942,
		0.16743037104606628,
		0.41333577036857605
	],
	"left_knee": [
		0.5953896045684814,
		0.733989953994751,
		0.14473573863506317,
		0.10088410973548889
	],
	"left_ankle": [
		0.8169105648994446,
		0.5257813334465027,
		0.3132772445678711,
		0.04228399321436882
	],
	"right_hip": [
		0.41649502515792847,
		1.0772780179977417,
		-0.16675159335136414,
		0.3957676291465759
	],
	"right_knee": [
		0.551313042640686,
		0.8306803107261658,
		-0.2011323720216751,
		0.5173177719116211
	],
	"right_ankle": [
		0.7815304398536682,
		0.5480268001556396,
		-0.01142522506415844,
		0.1406867504119873
	],
	"left_shoulder": [
		0.4650491178035736,
		0.502167284488678,
		0.14216460287570953,
		0.996843159198761
	],
	"left_elbow": [
		0.6221842169761658,
		0.4520834684371948,
		0.12972383201122284,
		0.5239663124084473
	],
	"left_wrist": [
		0.8142017126083374,
		0.47582218050956726,
		-0.0992741733789444,
		0.5448574423789978
	],
	"right_shoulder": [
		0.38520902395248413,
		0.46447673439979553,
		-0.4085692763328552,
		0.9972121119499207
	],
	"right_elbow": [
		0.4637652337551117,
		0.3665407598018646,
		-0.7051813006401062,
		0.9599069356918335
	],
	"right_wrist": [
		0.6188248991966248,
		0.3549111485481262,
		-0.7416749000549316,
		0.8924434781074524
	],
	"nose": [
		0.5187415480613708,
		0.30386754870414734,
		-0.1951245218515396,
		0.9992049932479858
	],
	"left_eye": [
		0.5050081014633179,
		0.2677575945854187,
		-0.1614258885383606,
		0.9990062713623047
	],
	"right_eye": [
		0.5003806352615356,
		0.27179962396621704,
		-0.221278116106987,
		0.9989587068557739
	],
	"left_ear": [
		0.4679957926273346,
		0.28695982694625854,
		0.006599864456802607,
		0.999234139919281
	],
	"right_ear": [
		0.46346932649612427,
		0.29298850893974304,
		-0.2691669464111328,
		0.9991496205329895
	]
}