{
	"left_hip": [
		0.47278648614883423,
		1.006859540939331,
		0.1624108850955963,
		0.417928546667099
	],
	"left_knee": [
		0.5811656713485718,
		0.7149637341499329,
		0.10818067938089371,
		0.10111315548419952
	],
	"left_ankle": [
		0.7427114248275757,
		0.609691858291626,
		0.2369856834411621,
		0.04711711406707764
	],
	"right_hip": [
		0.41603612899780273,
		1.0694862604141235,
		-0.1617661714553833,
		0.4011191725730896
	],
	"right_knee": [
		0.5186483860015869,
		0.8558117151260376,
		-0.20623023808002472,
		0.5223270058631897
	],
	"right_ankle": [
		0.6632683873176575,
		0.7426503896713257,
		-0.05309947207570076,
		0.14672400057315826
	],
	"left_shoulder": [
		0.4641561508178711,
		0.4950026273727417,
		0.1492694914340973,
		0.9969384074211121
	],
	"left_elbow": [
		0.6218366026878357,
		0.43131470680236816,
		0.09993048757314682,
		0.5546738505363464
	],
	"left_wrist": [
		0.8034278750419617,
		0.44509753584861755,
		-0.14498260617256165,
		0.5690432190895081
	],
	"right_shoulder": [
		0.3853248953819275,
		0.46321552991867065,
		-0.3831719756126404,
		0.9972220659255981
	],
	"right_elbow": [
		0.4654216170310974,
		0.32184356451034546,
		-0.6993992328643799,
		0.9618371725082397
	],
	"right_wrist": [
		0.6085911989212036,
		0.3342069089412689,
		-0.7595473527908325,
		0.8941292762756348
	],
	"nose": [
		0.5103952288627625,
		0.2987959384918213,
		-0.1938169300556183,
		0.9992614388465881
	],
	"left_eye": [
		0.4997614920139313,
		0.261318176984787,
		-0.15754511952400208,
		0.9990793466567993
	],
	"right_eye": [
		0.4968646466732025,
		0.2661260664463043,
		-0.20974615216255188,
		0.9990280866622925
	],
	"left_ear": [
		0.46638035774230957,
		0.2799263000488281,
		0.022315502166748047,
		0.9992845058441162
	],
	"right_ear": [
		0.46313315629959106,
		0.28695711493492126,
		-0.2293761521577835,
		0.9992109537124634
	]
}