{
	"left_hip": [
		0.4945334494113922,
		1.154288649559021,
		0.11460194736719131,
		0.737893283367157
	],
	"left_knee": [
		0.5120298862457275,
		1.6234792470932007,
		0.11063145101070404,
		0.030871136114001274
	],
	"left_ankle": [
		0.5167128443717957,
		2.0515971183776855,
		0.35656946897506714,
		0.006361719686537981
	],
	"right_hip": [
		0.3749348521232605,
		1.1745072603225708,
		-0.11334798485040665,
		0.6778114438056946
	],
	"right_knee": [
		0.372685968875885,
		1.639976978302002,
		-0.12047944962978363,
		0.11975912749767303
	],
	"right_ankle": [
		0.3795810341835022,
		2.0968258380889893,
		0.00169970968272537,
		0.023623360320925713
	],
	"left_shoulder": [
		0.4894774556159973,
		0.5329996347427368,
		0.2012815922498703,
		0.9997285604476929
	],
	"left_elbow": [
		0.661979079246521,
		0.5130484700202942,
		0.2143084555864334,
		0.9792498350143433
	],
	"left_wrist": [
		0.8069637417793274,
		0.4599158763885498,
		0.03192051500082016,
		0.9854679107666016
	],
	"right_shoulder": [
		0.334526002407074,
		0.4899250268936157,
		-0.3369293808937073,
		0.9992692470550537
	],
	"right_elbow": [
		0.2693043351173401,
		0.4190848171710968,
		-0.785443127155304,
		0.9938721060752869
	],
	"right_wrist": [
		0.43605512380599976,
		0.46007370948791504,
		-0.996191680431366,
		0.988955020904541
	],
	"nose": [
		0.4844367504119873,
		0.30705249309539795,
		-0.2113676369190216,
		0.9999763369560242
	],
	"left_eye": [
		0.4667356610298157,
		0.26306653022766113,
		-0.16334518790245056,
		0.9999716877937317
	],
	"right_eye": [
		0.45800089836120605,
		0.2684309780597687,
		-0.2165575474500656,
		0.9999756217002869
	],
	"left_ear": [
		0.43269214034080505,
		0.28609994053840637,
		0.06543539464473724,
		0.9999827146530151
	],
	"right_ear": [
		0.4179600179195404,
		0.2980175316333771,
		-0.1836109310388565,
		0.9999814629554749
	]
}