{
	"left_hip": [
		0.4936642646789551,
		1.1755918264389038,
		0.13750571012496948,
		0.7830032706260681
	],
	"left_knee": [
		0.5076428651809692,
		1.6458290815353394,
		0.1257995218038559,
		0.034096211194992065
	],
	"left_ankle": [
		0.5091522336006165,
		2.0781545639038086,
		0.3616199493408203,
		0.004147861618548632
	],
	"right_hip": [
		0.38322630524635315,
		1.190040111541748,
		-0.13672398030757904,
		0.7488653659820557
	],
	"right_knee": [
		0.37294259667396545,
		1.6519168615341187,
		-0.13678991794586182,
		0.1567244678735733
	],
	"right_ankle": [
		0.3723118305206299,
		2.121699571609497,
		-0.012463980354368687,
		0.03224775195121765
	],
	"left_shoulder": [
		0.4950404167175293,
		0.538413405418396,
		0.2649354934692383,
		0.9997879266738892
	],
	"left_elbow": [
		0.6660529971122742,
		0.5225152373313904,
		0.26864656805992126,
		0.9895904064178467
	],
	"left_wrist": [
		0.8087202310562134,
		0.47551456093788147,
		0.08030497282743454,
		0.9936032295227051
	],
	"right_shoulder": [
		0.3515610098838806,
		0.504137396812439,
		-0.2767147719860077,
		0.9995865821838379
	],
	"right_elbow": [
		0.24818947911262512,
		0.3688523769378662,
		-0.736760139465332,
		0.9967660903930664
	],
	"right_wrist": [
		0.4253775179386139,
		0.42541876435279846,
		-0.9510062336921692,
		0.993228554725647
	],
	"nose": [
		0.4830479025840759,
		0.3062783479690552,
		-0.19504660367965698,
		0.9999874830245972
	],
	"left_eye": [
		0.46509018540382385,
		0.2593521475791931,
		-0.14315125346183777,
		0.9999842643737793
	],
	"right_eye": [
		0.4493456780910492,
		0.2658887803554535,
		-0.19234305620193481,
		0.9999880194664001
	],
	"left_ear": [
		0.4351995885372162,
		0.2864006757736206,
		0.09838173538446426,
		0.9999908804893494
	],
	"right_ear": [
		0.4134066700935364,
		0.2978581190109253,
		-0.11961271613836288,
		0.9999915361404419
	]
}