{
	"left_hip": [
		0.49403923749923706,
		1.1752052307128906,
		0.12146508693695068,
		0.8115984201431274
	],
	"left_knee": [
		0.5070281624794006,
		1.6467164754867554,
		0.11075316369533539,
		0.03748326376080513
	],
	"left_ankle": [
		0.5074009299278259,
		2.082455635070801,
		0.35817134380340576,
		0.004051122814416885
	],
	"right_hip": [
		0.3804941475391388,
		1.189412236213684,
		-0.12092278897762299,
		0.7854844331741333
	],
	"right_knee": [
		0.3712374269962311,
		1.6552233695983887,
		-0.1257665455341339,
		0.16170941293239594
	],
	"right_ankle": [
		0.3712471127510071,
		2.128553867340088,
		0.012428255751729012,
		0.03481356427073479
	],
	"left_shoulder": [
		0.4956800937652588,
		0.5355994701385498,
		0.2574918866157532,
		0.9998085498809814
	],
	"left_elbow": [
		0.6653750538825989,
		0.5221281051635742,
		0.2576291263103485,
		0.9917696118354797
	],
	"left_wrist": [
		0.8084238171577454,
		0.4758453369140625,
		0.10376296937465668,
		0.995035707950592
	],
	"right_shoulder": [
		0.3432742953300476,
		0.5030738115310669,
		-0.27281591296195984,
		0.9996690154075623
	],
	"right_elbow": [
		0.2459188997745514,
		0.3671499192714691,
		-0.7351527214050293,
		0.9974532127380371
	],
	"right_wrist": [
		0.4258403778076172,
		0.4224335253238678,
		-0.9247638583183289,
		0.9943126440048218
	],
	"nose": [
		0.47794589400291443,
		0.30784350633621216,
		-0.20445004105567932,
		0.999988853931427
	],
	"left_eye": [
		0.46057677268981934,
		0.26105570793151855,
		-0.15381386876106262,
		0.9999855160713196
	],
	"right_eye": [
		0.4428160786628723,
		0.2676175832748413,
		-0.20020325481891632,
		0.9999896883964539
	],
	"left_ear": [
		0.43480467796325684,
		0.2864879071712494,
		0.08850188553333282,
		0.9999918341636658
	],
	"right_ear": [
		0.4086734652519226,
		0.29775798320770264,
		-0.12144830077886581,
		0.999993085861206
	]
}