{
	"left_hip": [
		0.49487486481666565,
		1.1769393682479858,
		0.11177290976047516,
		0.8506527543067932
	],
	"left_knee": [
		0.5077958106994629,
		1.6500318050384521,
		0.09827437251806259,
		0.03706742450594902
	],
	"left_ankle": [
		0.5072759985923767,
		2.0896172523498535,
		0.33501332998275757,
		0.003118215361610055
	],
	"right_hip": [
		0.3786158561706543,
		1.1889034509658813,
		-0.11110801994800568,
		0.8331334590911865
	],
	"right_knee": [
		0.3720267415046692,
		1.6582378149032593,
		-0.1188926249742508,
		0.13909785449504852
	],
	"right_ankle": [
		0.3717748820781708,
		2.1335537433624268,
		0.005767705850303173,
		0.03041316196322441
	],
	"left_shoulder": [
		0.49422159790992737,
		0.5340710878372192,
		0.2481640875339508,
		0.9998673796653748
	],
	"left_elbow": [
		0.6640968322753906,
		0.5260001420974731,
		0.26805922389030457,
		0.9955836534500122
	],
	"left_wrist": [
		0.8050772547721863,
		0.4923955798149109,
		0.13666534423828125,
		0.997541606426239
	],
	"right_shoulder": [
		0.3421490788459778,
		0.5014601945877075,
		-0.25459009408950806,
		0.9998093843460083
	],
	"right_elbow": [
		0.2382635623216629,
		0.3689354956150055,
		-0.7027861475944519,
		0.9984066486358643
	],
	"right_wrist": [
		0.42302995920181274,
		0.42191392183303833,
		-0.895788311958313,
		0.9957597851753235
	],
	"nose": [
		0.4808887839317322,
		0.30876561999320984,
		-0.1859661340713501,
		0.9999932050704956
	],
	"left_eye": [
		0.4622523784637451,
		0.2626514732837677,
		-0.13594971597194672,
		0.9999908208847046
	],
	"right_eye": [
		0.4479162096977234,
		0.26825007796287537,
		-0.18298470973968506,
		0.9999939203262329
	],
	"left_ear": [
		0.43417197465896606,
		0.2882929742336273,
		0.09663127362728119,
		0.9999950528144836
	],
	"right_ear": [
		0.4101957678794861,
		0.29709991812705994,
		-0.11386443674564362,
		0.9999963045120239
	]
}