{
	"left_hip": [
		0.4949344992637634,
		1.174492359161377,
		0.1120886355638504,
		0.8389220833778381
	],
	"left_knee": [
		0.5081136226654053,
		1.6498711109161377,
		0.09958653151988983,
		0.042485833168029785
	],
	"left_ankle": [
		0.5105177164077759,
		2.0868496894836426,
		0.33089956641197205,
		0.0034019399899989367
	],
	"right_hip": [
		0.3797451853752136,
		1.1887648105621338,
		-0.11141723394393921,
		0.8178427815437317
	],
	"right_knee": [
		0.3742850422859192,
		1.6579381227493286,
		-0.12242799997329712,
		0.14442135393619537
	],
	"right_ankle": [
		0.3747120797634125,
		2.132625102996826,
		-0.005880190525203943,
		0.03363562002778053
	],
	"left_shoulder": [
		0.494067907333374,
		0.5341184139251709,
		0.24569101631641388,
		0.9998844861984253
	],
	"left_elbow": [
		0.6643358469009399,
		0.5272987484931946,
		0.23763787746429443,
		0.9966598749160767
	],
	"left_wrist": [
		0.8045482635498047,
		0.4962189197540283,
		0.0706096738576889,
		0.9981555342674255
	],
	"right_shoulder": [
		0.34247738122940063,
		0.5038188695907593,
		-0.24711421132087708,
		0.9998412132263184
	],
	"right_elbow": [
		0.23565919697284698,
		0.37496882677078247,
		-0.6851719617843628,
		0.9986482262611389
	],
	"right_wrist": [
		0.42091020941734314,
		0.4224783778190613,
		-0.8777824640274048,
		0.9958394765853882
	],
	"nose": [
		0.48102515935897827,
		0.31128284335136414,
		-0.19624808430671692,
		0.9999947547912598
	],
	"left_eye": [
		0.46227964758872986,
		0.26615315675735474,
		-0.1463126391172409,
		0.9999926686286926
	],
	"right_eye": [
		0.4478972554206848,
		0.2715361714363098,
		-0.1914270669221878,
		0.9999952912330627
	],
	"left_ear": [
		0.43394821882247925,
		0.2913111448287964,
		0.08956947177648544,
		0.9999960064888
	],
	"right_ear": [
		0.41040825843811035,
		0.2991392910480499,
		-0.11192916333675385,
		0.9999973177909851
	]
}