{
	"left_hip": [
		0.4951740801334381,
		1.1737041473388672,
		0.11158613860607147,
		0.8464248776435852
	],
	"left_knee": [
		0.5083394050598145,
		1.6491985321044922,
		0.09957348555326462,
		0.043834589421749115
	],
	"left_ankle": [
		0.5118426084518433,
		2.085498332977295,
		0.34150171279907227,
		0.0035068115685135126
	],
	"right_hip": [
		0.37934213876724243,
		1.1889516115188599,
		-0.11095207929611206,
		0.825471818447113
	],
	"right_knee": [
		0.3743883967399597,
		1.657991886138916,
		-0.11711035668849945,
		0.1436278373003006
	],
	"right_ankle": [
		0.3754270672798157,
		2.132887840270996,
		0.011795120313763618,
		0.03524358198046684
	],
	"left_shoulder": [
		0.4937899708747864,
		0.533667266368866,
		0.24430565536022186,
		0.9998972415924072
	],
	"left_elbow": [
		0.6642166376113892,
		0.5270538926124573,
		0.2602757513523102,
		0.9972301721572876
	],
	"left_wrist": [
		0.8044883012771606,
		0.4954392611980438,
		0.11696658283472061,
		0.9985166192054749
	],
	"right_shoulder": [
		0.3414612114429474,
		0.5037700533866882,
		-0.2625202536582947,
		0.9998605847358704
	],
	"right_elbow": [
		0.2344820201396942,
		0.3759644031524658,
		-0.7163576483726501,
		0.9988048076629639
	],
	"right_wrist": [
		0.4188549518585205,
		0.42234957218170166,
		-0.9100569486618042,
		0.9960256218910217
	],
	"nose": [
		0.48102790117263794,
		0.3132554590702057,
		-0.19701571762561798,
		0.9999954104423523
	],
	"left_eye": [
		0.4625626504421234,
		0.26776736974716187,
		-0.14751461148262024,
		0.9999933838844299
	],
	"right_eye": [
		0.4480428695678711,
		0.2732737362384796,
		-0.1943216472864151,
		0.9999958276748657
	],
	"left_ear": [
		0.4339880347251892,
		0.2919629216194153,
		0.08670935779809952,
		0.9999964833259583
	],
	"right_ear": [
		0.41045013070106506,
		0.2996722161769867,
		-0.12618060410022736,
		0.9999977350234985
	]
}