{
	"left_hip": [
		0.4943278729915619,
		1.174047827720642,
		0.10413191467523575,
		0.8566399812698364
	],
	"left_knee": [
		0.5052622556686401,
		1.6526267528533936,
		0.0967458039522171,
		0.03264587000012398
	],
	"left_ankle": [
		0.503610372543335,
		2.1006360054016113,
		0.3384682536125183,
		0.0024865318555384874
	],
	"right_hip": [
		0.3745505213737488,
		1.1900655031204224,
		-0.10332649946212769,
		0.8372190594673157
	],
	"right_knee": [
		0.37068313360214233,
		1.6646838188171387,
		-0.12134674936532974,
		0.11734968423843384
	],
	"right_ankle": [
		0.37041136622428894,
		2.141922950744629,
		0.0011831932934001088,
		0.02359381504356861
	],
	"left_shoulder": [
		0.49280691146850586,
		0.5305395126342773,
		0.2279159128665924,
		0.9999236464500427
	],
	"left_elbow": [
		0.6594270467758179,
		0.5274137854576111,
		0.2615836560726166,
		0.997815728187561
	],
	"left_wrist": [
		0.8033267855644226,
		0.49186626076698303,
		0.14823846518993378,
		0.9990200400352478
	],
	"right_shoulder": [
		0.3371506333351135,
		0.501371443271637,
		-0.2568434178829193,
		0.9999159574508667
	],
	"right_elbow": [
		0.23719565570354462,
		0.3762091398239136,
		-0.6977695226669312,
		0.9991334676742554
	],
	"right_wrist": [
		0.4130827486515045,
		0.4226774275302887,
		-0.8828843832015991,
		0.9967179894447327
	],
	"nose": [
		0.47858649492263794,
		0.32037419080734253,
		-0.2181738168001175,
		0.999996542930603
	],
	"left_eye": [
		0.46145305037498474,
		0.2732863128185272,
		-0.17113256454467773,
		0.9999947547912598
	],
	"right_eye": [
		0.4467320442199707,
		0.27846282720565796,
		-0.21466128528118134,
		0.9999970197677612
	],
	"left_ear": [
		0.4332583546638489,
		0.29365256428718567,
		0.06564931571483612,
		0.9999974966049194
	],
	"right_ear": [
		0.4093775749206543,
		0.30176350474357605,
		-0.13110443949699402,
		0.9999984502792358
	]
}