{
	"left_hip": [
		0.4951767921447754,
		1.1736732721328735,
		0.1038002222776413,
		0.8618823885917664
	],
	"left_knee": [
		0.5053188800811768,
		1.6512622833251953,
		0.09951525181531906,
		0.03122572973370552
	],
	"left_ankle": [
		0.5035560131072998,
		2.099209785461426,
		0.34557729959487915,
		0.0023924680426716805
	],
	"right_hip": [
		0.3744858503341675,
		1.1904323101043701,
		-0.10297144949436188,
		0.8441898226737976
	],
	"right_knee": [
		0.37087780237197876,
		1.6644881963729858,
		-0.12065465748310089,
		0.11048252135515213
	],
	"right_ankle": [
		0.37042832374572754,
		2.1406033039093018,
		0.006563878618180752,
		0.02155507355928421
	],
	"left_shoulder": [
		0.49292564392089844,
		0.530422568321228,
		0.227274090051651,
		0.9999244809150696
	],
	"left_elbow": [
		0.6582095623016357,
		0.5282796025276184,
		0.27467185258865356,
		0.9977426528930664
	],
	"left_wrist": [
		0.8029091954231262,
		0.4923599660396576,
		0.17618924379348755,
		0.9989581108093262
	],
	"right_shoulder": [
		0.3368234932422638,
		0.5014359354972839,
		-0.2691397964954376,
		0.999922513961792
	],
	"right_elbow": [
		0.23680803179740906,
		0.3761726915836334,
		-0.7025734186172485,
		0.999177098274231
	],
	"right_wrist": [
		0.41317614912986755,
		0.4231560528278351,
		-0.8642703890800476,
		0.9966549873352051
	],
	"nose": [
		0.4779779016971588,
		0.32126837968826294,
		-0.23046255111694336,
		0.9999967217445374
	],
	"left_eye": [
		0.46099963784217834,
		0.2743244469165802,
		-0.18444325029850006,
		0.9999949932098389
	],
	"right_eye": [
		0.4459945559501648,
		0.2794725000858307,
		-0.2284904271364212,
		0.9999973177909851
	],
	"left_ear": [
		0.4332125186920166,
		0.29389265179634094,
		0.05322345346212387,
		0.999997615814209
	],
	"right_ear": [
		0.4088016152381897,
		0.30243492126464844,
		-0.14493975043296814,
		0.9999986290931702
	]
}