{
	"left_hip": [
		0.4998911917209625,
		1.1721115112304688,
		0.09286294877529144,
		0.8730378150939941
	],
	"left_knee": [
		0.5061748027801514,
		1.6477066278457642,
		0.08994083106517792,
		0.022567955777049065
	],
	"left_ankle": [
		0.5040456652641296,
		2.092726230621338,
		0.33635497093200684,
		0.0018122541951015592
	],
	"right_hip": [
		0.3742610812187195,
		1.1927905082702637,
		-0.09189198911190033,
		0.8661200404167175
	],
	"right_knee": [
		0.37057238817214966,
		1.6628880500793457,
		-0.1077895537018776,
		0.07361183315515518
	],
	"right_ankle": [
		0.3691733479499817,
		2.1362838745117188,
		0.02485818602144718,
		0.013107120990753174
	],
	"left_shoulder": [
		0.5008429288864136,
		0.5266413688659668,
		0.18849100172519684,
		0.999916136264801
	],
	"left_elbow": [
		0.6678076982498169,
		0.5265641808509827,
		0.2138766050338745,
		0.9976710081100464
	],
	"left_wrist": [
		0.8035683631896973,
		0.4918055236339569,
		0.09884344041347504,
		0.9985107183456421
	],
	"right_shoulder": [
		0.33538728952407837,
		0.5083228349685669,
		-0.27152982354164124,
		0.9999369382858276
	],
	"right_elbow": [
		0.22459927201271057,
		0.3779846429824829,
		-0.7068581581115723,
		0.9993441104888916
	],
	"right_wrist": [
		0.4111103415489197,
		0.422133207321167,
		-0.8636465072631836,
		0.995904803276062
	],
	"nose": [
		0.4762538969516754,
		0.3240780830383301,
		-0.2830725312232971,
		0.9999963045120239
	],
	"left_eye": [
		0.45961466431617737,
		0.2758757472038269,
		-0.2401382476091385,
		0.9999939799308777
	],
	"right_eye": [
		0.44336992502212524,
		0.2834341526031494,
		-0.2785457372665405,
		0.999997079372406
	],
	"left_ear": [
		0.43314129114151,
		0.2945992648601532,
		0.0009438429260626435,
		0.9999971389770508
	],
	"right_ear": [
		0.40733060240745544,
		0.3054444193840027,
		-0.17059028148651123,
		0.9999987483024597
	]
}