{
	"left_hip": [
		0.49277645349502563,
		1.2224098443984985,
		0.09274027496576309,
		0.49676018953323364
	],
	"left_knee": [
		0.5276050567626953,
		1.7483681440353394,
		0.07032450288534164,
		0.02131050080060959
	],
	"left_ankle": [
		0.5439106225967407,
		2.222303628921509,
		0.33898741006851196,
		0.001420250628143549
	],
	"right_hip": [
		0.35484474897384644,
		1.2625668048858643,
		-0.09149680286645889,
		0.4781383275985718
	],
	"right_knee": [
		0.3838387131690979,
		1.783757209777832,
		-0.14088796079158783,
		0.05134402960538864
	],
	"right_ankle": [
		0.39147356152534485,
		2.293396472930908,
		-0.0058569833636283875,
		0.009690032340586185
	],
	"left_shoulder": [
		0.5037393569946289,
		0.5134002566337585,
		0.13653236627578735,
		0.9998793005943298
	],
	"left_elbow": [
		0.6848107576370239,
		0.4990229308605194,
		0.21624699234962463,
		0.9973908066749573
	],
	"left_wrist": [
		0.8243862390518188,
		0.5363821387290955,
		0.0796387568116188,
		0.998345136642456
	],
	"right_shoulder": [
		0.29341813921928406,
		0.561924397945404,
		-0.3227895200252533,
		0.9998193383216858
	],
	"right_elbow": [
		0.10374003648757935,
		0.6243594884872437,
		-0.726535439491272,
		0.9975300431251526
	],
	"right_wrist": [
		0.26881101727485657,
		0.4300651550292969,
		-1.0450104475021362,
		0.993091881275177
	],
	"nose": [
		0.49180930852890015,
		0.30624446272850037,
		-0.273695170879364,
		0.9999912977218628
	],
	"left_eye": [
		0.4722467064857483,
		0.2623061239719391,
		-0.22234956920146942,
		0.9999802112579346
	],
	"right_eye": [
		0.463881254196167,
		0.2666477560997009,
		-0.27788907289505005,
		0.9999911189079285
	],
	"left_ear": [
		0.43753743171691895,
		0.29162243008613586,
		-0.0018138389568775892,
		0.9999880790710449
	],
	"right_ear": [
		0.4105118215084076,
		0.3056393265724182,
		-0.24789588153362274,
		0.9999948740005493
	]
}