{
	"left_hip": [
		0.4914988577365875,
		1.2054264545440674,
		0.09630577266216278,
		0.43344610929489136
	],
	"left_knee": [
		0.5245190858840942,
		1.7352375984191895,
		0.06936365365982056,
		0.016084440052509308
	],
	"left_ankle": [
		0.5308228731155396,
		2.2009036540985107,
		0.3518357574939728,
		0.000949730456341058
	],
	"right_hip": [
		0.3502576947212219,
		1.2459739446640015,
		-0.09505898505449295,
		0.4126060903072357
	],
	"right_knee": [
		0.3789239525794983,
		1.7683813571929932,
		-0.14307181537151337,
		0.0376705676317215
	],
	"right_ankle": [
		0.38422685861587524,
		2.2734694480895996,
		-0.007075107656419277,
		0.00646946532651782
	],
	"left_shoulder": [
		0.502801775932312,
		0.5059146881103516,
		0.1403842568397522,
		0.9998921751976013
	],
	"left_elbow": [
		0.675660252571106,
		0.4981643557548523,
		0.2679394483566284,
		0.9978383779525757
	],
	"left_wrist": [
		0.7965396642684937,
		0.5149386525154114,
		0.17362365126609802,
		0.9987006187438965
	],
	"right_shoulder": [
		0.28441527485847473,
		0.5529476404190063,
		-0.35561829805374146,
		0.99986332654953
	],
	"right_elbow": [
		0.10207964479923248,
		0.6210872530937195,
		-0.8036493062973022,
		0.9980946779251099
	],
	"right_wrist": [
		0.25263407826423645,
		0.42415541410446167,
		-1.1612074375152588,
		0.995170533657074
	],
	"nose": [
		0.4913211464881897,
		0.3094281852245331,
		-0.2802150547504425,
		0.999990701675415
	],
	"left_eye": [
		0.473330557346344,
		0.2645895481109619,
		-0.2301291972398758,
		0.9999771118164062
	],
	"right_eye": [
		0.4641334116458893,
		0.2679593861103058,
		-0.29390576481819153,
		0.999990701675415
	],
	"left_ear": [
		0.4371485114097595,
		0.29211947321891785,
		-0.005216133780777454,
		0.9999864101409912
	],
	"right_ear": [
		0.41187483072280884,
		0.30509334802627563,
		-0.2910941243171692,
		0.9999946355819702
	]
}