{
	"left_hip": [
		0.4951038956642151,
		1.2093069553375244,
		0.09069262444972992,
		0.3943672180175781
	],
	"left_knee": [
		0.5334972143173218,
		1.7327337265014648,
		0.06783632189035416,
		0.01278372947126627
	],
	"left_ankle": [
		0.5447548627853394,
		2.2042598724365234,
		0.36432334780693054,
		0.0006601375644095242
	],
	"right_hip": [
		0.3509412705898285,
		1.2536169290542603,
		-0.08951593935489655,
		0.3664292097091675
	],
	"right_knee": [
		0.3873705267906189,
		1.7676725387573242,
		-0.12829962372779846,
		0.028540456667542458
	],
	"right_ankle": [
		0.3988127112388611,
		2.2672319412231445,
		0.03212201967835426,
		0.004494110122323036
	],
	"left_shoulder": [
		0.5037004351615906,
		0.5074126124382019,
		0.11132211983203888,
		0.9999004006385803
	],
	"left_elbow": [
		0.6832718849182129,
		0.4955085217952728,
		0.24197757244110107,
		0.9981014728546143
	],
	"left_wrist": [
		0.7897396683692932,
		0.530860960483551,
		0.18058130145072937,
		0.9988598227500916
	],
	"right_shoulder": [
		0.28425168991088867,
		0.550199031829834,
		-0.35255885124206543,
		0.9998780488967896
	],
	"right_elbow": [
		0.10384080559015274,
		0.618949830532074,
		-0.7940371632575989,
		0.9984131455421448
	],
	"right_wrist": [
		0.25435686111450195,
		0.4194256067276001,
		-1.149692416191101,
		0.9962975382804871
	],
	"nose": [
		0.4896785318851471,
		0.30997252464294434,
		-0.2893370985984802,
		0.9999892115592957
	],
	"left_eye": [
		0.47292599081993103,
		0.2652524411678314,
		-0.24045760929584503,
		0.9999728202819824
	],
	"right_eye": [
		0.46342721581459045,
		0.2682819664478302,
		-0.3010624051094055,
		0.9999892711639404
	],
	"left_ear": [
		0.43691450357437134,
		0.29193103313446045,
		-0.020352743566036224,
		0.9999845623970032
	],
	"right_ear": [
		0.41217947006225586,
		0.3042096197605133,
		-0.289302796125412,
		0.9999936819076538
	]
}