{
	"left_hip": [
		0.4989844858646393,
		1.2130028009414673,
		0.08661491423845291,
		0.4130967855453491
	],
	"left_knee": [
		0.5317069292068481,
		1.7363660335540771,
		0.09031826257705688,
		0.010833740234375
	],
	"left_ankle": [
		0.5400031805038452,
		2.2117366790771484,
		0.4014430046081543,
		0.0005072638159617782
	],
	"right_hip": [
		0.3522876501083374,
		1.262980580329895,
		-0.08542753756046295,
		0.36477428674697876
	],
	"right_knee": [
		0.38564977049827576,
		1.7774872779846191,
		-0.10211118310689926,
		0.02334616892039776
	],
	"right_ankle": [
		0.3927670419216156,
		2.2753379344940186,
		0.06903737783432007,
		0.0033442177809774876
	],
	"left_shoulder": [
		0.5014317035675049,
		0.5076650977134705,
		0.11045388877391815,
		0.9999164938926697
	],
	"left_elbow": [
		0.6786017417907715,
		0.49443376064300537,
		0.27058809995651245,
		0.9983550310134888
	],
	"left_wrist": [
		0.7885879874229431,
		0.5578738451004028,
		0.23008906841278076,
		0.9989524483680725
	],
	"right_shoulder": [
		0.28719446063041687,
		0.5519010424613953,
		-0.3532606065273285,
		0.9998823404312134
	],
	"right_elbow": [
		0.1080782413482666,
		0.6149788498878479,
		-0.7900381088256836,
		0.9985140562057495
	],
	"right_wrist": [
		0.2661290764808655,
		0.41573473811149597,
		-1.1080892086029053,
		0.9966382384300232
	],
	"nose": [
		0.4882284700870514,
		0.31240159273147583,
		-0.2748112678527832,
		0.9999881982803345
	],
	"left_eye": [
		0.4723413586616516,
		0.26655131578445435,
		-0.22819440066814423,
		0.9999703168869019
	],
	"right_eye": [
		0.4627760052680969,
		0.2704426348209381,
		-0.29109108448028564,
		0.9999879598617554
	],
	"left_ear": [
		0.4359942078590393,
		0.29266971349716187,
		-0.01761176809668541,
		0.9999839067459106
	],
	"right_ear": [
		0.4122767448425293,
		0.30480629205703735,
		-0.29171666502952576,
		0.9999925494194031
	]
}