{
	"left_hip": [
		0.4914119243621826,
		1.2015513181686401,
		0.08721193671226501,
		0.3865269124507904
	],
	"left_knee": [
		0.5171607136726379,
		1.7214967012405396,
		0.055139414966106415,
		0.006138728465884924
	],
	"left_ankle": [
		0.5227140188217163,
		2.1960275173187256,
		0.30016347765922546,
		0.00022276726667769253
	],
	"right_hip": [
		0.3522814214229584,
		1.243011236190796,
		-0.08607015013694763,
		0.336221307516098
	],
	"right_knee": [
		0.3703853487968445,
		1.7470557689666748,
		-0.13490816950798035,
		0.01134250033646822
	],
	"right_ankle": [
		0.37800803780555725,
		2.2418406009674072,
		-0.0021716232877224684,
		0.00133473239839077
	],
	"left_shoulder": [
		0.4889504015445709,
		0.5170178413391113,
		0.11545120179653168,
		0.9998502135276794
	],
	"left_elbow": [
		0.6827988624572754,
		0.5065503716468811,
		0.1794104129076004,
		0.9969782829284668
	],
	"left_wrist": [
		0.8126535415649414,
		0.5621131062507629,
		0.04437432438135147,
		0.9974753856658936
	],
	"right_shoulder": [
		0.2958693504333496,
		0.5513694286346436,
		-0.33318156003952026,
		0.9998536109924316
	],
	"right_elbow": [
		0.10717044770717621,
		0.5957689881324768,
		-0.7786928415298462,
		0.9977737069129944
	],
	"right_wrist": [
		0.2555602788925171,
		0.4193514585494995,
		-1.1514239311218262,
		0.9950151443481445
	],
	"nose": [
		0.4884786009788513,
		0.31429991126060486,
		-0.27668771147727966,
		0.9999766945838928
	],
	"left_eye": [
		0.4728947579860687,
		0.2682980000972748,
		-0.22505927085876465,
		0.9999536275863647
	],
	"right_eye": [
		0.4653073847293854,
		0.2718341648578644,
		-0.2887570261955261,
		0.9999799132347107
	],
	"left_ear": [
		0.43448835611343384,
		0.2942718267440796,
		0.0020803262013942003,
		0.9999759197235107
	],
	"right_ear": [
		0.41829413175582886,
		0.3032565712928772,
		-0.27823659777641296,
		0.9999889135360718
	]
}