{
	"left_hip": [
		0.4996863007545471,
		1.2049144506454468,
		0.0736297070980072,
		0.4488193988800049
	],
	"left_knee": [
		0.5259972214698792,
		1.7205500602722168,
		0.12477689981460571,
		0.007011856883764267
	],
	"left_ankle": [
		0.5388824939727783,
		2.1964449882507324,
		0.4691437780857086,
		0.0003284666745457798
	],
	"right_hip": [
		0.3491772711277008,
		1.2499803304672241,
		-0.07237060368061066,
		0.3669775724411011
	],
	"right_knee": [
		0.3852168321609497,
		1.7650501728057861,
		-0.07277047634124756,
		0.012996136210858822
	],
	"right_ankle": [
		0.3948393166065216,
		2.2652816772460938,
		0.11568190902471542,
		0.0016364967450499535
	],
	"left_shoulder": [
		0.501679539680481,
		0.5189208984375,
		0.07415368407964706,
		0.9999311566352844
	],
	"left_elbow": [
		0.6650644540786743,
		0.6030244827270508,
		0.2050834596157074,
		0.9984678030014038
	],
	"left_wrist": [
		0.8041593432426453,
		0.6805276274681091,
		0.10497681796550751,
		0.9987636804580688
	],
	"right_shoulder": [
		0.28889787197113037,
		0.5408406257629395,
		-0.34985464811325073,
		0.9998796582221985
	],
	"right_elbow": [
		0.11848528683185577,
		0.5419390797615051,
		-0.8492706418037415,
		0.9982913732528687
	],
	"right_wrist": [
		0.2923208475112915,
		0.37677404284477234,
		-1.2586188316345215,
		0.9961054921150208
	],
	"nose": [
		0.47580885887145996,
		0.3080465495586395,
		-0.3987891972064972,
		0.9999847412109375
	],
	"left_eye": [
		0.47034725546836853,
		0.26424312591552734,
		-0.3467845022678375,
		0.9999649524688721
	],
	"right_eye": [
		0.4460795521736145,
		0.2676805853843689,
		-0.39818865060806274,
		0.9999830722808838
	],
	"left_ear": [
		0.4460102915763855,
		0.2914806008338928,
		-0.08257299661636353,
		0.9999821782112122
	],
	"right_ear": [
		0.3967391848564148,
		0.3024390637874603,
		-0.308564156293869,
		0.9999886155128479
	]
}