{
	"left_hip": [
		0.5106578469276428,
		1.205434799194336,
		0.06370298564434052,
		0.44507336616516113
	],
	"left_knee": [
		0.5232046246528625,
		1.7244197130203247,
		0.05619959160685539,
		0.01268007606267929
	],
	"left_ankle": [
		0.5311959385871887,
		2.2054855823516846,
		0.35240912437438965,
		0.001105976291000843
	],
	"right_hip": [
		0.363663911819458,
		1.2456130981445312,
		-0.06229260563850403,
		0.38020074367523193
	],
	"right_knee": [
		0.38926631212234497,
		1.7672220468521118,
		-0.07480575144290924,
		0.021591847762465477
	],
	"right_ankle": [
		0.3960548937320709,
		2.260455846786499,
		0.06284022331237793,
		0.0021598688326776028
	],
	"left_shoulder": [
		0.5016923546791077,
		0.546744167804718,
		0.04372473061084747,
		0.9999517798423767
	],
	"left_elbow": [
		0.634019136428833,
		0.7309091687202454,
		0.25093770027160645,
		0.9975585341453552
	],
	"left_wrist": [
		0.7693871855735779,
		0.9014557600021362,
		0.2546931803226471,
		0.9965280890464783
	],
	"right_shoulder": [
		0.29840463399887085,
		0.5365627408027649,
		-0.25832122564315796,
		0.9999130368232727
	],
	"right_elbow": [
		0.13066807389259338,
		0.5219411849975586,
		-0.6632362604141235,
		0.9989688992500305
	],
	"right_wrist": [
		0.29264307022094727,
		0.36474108695983887,
		-0.9281612634658813,
		0.9965993762016296
	],
	"nose": [
		0.4735218584537506,
		0.3119526505470276,
		-0.4496699869632721,
		0.9999844431877136
	],
	"left_eye": [
		0.4711785316467285,
		0.2683928906917572,
		-0.4006037712097168,
		0.9999607801437378
	],
	"right_eye": [
		0.4434705376625061,
		0.27054476737976074,
		-0.435079962015152,
		0.9999802112579346
	],
	"left_ear": [
		0.4584716260433197,
		0.29369106888771057,
		-0.12689128518104553,
		0.9999792575836182
	],
	"right_ear": [
		0.3945860266685486,
		0.30262425541877747,
		-0.2762834429740906,
		0.9999875426292419
	]
}