{
	"left_hip": [
		0.515755832195282,
		1.2029359340667725,
		0.05181711167097092,
		0.38813185691833496
	],
	"left_knee": [
		0.5310633182525635,
		1.7195231914520264,
		0.015966871753335,
		0.013336055912077427
	],
	"left_ankle": [
		0.5366204380989075,
		2.208153009414673,
		0.29470524191856384,
		0.0012693346943706274
	],
	"right_hip": [
		0.3720822334289551,
		1.2221320867538452,
		-0.050678133964538574,
		0.3602776527404785
	],
	"right_knee": [
		0.3925495743751526,
		1.7502813339233398,
		-0.10239289700984955,
		0.02040131203830242
	],
	"right_ankle": [
		0.3945101797580719,
		2.2519540786743164,
		0.010727505199611187,
		0.001992491539567709
	],
	"left_shoulder": [
		0.4927977919578552,
		0.5546468496322632,
		0.0903782993555069,
		0.9999321699142456
	],
	"left_elbow": [
		0.5675841569900513,
		0.8306185007095337,
		0.30477166175842285,
		0.9752869606018066
	],
	"left_wrist": [
		0.6779383420944214,
		0.9958047866821289,
		0.3949398398399353,
		0.8785178065299988
	],
	"right_shoulder": [
		0.3074766993522644,
		0.5304051041603088,
		-0.2041560411453247,
		0.9999390244483948
	],
	"right_elbow": [
		0.14262644946575165,
		0.5201628804206848,
		-0.6115250587463379,
		0.9991413950920105
	],
	"right_wrist": [
		0.30340808629989624,
		0.3565649092197418,
		-0.88038170337677,
		0.994475245475769
	],
	"nose": [
		0.47615987062454224,
		0.30653268098831177,
		-0.3534443974494934,
		0.9999828338623047
	],
	"left_eye": [
		0.474619060754776,
		0.26657041907310486,
		-0.30588048696517944,
		0.9999613761901855
	],
	"right_eye": [
		0.4469596743583679,
		0.2667948603630066,
		-0.33592841029167175,
		0.9999794363975525
	],
	"left_ear": [
		0.4620579183101654,
		0.2912134826183319,
		-0.05203977972269058,
		0.9999780654907227
	],
	"right_ear": [
		0.3969159424304962,
		0.2970767617225647,
		-0.19376814365386963,
		0.9999889135360718
	]
}