{
	"left_hip": [
		0.5163400769233704,
		1.2029261589050293,
		0.05208584666252136,
		0.3763662278652191
	],
	"left_knee": [
		0.5338805317878723,
		1.7190330028533936,
		0.007794307079166174,
		0.01298458967357874
	],
	"left_ankle": [
		0.5418030023574829,
		2.2087132930755615,
		0.26996317505836487,
		0.0012513045221567154
	],
	"right_hip": [
		0.3756555914878845,
		1.2228834629058838,
		-0.05094289779663086,
		0.35462141036987305
	],
	"right_knee": [
		0.39903295040130615,
		1.7504901885986328,
		-0.11638007313013077,
		0.020013751462101936
	],
	"right_ankle": [
		0.40464240312576294,
		2.2537100315093994,
		-0.02719864249229431,
		0.0018880936549976468
	],
	"left_shoulder": [
		0.4887174963951111,
		0.5554062724113464,
		0.09860768914222717,
		0.9999297261238098
	],
	"left_elbow": [
		0.549268364906311,
		0.8469590544700623,
		0.305007666349411,
		0.966467559337616
	],
	"left_wrist": [
		0.6404955387115479,
		1.0160013437271118,
		0.38519591093063354,
		0.845508337020874
	],
	"right_shoulder": [
		0.3102661371231079,
		0.5295830965042114,
		-0.20434093475341797,
		0.9999424815177917
	],
	"right_elbow": [
		0.14341388642787933,
		0.519262433052063,
		-0.6106823086738586,
		0.9991477727890015
	],
	"right_wrist": [
		0.30644750595092773,
		0.3566727936267853,
		-0.8773000836372375,
		0.9940452575683594
	],
	"nose": [
		0.4761787950992584,
		0.30654311180114746,
		-0.34357744455337524,
		0.9999833106994629
	],
	"left_eye": [
		0.47461313009262085,
		0.26652389764785767,
		-0.2961708903312683,
		0.9999630451202393
	],
	"right_eye": [
		0.44689035415649414,
		0.2667926847934723,
		-0.3270949125289917,
		0.9999800324440002
	],
	"left_ear": [
		0.46190834045410156,
		0.2907755672931671,
		-0.041177183389663696,
		0.99997878074646
	],
	"right_ear": [
		0.39695143699645996,
		0.2970401346683502,
		-0.186430424451828,
		0.9999893307685852
	]
}