{
	"left_hip": [
		0.5167638063430786,
		1.2024550437927246,
		0.052908457815647125,
		0.3646538257598877
	],
	"left_knee": [
		0.5355228185653687,
		1.7185014486312866,
		0.0016914752777665854,
		0.012444259598851204
	],
	"left_ankle": [
		0.54274582862854,
		2.2093422412872314,
		0.27225199341773987,
		0.0012010801583528519
	],
	"right_hip": [
		0.37709224224090576,
		1.223188877105713,
		-0.05172376707196236,
		0.34975138306617737
	],
	"right_knee": [
		0.40107473731040955,
		1.7505196332931519,
		-0.12005925178527832,
		0.019044794142246246
	],
	"right_ankle": [
		0.4068049490451813,
		2.2537384033203125,
		-0.022656235843896866,
		0.00175974250305444
	],
	"left_shoulder": [
		0.48814788460731506,
		0.5581900477409363,
		0.09902419149875641,
		0.9999231696128845
	],
	"left_elbow": [
		0.5413678884506226,
		0.8678741455078125,
		0.29635685682296753,
		0.9543483853340149
	],
	"left_wrist": [
		0.6268513202667236,
		1.0406367778778076,
		0.3469201624393463,
		0.8061615228652954
	],
	"right_shoulder": [
		0.311835914850235,
		0.5273045897483826,
		-0.2148095816373825,
		0.999945342540741
	],
	"right_elbow": [
		0.14534297585487366,
		0.5136077404022217,
		-0.6261146664619446,
		0.9991532564163208
	],
	"right_wrist": [
		0.30756765604019165,
		0.3578188419342041,
		-0.8970740437507629,
		0.993658721446991
	],
	"nose": [
		0.47627323865890503,
		0.30661773681640625,
		-0.3491800129413605,
		0.9999828934669495
	],
	"left_eye": [
		0.4746934473514557,
		0.2665943503379822,
		-0.30114299058914185,
		0.9999632239341736
	],
	"right_eye": [
		0.4469282627105713,
		0.2668152451515198,
		-0.33342045545578003,
		0.9999797344207764
	],
	"left_ear": [
		0.4618600010871887,
		0.29065343737602234,
		-0.04202354699373245,
		0.9999784827232361
	],
	"right_ear": [
		0.39711734652519226,
		0.29692286252975464,
		-0.19348648190498352,
		0.9999895095825195
	]
}