{
	"left_hip": [
		0.525407075881958,
		1.1971850395202637,
		0.05348065495491028,
		0.3319226801395416
	],
	"left_knee": [
		0.5473352670669556,
		1.7134958505630493,
		-0.0006730593158863485,
		0.011970611289143562
	],
	"left_ankle": [
		0.5620502233505249,
		2.2036287784576416,
		0.27225491404533386,
		0.0011827107518911362
	],
	"right_hip": [
		0.3883669972419739,
		1.2216954231262207,
		-0.0522591657936573,
		0.33038175106048584
	],
	"right_knee": [
		0.4182070791721344,
		1.7493882179260254,
		-0.12159552425146103,
		0.01847922056913376
	],
	"right_ankle": [
		0.43654972314834595,
		2.2488644123077393,
		-0.02611563727259636,
		0.0015926851192489266
	],
	"left_shoulder": [
		0.4866020679473877,
		0.5558500289916992,
		0.11550845205783844,
		0.9998574256896973
	],
	"left_elbow": [
		0.5163793563842773,
		0.8631390333175659,
		0.30864065885543823,
		0.8891401886940002
	],
	"left_wrist": [
		0.6080974340438843,
		1.0483287572860718,
		0.3506013751029968,
		0.7073155641555786
	],
	"right_shoulder": [
		0.3170708417892456,
		0.5233674049377441,
		-0.21743948757648468,
		0.9999465346336365
	],
	"right_elbow": [
		0.1496487855911255,
		0.5034304261207581,
		-0.6192194819450378,
		0.999117910861969
	],
	"right_wrist": [
		0.3179866671562195,
		0.3580290377140045,
		-0.8764120936393738,
		0.9922903776168823
	],
	"nose": [
		0.4760354459285736,
		0.3059561848640442,
		-0.3428892195224762,
		0.9999791979789734
	],
	"left_eye": [
		0.4744092524051666,
		0.2661565840244293,
		-0.29582810401916504,
		0.9999576210975647
	],
	"right_eye": [
		0.4465022683143616,
		0.2662467956542969,
		-0.3289088308811188,
		0.9999759197235107
	],
	"left_ear": [
		0.461872398853302,
		0.28971874713897705,
		-0.035857561975717545,
		0.9999728798866272
	],
	"right_ear": [
		0.3970825970172882,
		0.29668667912483215,
		-0.190695121884346,
		0.9999887347221375
	]
}