{
	"left_hip": [
		0.5161646604537964,
		1.186934232711792,
		0.06121852993965149,
		0.2124454230070114
	],
	"left_knee": [
		0.5306063890457153,
		1.6839600801467896,
		0.030146216973662376,
		0.017386356368660927
	],
	"left_ankle": [
		0.5407984852790833,
		2.1552717685699463,
		0.3425270915031433,
		0.0018657268956303596
	],
	"right_hip": [
		0.3824944794178009,
		1.212531566619873,
		-0.0599420964717865,
		0.2643485963344574
	],
	"right_knee": [
		0.4018201231956482,
		1.7349644899368286,
		-0.07757727801799774,
		0.02477823942899704
	],
	"right_ankle": [
		0.41363486647605896,
		2.2132985591888428,
		0.06466720998287201,
		0.002749401843175292
	],
	"left_shoulder": [
		0.4754562973976135,
		0.5396293997764587,
		0.14234645664691925,
		0.9983136653900146
	],
	"left_elbow": [
		0.5106267333030701,
		0.8648542165756226,
		0.41243356466293335,
		0.555387556552887
	],
	"left_wrist": [
		0.5464452505111694,
		0.9809902310371399,
		0.5494118928909302,
		0.33488303422927856
	],
	"right_shoulder": [
		0.3245575726032257,
		0.5267444849014282,
		-0.27365046739578247,
		0.9999196529388428
	],
	"right_elbow": [
		0.16785453259944916,
		0.504936695098877,
		-0.6290149688720703,
		0.9992419481277466
	],
	"right_wrist": [
		0.33945879340171814,
		0.35024604201316833,
		-0.7665598392486572,
		0.9805553555488586
	],
	"nose": [
		0.4736962914466858,
		0.30175355076789856,
		-0.32188060879707336,
		0.9999333024024963
	],
	"left_eye": [
		0.47213214635849,
		0.2629282772541046,
		-0.28151410818099976,
		0.9998390674591064
	],
	"right_eye": [
		0.44336622953414917,
		0.2631990611553192,
		-0.3277585804462433,
		0.999931812286377
	],
	"left_ear": [
		0.4609486162662506,
		0.28610774874687195,
		-0.037486881017684937,
		0.9999035000801086
	],
	"right_ear": [
		0.39628276228904724,
		0.2936836779117584,
		-0.24164919555187225,
		0.9999815821647644
	]
}