{
	"left_hip": [
		0.5139902830123901,
		1.2311304807662964,
		0.14748479425907135,
		0.1381411999464035
	],
	"left_knee": [
		0.5516151785850525,
		1.714155912399292,
		0.13776037096977234,
		0.009864486753940582
	],
	"left_ankle": [
		0.5755923390388489,
		2.1794400215148926,
		0.3493214547634125,
		0.0010088786948472261
	],
	"right_hip": [
		0.40579548478126526,
		1.2579017877578735,
		-0.14547356963157654,
		0.17447327077388763
	],
	"right_knee": [
		0.43984413146972656,
		1.7573692798614502,
		-0.1452353298664093,
		0.017185552045702934
	],
	"right_ankle": [
		0.4472902715206146,
		2.2409415245056152,
		-0.021986331790685654,
		0.0015394106740131974
	],
	"left_shoulder": [
		0.47482818365097046,
		0.5885770320892334,
		0.257988840341568,
		0.9980384707450867
	],
	"left_elbow": [
		0.5314146280288696,
		0.8820874691009521,
		0.31517118215560913,
		0.3892194628715515
	],
	"left_wrist": [
		0.625960111618042,
		1.0786597728729248,
		0.16937321424484253,
		0.32336488366127014
	],
	"right_shoulder": [
		0.36938923597335815,
		0.5619284510612488,
		-0.4093831479549408,
		0.9997454881668091
	],
	"right_elbow": [
		0.4052352011203766,
		0.9207452535629272,
		-0.4718177318572998,
		0.9350471496582031
	],
	"right_wrist": [
		0.5168313384056091,
		1.2026340961456299,
		-0.4904753565788269,
		0.8671650290489197
	],
	"nose": [
		0.5342073440551758,
		0.32780370116233826,
		-0.12245474755764008,
		0.9998840689659119
	],
	"left_eye": [
		0.5154508352279663,
		0.28236275911331177,
		-0.09162560105323792,
		0.9998056292533875
	],
	"right_eye": [
		0.5077901482582092,
		0.2845281958580017,
		-0.16593441367149353,
		0.9998908638954163
	],
	"left_ear": [
		0.4766342043876648,
		0.30070996284484863,
		0.067708320915699,
		0.9998225569725037
	],
	"right_ear": [
		0.46343427896499634,
		0.30378514528274536,
		-0.27135026454925537,
		0.9999392628669739
	]
}