{
	"left_hip": [
		0.5129238367080688,
		1.2286975383758545,
		0.1437722146511078,
		0.13133504986763
	],
	"left_knee": [
		0.5504074692726135,
		1.713732123374939,
		0.14107173681259155,
		0.009508534334599972
	],
	"left_ankle": [
		0.5747970938682556,
		2.1756350994110107,
		0.36215052008628845,
		0.0009654788300395012
	],
	"right_hip": [
		0.4045671820640564,
		1.2552341222763062,
		-0.14198730885982513,
		0.16278545558452606
	],
	"right_knee": [
		0.4368933141231537,
		1.7565566301345825,
		-0.14006544649600983,
		0.016963709145784378
	],
	"right_ankle": [
		0.44496703147888184,
		2.2372055053710938,
		-0.0032729655504226685,
		0.0015129389939829707
	],
	"left_shoulder": [
		0.475186824798584,
		0.588222324848175,
		0.24781957268714905,
		0.9978359341621399
	],
	"left_elbow": [
		0.5301036238670349,
		0.8806191086769104,
		0.30935558676719666,
		0.3760415017604828
	],
	"left_wrist": [
		0.6224170923233032,
		1.0828654766082764,
		0.15533514320850372,
		0.3369102478027344
	],
	"right_shoulder": [
		0.37132543325424194,
		0.5638813972473145,
		-0.4114692807197571,
		0.9996751546859741
	],
	"right_elbow": [
		0.3976241648197174,
		0.9133795499801636,
		-0.4809851050376892,
		0.9228777885437012
	],
	"right_wrist": [
		0.5022101998329163,
		1.19490385055542,
		-0.4922519624233246,
		0.8474409580230713
	],
	"nose": [
		0.5357111692428589,
		0.329595685005188,
		-0.12880900502204895,
		0.999859094619751
	],
	"left_eye": [
		0.5173320174217224,
		0.2830834686756134,
		-0.0986906960606575,
		0.9997771978378296
	],
	"right_eye": [
		0.5100110173225403,
		0.2855544090270996,
		-0.17377881705760956,
		0.9998660683631897
	],
	"left_ear": [
		0.47864747047424316,
		0.3007783889770508,
		0.05890586972236633,
		0.9997850060462952
	],
	"right_ear": [
		0.4654054641723633,
		0.30461040139198303,
		-0.27932918071746826,
		0.999917209148407
	]
}