{
	"left_hip": [
		0.5127987265586853,
		1.2420768737792969,
		0.13987545669078827,
		0.09178751707077026
	],
	"left_knee": [
		0.5517128705978394,
		1.730843186378479,
		0.15536005795001984,
		0.0067493487149477005
	],
	"left_ankle": [
		0.5765851140022278,
		2.1877760887145996,
		0.4043342173099518,
		0.000697543378919363
	],
	"right_hip": [
		0.40593117475509644,
		1.273571491241455,
		-0.1383700668811798,
		0.10195235908031464
	],
	"right_knee": [
		0.43541979789733887,
		1.7804237604141235,
		-0.10585375130176544,
		0.013345899991691113
	],
	"right_ankle": [
		0.4518101215362549,
		2.2480342388153076,
		0.06240882724523544,
		0.0013342445017769933
	],
	"left_shoulder": [
		0.47575822472572327,
		0.5923935174942017,
		0.2183315008878708,
		0.9962303042411804
	],
	"left_elbow": [
		0.533403754234314,
		0.8947468400001526,
		0.2735143005847931,
		0.2647092342376709
	],
	"left_wrist": [
		0.6240765452384949,
		1.1130702495574951,
		0.13614699244499207,
		0.339924156665802
	],
	"right_shoulder": [
		0.37707749009132385,
		0.5647391676902771,
		-0.4375680088996887,
		0.999164879322052
	],
	"right_elbow": [
		0.4089180529117584,
		0.9188558459281921,
		-0.4926684498786926,
		0.8103262782096863
	],
	"right_wrist": [
		0.5078479051589966,
		1.2194727659225464,
		-0.49742475152015686,
		0.6651690602302551
	],
	"nose": [
		0.543742299079895,
		0.3319317102432251,
		-0.15216022729873657,
		0.9997161030769348
	],
	"left_eye": [
		0.5252251625061035,
		0.2817058265209198,
		-0.12308619171380997,
		0.9996263384819031
	],
	"right_eye": [
		0.5172399282455444,
		0.2859309911727905,
		-0.19398906826972961,
		0.9997303485870361
	],
	"left_ear": [
		0.4865574836730957,
		0.3008255064487457,
		0.02984539233148098,
		0.9996277689933777
	],
	"right_ear": [
		0.47290700674057007,
		0.30668821930885315,
		-0.303621381521225,
		0.9998179078102112
	]
}