{
	"left_hip": [
		0.507258415222168,
		1.2412126064300537,
		0.14353695511817932,
		0.0811513364315033
	],
	"left_knee": [
		0.5451741218566895,
		1.7300293445587158,
		0.1601240634918213,
		0.00613810122013092
	],
	"left_ankle": [
		0.5713579058647156,
		2.1847615242004395,
		0.4062098562717438,
		0.0006282649701461196
	],
	"right_hip": [
		0.40459078550338745,
		1.2706654071807861,
		-0.1420283019542694,
		0.08857265114784241
	],
	"right_knee": [
		0.4349757134914398,
		1.7770369052886963,
		-0.10853924602270126,
		0.012297010980546474
	],
	"right_ankle": [
		0.4496627748012543,
		2.244232654571533,
		0.06321921199560165,
		0.0012321836547926068
	],
	"left_shoulder": [
		0.47593173384666443,
		0.5922154784202576,
		0.23073339462280273,
		0.9956107139587402
	],
	"left_elbow": [
		0.5302178859710693,
		0.893515944480896,
		0.2869596779346466,
		0.2378552258014679
	],
	"left_wrist": [
		0.6135510802268982,
		1.1146886348724365,
		0.14403757452964783,
		0.33003029227256775
	],
	"right_shoulder": [
		0.3760640323162079,
		0.5598426461219788,
		-0.42430028319358826,
		0.9990987777709961
	],
	"right_elbow": [
		0.3996637463569641,
		0.9081839323043823,
		-0.4858109951019287,
		0.7918822169303894
	],
	"right_wrist": [
		0.503477931022644,
		1.1915647983551025,
		-0.49065160751342773,
		0.6420453786849976
	],
	"nose": [
		0.5434778928756714,
		0.3336479365825653,
		-0.1390303522348404,
		0.9996971487998962
	],
	"left_eye": [
		0.5258802175521851,
		0.28368547558784485,
		-0.11097166687250137,
		0.9995996356010437
	],
	"right_eye": [
		0.5171070098876953,
		0.28742292523384094,
		-0.18473310768604279,
		0.999707818031311
	],
	"left_ear": [
		0.4875601828098297,
		0.30192846059799194,
		0.03691333904862404,
		0.9995996356010437
	],
	"right_ear": [
		0.4723237156867981,
		0.3073616325855255,
		-0.2992240786552429,
		0.9998037815093994
	]
}