{
	"left_hip": [
		0.4969846308231354,
		1.2383214235305786,
		0.1596466451883316,
		0.061597879976034164
	],
	"left_knee": [
		0.5304468870162964,
		1.7133684158325195,
		0.1583743840456009,
		0.005307158920913935
	],
	"left_ankle": [
		0.5605289340019226,
		2.1641321182250977,
		0.38466158509254456,
		0.0005437611253000796
	],
	"right_hip": [
		0.40489667654037476,
		1.2572613954544067,
		-0.15796519815921783,
		0.0615738108754158
	],
	"right_knee": [
		0.4327278733253479,
		1.7522212266921997,
		-0.14044614136219025,
		0.015145440585911274
	],
	"right_ankle": [
		0.44699883460998535,
		2.213818073272705,
		0.007323332130908966,
		0.001535783871077001
	],
	"left_shoulder": [
		0.4751187264919281,
		0.5878449082374573,
		0.2457152158021927,
		0.9928581714630127
	],
	"left_elbow": [
		0.5185698866844177,
		0.8933398723602295,
		0.2891761064529419,
		0.15484009683132172
	],
	"left_wrist": [
		0.597496747970581,
		1.1226478815078735,
		0.12820209562778473,
		0.326555073261261
	],
	"right_shoulder": [
		0.3788325786590576,
		0.5537078976631165,
		-0.4348298907279968,
		0.9990006685256958
	],
	"right_elbow": [
		0.40043359994888306,
		0.9163409471511841,
		-0.5142850279808044,
		0.8072928190231323
	],
	"right_wrist": [
		0.5029960870742798,
		1.1914253234863281,
		-0.515700101852417,
		0.696753203868866
	],
	"nose": [
		0.5490568280220032,
		0.3480319082736969,
		-0.1361042708158493,
		0.9995385408401489
	],
	"left_eye": [
		0.5357252359390259,
		0.29545652866363525,
		-0.10664304345846176,
		0.9993659257888794
	],
	"right_eye": [
		0.5250793695449829,
		0.29818302392959595,
		-0.1830136924982071,
		0.9995436668395996
	],
	"left_ear": [
		0.4990902543067932,
		0.3074098825454712,
		0.04402054473757744,
		0.9993029832839966
	],
	"right_ear": [
		0.47795867919921875,
		0.3120839297771454,
		-0.29592037200927734,
		0.9996742010116577
	]
}