{
	"left_hip": [
		0.49876856803894043,
		1.2387471199035645,
		0.15937988460063934,
		0.05831598863005638
	],
	"left_knee": [
		0.5313624143600464,
		1.7146525382995605,
		0.15986989438533783,
		0.00528283417224884
	],
	"left_ankle": [
		0.5605415105819702,
		2.1653051376342773,
		0.3898245692253113,
		0.0005430564633570611
	],
	"right_hip": [
		0.4048934876918793,
		1.2573037147521973,
		-0.15770743787288666,
		0.05799335986375809
	],
	"right_knee": [
		0.43296417593955994,
		1.7529557943344116,
		-0.13882391154766083,
		0.015130387619137764
	],
	"right_ankle": [
		0.4473254680633545,
		2.213513135910034,
		0.014846256002783775,
		0.0015266714617609978
	],
	"left_shoulder": [
		0.47865739464759827,
		0.5875188112258911,
		0.2459934949874878,
		0.9926638603210449
	],
	"left_elbow": [
		0.5185991525650024,
		0.8930255770683289,
		0.28952136635780334,
		0.15030688047409058
	],
	"left_wrist": [
		0.6050318479537964,
		1.121407389640808,
		0.128029003739357,
		0.32446637749671936
	],
	"right_shoulder": [
		0.37956827878952026,
		0.5537029504776001,
		-0.4353058934211731,
		0.9989891648292542
	],
	"right_elbow": [
		0.4003591537475586,
		0.9162054061889648,
		-0.5138474702835083,
		0.8039100766181946
	],
	"right_wrist": [
		0.5043647289276123,
		1.190782904624939,
		-0.5166226029396057,
		0.6920156478881836
	],
	"nose": [
		0.5505356192588806,
		0.3481294512748718,
		-0.1380513608455658,
		0.9995341897010803
	],
	"left_eye": [
		0.5370826125144958,
		0.29547786712646484,
		-0.10824836790561676,
		0.9993561506271362
	],
	"right_eye": [
		0.5261038541793823,
		0.29841911792755127,
		-0.18472976982593536,
		0.9995343089103699
	],
	"left_ear": [
		0.5008130669593811,
		0.3076380491256714,
		0.04385213181376457,
		0.9992908835411072
	],
	"right_ear": [
		0.4789019227027893,
		0.3127806484699249,
		-0.2959543764591217,
		0.999667763710022
	]
}