{
	"left_hip": [
		0.5043634176254272,
		1.2423111200332642,
		0.1711161732673645,
		0.05049169436097145
	],
	"left_knee": [
		0.5343769788742065,
		1.6999794244766235,
		0.17449024319648743,
		0.005475262645632029
	],
	"left_ankle": [
		0.5613235831260681,
		2.14827823638916,
		0.41091203689575195,
		0.000592805678024888
	],
	"right_hip": [
		0.40753188729286194,
		1.260885238647461,
		-0.16929297149181366,
		0.04926833510398865
	],
	"right_knee": [
		0.43811479210853577,
		1.7355167865753174,
		-0.1547921597957611,
		0.016619104892015457
	],
	"right_ankle": [
		0.4535163342952728,
		2.1940248012542725,
		-0.0058460417203605175,
		0.001699714339338243
	],
	"left_shoulder": [
		0.4870227873325348,
		0.5872968435287476,
		0.25966769456863403,
		0.9913073182106018
	],
	"left_elbow": [
		0.5201469659805298,
		0.8940893411636353,
		0.2941668629646301,
		0.13175685703754425
	],
	"left_wrist": [
		0.614200234413147,
		1.1269569396972656,
		0.11239540576934814,
		0.3105054795742035
	],
	"right_shoulder": [
		0.38080960512161255,
		0.5519485473632812,
		-0.4614183008670807,
		0.998788058757782
	],
	"right_elbow": [
		0.4017910063266754,
		0.935049831867218,
		-0.5556058287620544,
		0.7862366437911987
	],
	"right_wrist": [
		0.5002537965774536,
		1.1959956884384155,
		-0.5713499784469604,
		0.6795214414596558
	],
	"nose": [
		0.552772045135498,
		0.34840962290763855,
		-0.15206559002399445,
		0.9994442462921143
	],
	"left_eye": [
		0.5391451120376587,
		0.29565170407295227,
		-0.1195758730173111,
		0.9992079734802246
	],
	"right_eye": [
		0.5278815031051636,
		0.29902610182762146,
		-0.20013189315795898,
		0.999423086643219
	],
	"left_ear": [
		0.5036105513572693,
		0.30876925587654114,
		0.04190787672996521,
		0.9990920424461365
	],
	"right_ear": [
		0.48066478967666626,
		0.3157264292240143,
		-0.3137795031070709,
		0.9995734691619873
	]
}