{
	"left_hip": [
		0.4957869052886963,
		1.2381782531738281,
		0.1879197657108307,
		0.0423457995057106
	],
	"left_knee": [
		0.5305026769638062,
		1.6412224769592285,
		0.21019797027111053,
		0.0058480482548475266
	],
	"left_ankle": [
		0.5606803894042969,
		2.083460569381714,
		0.44919735193252563,
		0.000707691942807287
	],
	"right_hip": [
		0.4092596173286438,
		1.259932518005371,
		-0.18614420294761658,
		0.040830206125974655
	],
	"right_knee": [
		0.4500257074832916,
		1.668067455291748,
		-0.1557067185640335,
		0.022657323628664017
	],
	"right_ankle": [
		0.4716014862060547,
		2.1322038173675537,
		0.012524853460490704,
		0.0023750339169055223
	],
	"left_shoulder": [
		0.4800656735897064,
		0.5893891453742981,
		0.27489539980888367,
		0.9887755513191223
	],
	"left_elbow": [
		0.5193056464195251,
		0.9030366539955139,
		0.30879074335098267,
		0.07883034646511078
	],
	"left_wrist": [
		0.6035202741622925,
		1.1206717491149902,
		0.1241452693939209,
		0.23607736825942993
	],
	"right_shoulder": [
		0.3861556947231293,
		0.547049880027771,
		-0.4745558202266693,
		0.9985390305519104
	],
	"right_elbow": [
		0.407478392124176,
		0.8986823558807373,
		-0.5663644075393677,
		0.758258581161499
	],
	"right_wrist": [
		0.5233248472213745,
		1.1831861734390259,
		-0.5683380365371704,
		0.6872411966323853
	],
	"nose": [
		0.5557246208190918,
		0.34967154264450073,
		-0.15383784472942352,
		0.9992590546607971
	],
	"left_eye": [
		0.5412370562553406,
		0.29683050513267517,
		-0.12007919698953629,
		0.9989272952079773
	],
	"right_eye": [
		0.5308525562286377,
		0.30037081241607666,
		-0.2011912316083908,
		0.9992207288742065
	],
	"left_ear": [
		0.5045615434646606,
		0.3108637034893036,
		0.04593297094106674,
		0.9987217783927917
	],
	"right_ear": [
		0.4838494658470154,
		0.31750139594078064,
		-0.3155324161052704,
		0.9993916153907776
	]
}