{
	"left_hip": [
		0.49950528144836426,
		1.2200373411178589,
		0.17911793291568756,
		0.0419616736471653
	],
	"left_knee": [
		0.5327035188674927,
		1.6159398555755615,
		0.19043682515621185,
		0.005245185922831297
	],
	"left_ankle": [
		0.5557091236114502,
		2.051171064376831,
		0.41813984513282776,
		0.0006472424720413983
	],
	"right_hip": [
		0.4114389419555664,
		1.2406091690063477,
		-0.1773955225944519,
		0.040306393057107925
	],
	"right_knee": [
		0.44203081727027893,
		1.6466882228851318,
		-0.16584382951259613,
		0.020978951826691628
	],
	"right_ankle": [
		0.46407046914100647,
		2.096863031387329,
		-0.014322126284241676,
		0.002267395379021764
	],
	"left_shoulder": [
		0.4851451814174652,
		0.5842757821083069,
		0.27298063039779663,
		0.9889503717422485
	],
	"left_elbow": [
		0.5302671194076538,
		0.8742945790290833,
		0.32249850034713745,
		0.07459145039319992
	],
	"left_wrist": [
		0.6155625581741333,
		1.077433705329895,
		0.13295316696166992,
		0.25579625368118286
	],
	"right_shoulder": [
		0.38520270586013794,
		0.5423433780670166,
		-0.47080206871032715,
		0.9986684918403625
	],
	"right_elbow": [
		0.4091408848762512,
		0.888327419757843,
		-0.5601981282234192,
		0.7946987152099609
	],
	"right_wrist": [
		0.5241011381149292,
		1.1731951236724854,
		-0.5683004260063171,
		0.739843487739563
	],
	"nose": [
		0.5556422472000122,
		0.3418959677219391,
		-0.1500556319952011,
		0.9990870952606201
	],
	"left_eye": [
		0.5408317446708679,
		0.2923095226287842,
		-0.11782927811145782,
		0.9986077547073364
	],
	"right_eye": [
		0.5311342477798462,
		0.29521387815475464,
		-0.19907215237617493,
		0.9990417957305908
	],
	"left_ear": [
		0.5014805793762207,
		0.30700182914733887,
		0.045996569097042084,
		0.9982659816741943
	],
	"right_ear": [
		0.484142541885376,
		0.313417911529541,
		-0.3172723650932312,
		0.9992427825927734
	]
}