{
	"left_hip": [
		0.49954620003700256,
		1.218390941619873,
		0.175225168466568,
		0.043162912130355835
	],
	"left_knee": [
		0.5311957001686096,
		1.6195526123046875,
		0.18964874744415283,
		0.005055684596300125
	],
	"left_ankle": [
		0.5558284521102905,
		2.055851697921753,
		0.4198005199432373,
		0.0006208211416378617
	],
	"right_hip": [
		0.4118579924106598,
		1.2390280961990356,
		-0.17353206872940063,
		0.041511841118335724
	],
	"right_knee": [
		0.4413156509399414,
		1.6506277322769165,
		-0.14948579668998718,
		0.020545093342661858
	],
	"right_ankle": [
		0.46403783559799194,
		2.0993964672088623,
		-0.0032258189748972654,
		0.0022132438607513905
	],
	"left_shoulder": [
		0.4851357340812683,
		0.5837256908416748,
		0.2676241397857666,
		0.9891186952590942
	],
	"left_elbow": [
		0.530225396156311,
		0.8705714344978333,
		0.3219360113143921,
		0.07712141424417496
	],
	"left_wrist": [
		0.6141014099121094,
		1.0597904920578003,
		0.13321933150291443,
		0.26346662640571594
	],
	"right_shoulder": [
		0.38476917147636414,
		0.5414941906929016,
		-0.45275193452835083,
		0.9986995458602905
	],
	"right_elbow": [
		0.407965749502182,
		0.879500150680542,
		-0.5437155961990356,
		0.8001546859741211
	],
	"right_wrist": [
		0.5231555700302124,
		1.1646192073822021,
		-0.5534218549728394,
		0.7471828460693359
	],
	"nose": [
		0.5550315976142883,
		0.34190744161605835,
		-0.1473189741373062,
		0.999100387096405
	],
	"left_eye": [
		0.5396974086761475,
		0.29228782653808594,
		-0.11636662483215332,
		0.9986247420310974
	],
	"right_eye": [
		0.5301857590675354,
		0.2952124774456024,
		-0.19492830336093903,
		0.9990587830543518
	],
	"left_ear": [
		0.5000029802322388,
		0.3068860173225403,
		0.045672353357076645,
		0.9982852935791016
	],
	"right_ear": [
		0.48368868231773376,
		0.3133966326713562,
		-0.30602845549583435,
		0.999257504940033
	]
}