{
	"left_hip": [
		0.4979832172393799,
		1.217655897140503,
		0.17524385452270508,
		0.046929601579904556
	],
	"left_knee": [
		0.5307008028030396,
		1.6012572050094604,
		0.19169029593467712,
		0.005047795362770557
	],
	"left_ankle": [
		0.554606556892395,
		2.0311391353607178,
		0.4212024211883545,
		0.0006240064976736903
	],
	"right_hip": [
		0.41171011328697205,
		1.23861563205719,
		-0.17355576157569885,
		0.045555274933576584
	],
	"right_knee": [
		0.4364904463291168,
		1.6339162588119507,
		-0.14524300396442413,
		0.02124142274260521
	],
	"right_ankle": [
		0.461609423160553,
		2.0756542682647705,
		0.0033743262756615877,
		0.0022987688425928354
	],
	"left_shoulder": [
		0.48382100462913513,
		0.5827032923698425,
		0.2674526572227478,
		0.9891309142112732
	],
	"left_elbow": [
		0.5300475358963013,
		0.8664051294326782,
		0.3207976222038269,
		0.07823217660188675
	],
	"left_wrist": [
		0.6104364991188049,
		1.0471614599227905,
		0.13346120715141296,
		0.2637130320072174
	],
	"right_shoulder": [
		0.3841533064842224,
		0.5399564504623413,
		-0.44766759872436523,
		0.9987195730209351
	],
	"right_elbow": [
		0.4064303934574127,
		0.8743833303451538,
		-0.5412771701812744,
		0.807566225528717
	],
	"right_wrist": [
		0.5218231678009033,
		1.1587870121002197,
		-0.5487965941429138,
		0.755264401435852
	],
	"nose": [
		0.5540231466293335,
		0.3404316306114197,
		-0.14108729362487793,
		0.9990922212600708
	],
	"left_eye": [
		0.5381690263748169,
		0.29113370180130005,
		-0.11064767837524414,
		0.9986202716827393
	],
	"right_eye": [
		0.5290457010269165,
		0.29417961835861206,
		-0.18748608231544495,
		0.9990590214729309
	],
	"left_ear": [
		0.4982650876045227,
		0.305774986743927,
		0.0481443777680397,
		0.9982877373695374
	],
	"right_ear": [
		0.482832670211792,
		0.312457799911499,
		-0.2959865629673004,
		0.9992604851722717
	]
}