{
	"left_hip": [
		0.4948490560054779,
		1.133364200592041,
		0.1395813226699829,
		0.09822212159633636
	],
	"left_knee": [
		0.5367478728294373,
		1.5202635526657104,
		0.0706571415066719,
		0.012628914788365364
	],
	"left_ankle": [
		0.5487548112869263,
		1.9783543348312378,
		0.21430400013923645,
		0.0012708741705864668
	],
	"right_hip": [
		0.39820101857185364,
		1.1432116031646729,
		-0.1380077451467514,
		0.09305834770202637
	],
	"right_knee": [
		0.427501916885376,
		1.5628036260604858,
		-0.15623609721660614,
		0.03871386870741844
	],
	"right_ankle": [
		0.43540534377098083,
		2.0425539016723633,
		-0.1015787124633789,
		0.004409018438309431
	],
	"left_shoulder": [
		0.4815865457057953,
		0.5681568384170532,
		0.3108604848384857,
		0.9925892353057861
	],
	"left_elbow": [
		0.5315790772438049,
		0.8228852152824402,
		0.3721391558647156,
		0.1889108419418335
	],
	"left_wrist": [
		0.6178020238876343,
		0.9707276225090027,
		0.16692593693733215,
		0.4168139100074768
	],
	"right_shoulder": [
		0.3749006688594818,
		0.5152282118797302,
		-0.3242015540599823,
		0.9987910985946655
	],
	"right_elbow": [
		0.4245792031288147,
		0.8067795038223267,
		-0.41157975792884827,
		0.8593466281890869
	],
	"right_wrist": [
		0.5722970366477966,
		1.0111916065216064,
		-0.4234374165534973,
		0.8069762587547302
	],
	"nose": [
		0.5339056253433228,
		0.3199650049209595,
		-0.035321928560733795,
		0.9994534254074097
	],
	"left_eye": [
		0.5184272527694702,
		0.27630507946014404,
		-0.00838042888790369,
		0.9991997480392456
	],
	"right_eye": [
		0.5097278952598572,
		0.2799474596977234,
		-0.07993824779987335,
		0.9994366765022278
	],
	"left_ear": [
		0.482398122549057,
		0.29551562666893005,
		0.1291944682598114,
		0.9989942312240601
	],
	"right_ear": [
		0.46308860182762146,
		0.3025563359260559,
		-0.18928124010562897,
		0.9995097517967224
	]
}