{
	"left_hip": [
		0.4576374590396881,
		1.0845997333526611,
		0.20978161692619324,
		0.1692078858613968
	],
	"left_knee": [
		0.5843559503555298,
		0.9145838618278503,
		0.11564885079860687,
		0.04025818407535553
	],
	"left_ankle": [
		0.5607423782348633,
		1.2245125770568848,
		0.2676069140434265,
		0.010258512571454048
	],
	"right_hip": [
		0.39922279119491577,
		1.110863447189331,
		-0.20878534018993378,
		0.16258005797863007
	],
	"right_knee": [
		0.5459403395652771,
		0.9993177056312561,
		-0.33196789026260376,
		0.18073080480098724
	],
	"right_ankle": [
		0.5182899832725525,
		1.2608625888824463,
		-0.09633337706327438,
		0.026011407375335693
	],
	"left_shoulder": [
		0.4551236629486084,
		0.5490239262580872,
		0.3882078528404236,
		0.9930261373519897
	],
	"left_elbow": [
		0.5112601518630981,
		0.7831862568855286,
		0.45466384291648865,
		0.15577873587608337
	],
	"left_wrist": [
		0.5984033346176147,
		0.9004126787185669,
		0.24793338775634766,
		0.2781515121459961
	],
	"right_shoulder": [
		0.38570740818977356,
		0.510221004486084,
		-0.3846411108970642,
		0.9989484548568726
	],
	"right_elbow": [
		0.47219252586364746,
		0.7811412811279297,
		-0.4386640191078186,
		0.9101455211639404
	],
	"right_wrist": [
		0.6070502996444702,
		0.9410275816917419,
		-0.27549153566360474,
		0.8511290550231934
	],
	"nose": [
		0.527792751789093,
		0.33891478180885315,
		-0.006181471049785614,
		0.9988450407981873
	],
	"left_eye": [
		0.5117100477218628,
		0.28746524453163147,
		0.026394670829176903,
		0.9983442425727844
	],
	"right_eye": [
		0.5065692067146301,
		0.2892800569534302,
		-0.052113085985183716,
		0.9987216591835022
	],
	"left_ear": [
		0.4723276197910309,
		0.3000524640083313,
		0.17507508397102356,
		0.9982752799987793
	],
	"right_ear": [
		0.46312642097473145,
		0.30419790744781494,
		-0.16891516745090485,
		0.9990922808647156
	]
}