{
	"left_hip": [
		0.4557892680168152,
		1.081322193145752,
		0.21778710186481476,
		0.2434876561164856
	],
	"left_knee": [
		0.6002787351608276,
		0.8490506410598755,
		0.15308311581611633,
		0.08463585376739502
	],
	"left_ankle": [
		0.5883136987686157,
		1.114415168762207,
		0.3221258223056793,
		0.02945895493030548
	],
	"right_hip": [
		0.40684905648231506,
		1.1173216104507446,
		-0.21701903641223907,
		0.21685677766799927
	],
	"right_knee": [
		0.5703643560409546,
		0.9176346659660339,
		-0.306884229183197,
		0.2954774796962738
	],
	"right_ankle": [
		0.5522903203964233,
		1.1437209844589233,
		0.0006343090208247304,
		0.0601106658577919
	],
	"left_shoulder": [
		0.45250314474105835,
		0.5376081466674805,
		0.37376412749290466,
		0.9945772886276245
	],
	"left_elbow": [
		0.5093709230422974,
		0.7717654705047607,
		0.45357745885849,
		0.18203429877758026
	],
	"left_wrist": [
		0.6014375686645508,
		0.8860796689987183,
		0.25269177556037903,
		0.25127631425857544
	],
	"right_shoulder": [
		0.3959053158760071,
		0.5173485279083252,
		-0.42976561188697815,
		0.9990524649620056
	],
	"right_elbow": [
		0.5000854134559631,
		0.7882698178291321,
		-0.47460395097732544,
		0.9348813891410828
	],
	"right_wrist": [
		0.6233978867530823,
		0.9303693175315857,
		-0.280829519033432,
		0.8782643675804138
	],
	"nose": [
		0.5263925790786743,
		0.3379437327384949,
		-0.04583103582262993,
		0.9989213347434998
	],
	"left_eye": [
		0.5095270276069641,
		0.2863752841949463,
		-0.012716533616185188,
		0.998504102230072
	],
	"right_eye": [
		0.5038677453994751,
		0.28889504075050354,
		-0.09561774879693985,
		0.9988118410110474
	],
	"left_ear": [
		0.47045859694480896,
		0.29989948868751526,
		0.14260271191596985,
		0.9985336065292358
	],
	"right_ear": [
		0.4620150923728943,
		0.30459338426589966,
		-0.2250029742717743,
		0.9991915225982666
	]
}