{
	"left_hip": [
		0.4500337541103363,
		1.0828226804733276,
		0.21813206374645233,
		0.26875436305999756
	],
	"left_knee": [
		0.595717191696167,
		0.8446093201637268,
		0.17214615643024445,
		0.09968214482069016
	],
	"left_ankle": [
		0.5841534733772278,
		1.1108577251434326,
		0.3441888093948364,
		0.03670608252286911
	],
	"right_hip": [
		0.4083182215690613,
		1.1181193590164185,
		-0.21734276413917542,
		0.2346498817205429
	],
	"right_knee": [
		0.5713831782341003,
		0.9262526631355286,
		-0.29405707120895386,
		0.3358982503414154
	],
	"right_ankle": [
		0.5475484132766724,
		1.1507431268692017,
		0.006315177772194147,
		0.07407864183187485
	],
	"left_shoulder": [
		0.4441331923007965,
		0.5326502919197083,
		0.37270933389663696,
		0.9952445030212402
	],
	"left_elbow": [
		0.511569619178772,
		0.7741257548332214,
		0.4548068940639496,
		0.19282200932502747
	],
	"left_wrist": [
		0.6046921610832214,
		0.8787298202514648,
		0.263837993144989,
		0.24674487113952637
	],
	"right_shoulder": [
		0.3992811143398285,
		0.5170484781265259,
		-0.4276887774467468,
		0.9991161823272705
	],
	"right_elbow": [
		0.5162328481674194,
		0.7895943522453308,
		-0.46972984075546265,
		0.9436905384063721
	],
	"right_wrist": [
		0.6262290477752686,
		0.9198362231254578,
		-0.2628551125526428,
		0.8885098695755005
	],
	"nose": [
		0.5268256664276123,
		0.33504122495651245,
		-0.04465486854314804,
		0.9989892244338989
	],
	"left_eye": [
		0.5097570419311523,
		0.2839840352535248,
		-0.01204710453748703,
		0.9986141920089722
	],
	"right_eye": [
		0.504101037979126,
		0.2874172627925873,
		-0.09466002881526947,
		0.9988821148872375
	],
	"left_ear": [
		0.47065791487693787,
		0.29901501536369324,
		0.141206756234169,
		0.9986734390258789
	],
	"right_ear": [
		0.4623239040374756,
		0.30429157614707947,
		-0.22614367306232452,
		0.9992525577545166
	]
}