{
	"left_hip": [
		0.44646158814430237,
		1.079293966293335,
		0.2184375524520874,
		0.3029295802116394
	],
	"left_knee": [
		0.5924111604690552,
		0.8215355277061462,
		0.18895651400089264,
		0.1158226951956749
	],
	"left_ankle": [
		0.575616717338562,
		1.1031701564788818,
		0.3639669418334961,
		0.0466579794883728
	],
	"right_hip": [
		0.4103080630302429,
		1.1086088418960571,
		-0.2176922857761383,
		0.27929767966270447
	],
	"right_knee": [
		0.5654968023300171,
		0.9145270586013794,
		-0.30872422456741333,
		0.4114340543746948
	],
	"right_ankle": [
		0.5517788529396057,
		1.1594427824020386,
		-0.03153524920344353,
		0.10037842392921448
	],
	"left_shoulder": [
		0.4398821294307709,
		0.528954029083252,
		0.3803003430366516,
		0.9959750771522522
	],
	"left_elbow": [
		0.5142799615859985,
		0.785447359085083,
		0.4544360041618347,
		0.1821458488702774
	],
	"left_wrist": [
		0.6066141724586487,
		0.8772371411323547,
		0.25962987542152405,
		0.21254022419452667
	],
	"right_shoulder": [
		0.4035102427005768,
		0.508952260017395,
		-0.4112202525138855,
		0.9992647171020508
	],
	"right_elbow": [
		0.5205048322677612,
		0.784417986869812,
		-0.440518319606781,
		0.9562548995018005
	],
	"right_wrist": [
		0.6267164945602417,
		0.9101744890213013,
		-0.2290164977312088,
		0.9011202454566956
	],
	"nose": [
		0.5311353206634521,
		0.33449608087539673,
		-0.022642262279987335,
		0.9990691542625427
	],
	"left_eye": [
		0.5123697519302368,
		0.2829756736755371,
		0.00855946820229292,
		0.9987643957138062
	],
	"right_eye": [
		0.5073946118354797,
		0.28674373030662537,
		-0.07301236689090729,
		0.9989662766456604
	],
	"left_ear": [
		0.4712671637535095,
		0.29826146364212036,
		0.154678612947464,
		0.9988608360290527
	],
	"right_ear": [
		0.4659551978111267,
		0.3037359416484833,
		-0.20628313720226288,
		0.9993451237678528
	]
}