{
	"left_hip": [
		0.44541135430336,
		1.0724730491638184,
		0.21801266074180603,
		0.3229220509529114
	],
	"left_knee": [
		0.5920511484146118,
		0.8287289142608643,
		0.1628783643245697,
		0.12455299496650696
	],
	"left_ankle": [
		0.570171058177948,
		1.0940498113632202,
		0.3303314745426178,
		0.05125776305794716
	],
	"right_hip": [
		0.4098173975944519,
		1.0971806049346924,
		-0.2172696590423584,
		0.2998095750808716
	],
	"right_knee": [
		0.5662845373153687,
		0.9164443016052246,
		-0.31835246086120605,
		0.45074835419654846
	],
	"right_ankle": [
		0.5470079183578491,
		1.135474443435669,
		-0.06622031331062317,
		0.1156800240278244
	],
	"left_shoulder": [
		0.43647733330726624,
		0.5273024439811707,
		0.3881397545337677,
		0.9963470101356506
	],
	"left_elbow": [
		0.5158243775367737,
		0.7849974632263184,
		0.46478500962257385,
		0.18216200172901154
	],
	"left_wrist": [
		0.6072232127189636,
		0.8807411789894104,
		0.27681201696395874,
		0.20080366730690002
	],
	"right_shoulder": [
		0.40418872237205505,
		0.5078598856925964,
		-0.39762425422668457,
		0.9993223547935486
	],
	"right_elbow": [
		0.5218303203582764,
		0.7723718881607056,
		-0.4374404847621918,
		0.9627660512924194
	],
	"right_wrist": [
		0.6283364295959473,
		0.9074094295501709,
		-0.23804354667663574,
		0.9097254276275635
	],
	"nose": [
		0.5313854217529297,
		0.33485499024391174,
		-0.011651692911982536,
		0.9990948438644409
	],
	"left_eye": [
		0.5125994086265564,
		0.28284674882888794,
		0.01982342265546322,
		0.9987995028495789
	],
	"right_eye": [
		0.5077276825904846,
		0.28671184182167053,
		-0.061503343284130096,
		0.9989818334579468
	],
	"left_ear": [
		0.47140559554100037,
		0.29821911454200745,
		0.16609758138656616,
		0.9989151954650879
	],
	"right_ear": [
		0.4664207398891449,
		0.3037279546260834,
		-0.1933569759130478,
		0.9993590116500854
	]
}