{
	"left_hip": [
		0.4475736618041992,
		1.0363279581069946,
		0.19541114568710327,
		0.35085001587867737
	],
	"left_knee": [
		0.5887757539749146,
		0.8878662586212158,
		0.12943854928016663,
		0.13348641991615295
	],
	"left_ankle": [
		0.5581690073013306,
		1.1372618675231934,
		0.28014349937438965,
		0.04817710816860199
	],
	"right_hip": [
		0.3920484185218811,
		1.0490283966064453,
		-0.19461944699287415,
		0.30801257491111755
	],
	"right_knee": [
		0.5257378816604614,
		0.9435557723045349,
		-0.2930675446987152,
		0.46572548151016235
	],
	"right_ankle": [
		0.5217573046684265,
		1.1515296697616577,
		-0.11513098329305649,
		0.11323246359825134
	],
	"left_shoulder": [
		0.43584758043289185,
		0.5264419913291931,
		0.4065188765525818,
		0.9964005351066589
	],
	"left_elbow": [
		0.5197844505310059,
		0.7468342185020447,
		0.471119225025177,
		0.20621201395988464
	],
	"left_wrist": [
		0.6014014482498169,
		0.8256362676620483,
		0.25158610939979553,
		0.21053369343280792
	],
	"right_shoulder": [
		0.38965192437171936,
		0.49192026257514954,
		-0.2953978180885315,
		0.9992756843566895
	],
	"right_elbow": [
		0.48651280999183655,
		0.6835425496101379,
		-0.36377274990081787,
		0.9770588874816895
	],
	"right_wrist": [
		0.6076967120170593,
		0.8039748072624207,
		-0.254697322845459,
		0.9294632077217102
	],
	"nose": [
		0.5209693908691406,
		0.3296050727367401,
		0.05883922055363655,
		0.9990792870521545
	],
	"left_eye": [
		0.5032210946083069,
		0.2814542353153229,
		0.08828135579824448,
		0.9987845420837402
	],
	"right_eye": [
		0.4968174993991852,
		0.2850126326084137,
		0.016886411234736443,
		0.9989428520202637
	],
	"left_ear": [
		0.4644109308719635,
		0.3009234368801117,
		0.22258257865905762,
		0.9989180564880371
	],
	"right_ear": [
		0.4546707272529602,
		0.30543309450149536,
		-0.0905371829867363,
		0.9992872476577759
	]
}