{
	"left_hip": [
		0.4567956328392029,
		1.0266480445861816,
		0.1898638755083084,
		0.4232005774974823
	],
	"left_knee": [
		0.5691266655921936,
		0.7734679579734802,
		0.10792399942874908,
		0.16062675416469574
	],
	"left_ankle": [
		0.6694022417068481,
		1.010056972503662,
		0.20420992374420166,
		0.060742128640413284
	],
	"right_hip": [
		0.3832339644432068,
		1.0479521751403809,
		-0.18932406604290009,
		0.36547940969467163
	],
	"right_knee": [
		0.46967753767967224,
		0.8802406787872314,
		-0.327114999294281,
		0.5543290972709656
	],
	"right_ankle": [
		0.5834912061691284,
		1.0778955221176147,
		-0.1710355430841446,
		0.1402670294046402
	],
	"left_shoulder": [
		0.4515119194984436,
		0.5362556576728821,
		0.3713621497154236,
		0.997606635093689
	],
	"left_elbow": [
		0.6185644268989563,
		0.683696985244751,
		0.3780330717563629,
		0.4320078492164612
	],
	"left_wrist": [
		0.756945788860321,
		0.8486291170120239,
		0.08828368037939072,
		0.4373803436756134
	],
	"right_shoulder": [
		0.36738425493240356,
		0.47086992859840393,
		-0.2710874378681183,
		0.9992036819458008
	],
	"right_elbow": [
		0.45445147156715393,
		0.5583917498588562,
		-0.5594144463539124,
		0.9796815514564514
	],
	"right_wrist": [
		0.6030608415603638,
		0.6190286874771118,
		-0.5998347997665405,
		0.9428013563156128
	],
	"nose": [
		0.5102404952049255,
		0.3317854702472687,
		-0.028589222580194473,
		0.9993994235992432
	],
	"left_eye": [
		0.4961221218109131,
		0.28467801213264465,
		0.013528113253414631,
		0.9992265701293945
	],
	"right_eye": [
		0.488908052444458,
		0.2847632169723511,
		-0.04597825929522514,
		0.9992669224739075
	],
	"left_ear": [
		0.45988693833351135,
		0.299927294254303,
		0.1981636881828308,
		0.9993401765823364
	],
	"right_ear": [
		0.44885534048080444,
		0.3033149242401123,
		-0.0628015547990799,
		0.999487042427063
	]
}