{
	"left_hip": [
		0.45797744393348694,
		1.046584963798523,
		0.18163777887821198,
		0.3495984673500061
	],
	"left_knee": [
		0.5013808608055115,
		0.9939066171646118,
		0.2050166130065918,
		0.1143818199634552
	],
	"left_ankle": [
		0.49811166524887085,
		1.2485069036483765,
		0.3973233103752136,
		0.04964546114206314
	],
	"right_hip": [
		0.3932797610759735,
		1.0744621753692627,
		-0.18084123730659485,
		0.3091348707675934
	],
	"right_knee": [
		0.4614340364933014,
		0.9770114421844482,
		-0.27444419264793396,
		0.5339798927307129
	],
	"right_ankle": [
		0.43962493538856506,
		1.258163332939148,
		-0.056790463626384735,
		0.12427205592393875
	],
	"left_shoulder": [
		0.47646522521972656,
		0.5072957277297974,
		0.28373754024505615,
		0.9980896711349487
	],
	"left_elbow": [
		0.6371184587478638,
		0.534628689289093,
		0.29663321375846863,
		0.5637580156326294
	],
	"left_wrist": [
		0.8256909251213074,
		0.5960729718208313,
		0.042512472718954086,
		0.6236289143562317
	],
	"right_shoulder": [
		0.3710758686065674,
		0.4641628861427307,
		-0.34071555733680725,
		0.9978161454200745
	],
	"right_elbow": [
		0.47905105352401733,
		0.4250410795211792,
		-0.6159824132919312,
		0.9775765538215637
	],
	"right_wrist": [
		0.6272566914558411,
		0.45691534876823425,
		-0.6139992475509644,
		0.9332716464996338
	],
	"nose": [
		0.5105683207511902,
		0.3202618658542633,
		-0.10866359621286392,
		0.9995938539505005
	],
	"left_eye": [
		0.4964214861392975,
		0.27681705355644226,
		-0.06971044838428497,
		0.9994553923606873
	],
	"right_eye": [
		0.488412469625473,
		0.28080877661705017,
		-0.13229088485240936,
		0.9994491934776306
	],
	"left_ear": [
		0.4603932499885559,
		0.2971368730068207,
		0.12371307611465454,
		0.9995537400245667
	],
	"right_ear": [
		0.44853559136390686,
		0.3021741509437561,
		-0.1676265001296997,
		0.9995957016944885
	]
}