{
	"left_hip": [
		0.4569990038871765,
		1.0469011068344116,
		0.18559730052947998,
		0.3495500981807709
	],
	"left_knee": [
		0.5150381922721863,
		0.845472514629364,
		0.24155199527740479,
		0.10753262042999268
	],
	"left_ankle": [
		0.5420569181442261,
		0.9584558606147766,
		0.44768086075782776,
		0.048731401562690735
	],
	"right_hip": [
		0.39467886090278625,
		1.0792230367660522,
		-0.1849091351032257,
		0.31672245264053345
	],
	"right_knee": [
		0.46337491273880005,
		0.9159570932388306,
		-0.27956706285476685,
		0.5390378832817078
	],
	"right_ankle": [
		0.4774115979671478,
		1.042076587677002,
		-0.03981848061084747,
		0.13261325657367706
	],
	"left_shoulder": [
		0.47389745712280273,
		0.5080846548080444,
		0.2763674259185791,
		0.9981310963630676
	],
	"left_elbow": [
		0.6380565166473389,
		0.5176751017570496,
		0.31366002559661865,
		0.5844492316246033
	],
	"left_wrist": [
		0.8321868777275085,
		0.5720196962356567,
		0.10773561149835587,
		0.6426355242729187
	],
	"right_shoulder": [
		0.37116724252700806,
		0.464401513338089,
		-0.38338786363601685,
		0.9977667331695557
	],
	"right_elbow": [
		0.4785708487033844,
		0.3965768814086914,
		-0.7240045666694641,
		0.9776714444160461
	],
	"right_wrist": [
		0.6243047714233398,
		0.4241971969604492,
		-0.756974995136261,
		0.9308521747589111
	],
	"nose": [
		0.5111123323440552,
		0.3175332844257355,
		-0.13438639044761658,
		0.999627411365509
	],
	"left_eye": [
		0.4967866837978363,
		0.27570194005966187,
		-0.09377099573612213,
		0.9994951486587524
	],
	"right_eye": [
		0.4892793297767639,
		0.2802356779575348,
		-0.1609000265598297,
		0.9994900226593018
	],
	"left_ear": [
		0.46069222688674927,
		0.2968321740627289,
		0.10658006370067596,
		0.999587893486023
	],
	"right_ear": [
		0.44975996017456055,
		0.30203327536582947,
		-0.20254942774772644,
		0.9996262788772583
	]
}