{
	"left_hip": [
		0.4562954902648926,
		1.0424304008483887,
		0.18666251003742218,
		0.32797813415527344
	],
	"left_knee": [
		0.5777886509895325,
		0.7804410457611084,
		0.20565848052501678,
		0.10270838439464569
	],
	"left_ankle": [
		0.7840980291366577,
		0.5349071621894836,
		0.4061310887336731,
		0.05577979236841202
	],
	"right_hip": [
		0.41386231780052185,
		1.0950391292572021,
		-0.18607641756534576,
		0.29386237263679504
	],
	"right_knee": [
		0.536467969417572,
		0.86495441198349,
		-0.1929207146167755,
		0.529625415802002
	],
	"right_ankle": [
		0.6633536219596863,
		0.7219981551170349,
		0.038637105375528336,
		0.15003779530525208
	],
	"left_shoulder": [
		0.4486928880214691,
		0.4942852854728699,
		0.17480525374412537,
		0.9973543286323547
	],
	"left_elbow": [
		0.5992590188980103,
		0.45913413166999817,
		0.21735219657421112,
		0.5732339024543762
	],
	"left_wrist": [
		0.8101571798324585,
		0.4775969982147217,
		0.018198218196630478,
		0.5972421169281006
	],
	"right_shoulder": [
		0.38322436809539795,
		0.4735943078994751,
		-0.42302122712135315,
		0.9963878393173218
	],
	"right_elbow": [
		0.5028871893882751,
		0.3791833817958832,
		-0.6878443956375122,
		0.9712690711021423
	],
	"right_wrist": [
		0.6114572286605835,
		0.38059449195861816,
		-0.6985042691230774,
		0.9073976874351501
	],
	"nose": [
		0.5110057592391968,
		0.30878204107284546,
		-0.1645306944847107,
		0.9996240139007568
	],
	"left_eye": [
		0.496755987405777,
		0.27038681507110596,
		-0.13693849742412567,
		0.9994866847991943
	],
	"right_eye": [
		0.4908047318458557,
		0.27567771077156067,
		-0.20415087044239044,
		0.9994523525238037
	],
	"left_ear": [
		0.46056169271469116,
		0.28857532143592834,
		0.01676136441528797,
		0.9995497465133667
	],
	"right_ear": [
		0.45330604910850525,
		0.2966243326663971,
		-0.2917099893093109,
		0.9995819330215454
	]
}