{
	"left_hip": [
		0.4671267569065094,
		1.0865260362625122,
		0.12659776210784912,
		0.4909757077693939
	],
	"left_knee": [
		0.4804505407810211,
		1.5015805959701538,
		0.11104406416416168,
		0.08435514569282532
	],
	"left_ankle": [
		0.4879680573940277,
		1.8813925981521606,
		0.3097173571586609,
		0.03233986347913742
	],
	"right_hip": [
		0.3725166618824005,
		1.1081467866897583,
		-0.12579071521759033,
		0.4208667576313019
	],
	"right_knee": [
		0.37485939264297485,
		1.5201194286346436,
		-0.1341732144355774,
		0.3561931848526001
	],
	"right_ankle": [
		0.37717169523239136,
		1.9268478155136108,
		-0.02859632670879364,
		0.08480311185121536
	],
	"left_shoulder": [
		0.477943480014801,
		0.5027660131454468,
		0.15030011534690857,
		0.9980819225311279
	],
	"left_elbow": [
		0.6479665637016296,
		0.4306753873825073,
		0.10333117097616196,
		0.810319721698761
	],
	"left_wrist": [
		0.8072088360786438,
		0.3413269817829132,
		-0.10718154907226562,
		0.8256511092185974
	],
	"right_shoulder": [
		0.341443806886673,
		0.48486825823783875,
		-0.3617481589317322,
		0.9951803088188171
	],
	"right_elbow": [
		0.4141484797000885,
		0.40808427333831787,
		-0.717566728591919,
		0.9829480648040771
	],
	"right_wrist": [
		0.5441007614135742,
		0.26557040214538574,
		-0.8225584030151367,
		0.9496221542358398
	],
	"nose": [
		0.4780825972557068,
		0.33616626262664795,
		-0.2264905422925949,
		0.9996517300605774
	],
	"left_eye": [
		0.47407856583595276,
		0.2908465266227722,
		-0.1867128312587738,
		0.9995410442352295
	],
	"right_eye": [
		0.463235467672348,
		0.29477137327194214,
		-0.2398088425397873,
		0.9995701909065247
	],
	"left_ear": [
		0.4498662054538727,
		0.2975232005119324,
		0.018838156014680862,
		0.9996650218963623
	],
	"right_ear": [
		0.43003812432289124,
		0.3076620101928711,
		-0.2185981571674347,
		0.9996872544288635
	]
}