{
	"left_hip": [
		0.46664944291114807,
		1.0888862609863281,
		0.12159775197505951,
		0.5182585120201111
	],
	"left_knee": [
		0.4790869355201721,
		1.5142488479614258,
		0.10652898252010345,
		0.08166096359491348
	],
	"left_ankle": [
		0.48053914308547974,
		1.8943215608596802,
		0.3105749785900116,
		0.029549630358815193
	],
	"right_hip": [
		0.36822620034217834,
		1.111129879951477,
		-0.12067224830389023,
		0.43939390778541565
	],
	"right_knee": [
		0.36690667271614075,
		1.5298082828521729,
		-0.13006028532981873,
		0.33511656522750854
	],
	"right_ankle": [
		0.36605218052864075,
		1.9298310279846191,
		-0.026191547513008118,
		0.0781494528055191
	],
	"left_shoulder": [
		0.47726044058799744,
		0.502865195274353,
		0.13981208205223083,
		0.9982134103775024
	],
	"left_elbow": [
		0.6466375589370728,
		0.4271811246871948,
		0.08321867883205414,
		0.8281285166740417
	],
	"left_wrist": [
		0.8067753911018372,
		0.33929869532585144,
		-0.12593987584114075,
		0.8428502678871155
	],
	"right_shoulder": [
		0.33869999647140503,
		0.48594918847084045,
		-0.3630748391151428,
		0.9951862692832947
	],
	"right_elbow": [
		0.4156080186367035,
		0.41434749960899353,
		-0.7223016023635864,
		0.9841033816337585
	],
	"right_wrist": [
		0.5477246046066284,
		0.2650333344936371,
		-0.8254693746566772,
		0.953554630279541
	],
	"nose": [
		0.47655993700027466,
		0.3367673456668854,
		-0.22434639930725098,
		0.9996607899665833
	],
	"left_eye": [
		0.47206345200538635,
		0.2916882038116455,
		-0.1843966841697693,
		0.9995618462562561
	],
	"right_eye": [
		0.462085485458374,
		0.29594501852989197,
		-0.23845990002155304,
		0.9995915293693542
	],
	"left_ear": [
		0.44728055596351624,
		0.2978416085243225,
		0.017365284264087677,
		0.9996855854988098
	],
	"right_ear": [
		0.42887091636657715,
		0.30855971574783325,
		-0.22062715888023376,
		0.9997019171714783
	]
}