{
	"left_hip": [
		0.46863922476768494,
		1.0993618965148926,
		0.11743583530187607,
		0.5827671885490417
	],
	"left_knee": [
		0.48197275400161743,
		1.5215551853179932,
		0.18084558844566345,
		0.07439690083265305
	],
	"left_ankle": [
		0.4800572395324707,
		1.8984342813491821,
		0.4803338050842285,
		0.024543985724449158
	],
	"right_hip": [
		0.3618519604206085,
		1.1193733215332031,
		-0.11639612913131714,
		0.5029630064964294
	],
	"right_knee": [
		0.3603523373603821,
		1.5390827655792236,
		-0.06217174977064133,
		0.2992437779903412
	],
	"right_ankle": [
		0.3619232773780823,
		1.9296427965164185,
		0.12330738455057144,
		0.06633876264095306
	],
	"left_shoulder": [
		0.4823664724826813,
		0.5041697025299072,
		0.12112267315387726,
		0.9984591007232666
	],
	"left_elbow": [
		0.6559758186340332,
		0.42906323075294495,
		0.07829122990369797,
		0.8588817715644836
	],
	"left_wrist": [
		0.8050848245620728,
		0.3392452299594879,
		-0.11850471794605255,
		0.8723604679107666
	],
	"right_shoulder": [
		0.3313504159450531,
		0.48788079619407654,
		-0.379382461309433,
		0.9956859946250916
	],
	"right_elbow": [
		0.4120491147041321,
		0.3091025650501251,
		-0.8025680780410767,
		0.9867891669273376
	],
	"right_wrist": [
		0.5499285459518433,
		0.25262686610221863,
		-0.9206719398498535,
		0.9613738059997559
	],
	"nose": [
		0.4739210605621338,
		0.34497132897377014,
		-0.2751525938510895,
		0.999690055847168
	],
	"left_eye": [
		0.4689888060092926,
		0.29726773500442505,
		-0.23149386048316956,
		0.9996077418327332
	],
	"right_eye": [
		0.4583442211151123,
		0.3009602129459381,
		-0.2802604138851166,
		0.9996379017829895
	],
	"left_ear": [
		0.44383469223976135,
		0.3037581145763397,
		-0.012280676513910294,
		0.9997268915176392
	],
	"right_ear": [
		0.4212270677089691,
		0.3132399916648865,
		-0.22735492885112762,
		0.9997397661209106
	]
}