{
	"left_hip": [
		0.46873611211776733,
		1.1053532361984253,
		0.11975139379501343,
		0.6925761103630066
	],
	"left_knee": [
		0.4805728495121002,
		1.5268256664276123,
		0.09263841807842255,
		0.0729399174451828
	],
	"left_ankle": [
		0.4821471571922302,
		1.9087351560592651,
		0.332234263420105,
		0.016270285472273827
	],
	"right_hip": [
		0.3564957082271576,
		1.120193600654602,
		-0.1188463345170021,
		0.6180548667907715
	],
	"right_knee": [
		0.3578921854496002,
		1.5265699625015259,
		-0.13994501531124115,
		0.2449980229139328
	],
	"right_ankle": [
		0.35841429233551025,
		1.9308713674545288,
		0.011366063728928566,
		0.04898002743721008
	],
	"left_shoulder": [
		0.4843924641609192,
		0.5157709121704102,
		0.18253448605537415,
		0.9988015294075012
	],
	"left_elbow": [
		0.6581138968467712,
		0.432052880525589,
		0.08016304671764374,
		0.9190904498100281
	],
	"left_wrist": [
		0.8008350133895874,
		0.3494601845741272,
		-0.1446683704853058,
		0.9309122562408447
	],
	"right_shoulder": [
		0.32082146406173706,
		0.4876939654350281,
		-0.34024256467819214,
		0.996677815914154
	],
	"right_elbow": [
		0.3876788020133972,
		0.2740507423877716,
		-0.8063839673995972,
		0.9921488165855408
	],
	"right_wrist": [
		0.5316504240036011,
		0.26161015033721924,
		-0.9184517860412598,
		0.9771861433982849
	],
	"nose": [
		0.4699169993400574,
		0.3514135181903839,
		-0.248576357960701,
		0.9997016191482544
	],
	"left_eye": [
		0.46684688329696655,
		0.30310535430908203,
		-0.2018415629863739,
		0.999643862247467
	],
	"right_eye": [
		0.4552645683288574,
		0.3055385947227478,
		-0.24421772360801697,
		0.9996934533119202
	],
	"left_ear": [
		0.4380192160606384,
		0.31315886974334717,
		0.03286706656217575,
		0.9997708201408386
	],
	"right_ear": [
		0.4107448160648346,
		0.3173278570175171,
		-0.16142237186431885,
		0.9998030066490173
	]
}