{
	"left_hip": [
		0.4694078862667084,
		1.1059184074401855,
		0.11951613426208496,
		0.73567795753479
	],
	"left_knee": [
		0.4848087430000305,
		1.5316040515899658,
		0.09892900288105011,
		0.06539299339056015
	],
	"left_ankle": [
		0.4839414060115814,
		1.9198493957519531,
		0.34625059366226196,
		0.012611311860382557
	],
	"right_hip": [
		0.35516706109046936,
		1.1201099157333374,
		-0.1186288446187973,
		0.6646968126296997
	],
	"right_knee": [
		0.35876983404159546,
		1.5368115901947021,
		-0.1349402517080307,
		0.20906247198581696
	],
	"right_ankle": [
		0.36023804545402527,
		1.9451069831848145,
		0.02282257005572319,
		0.0394437313079834
	],
	"left_shoulder": [
		0.48362794518470764,
		0.5158832669258118,
		0.19312740862369537,
		0.9989840984344482
	],
	"left_elbow": [
		0.6570246815681458,
		0.4401603937149048,
		0.0997120812535286,
		0.9388850331306458
	],
	"left_wrist": [
		0.8013449907302856,
		0.3691219687461853,
		-0.13787546753883362,
		0.9493008852005005
	],
	"right_shoulder": [
		0.3166961669921875,
		0.4858741760253906,
		-0.3300013244152069,
		0.9970923066139221
	],
	"right_elbow": [
		0.3821633756160736,
		0.28704747557640076,
		-0.8265450596809387,
		0.9937868118286133
	],
	"right_wrist": [
		0.5240925550460815,
		0.27957355976104736,
		-1.017431616783142,
		0.982377827167511
	],
	"nose": [
		0.4648182988166809,
		0.3538835644721985,
		-0.2385788857936859,
		0.9997355341911316
	],
	"left_eye": [
		0.4624995291233063,
		0.3030766248703003,
		-0.1920316368341446,
		0.9996894001960754
	],
	"right_eye": [
		0.44770485162734985,
		0.30468249320983887,
		-0.23782959580421448,
		0.9997336864471436
	],
	"left_ear": [
		0.4377076029777527,
		0.3131597638130188,
		0.04491357505321503,
		0.999804675579071
	],
	"right_ear": [
		0.40398797392845154,
		0.315204918384552,
		-0.15198272466659546,
		0.999832272529602
	]
}