{
	"left_hip": [
		0.4683595597743988,
		1.099571943283081,
		0.11093162000179291,
		0.775899350643158
	],
	"left_knee": [
		0.4871046543121338,
		1.528700590133667,
		0.06483888626098633,
		0.05703270062804222
	],
	"left_ankle": [
		0.4919547140598297,
		1.9244135618209839,
		0.301334023475647,
		0.00770340533927083
	],
	"right_hip": [
		0.3539137542247772,
		1.1103036403656006,
		-0.10999691486358643,
		0.7063410878181458
	],
	"right_knee": [
		0.3561159074306488,
		1.5342035293579102,
		-0.13606688380241394,
		0.15246759355068207
	],
	"right_ankle": [
		0.361407607793808,
		1.9468837976455688,
		0.0031539250630885363,
		0.027086228132247925
	],
	"left_shoulder": [
		0.480333149433136,
		0.5212805867195129,
		0.20349626243114471,
		0.9991992115974426
	],
	"left_elbow": [
		0.6410539746284485,
		0.45034322142601013,
		0.1366061419248581,
		0.967078447341919
	],
	"left_wrist": [
		0.8102402687072754,
		0.41784706711769104,
		-0.06659017503261566,
		0.9748579263687134
	],
	"right_shoulder": [
		0.31070858240127563,
		0.4872148036956787,
		-0.3396466374397278,
		0.9975112676620483
	],
	"right_elbow": [
		0.36587783694267273,
		0.30238398909568787,
		-0.8479948043823242,
		0.9952815175056458
	],
	"right_wrist": [
		0.509282112121582,
		0.34427496790885925,
		-1.083148717880249,
		0.9892617464065552
	],
	"nose": [
		0.45485788583755493,
		0.30934786796569824,
		-0.20954260230064392,
		0.9997727274894714
	],
	"left_eye": [
		0.4482516348361969,
		0.26253506541252136,
		-0.15662500262260437,
		0.9997435212135315
	],
	"right_eye": [
		0.43031397461891174,
		0.26003336906433105,
		-0.2097383439540863,
		0.9997842311859131
	],
	"left_ear": [
		0.43133360147476196,
		0.2894371747970581,
		0.0800878256559372,
		0.9998465776443481
	],
	"right_ear": [
		0.3952539563179016,
		0.2810232937335968,
		-0.15422818064689636,
		0.9998666644096375
	]
}