{
	"left_hip": [
		0.473050057888031,
		1.0857151746749878,
		0.10657672584056854,
		0.8199183344841003
	],
	"left_knee": [
		0.49101996421813965,
		1.5189423561096191,
		0.095310278236866,
		0.045363008975982666
	],
	"left_ankle": [
		0.4918819069862366,
		1.9273356199264526,
		0.351266086101532,
		0.005038208328187466
	],
	"right_hip": [
		0.3562600016593933,
		1.0969810485839844,
		-0.10545150190591812,
		0.7522811889648438
	],
	"right_knee": [
		0.3563273847103119,
		1.5221415758132935,
		-0.15439395606517792,
		0.11231894791126251
	],
	"right_ankle": [
		0.3642171025276184,
		1.9418189525604248,
		-0.009739900007843971,
		0.019841967150568962
	],
	"left_shoulder": [
		0.4830196499824524,
		0.5135131478309631,
		0.18699926137924194,
		0.9994909167289734
	],
	"left_elbow": [
		0.6339476108551025,
		0.502426028251648,
		0.1391000598669052,
		0.9813258647918701
	],
	"left_wrist": [
		0.8009737133979797,
		0.44915252923965454,
		-0.06978251039981842,
		0.9863355755805969
	],
	"right_shoulder": [
		0.311310350894928,
		0.48370951414108276,
		-0.35094863176345825,
		0.9982581734657288
	],
	"right_elbow": [
		0.34186550974845886,
		0.3672233819961548,
		-0.8730274438858032,
		0.9961724877357483
	],
	"right_wrist": [
		0.48471513390541077,
		0.39855507016181946,
		-1.1267809867858887,
		0.9923415184020996
	],
	"nose": [
		0.4575027823448181,
		0.31136181950569153,
		-0.25547724962234497,
		0.9998430609703064
	],
	"left_eye": [
		0.4507238268852234,
		0.2678321599960327,
		-0.20282380282878876,
		0.9998255968093872
	],
	"right_eye": [
		0.433727502822876,
		0.27049046754837036,
		-0.25612667202949524,
		0.9998530745506287
	],
	"left_ear": [
		0.4301575720310211,
		0.285628080368042,
		0.045819610357284546,
		0.9998998045921326
	],
	"right_ear": [
		0.3969317078590393,
		0.2886984646320343,
		-0.18601363897323608,
		0.9999091625213623
	]
}