{
	"left_hip": [
		0.4772447645664215,
		1.128684401512146,
		0.13187125325202942,
		0.8117300271987915
	],
	"left_knee": [
		0.4985640048980713,
		1.5747829675674438,
		0.11186881363391876,
		0.029140157625079155
	],
	"left_ankle": [
		0.5113436579704285,
		1.9968289136886597,
		0.36317646503448486,
		0.002619198290631175
	],
	"right_hip": [
		0.371289998292923,
		1.1412568092346191,
		-0.1307642161846161,
		0.7552704215049744
	],
	"right_knee": [
		0.3734700083732605,
		1.5880308151245117,
		-0.12124468386173248,
		0.10380593687295914
	],
	"right_ankle": [
		0.38282254338264465,
		2.026529312133789,
		0.02535681426525116,
		0.013348300941288471
	],
	"left_shoulder": [
		0.4742735028266907,
		0.5367069244384766,
		0.248186394572258,
		0.9996188879013062
	],
	"left_elbow": [
		0.6465376615524292,
		0.522053062915802,
		0.2703171968460083,
		0.9853718280792236
	],
	"left_wrist": [
		0.8017228841781616,
		0.48631736636161804,
		0.10777369886636734,
		0.9932008385658264
	],
	"right_shoulder": [
		0.32832998037338257,
		0.4723012149333954,
		-0.3028695583343506,
		0.998886227607727
	],
	"right_elbow": [
		0.29378587007522583,
		0.42752182483673096,
		-0.7260903716087341,
		0.9964739680290222
	],
	"right_wrist": [
		0.4559811055660248,
		0.45983433723449707,
		-0.895511269569397,
		0.994795024394989
	],
	"nose": [
		0.4803159236907959,
		0.3096906542778015,
		-0.1512293517589569,
		0.999925434589386
	],
	"left_eye": [
		0.46397900581359863,
		0.2681107819080353,
		-0.103567935526371,
		0.9999179244041443
	],
	"right_eye": [
		0.45375490188598633,
		0.2714936435222626,
		-0.16007621586322784,
		0.9999317526817322
	],
	"left_ear": [
		0.4311833381652832,
		0.2878677248954773,
		0.11494807153940201,
		0.9999531507492065
	],
	"right_ear": [
		0.41518324613571167,
		0.2947872579097748,
		-0.14033521711826324,
		0.9999577403068542
	]
}