{
	"left_hip": [
		0.5006902813911438,
		1.1668314933776855,
		0.09749947488307953,
		0.9106914401054382
	],
	"left_knee": [
		0.5182113647460938,
		1.627511739730835,
		0.09865137934684753,
		0.02182191237807274
	],
	"left_ankle": [
		0.5218333005905151,
		2.055762529373169,
		0.3410061299800873,
		0.001576856942847371
	],
	"right_hip": [
		0.3780597448348999,
		1.1896319389343262,
		-0.09649230539798737,
		0.884236752986908
	],
	"right_knee": [
		0.3842097818851471,
		1.6477452516555786,
		-0.08595661073923111,
		0.08675818890333176
	],
	"right_ankle": [
		0.39089369773864746,
		2.09912371635437,
		0.03706621751189232,
		0.010781750082969666
	],
	"left_shoulder": [
		0.49921488761901855,
		0.5267097353935242,
		0.2029564380645752,
		0.9998366236686707
	],
	"left_elbow": [
		0.659183144569397,
		0.5177637934684753,
		0.28189873695373535,
		0.994268536567688
	],
	"left_wrist": [
		0.8003908395767212,
		0.45749789476394653,
		0.22072574496269226,
		0.9973953366279602
	],
	"right_shoulder": [
		0.33584290742874146,
		0.5020195245742798,
		-0.2938716411590576,
		0.9995851516723633
	],
	"right_elbow": [
		0.24779312312602997,
		0.3909984230995178,
		-0.7067254185676575,
		0.9983953833580017
	],
	"right_wrist": [
		0.420661062002182,
		0.43644392490386963,
		-0.835996150970459,
		0.9957194924354553
	],
	"nose": [
		0.48094692826271057,
		0.309506893157959,
		-0.22212150692939758,
		0.9999741911888123
	],
	"left_eye": [
		0.46546608209609985,
		0.2660076916217804,
		-0.17660608887672424,
		0.9999710321426392
	],
	"right_eye": [
		0.4506779611110687,
		0.2713262736797333,
		-0.22324278950691223,
		0.9999768733978271
	],
	"left_ear": [
		0.43688908219337463,
		0.2901254892349243,
		0.04778226464986801,
		0.9999839663505554
	],
	"right_ear": [
		0.41315096616744995,
		0.3027677536010742,
		-0.16113446652889252,
		0.9999861717224121
	]
}