{
	"left_hip": [
		0.4954443871974945,
		1.1448339223861694,
		0.11172714084386826,
		0.8342697024345398
	],
	"left_knee": [
		0.5098174214363098,
		1.6064244508743286,
		0.09915949404239655,
		0.01898629404604435
	],
	"left_ankle": [
		0.502470850944519,
		2.0458149909973145,
		0.3408321440219879,
		0.0012596036540344357
	],
	"right_hip": [
		0.376045286655426,
		1.1596527099609375,
		-0.11088892072439194,
		0.8217556476593018
	],
	"right_knee": [
		0.37899547815322876,
		1.6241530179977417,
		-0.12248726934194565,
		0.07982654869556427
	],
	"right_ankle": [
		0.37382879853248596,
		2.0894217491149902,
		0.007756856270134449,
		0.013418596237897873
	],
	"left_shoulder": [
		0.4903184473514557,
		0.5208005309104919,
		0.2276570349931717,
		0.9999114274978638
	],
	"left_elbow": [
		0.645717442035675,
		0.5235418081283569,
		0.3221043050289154,
		0.9975624084472656
	],
	"left_wrist": [
		0.7962924242019653,
		0.4833647906780243,
		0.26267534494400024,
		0.9990830421447754
	],
	"right_shoulder": [
		0.33491355180740356,
		0.4971608817577362,
		-0.302206426858902,
		0.9999052882194519
	],
	"right_elbow": [
		0.2350737601518631,
		0.3820732533931732,
		-0.741115152835846,
		0.9988715648651123
	],
	"right_wrist": [
		0.40342265367507935,
		0.40658894181251526,
		-0.9408760070800781,
		0.9967630505561829
	],
	"nose": [
		0.48108941316604614,
		0.31032031774520874,
		-0.1504461020231247,
		0.9999961256980896
	],
	"left_eye": [
		0.4647461473941803,
		0.2630493640899658,
		-0.10682026296854019,
		0.9999944567680359
	],
	"right_eye": [
		0.4510161280632019,
		0.2697266638278961,
		-0.16219165921211243,
		0.9999967217445374
	],
	"left_ear": [
		0.43249115347862244,
		0.28519174456596375,
		0.0906844511628151,
		0.9999973177909851
	],
	"right_ear": [
		0.4111095368862152,
		0.2968224287033081,
		-0.15933522582054138,
		0.9999983906745911
	]
}