{
	"left_hip": [
		0.49427300691604614,
		1.143126130104065,
		0.1096145510673523,
		0.8413659930229187
	],
	"left_knee": [
		0.5076952576637268,
		1.6026405096054077,
		0.09444518387317657,
		0.019595539197325706
	],
	"left_ankle": [
		0.49886780977249146,
		2.043668508529663,
		0.33500999212265015,
		0.001215754309669137
	],
	"right_hip": [
		0.37583616375923157,
		1.1552228927612305,
		-0.10878179222345352,
		0.8261873126029968
	],
	"right_knee": [
		0.37729114294052124,
		1.6192822456359863,
		-0.12429462373256683,
		0.07908977568149567
	],
	"right_ankle": [
		0.37162166833877563,
		2.084815740585327,
		0.004630713723599911,
		0.012916026636958122
	],
	"left_shoulder": [
		0.48815178871154785,
		0.5190756320953369,
		0.2272249013185501,
		0.9999192953109741
	],
	"left_elbow": [
		0.6431935429573059,
		0.5253307223320007,
		0.3179807960987091,
		0.9977459907531738
	],
	"left_wrist": [
		0.7950206995010376,
		0.48372402787208557,
		0.25181087851524353,
		0.9991615414619446
	],
	"right_shoulder": [
		0.33397746086120605,
		0.4948417544364929,
		-0.3016844391822815,
		0.9999094605445862
	],
	"right_elbow": [
		0.23493318259716034,
		0.3817804753780365,
		-0.742440938949585,
		0.9988000988960266
	],
	"right_wrist": [
		0.3998817503452301,
		0.4034454822540283,
		-0.9512842893600464,
		0.9968274831771851
	],
	"nose": [
		0.48151469230651855,
		0.310613214969635,
		-0.14791342616081238,
		0.9999963641166687
	],
	"left_eye": [
		0.4648287892341614,
		0.2632720470428467,
		-0.10403506457805634,
		0.9999948143959045
	],
	"right_eye": [
		0.45249027013778687,
		0.26974400877952576,
		-0.15948623418807983,
		0.9999969601631165
	],
	"left_ear": [
		0.4319974482059479,
		0.28530529141426086,
		0.09524722397327423,
		0.9999975562095642
	],
	"right_ear": [
		0.4125688672065735,
		0.2966107726097107,
		-0.1571894735097885,
		0.9999983906745911
	]
}