{
	"left_hip": [
		0.4950820505619049,
		1.1454044580459595,
		0.10252386331558228,
		0.8374328017234802
	],
	"left_knee": [
		0.5084222555160522,
		1.6078059673309326,
		0.0799587294459343,
		0.019994869828224182
	],
	"left_ankle": [
		0.5010117888450623,
		2.0504753589630127,
		0.31434163451194763,
		0.0010889575351029634
	],
	"right_hip": [
		0.37327897548675537,
		1.162807822227478,
		-0.10156391561031342,
		0.8115922808647156
	],
	"right_knee": [
		0.37477174401283264,
		1.6248904466629028,
		-0.13261418044567108,
		0.06838367879390717
	],
	"right_ankle": [
		0.37186914682388306,
		2.088026523590088,
		-0.007442140486091375,
		0.010110163129866123
	],
	"left_shoulder": [
		0.4966580867767334,
		0.5156076550483704,
		0.20533601939678192,
		0.999931812286377
	],
	"left_elbow": [
		0.6558953523635864,
		0.5226949453353882,
		0.24481193721294403,
		0.9980771541595459
	],
	"left_wrist": [
		0.7970763444900513,
		0.48184487223625183,
		0.13269945979118347,
		0.9992238879203796
	],
	"right_shoulder": [
		0.3297228515148163,
		0.5001952052116394,
		-0.3106006383895874,
		0.9999115467071533
	],
	"right_elbow": [
		0.23137685656547546,
		0.3829963207244873,
		-0.7679159641265869,
		0.9986305236816406
	],
	"right_wrist": [
		0.40543127059936523,
		0.4077525734901428,
		-0.9948012232780457,
		0.9957446455955505
	],
	"nose": [
		0.480620801448822,
		0.31404224038124084,
		-0.20257766544818878,
		0.9999959468841553
	],
	"left_eye": [
		0.46370449662208557,
		0.2666703462600708,
		-0.15697231888771057,
		0.999994158744812
	],
	"right_eye": [
		0.4518973231315613,
		0.2728540003299713,
		-0.2078407257795334,
		0.9999966621398926
	],
	"left_ear": [
		0.43007326126098633,
		0.2879160940647125,
		0.05918227508664131,
		0.9999974370002747
	],
	"right_ear": [
		0.4116445481777191,
		0.29836222529411316,
		-0.1693773716688156,
		0.9999982714653015
	]
}