{
	"left_hip": [
		0.48234039545059204,
		1.1950148344039917,
		0.09213843941688538,
		0.6265498995780945
	],
	"left_knee": [
		0.5149227380752563,
		1.6897904872894287,
		0.0784764364361763,
		0.016390424221754074
	],
	"left_ankle": [
		0.5200591087341309,
		2.1464552879333496,
		0.33942750096321106,
		0.000717452319804579
	],
	"right_hip": [
		0.34557339549064636,
		1.2327804565429688,
		-0.09109197556972504,
		0.5841234922409058
	],
	"right_knee": [
		0.36668860912323,
		1.7264585494995117,
		-0.13493257761001587,
		0.041234780102968216
	],
	"right_ankle": [
		0.376682311296463,
		2.208028554916382,
		0.012981122359633446,
		0.0060021039098501205
	],
	"left_shoulder": [
		0.49046605825424194,
		0.5093927979469299,
		0.14607369899749756,
		0.99990314245224
	],
	"left_elbow": [
		0.6681374907493591,
		0.5050727128982544,
		0.2775280177593231,
		0.9981844425201416
	],
	"left_wrist": [
		0.8040276765823364,
		0.5350744128227234,
		0.18443332612514496,
		0.9992618560791016
	],
	"right_shoulder": [
		0.2830755114555359,
		0.5488150119781494,
		-0.33005210757255554,
		0.9998204112052917
	],
	"right_elbow": [
		0.09933493286371231,
		0.6255243420600891,
		-0.7371662855148315,
		0.997444212436676
	],
	"right_wrist": [
		0.2444963902235031,
		0.4297935962677002,
		-1.0757142305374146,
		0.9958282709121704
	],
	"nose": [
		0.483395516872406,
		0.301000714302063,
		-0.25111034512519836,
		0.9999887943267822
	],
	"left_eye": [
		0.46582192182540894,
		0.25681859254837036,
		-0.19992908835411072,
		0.999976634979248
	],
	"right_eye": [
		0.45692428946495056,
		0.261429101228714,
		-0.2635568082332611,
		0.9999894499778748
	],
	"left_ear": [
		0.43060368299484253,
		0.2856454849243164,
		0.01727382466197014,
		0.9999863505363464
	],
	"right_ear": [
		0.4082420766353607,
		0.29831960797309875,
		-0.264950156211853,
		0.9999935030937195
	]
}