{
	"left_hip": [
		0.4665886461734772,
		1.1807230710983276,
		0.13757066428661346,
		0.4952473044395447
	],
	"left_knee": [
		0.5204427242279053,
		1.6073487997055054,
		0.19047223031520844,
		0.014677113853394985
	],
	"left_ankle": [
		0.5456278920173645,
		2.062636375427246,
		0.4463259279727936,
		0.0005876088980585337
	],
	"right_hip": [
		0.392734169960022,
		1.2180631160736084,
		-0.1361699402332306,
		0.43577060103416443
	],
	"right_knee": [
		0.4170870780944824,
		1.6783947944641113,
		-0.12342872470617294,
		0.032773829996585846
	],
	"right_ankle": [
		0.4289367198944092,
		2.1786136627197266,
		-0.006683703511953354,
		0.004299815744161606
	],
	"left_shoulder": [
		0.4336400032043457,
		0.5238328576087952,
		0.13178478181362152,
		0.9998995661735535
	],
	"left_elbow": [
		0.623859167098999,
		0.5198277235031128,
		0.14426642656326294,
		0.9957594871520996
	],
	"left_wrist": [
		0.7639922499656677,
		0.5396947860717773,
		-0.0415835827589035,
		0.998725175857544
	],
	"right_shoulder": [
		0.32983285188674927,
		0.5503017902374268,
		-0.29188695549964905,
		0.9994619488716125
	],
	"right_elbow": [
		0.13017332553863525,
		0.5916375517845154,
		-0.5697014927864075,
		0.9875505566596985
	],
	"right_wrist": [
		0.3122137486934662,
		0.4422464370727539,
		-0.6885242462158203,
		0.9850380420684814
	],
	"nose": [
		0.48359307646751404,
		0.3017871081829071,
		-0.08330254256725311,
		0.9999848008155823
	],
	"left_eye": [
		0.4645664691925049,
		0.25727468729019165,
		-0.06639523804187775,
		0.9999721050262451
	],
	"right_eye": [
		0.4599617123603821,
		0.26157689094543457,
		-0.12546974420547485,
		0.9999833106994629
	],
	"left_ear": [
		0.42441925406455994,
		0.2862425744533539,
		0.034791216254234314,
		0.9999843835830688
	],
	"right_ear": [
		0.4166300296783447,
		0.2973695993423462,
		-0.23768258094787598,
		0.9999875426292419
	]
}