{
	"left_hip": [
		0.4797409176826477,
		1.185117244720459,
		0.08793462812900543,
		0.5309692025184631
	],
	"left_knee": [
		0.5171459317207336,
		1.6834204196929932,
		0.08849649876356125,
		0.01274381298571825
	],
	"left_ankle": [
		0.5228652358055115,
		2.1451351642608643,
		0.3652978837490082,
		0.0004560429370030761
	],
	"right_hip": [
		0.34475013613700867,
		1.2281776666641235,
		-0.08693747222423553,
		0.43967148661613464
	],
	"right_knee": [
		0.3715227544307709,
		1.7156181335449219,
		-0.12029583752155304,
		0.022689851000905037
	],
	"right_ankle": [
		0.3794848322868347,
		2.197052240371704,
		0.037201277911663055,
		0.0030685223173350096
	],
	"left_shoulder": [
		0.4871709942817688,
		0.5180774927139282,
		0.09493154287338257,
		0.9999218583106995
	],
	"left_elbow": [
		0.6700038909912109,
		0.5173621773719788,
		0.17066657543182373,
		0.9974396824836731
	],
	"left_wrist": [
		0.7843680381774902,
		0.5572384595870972,
		0.042811762541532516,
		0.9991462826728821
	],
	"right_shoulder": [
		0.2867899537086487,
		0.5498584508895874,
		-0.3729534447193146,
		0.9994831085205078
	],
	"right_elbow": [
		0.09708751738071442,
		0.5566348433494568,
		-0.8343536257743835,
		0.9898327589035034
	],
	"right_wrist": [
		0.25437667965888977,
		0.4038952589035034,
		-1.1850742101669312,
		0.987249493598938
	],
	"nose": [
		0.48314452171325684,
		0.3080797791481018,
		-0.2965233325958252,
		0.999974250793457
	],
	"left_eye": [
		0.4644666314125061,
		0.2616281807422638,
		-0.24484595656394958,
		0.9999532103538513
	],
	"right_eye": [
		0.4586331844329834,
		0.2661358118057251,
		-0.30841735005378723,
		0.9999716281890869
	],
	"left_ear": [
		0.42633312940597534,
		0.2869011461734772,
		-0.016883190721273422,
		0.9999764561653137
	],
	"right_ear": [
		0.4139106273651123,
		0.29909101128578186,
		-0.30287688970565796,
		0.9999785423278809
	]
}