{
	"left_hip": [
		0.47155603766441345,
		1.181031346321106,
		0.11742021888494492,
		0.4617846608161926
	],
	"left_knee": [
		0.5066955089569092,
		1.6778886318206787,
		0.1779053509235382,
		0.010104488581418991
	],
	"left_ankle": [
		0.525631308555603,
		2.129317283630371,
		0.4564167559146881,
		0.0003385242307558656
	],
	"right_hip": [
		0.37575939297676086,
		1.2219287157058716,
		-0.11603158712387085,
		0.3659365475177765
	],
	"right_knee": [
		0.39773914217948914,
		1.7131187915802002,
		-0.07910729944705963,
		0.019670123234391212
	],
	"right_ankle": [
		0.40349191427230835,
		2.190812587738037,
		0.08826164901256561,
		0.002189866965636611
	],
	"left_shoulder": [
		0.4551004469394684,
		0.5200592279434204,
		0.11991814523935318,
		0.9998606443405151
	],
	"left_elbow": [
		0.6182064414024353,
		0.5237581729888916,
		0.13143593072891235,
		0.994928777217865
	],
	"left_wrist": [
		0.7270478010177612,
		0.453355073928833,
		-0.03274116665124893,
		0.9981500506401062
	],
	"right_shoulder": [
		0.3088110387325287,
		0.5478689670562744,
		-0.30568236112594604,
		0.9992725253105164
	],
	"right_elbow": [
		0.12916719913482666,
		0.5303943753242493,
		-0.5464330315589905,
		0.9846239686012268
	],
	"right_wrist": [
		0.2974386215209961,
		0.4301665723323822,
		-0.5574952960014343,
		0.970366895198822
	],
	"nose": [
		0.4849214553833008,
		0.3139563500881195,
		-0.18078964948654175,
		0.9999732375144958
	],
	"left_eye": [
		0.4659731984138489,
		0.26657330989837646,
		-0.14615793526172638,
		0.9999554753303528
	],
	"right_eye": [
		0.4634360373020172,
		0.2714978754520416,
		-0.20897158980369568,
		0.9999711513519287
	],
	"left_ear": [
		0.4268951416015625,
		0.2899581491947174,
		0.018267527222633362,
		0.9999774694442749
	],
	"right_ear": [
		0.42406517267227173,
		0.3003934919834137,
		-0.25548428297042847,
		0.9999790191650391
	]
}