{
	"left_hip": [
		0.4617563784122467,
		1.178240418434143,
		0.11953624337911606,
		0.458564430475235
	],
	"left_knee": [
		0.5012521743774414,
		1.6677837371826172,
		0.19640281796455383,
		0.009901218116283417
	],
	"left_ankle": [
		0.5263356566429138,
		2.122138261795044,
		0.46962299942970276,
		0.0003242995298933238
	],
	"right_hip": [
		0.38443952798843384,
		1.220459222793579,
		-0.11819008737802505,
		0.3610386252403259
	],
	"right_knee": [
		0.4056876301765442,
		1.7122278213500977,
		-0.05676419660449028,
		0.020466908812522888
	],
	"right_ankle": [
		0.4126650393009186,
		2.1907236576080322,
		0.11095918715000153,
		0.0020892343018203974
	],
	"left_shoulder": [
		0.43567270040512085,
		0.5206031799316406,
		0.11209037154912949,
		0.9998474717140198
	],
	"left_elbow": [
		0.619698703289032,
		0.5270628333091736,
		0.12305688858032227,
		0.9933977127075195
	],
	"left_wrist": [
		0.6904889345169067,
		0.4473809599876404,
		-0.02700582519173622,
		0.9977356791496277
	],
	"right_shoulder": [
		0.3239574432373047,
		0.5472968220710754,
		-0.2960914671421051,
		0.9991836547851562
	],
	"right_elbow": [
		0.1592322736978531,
		0.5274357199668884,
		-0.4560449719429016,
		0.9833118319511414
	],
	"right_wrist": [
		0.30675894021987915,
		0.42958104610443115,
		-0.3542432188987732,
		0.967018187046051
	],
	"nose": [
		0.4856681227684021,
		0.3140988349914551,
		-0.13161160051822662,
		0.9999731183052063
	],
	"left_eye": [
		0.4665645956993103,
		0.2665787637233734,
		-0.10885407030582428,
		0.9999571442604065
	],
	"right_eye": [
		0.4645741581916809,
		0.27157339453697205,
		-0.16815398633480072,
		0.9999710917472839
	],
	"left_ear": [
		0.4270055294036865,
		0.2899109125137329,
		0.01836714707314968,
		0.9999781847000122
	],
	"right_ear": [
		0.42551955580711365,
		0.30021488666534424,
		-0.2529529333114624,
		0.9999791383743286
	]
}