{
	"left_hip": [
		0.4852733612060547,
		1.1772189140319824,
		0.08288590610027313,
		0.4522588849067688
	],
	"left_knee": [
		0.5220568180084229,
		1.6851625442504883,
		0.12934596836566925,
		0.008058695122599602
	],
	"left_ankle": [
		0.5326583981513977,
		2.1555428504943848,
		0.4740969240665436,
		0.00023892037279438227
	],
	"right_hip": [
		0.34233179688453674,
		1.2184664011001587,
		-0.08151723444461823,
		0.35877880454063416
	],
	"right_knee": [
		0.37916797399520874,
		1.726395845413208,
		-0.09186164289712906,
		0.01657101698219776
	],
	"right_ankle": [
		0.38887786865234375,
		2.2163307666778564,
		0.11679613590240479,
		0.0014471453614532948
	],
	"left_shoulder": [
		0.48916155099868774,
		0.5105588436126709,
		0.09755536168813705,
		0.9998958706855774
	],
	"left_elbow": [
		0.6662744283676147,
		0.5225176215171814,
		0.24845321476459503,
		0.9947783350944519
	],
	"left_wrist": [
		0.7819644212722778,
		0.5389330387115479,
		0.20236238837242126,
		0.9979292750358582
	],
	"right_shoulder": [
		0.2840633690357208,
		0.5403997302055359,
		-0.4164157509803772,
		0.999439537525177
	],
	"right_elbow": [
		0.0977696031332016,
		0.5285844802856445,
		-0.8322717547416687,
		0.9857312440872192
	],
	"right_wrist": [
		0.2576581835746765,
		0.40628793835639954,
		-1.0949842929840088,
		0.9724259972572327
	],
	"nose": [
		0.48681798577308655,
		0.31469663977622986,
		-0.3192855715751648,
		0.999972939491272
	],
	"left_eye": [
		0.4690023362636566,
		0.26778602600097656,
		-0.2701902985572815,
		0.9999561309814453
	],
	"right_eye": [
		0.46439632773399353,
		0.27213054895401,
		-0.3356902301311493,
		0.9999688267707825
	],
	"left_ear": [
		0.4289483428001404,
		0.29214251041412354,
		-0.045521464198827744,
		0.9999796152114868
	],
	"right_ear": [
		0.4195956289768219,
		0.3004862666130066,
		-0.33847421407699585,
		0.9999786019325256
	]
}