{
	"left_hip": [
		0.4847468435764313,
		1.1873594522476196,
		0.0925556868314743,
		0.48461073637008667
	],
	"left_knee": [
		0.5154529809951782,
		1.6996961832046509,
		0.14144162833690643,
		0.008182640187442303
	],
	"left_ankle": [
		0.5173370242118835,
		2.165444850921631,
		0.48761868476867676,
		0.00023017753846943378
	],
	"right_hip": [
		0.34347835183143616,
		1.225823163986206,
		-0.09127529710531235,
		0.3981350064277649
	],
	"right_knee": [
		0.3697874844074249,
		1.7373908758163452,
		-0.08801101893186569,
		0.016055135056376457
	],
	"right_ankle": [
		0.3784691095352173,
		2.228372097015381,
		0.12397772073745728,
		0.001363301300443709
	],
	"left_shoulder": [
		0.4910920560359955,
		0.5109671950340271,
		0.11127076297998428,
		0.9999064207077026
	],
	"left_elbow": [
		0.6694033145904541,
		0.5084450244903564,
		0.2755502164363861,
		0.9957938194274902
	],
	"left_wrist": [
		0.7870607972145081,
		0.5133849382400513,
		0.2446487694978714,
		0.9981130361557007
	],
	"right_shoulder": [
		0.2793002426624298,
		0.5393327474594116,
		-0.4351843297481537,
		0.9995761513710022
	],
	"right_elbow": [
		0.0992964506149292,
		0.5288869142532349,
		-0.8733229637145996,
		0.9891369938850403
	],
	"right_wrist": [
		0.2589559257030487,
		0.39956364035606384,
		-1.1458446979522705,
		0.9785779118537903
	],
	"nose": [
		0.48523277044296265,
		0.31549298763275146,
		-0.3172049820423126,
		0.9999780654907227
	],
	"left_eye": [
		0.4687230587005615,
		0.2687188386917114,
		-0.26782605051994324,
		0.9999631643295288
	],
	"right_eye": [
		0.46255913376808167,
		0.27267760038375854,
		-0.33503979444503784,
		0.9999753832817078
	],
	"left_ear": [
		0.4297478199005127,
		0.2931811213493347,
		-0.047577835619449615,
		0.9999828934669495
	],
	"right_ear": [
		0.41636186838150024,
		0.30094021558761597,
		-0.34756821393966675,
		0.9999834895133972
	]
}