{
	"left_hip": [
		0.48248839378356934,
		1.1903908252716064,
		0.08999326825141907,
		0.6235445141792297
	],
	"left_knee": [
		0.5119555592536926,
		1.6944575309753418,
		0.10630680620670319,
		0.011162658222019672
	],
	"left_ankle": [
		0.5159665942192078,
		2.1549057960510254,
		0.3771504759788513,
		0.00033396162325516343
	],
	"right_hip": [
		0.3415289521217346,
		1.2312591075897217,
		-0.08889830857515335,
		0.5272112488746643
	],
	"right_knee": [
		0.3654067814350128,
		1.733230710029602,
		-0.10113171488046646,
		0.017377039417624474
	],
	"right_ankle": [
		0.37419602274894714,
		2.216979742050171,
		0.05438309162855148,
		0.001802744809538126
	],
	"left_shoulder": [
		0.4937532842159271,
		0.5177087187767029,
		0.09232433140277863,
		0.9999487400054932
	],
	"left_elbow": [
		0.6719788312911987,
		0.5303404927253723,
		0.18569199740886688,
		0.9981436729431152
	],
	"left_wrist": [
		0.8187273740768433,
		0.5773301124572754,
		0.07478535175323486,
		0.9990639090538025
	],
	"right_shoulder": [
		0.2812730073928833,
		0.5408404469490051,
		-0.3843325972557068,
		0.999763011932373
	],
	"right_elbow": [
		0.09724198281764984,
		0.5205157995223999,
		-0.8560734987258911,
		0.9940804839134216
	],
	"right_wrist": [
		0.2761647701263428,
		0.3992627263069153,
		-1.254239797592163,
		0.9885066151618958
	],
	"nose": [
		0.477214515209198,
		0.3201032280921936,
		-0.2950979173183441,
		0.999983549118042
	],
	"left_eye": [
		0.4627567231655121,
		0.27258166670799255,
		-0.2391660511493683,
		0.9999682903289795
	],
	"right_eye": [
		0.4522264003753662,
		0.27597904205322266,
		-0.303777277469635,
		0.9999817609786987
	],
	"left_ear": [
		0.42976856231689453,
		0.2951250970363617,
		-0.00910269096493721,
		0.9999855160713196
	],
	"right_ear": [
		0.4059310555458069,
		0.30411869287490845,
		-0.298227995634079,
		0.9999874830245972
	]
}