{
	"left_hip": [
		0.4821547567844391,
		1.1917921304702759,
		0.08857318013906479,
		0.5950621962547302
	],
	"left_knee": [
		0.5126491189002991,
		1.6987245082855225,
		0.08281147480010986,
		0.010747876018285751
	],
	"left_ankle": [
		0.519375205039978,
		2.1562178134918213,
		0.3421497941017151,
		0.0003190163697581738
	],
	"right_hip": [
		0.343262642621994,
		1.2331671714782715,
		-0.08747774362564087,
		0.4947368800640106
	],
	"right_knee": [
		0.3685448169708252,
		1.7332665920257568,
		-0.11471061408519745,
		0.01671157218515873
	],
	"right_ankle": [
		0.37833118438720703,
		2.2173337936401367,
		0.021549861878156662,
		0.0017418937059119344
	],
	"left_shoulder": [
		0.49371257424354553,
		0.5264233946800232,
		0.09451715648174286,
		0.9999513626098633
	],
	"left_elbow": [
		0.6727129817008972,
		0.5492732524871826,
		0.161008819937706,
		0.9982798099517822
	],
	"left_wrist": [
		0.820262610912323,
		0.5954572558403015,
		0.016606109216809273,
		0.9991301894187927
	],
	"right_shoulder": [
		0.28599968552589417,
		0.5462467074394226,
		-0.3601408898830414,
		0.9997526407241821
	],
	"right_elbow": [
		0.09771489351987839,
		0.5191630721092224,
		-0.8159226179122925,
		0.9937816858291626
	],
	"right_wrist": [
		0.2800408899784088,
		0.39964497089385986,
		-1.1941962242126465,
		0.9885544776916504
	],
	"nose": [
		0.4774412512779236,
		0.3209906816482544,
		-0.2857872545719147,
		0.9999843239784241
	],
	"left_eye": [
		0.46293625235557556,
		0.27319198846817017,
		-0.23101361095905304,
		0.9999696612358093
	],
	"right_eye": [
		0.45268139243125916,
		0.2767811715602875,
		-0.29274696111679077,
		0.9999822378158569
	],
	"left_ear": [
		0.4296732544898987,
		0.29598045349121094,
		-0.004722595680505037,
		0.9999861717224121
	],
	"right_ear": [
		0.4060303568840027,
		0.3053659200668335,
		-0.2805911898612976,
		0.9999875426292419
	]
}