{
	"left_hip": [
		0.4937085211277008,
		1.205101490020752,
		0.09222447872161865,
		0.5324016809463501
	],
	"left_knee": [
		0.5215947031974792,
		1.719093918800354,
		0.229121133685112,
		0.012450553476810455
	],
	"left_ankle": [
		0.5317929983139038,
		2.186009645462036,
		0.6369363069534302,
		0.0006939240847714245
	],
	"right_hip": [
		0.34479090571403503,
		1.2469229698181152,
		-0.09110018610954285,
		0.43862953782081604
	],
	"right_knee": [
		0.38115909695625305,
		1.7630016803741455,
		-0.006645211484283209,
		0.02660355716943741
	],
	"right_ankle": [
		0.3891304135322571,
		2.2595181465148926,
		0.24837975203990936,
		0.003156757215037942
	],
	"left_shoulder": [
		0.49641507863998413,
		0.5413374900817871,
		0.06892109662294388,
		0.9999666810035706
	],
	"left_elbow": [
		0.656139075756073,
		0.6551698446273804,
		0.2155250608921051,
		0.9985904693603516
	],
	"left_wrist": [
		0.7994830012321472,
		0.7678139209747314,
		0.08548356592655182,
		0.9989767670631409
	],
	"right_shoulder": [
		0.2835528254508972,
		0.5428687334060669,
		-0.41562747955322266,
		0.9998534321784973
	],
	"right_elbow": [
		0.10998459160327911,
		0.5011863112449646,
		-0.9023228883743286,
		0.9964393377304077
	],
	"right_wrist": [
		0.2946969270706177,
		0.37530574202537537,
		-1.2037990093231201,
		0.992713212966919
	],
	"nose": [
		0.47441786527633667,
		0.3194769322872162,
		-0.4825632572174072,
		0.9999859929084778
	],
	"left_eye": [
		0.4654994010925293,
		0.27338796854019165,
		-0.4253842234611511,
		0.9999673366546631
	],
	"right_eye": [
		0.44655051827430725,
		0.27538731694221497,
		-0.4789343476295471,
		0.9999822378158569
	],
	"left_ear": [
		0.4427613615989685,
		0.29723307490348816,
		-0.12785783410072327,
		0.9999836683273315
	],
	"right_ear": [
		0.39625757932662964,
		0.30509716272354126,
		-0.3712162375450134,
		0.9999876022338867
	]
}