{
	"left_hip": [
		0.4967691898345947,
		1.2076188325881958,
		0.07940851151943207,
		0.5396900773048401
	],
	"left_knee": [
		0.5143519639968872,
		1.7211871147155762,
		0.16541817784309387,
		0.01645435392856598
	],
	"left_ankle": [
		0.5228723287582397,
		2.1883277893066406,
		0.520203173160553,
		0.0013567068381235003
	],
	"right_hip": [
		0.3490084409713745,
		1.2463246583938599,
		-0.07817156612873077,
		0.4598236382007599
	],
	"right_knee": [
		0.3754451870918274,
		1.7619878053665161,
		-0.024710606783628464,
		0.03561898693442345
	],
	"right_ankle": [
		0.3804225027561188,
		2.2537426948547363,
		0.14999447762966156,
		0.004221199080348015
	],
	"left_shoulder": [
		0.49688273668289185,
		0.5533535480499268,
		0.05334017425775528,
		0.999967098236084
	],
	"left_elbow": [
		0.6372767686843872,
		0.7353389859199524,
		0.21447375416755676,
		0.9977837204933167
	],
	"left_wrist": [
		0.7740159630775452,
		0.8941653966903687,
		0.15345749258995056,
		0.9965517520904541
	],
	"right_shoulder": [
		0.28851330280303955,
		0.5417027473449707,
		-0.3469544053077698,
		0.9998822808265686
	],
	"right_elbow": [
		0.11787142604589462,
		0.49365392327308655,
		-0.7734101414680481,
		0.9973471760749817
	],
	"right_wrist": [
		0.29497671127319336,
		0.36706307530403137,
		-1.012756586074829,
		0.9935543537139893
	],
	"nose": [
		0.4678928852081299,
		0.3147294223308563,
		-0.4971492290496826,
		0.9999846816062927
	],
	"left_eye": [
		0.4646386504173279,
		0.2719835340976715,
		-0.4419410824775696,
		0.9999632239341736
	],
	"right_eye": [
		0.4398736357688904,
		0.2727104127407074,
		-0.483205646276474,
		0.9999797940254211
	],
	"left_ear": [
		0.44712314009666443,
		0.2964649796485901,
		-0.14347319304943085,
		0.9999810457229614
	],
	"right_ear": [
		0.3914382755756378,
		0.30293744802474976,
		-0.3447023332118988,
		0.9999874234199524
	]
}