{
	"left_hip": [
		0.49447551369667053,
		1.221308946609497,
		0.1398618519306183,
		0.15114042162895203
	],
	"left_knee": [
		0.5289092063903809,
		1.683076024055481,
		0.1484387218952179,
		0.009539490565657616
	],
	"left_ankle": [
		0.5523555874824524,
		2.122807264328003,
		0.37317320704460144,
		0.001115562510676682
	],
	"right_hip": [
		0.3968731164932251,
		1.242904543876648,
		-0.13831359148025513,
		0.1502092480659485
	],
	"right_knee": [
		0.4236002564430237,
		1.7296360731124878,
		-0.09474898874759674,
		0.024990027770400047
	],
	"right_ankle": [
		0.42833971977233887,
		2.18770170211792,
		0.04982694238424301,
		0.002653600415214896
	],
	"left_shoulder": [
		0.46518048644065857,
		0.5825439095497131,
		0.24224671721458435,
		0.9962953329086304
	],
	"left_elbow": [
		0.5080965161323547,
		0.8775169253349304,
		0.3049021363258362,
		0.34836485981941223
	],
	"left_wrist": [
		0.591138482093811,
		1.0749262571334839,
		0.15420015156269073,
		0.48470449447631836
	],
	"right_shoulder": [
		0.3635767102241516,
		0.5596316456794739,
		-0.39643076062202454,
		0.9994652271270752
	],
	"right_elbow": [
		0.3915649652481079,
		0.9028859734535217,
		-0.4497004449367523,
		0.8999125957489014
	],
	"right_wrist": [
		0.5002286434173584,
		1.1725921630859375,
		-0.4609343111515045,
		0.8055776953697205
	],
	"nose": [
		0.5267309546470642,
		0.3441261649131775,
		-0.1108519583940506,
		0.9997329115867615
	],
	"left_eye": [
		0.5143972039222717,
		0.293749064207077,
		-0.0841623991727829,
		0.9996111392974854
	],
	"right_eye": [
		0.5039761662483215,
		0.29653435945510864,
		-0.15556854009628296,
		0.9997400045394897
	],
	"left_ear": [
		0.4781242907047272,
		0.30602607131004333,
		0.057601023465394974,
		0.9995628595352173
	],
	"right_ear": [
		0.4588330388069153,
		0.3109577000141144,
		-0.26722273230552673,
		0.9998191595077515
	]
}