{
	"left_hip": [
		0.49478644132614136,
		1.220397710800171,
		0.13997861742973328,
		0.14278081059455872
	],
	"left_knee": [
		0.5289894938468933,
		1.6849262714385986,
		0.14808569848537445,
		0.008824212476611137
	],
	"left_ankle": [
		0.549866259098053,
		2.1309189796447754,
		0.3774690330028534,
		0.0010258076945319772
	],
	"right_hip": [
		0.3968171775341034,
		1.2397315502166748,
		-0.138404980301857,
		0.14120417833328247
	],
	"right_knee": [
		0.4229363799095154,
		1.729942798614502,
		-0.10716748237609863,
		0.02330552414059639
	],
	"right_ankle": [
		0.42443138360977173,
		2.1896700859069824,
		0.03924204409122467,
		0.0024415566585958004
	],
	"left_shoulder": [
		0.46584391593933105,
		0.5824794769287109,
		0.2426767796278,
		0.9963813424110413
	],
	"left_elbow": [
		0.5084255933761597,
		0.8775289058685303,
		0.3111302852630615,
		0.33951810002326965
	],
	"left_wrist": [
		0.5974363088607788,
		1.0759583711624146,
		0.1561635285615921,
		0.48598361015319824
	],
	"right_shoulder": [
		0.36407384276390076,
		0.5557512640953064,
		-0.39650195837020874,
		0.9994832277297974
	],
	"right_elbow": [
		0.3891749382019043,
		0.899236261844635,
		-0.4561341404914856,
		0.8967646360397339
	],
	"right_wrist": [
		0.4994615614414215,
		1.1725456714630127,
		-0.4701928496360779,
		0.8024905920028687
	],
	"nose": [
		0.5288258790969849,
		0.34386253356933594,
		-0.1131344810128212,
		0.9997394680976868
	],
	"left_eye": [
		0.5162212252616882,
		0.29332301020622253,
		-0.08574816584587097,
		0.9996221661567688
	],
	"right_eye": [
		0.5058426856994629,
		0.2963354289531708,
		-0.15782761573791504,
		0.9997462630271912
	],
	"left_ear": [
		0.4797731935977936,
		0.305782288312912,
		0.05876434966921806,
		0.9995758533477783
	],
	"right_ear": [
		0.4601650834083557,
		0.31077685952186584,
		-0.2663024365901947,
		0.9998242855072021
	]
}