{
	"left_hip": [
		0.4984297752380371,
		1.2234364748001099,
		0.1456681489944458,
		0.1233910545706749
	],
	"left_knee": [
		0.5287595391273499,
		1.686426043510437,
		0.1432935893535614,
		0.0076430500485002995
	],
	"left_ankle": [
		0.5439400672912598,
		2.134808301925659,
		0.35672587156295776,
		0.0008735557203181088
	],
	"right_hip": [
		0.39737311005592346,
		1.2394700050354004,
		-0.14388668537139893,
		0.1203143447637558
	],
	"right_knee": [
		0.418425977230072,
		1.7200207710266113,
		-0.12776483595371246,
		0.021998664364218712
	],
	"right_ankle": [
		0.4133572578430176,
		2.18337082862854,
		0.009525172412395477,
		0.0021667310502380133
	],
	"left_shoulder": [
		0.4745500087738037,
		0.5828291773796082,
		0.256099134683609,
		0.995448648929596
	],
	"left_elbow": [
		0.5087360143661499,
		0.8781319260597229,
		0.3073279559612274,
		0.29037606716156006
	],
	"left_wrist": [
		0.5940795540809631,
		1.0835946798324585,
		0.13744403421878815,
		0.4768364727497101
	],
	"right_shoulder": [
		0.36930519342422485,
		0.5469722151756287,
		-0.393333375453949,
		0.9993978142738342
	],
	"right_elbow": [
		0.38772162795066833,
		0.8944525718688965,
		-0.46410226821899414,
		0.8845098614692688
	],
	"right_wrist": [
		0.49206119775772095,
		1.1679986715316772,
		-0.4807093143463135,
		0.7867231369018555
	],
	"nose": [
		0.5378991365432739,
		0.34232959151268005,
		-0.10843811184167862,
		0.9996629357337952
	],
	"left_eye": [
		0.5245139002799988,
		0.2916972041130066,
		-0.08011766523122787,
		0.9995207190513611
	],
	"right_eye": [
		0.5150743126869202,
		0.2946363091468811,
		-0.15401263535022736,
		0.9996753931045532
	],
	"left_ear": [
		0.4883847236633301,
		0.3052520453929901,
		0.06772994250059128,
		0.9994304180145264
	],
	"right_ear": [
		0.4701903760433197,
		0.30941081047058105,
		-0.2633197009563446,
		0.9997681975364685
	]
}