{
	"left_hip": [
		0.48561081290245056,
		1.1888865232467651,
		0.16510941088199615,
		0.09394434094429016
	],
	"left_knee": [
		0.522980809211731,
		1.5355000495910645,
		0.16120915114879608,
		0.006146688479930162
	],
	"left_ankle": [
		0.5435996651649475,
		1.9676109552383423,
		0.3739551603794098,
		0.0008042636327445507
	],
	"right_hip": [
		0.40301594138145447,
		1.2069780826568604,
		-0.163466215133667,
		0.08960419148206711
	],
	"right_knee": [
		0.42874255776405334,
		1.578289270401001,
		-0.14331945776939392,
		0.028429627418518066
	],
	"right_ankle": [
		0.4456467628479004,
		2.011561632156372,
		0.0003671787853818387,
		0.003304555546492338
	],
	"left_shoulder": [
		0.4703401029109955,
		0.5721628665924072,
		0.27452489733695984,
		0.9928814172744751
	],
	"left_elbow": [
		0.52702397108078,
		0.8481836915016174,
		0.3178190588951111,
		0.1805906891822815
	],
	"left_wrist": [
		0.6233230233192444,
		1.045548915863037,
		0.13100872933864594,
		0.41905921697616577
	],
	"right_shoulder": [
		0.37437739968299866,
		0.5306915044784546,
		-0.4102448523044586,
		0.9989079833030701
	],
	"right_elbow": [
		0.41506633162498474,
		0.8768593668937683,
		-0.5080374479293823,
		0.8659520149230957
	],
	"right_wrist": [
		0.5408512353897095,
		1.1180399656295776,
		-0.5250874161720276,
		0.7789199352264404
	],
	"nose": [
		0.5329717993736267,
		0.32278451323509216,
		-0.10842372477054596,
		0.9993162751197815
	],
	"left_eye": [
		0.5164769291877747,
		0.2790321707725525,
		-0.07860295474529266,
		0.9990097880363464
	],
	"right_eye": [
		0.5099149346351624,
		0.28225865960121155,
		-0.15351851284503937,
		0.9993226528167725
	],
	"left_ear": [
		0.47802701592445374,
		0.2961852550506592,
		0.07131345570087433,
		0.9987970590591431
	],
	"right_ear": [
		0.46344631910324097,
		0.30282679200172424,
		-0.2618407607078552,
		0.9994338154792786
	]
}