{
	"left_hip": [
		0.4501465857028961,
		1.1207506656646729,
		0.2092866450548172,
		0.13351167738437653
	],
	"left_knee": [
		0.5509052276611328,
		1.052963376045227,
		0.1282990723848343,
		0.01889730617403984
	],
	"left_ankle": [
		0.5403702855110168,
		1.43732488155365,
		0.3014445900917053,
		0.004274275619536638
	],
	"right_hip": [
		0.3924807906150818,
		1.1397080421447754,
		-0.20791582763195038,
		0.1397784799337387
	],
	"right_knee": [
		0.48878535628318787,
		1.117012858390808,
		-0.3575669229030609,
		0.11865311861038208
	],
	"right_ankle": [
		0.4677490293979645,
		1.4977171421051025,
		-0.1568443924188614,
		0.014495656825602055
	],
	"left_shoulder": [
		0.45091038942337036,
		0.552698016166687,
		0.3917420506477356,
		0.9933920502662659
	],
	"left_elbow": [
		0.5112277269363403,
		0.8063896894454956,
		0.4444246292114258,
		0.16108600795269012
	],
	"left_wrist": [
		0.5842143297195435,
		0.9049339890480042,
		0.2100757360458374,
		0.33573058247566223
	],
	"right_shoulder": [
		0.37747156620025635,
		0.5189383029937744,
		-0.38882553577423096,
		0.9989585876464844
	],
	"right_elbow": [
		0.4546235501766205,
		0.7893778681755066,
		-0.44492268562316895,
		0.9108805656433105
	],
	"right_wrist": [
		0.5911679267883301,
		0.9477959871292114,
		-0.319022536277771,
		0.8446120023727417
	],
	"nose": [
		0.5219494700431824,
		0.32535848021507263,
		-0.005334347486495972,
		0.9992032647132874
	],
	"left_eye": [
		0.5053874254226685,
		0.2784774601459503,
		0.027428273111581802,
		0.9988371133804321
	],
	"right_eye": [
		0.4997863173484802,
		0.28198477625846863,
		-0.052971016615629196,
		0.9991469979286194
	],
	"left_ear": [
		0.4660637378692627,
		0.295760840177536,
		0.17570537328720093,
		0.9986485838890076
	],
	"right_ear": [
		0.456840455532074,
		0.3024069666862488,
		-0.18012003600597382,
		0.9992724061012268
	]
}