{
	"left_hip": [
		0.44872602820396423,
		1.107109546661377,
		0.20751483738422394,
		0.15008006989955902
	],
	"left_knee": [
		0.5643318891525269,
		0.9921677112579346,
		0.12049607187509537,
		0.021671118214726448
	],
	"left_ankle": [
		0.5511019229888916,
		1.3597493171691895,
		0.2849884629249573,
		0.0052222744561731815
	],
	"right_hip": [
		0.3926677703857422,
		1.1318262815475464,
		-0.20623278617858887,
		0.15883947908878326
	],
	"right_knee": [
		0.5052052736282349,
		1.0514315366744995,
		-0.3730444610118866,
		0.14299796521663666
	],
	"right_ankle": [
		0.49673518538475037,
		1.4150654077529907,
		-0.14759588241577148,
		0.01717899926006794
	],
	"left_shoulder": [
		0.44634944200515747,
		0.5488570332527161,
		0.3831305205821991,
		0.9937301874160767
	],
	"left_elbow": [
		0.5102570056915283,
		0.7998981475830078,
		0.4437599778175354,
		0.15469741821289062
	],
	"left_wrist": [
		0.5729056000709534,
		0.8913503885269165,
		0.22220316529273987,
		0.317008376121521
	],
	"right_shoulder": [
		0.3814897835254669,
		0.5187444686889648,
		-0.3887130618095398,
		0.999019205570221
	],
	"right_elbow": [
		0.46373090147972107,
		0.7800609469413757,
		-0.44256871938705444,
		0.917479395866394
	],
	"right_wrist": [
		0.594084620475769,
		0.9375414252281189,
		-0.30584394931793213,
		0.8535321354866028
	],
	"nose": [
		0.5208255648612976,
		0.32657453417778015,
		-0.00914919562637806,
		0.9992251396179199
	],
	"left_eye": [
		0.5041517019271851,
		0.27902546525001526,
		0.02325374260544777,
		0.9988694787025452
	],
	"right_eye": [
		0.4985824525356293,
		0.282625675201416,
		-0.05599529668688774,
		0.9991658329963684
	],
	"left_ear": [
		0.46429476141929626,
		0.29616549611091614,
		0.1701171100139618,
		0.9987114071846008
	],
	"right_ear": [
		0.45582741498947144,
		0.3026847839355469,
		-0.1806449592113495,
		0.9993105530738831
	]
}