{
	"left_hip": [
		0.4356207251548767,
		1.0659005641937256,
		0.20700302720069885,
		0.2414914071559906
	],
	"left_knee": [
		0.560153603553772,
		0.8173981308937073,
		0.14717963337898254,
		0.06349904090166092
	],
	"left_ankle": [
		0.5390620231628418,
		1.0231482982635498,
		0.29659023880958557,
		0.028032705187797546
	],
	"right_hip": [
		0.40573301911354065,
		1.085952639579773,
		-0.20645597577095032,
		0.23240339756011963
	],
	"right_knee": [
		0.5430173873901367,
		0.8941830992698669,
		-0.32310739159584045,
		0.3199842870235443
	],
	"right_ankle": [
		0.5253689885139465,
		1.0584993362426758,
		-0.11546311527490616,
		0.07095037400722504
	],
	"left_shoulder": [
		0.4235011637210846,
		0.5302460193634033,
		0.41995611786842346,
		0.995931088924408
	],
	"left_elbow": [
		0.48837223649024963,
		0.7843049168586731,
		0.4984380602836609,
		0.14770975708961487
	],
	"left_wrist": [
		0.5729130506515503,
		0.8788070678710938,
		0.30907100439071655,
		0.23403260111808777
	],
	"right_shoulder": [
		0.4022948741912842,
		0.505043625831604,
		-0.3258794844150543,
		0.9992484450340271
	],
	"right_elbow": [
		0.49579256772994995,
		0.7428774833679199,
		-0.40025782585144043,
		0.9534497857093811
	],
	"right_wrist": [
		0.6096726655960083,
		0.8932103514671326,
		-0.25372058153152466,
		0.8908607363700867
	],
	"nose": [
		0.5207505226135254,
		0.3325846493244171,
		0.04719045013189316,
		0.9993289113044739
	],
	"left_eye": [
		0.5038354396820068,
		0.2821688652038574,
		0.07915230095386505,
		0.9990717768669128
	],
	"right_eye": [
		0.49851441383361816,
		0.2862703204154968,
		0.002058586571365595,
		0.999223530292511
	],
	"left_ear": [
		0.46263378858566284,
		0.2976352870464325,
		0.22106167674064636,
		0.9990057945251465
	],
	"right_ear": [
		0.45600414276123047,
		0.30369365215301514,
		-0.12118277698755264,
		0.9994205236434937
	]
}