{
	"left_hip": [
		0.437020868062973,
		1.0494331121444702,
		0.2068217247724533,
		0.25451019406318665
	],
	"left_knee": [
		0.5594826340675354,
		0.8281001448631287,
		0.16118398308753967,
		0.06535143405199051
	],
	"left_ankle": [
		0.5392349362373352,
		1.0221712589263916,
		0.3247694969177246,
		0.02918446809053421
	],
	"right_hip": [
		0.4063601493835449,
		1.0695699453353882,
		-0.20627768337726593,
		0.24119935929775238
	],
	"right_knee": [
		0.5420420169830322,
		0.8977576494216919,
		-0.3155200481414795,
		0.32792189717292786
	],
	"right_ankle": [
		0.527340292930603,
		1.0554444789886475,
		-0.09515643864870071,
		0.07507544755935669
	],
	"left_shoulder": [
		0.4239491820335388,
		0.5263838171958923,
		0.4124446511268616,
		0.9961339831352234
	],
	"left_elbow": [
		0.5118372440338135,
		0.7724122405052185,
		0.48932307958602905,
		0.14717331528663635
	],
	"left_wrist": [
		0.5754271149635315,
		0.88004070520401,
		0.2980557382106781,
		0.22513309121131897
	],
	"right_shoulder": [
		0.40326446294784546,
		0.501696765422821,
		-0.34240227937698364,
		0.9992493987083435
	],
	"right_elbow": [
		0.4926981031894684,
		0.7451328635215759,
		-0.4045754075050354,
		0.9564114809036255
	],
	"right_wrist": [
		0.608444333076477,
		0.8899792432785034,
		-0.247254878282547,
		0.893792986869812
	],
	"nose": [
		0.5212591290473938,
		0.3333284556865692,
		0.03118387795984745,
		0.9993077516555786
	],
	"left_eye": [
		0.5040010809898376,
		0.2825124263763428,
		0.06261865794658661,
		0.9990519881248474
	],
	"right_eye": [
		0.4988079071044922,
		0.28679290413856506,
		-0.015310218557715416,
		0.9991838932037354
	],
	"left_ear": [
		0.4627342224121094,
		0.2979845106601715,
		0.20531955361366272,
		0.9989809989929199
	],
	"right_ear": [
		0.4568573534488678,
		0.30404576659202576,
		-0.14001058042049408,
		0.9993860721588135
	]
}