{
	"left_hip": [
		0.44151702523231506,
		1.0212575197219849,
		0.19750811159610748,
		0.3033428192138672
	],
	"left_knee": [
		0.5693449378013611,
		0.8289226293563843,
		0.11867978423833847,
		0.07470249384641647
	],
	"left_ankle": [
		0.5427189469337463,
		1.0457353591918945,
		0.2597408890724182,
		0.03138580918312073
	],
	"right_hip": [
		0.4026966989040375,
		1.0323306322097778,
		-0.19690333306789398,
		0.26991984248161316
	],
	"right_knee": [
		0.5342639684677124,
		0.9024792909622192,
		-0.2967548966407776,
		0.34110116958618164
	],
	"right_ankle": [
		0.5148974657058716,
		1.0682941675186157,
		-0.1325942426919937,
		0.08129620552062988
	],
	"left_shoulder": [
		0.4305896759033203,
		0.5203597545623779,
		0.43165937066078186,
		0.9963127970695496
	],
	"left_elbow": [
		0.515415370464325,
		0.7543672919273376,
		0.5125259160995483,
		0.1577649861574173
	],
	"left_wrist": [
		0.5907395482063293,
		0.8557863831520081,
		0.33320352435112,
		0.2140151709318161
	],
	"right_shoulder": [
		0.3992314338684082,
		0.4907560348510742,
		-0.29113394021987915,
		0.9992079138755798
	],
	"right_elbow": [
		0.4919451177120209,
		0.7204245924949646,
		-0.35197722911834717,
		0.9584192037582397
	],
	"right_wrist": [
		0.6016964316368103,
		0.8541533350944519,
		-0.20791903138160706,
		0.8918668031692505
	],
	"nose": [
		0.5221422910690308,
		0.33351749181747437,
		0.06676813215017319,
		0.9991744160652161
	],
	"left_eye": [
		0.5048184394836426,
		0.2829945683479309,
		0.1004994660615921,
		0.9989182949066162
	],
	"right_eye": [
		0.4998718798160553,
		0.28716400265693665,
		0.02535524033010006,
		0.9990395307540894
	],
	"left_ear": [
		0.4637884199619293,
		0.29879090189933777,
		0.24665763974189758,
		0.9988651871681213
	],
	"right_ear": [
		0.4581716060638428,
		0.30424681305885315,
		-0.08853169530630112,
		0.9992562532424927
	]
}