{
	"left_hip": [
		0.44505929946899414,
		1.0207149982452393,
		0.18581350147724152,
		0.39285925030708313
	],
	"left_knee": [
		0.564557671546936,
		0.872138261795044,
		0.10724308341741562,
		0.11777795851230621
	],
	"left_ankle": [
		0.6499232649803162,
		1.1236822605133057,
		0.22529062628746033,
		0.0472409650683403
	],
	"right_hip": [
		0.38934561610221863,
		1.0309624671936035,
		-0.1850932538509369,
		0.3326990306377411
	],
	"right_knee": [
		0.45371395349502563,
		0.9532083868980408,
		-0.3182756304740906,
		0.4530351459980011
	],
	"right_ankle": [
		0.4898919463157654,
		1.1685987710952759,
		-0.16172382235527039,
		0.12382829934358597
	],
	"left_shoulder": [
		0.4451703429222107,
		0.5235279202461243,
		0.36938247084617615,
		0.9969869256019592
	],
	"left_elbow": [
		0.5829299688339233,
		0.7148916721343994,
		0.4318733811378479,
		0.2815895676612854
	],
	"left_wrist": [
		0.6998676657676697,
		0.8339990973472595,
		0.257384717464447,
		0.31122827529907227
	],
	"right_shoulder": [
		0.3850037455558777,
		0.4726102650165558,
		-0.3130756914615631,
		0.9990551471710205
	],
	"right_elbow": [
		0.4782498776912689,
		0.6010432839393616,
		-0.5238996744155884,
		0.9667280316352844
	],
	"right_wrist": [
		0.6033484935760498,
		0.6783469319343567,
		-0.5168803334236145,
		0.9040256142616272
	],
	"nose": [
		0.5216097831726074,
		0.3347957134246826,
		-0.004047288093715906,
		0.9991936683654785
	],
	"left_eye": [
		0.5062448978424072,
		0.28661128878593445,
		0.030028145760297775,
		0.9989774823188782
	],
	"right_eye": [
		0.5009092688560486,
		0.2886110544204712,
		-0.03947512432932854,
		0.9990333318710327
	],
	"left_ear": [
		0.4642641544342041,
		0.3005002439022064,
		0.19407173991203308,
		0.9990606307983398
	],
	"right_ear": [
		0.45816367864608765,
		0.3034954369068146,
		-0.1189984455704689,
		0.9992912411689758
	]
}