{
	"left_hip": [
		0.46352291107177734,
		1.0050132274627686,
		0.18709686398506165,
		0.4436380863189697
	],
	"left_knee": [
		0.5706354975700378,
		0.6408470869064331,
		0.14093740284442902,
		0.11635752022266388
	],
	"left_ankle": [
		0.81401127576828,
		0.7834801077842712,
		0.1498548984527588,
		0.05278455466032028
	],
	"right_hip": [
		0.39173072576522827,
		1.0389894247055054,
		-0.18673934042453766,
		0.39967912435531616
	],
	"right_knee": [
		0.4772581458091736,
		0.7944493889808655,
		-0.3148389458656311,
		0.5289478302001953
	],
	"right_ankle": [
		0.6493043303489685,
		0.8998658061027527,
		-0.1983831822872162,
		0.14226867258548737
	],
	"left_shoulder": [
		0.4636124074459076,
		0.5278793573379517,
		0.33768221735954285,
		0.9976145625114441
	],
	"left_elbow": [
		0.6214211583137512,
		0.6154125928878784,
		0.2815760672092438,
		0.3314041197299957
	],
	"left_wrist": [
		0.7091975808143616,
		0.6818276047706604,
		-0.02988448366522789,
		0.36725616455078125
	],
	"right_shoulder": [
		0.3778011202812195,
		0.46695148944854736,
		-0.26382213830947876,
		0.9989741444587708
	],
	"right_elbow": [
		0.4849964678287506,
		0.540690004825592,
		-0.5525057911872864,
		0.9632410407066345
	],
	"right_wrist": [
		0.6168718338012695,
		0.5683234333992004,
		-0.5604113340377808,
		0.8761591911315918
	],
	"nose": [
		0.5188335180282593,
		0.329470694065094,
		-0.028548812493681908,
		0.9994035959243774
	],
	"left_eye": [
		0.5046340227127075,
		0.283705472946167,
		0.010220382362604141,
		0.9992468953132629
	],
	"right_eye": [
		0.4974237382411957,
		0.28429388999938965,
		-0.05392954871058464,
		0.9992411732673645
	],
	"left_ear": [
		0.4639069139957428,
		0.29965347051620483,
		0.19163654744625092,
		0.9993212819099426
	],
	"right_ear": [
		0.45311063528060913,
		0.30189260840415955,
		-0.07679431140422821,
		0.9994441270828247
	]
}