{
	"left_hip": [
		0.4569092392921448,
		1.015981674194336,
		0.17498347163200378,
		0.4225696325302124
	],
	"left_knee": [
		0.4830254912376404,
		0.9903964996337891,
		0.20692940056324005,
		0.0909864529967308
	],
	"left_ankle": [
		0.4819999635219574,
		1.2528908252716064,
		0.3526366353034973,
		0.04394897446036339
	],
	"right_hip": [
		0.40183478593826294,
		1.045852541923523,
		-0.17421844601631165,
		0.38425227999687195
	],
	"right_knee": [
		0.4474554657936096,
		1.0030032396316528,
		-0.23015467822551727,
		0.4993026852607727
	],
	"right_ankle": [
		0.4096488058567047,
		1.268151044845581,
		-0.04924030974507332,
		0.13189436495304108
	],
	"left_shoulder": [
		0.4598607122898102,
		0.5057390928268433,
		0.259784072637558,
		0.9980031847953796
	],
	"left_elbow": [
		0.6281489133834839,
		0.5184702277183533,
		0.27085208892822266,
		0.45414575934410095
	],
	"left_wrist": [
		0.8076359629631042,
		0.5684061050415039,
		0.02414722368121147,
		0.5117526054382324
	],
	"right_shoulder": [
		0.3772001564502716,
		0.4591558575630188,
		-0.3609519302845001,
		0.9978267550468445
	],
	"right_elbow": [
		0.4698006510734558,
		0.42014968395233154,
		-0.6410295963287354,
		0.9594186544418335
	],
	"right_wrist": [
		0.6203311681747437,
		0.42959898710250854,
		-0.6914243698120117,
		0.8639415502548218
	],
	"nose": [
		0.5172168612480164,
		0.3169803023338318,
		-0.12579205632209778,
		0.9995548129081726
	],
	"left_eye": [
		0.5021397471427917,
		0.2740865647792816,
		-0.08382192999124527,
		0.9994290471076965
	],
	"right_eye": [
		0.49623027443885803,
		0.277871698141098,
		-0.14411339163780212,
		0.9993844032287598
	],
	"left_ear": [
		0.46331167221069336,
		0.2926476299762726,
		0.10987023264169693,
		0.9995096325874329
	],
	"right_ear": [
		0.45441335439682007,
		0.29728201031684875,
		-0.17667733132839203,
		0.999546229839325
	]
}