{
	"left_hip": [
		0.4664207100868225,
		1.110630989074707,
		0.10277324914932251,
		0.7814725637435913
	],
	"left_knee": [
		0.4845418930053711,
		1.538180947303772,
		0.11250384151935577,
		0.04669195041060448
	],
	"left_ankle": [
		0.4858476221561432,
		1.9356660842895508,
		0.3575786352157593,
		0.009366064332425594
	],
	"right_hip": [
		0.35161831974983215,
		1.1201984882354736,
		-0.10169074684381485,
		0.6916020512580872
	],
	"right_knee": [
		0.3540576100349426,
		1.5548689365386963,
		-0.09311084449291229,
		0.1577114760875702
	],
	"right_ankle": [
		0.36141496896743774,
		1.9601620435714722,
		0.04742768034338951,
		0.02607833594083786
	],
	"left_shoulder": [
		0.4711361825466156,
		0.531220555305481,
		0.18962642550468445,
		0.9995092153549194
	],
	"left_elbow": [
		0.6389913558959961,
		0.462686687707901,
		0.1602998971939087,
		0.9568416476249695
	],
	"left_wrist": [
		0.7964668273925781,
		0.4078828990459442,
		0.02171948552131653,
		0.9633787274360657
	],
	"right_shoulder": [
		0.3112562298774719,
		0.4927266538143158,
		-0.29634419083595276,
		0.9977593421936035
	],
	"right_elbow": [
		0.36526739597320557,
		0.31668180227279663,
		-0.7419803738594055,
		0.9917993545532227
	],
	"right_wrist": [
		0.5053292512893677,
		0.32753199338912964,
		-0.9486430287361145,
		0.9801230430603027
	],
	"nose": [
		0.45662131905555725,
		0.3116849958896637,
		-0.18704387545585632,
		0.9998488426208496
	],
	"left_eye": [
		0.44975167512893677,
		0.2619149684906006,
		-0.13872063159942627,
		0.9998056888580322
	],
	"right_eye": [
		0.4346267282962799,
		0.2588633894920349,
		-0.18485097587108612,
		0.9998074173927307
	],
	"left_ear": [
		0.4277638792991638,
		0.29396748542785645,
		0.07771148532629013,
		0.9998762607574463
	],
	"right_ear": [
		0.39568009972572327,
		0.28014495968818665,
		-0.12891528010368347,
		0.9998676776885986
	]
}