{
	"left_hip": [
		0.451702356338501,
		1.0295047760009766,
		0.12784609198570251,
		0.8060111999511719
	],
	"left_knee": [
		0.4820996820926666,
		1.4839820861816406,
		0.12676024436950684,
		0.0389707088470459
	],
	"left_ankle": [
		0.5135378241539001,
		1.834108829498291,
		0.3543497920036316,
		0.0062170447781682014
	],
	"right_hip": [
		0.3616594970226288,
		1.0811787843704224,
		-0.1268313229084015,
		0.7392797470092773
	],
	"right_knee": [
		0.3544209897518158,
		1.4947744607925415,
		-0.10919668525457382,
		0.13166862726211548
	],
	"right_ankle": [
		0.3654884696006775,
		1.9097639322280884,
		0.02263523079454899,
		0.020328639075160027
	],
	"left_shoulder": [
		0.46908098459243774,
		0.5063087940216064,
		0.2026280164718628,
		0.9995774626731873
	],
	"left_elbow": [
		0.6273770928382874,
		0.486118882894516,
		0.14304734766483307,
		0.9711147546768188
	],
	"left_wrist": [
		0.7962408661842346,
		0.4426659941673279,
		-0.06338067352771759,
		0.9776605367660522
	],
	"right_shoulder": [
		0.31347259879112244,
		0.46757230162620544,
		-0.32185664772987366,
		0.9983659386634827
	],
	"right_elbow": [
		0.34569671750068665,
		0.3440546691417694,
		-0.7838293313980103,
		0.9922752976417542
	],
	"right_wrist": [
		0.4820116460323334,
		0.3875567317008972,
		-1.0188698768615723,
		0.9850994944572449
	],
	"nose": [
		0.4569823145866394,
		0.27683764696121216,
		-0.20829114317893982,
		0.9999022483825684
	],
	"left_eye": [
		0.44883108139038086,
		0.23504213988780975,
		-0.16114848852157593,
		0.9998764991760254
	],
	"right_eye": [
		0.4340730607509613,
		0.23730938136577606,
		-0.20987215638160706,
		0.999879002571106
	],
	"left_ear": [
		0.42382746934890747,
		0.26244840025901794,
		0.06877678632736206,
		0.9999226331710815
	],
	"right_ear": [
		0.39684897661209106,
		0.26010578870773315,
		-0.15807580947875977,
		0.9999170899391174
	]
}