{
	"left_hip": [
		0.45705318450927734,
		1.044217586517334,
		0.12956200540065765,
		0.7936584949493408
	],
	"left_knee": [
		0.4858322739601135,
		1.4939606189727783,
		0.12008283287286758,
		0.03674313798546791
	],
	"left_ankle": [
		0.5083563923835754,
		1.8830626010894775,
		0.34259113669395447,
		0.0053217243403196335
	],
	"right_hip": [
		0.36424073576927185,
		1.0834683179855347,
		-0.12857863306999207,
		0.7276297807693481
	],
	"right_knee": [
		0.360639750957489,
		1.5012332201004028,
		-0.11894652992486954,
		0.12628690898418427
	],
	"right_ankle": [
		0.371227502822876,
		1.9259629249572754,
		0.0022354931570589542,
		0.01856050454080105
	],
	"left_shoulder": [
		0.4659651219844818,
		0.5081605911254883,
		0.23883509635925293,
		0.9995594620704651
	],
	"left_elbow": [
		0.6253716945648193,
		0.5009177327156067,
		0.21010735630989075,
		0.9745522141456604
	],
	"left_wrist": [
		0.7920000553131104,
		0.45537275075912476,
		0.013479135930538177,
		0.9815403819084167
	],
	"right_shoulder": [
		0.3175743818283081,
		0.4623783528804779,
		-0.3254113793373108,
		0.9984813928604126
	],
	"right_elbow": [
		0.341673344373703,
		0.3794984817504883,
		-0.762781023979187,
		0.9928128719329834
	],
	"right_wrist": [
		0.48063668608665466,
		0.41199764609336853,
		-0.9689311981201172,
		0.9869183301925659
	],
	"nose": [
		0.4589950144290924,
		0.2894655168056488,
		-0.15289537608623505,
		0.9999140501022339
	],
	"left_eye": [
		0.4482075572013855,
		0.24748632311820984,
		-0.10724953562021255,
		0.9998927116394043
	],
	"right_eye": [
		0.43465906381607056,
		0.25243619084358215,
		-0.16429580748081207,
		0.9998964071273804
	],
	"left_ear": [
		0.42290887236595154,
		0.26740333437919617,
		0.10206525027751923,
		0.9999337792396545
	],
	"right_ear": [
		0.3979073166847229,
		0.2716846168041229,
		-0.15485242009162903,
		0.9999294281005859
	]
}