{
	"left_hip": [
		0.45986437797546387,
		1.0818008184432983,
		0.14604531228542328,
		0.7397564053535461
	],
	"left_knee": [
		0.48654431104660034,
		1.4892926216125488,
		0.13970954716205597,
		0.03509517386555672
	],
	"left_ankle": [
		0.5323795676231384,
		1.865216851234436,
		0.3496106266975403,
		0.00488583417609334
	],
	"right_hip": [
		0.3700251579284668,
		1.0940361022949219,
		-0.14492502808570862,
		0.6956658959388733
	],
	"right_knee": [
		0.37082090973854065,
		1.4985243082046509,
		-0.1367168128490448,
		0.1354096680879593
	],
	"right_ankle": [
		0.3784404695034027,
		1.9491969347000122,
		-0.012937001883983612,
		0.019603541120886803
	],
	"left_shoulder": [
		0.45998644828796387,
		0.522916316986084,
		0.26117461919784546,
		0.9995328783988953
	],
	"left_elbow": [
		0.6211380958557129,
		0.5171926021575928,
		0.2560390830039978,
		0.9703526496887207
	],
	"left_wrist": [
		0.78777676820755,
		0.4836181104183197,
		0.06773343682289124,
		0.9826942086219788
	],
	"right_shoulder": [
		0.3199866712093353,
		0.4630547761917114,
		-0.3173205852508545,
		0.9986727237701416
	],
	"right_elbow": [
		0.33706149458885193,
		0.3966929316520691,
		-0.7486385107040405,
		0.992352306842804
	],
	"right_wrist": [
		0.4783759117126465,
		0.4330396354198456,
		-0.9549433588981628,
		0.9873668551445007
	],
	"nose": [
		0.4626668095588684,
		0.2921658754348755,
		-0.1363486349582672,
		0.9999286532402039
	],
	"left_eye": [
		0.44872450828552246,
		0.25091519951820374,
		-0.0901971310377121,
		0.9999110102653503
	],
	"right_eye": [
		0.43676143884658813,
		0.25649797916412354,
		-0.14821478724479675,
		0.9999146461486816
	],
	"left_ear": [
		0.42176923155784607,
		0.2697497010231018,
		0.11768660694360733,
		0.9999452233314514
	],
	"right_ear": [
		0.40083175897598267,
		0.27670225501060486,
		-0.14212729036808014,
		0.999941885471344
	]
}