{
	"left_hip": [
		0.48891371488571167,
		1.1599076986312866,
		0.11365164816379547,
		0.8318495750427246
	],
	"left_knee": [
		0.4989827275276184,
		1.606040358543396,
		0.18341629207134247,
		0.018776075914502144
	],
	"left_ankle": [
		0.5034212470054626,
		2.0219192504882812,
		0.492750883102417,
		0.0016169847222045064
	],
	"right_hip": [
		0.372281938791275,
		1.1818674802780151,
		-0.11252842098474503,
		0.7874186635017395
	],
	"right_knee": [
		0.371557354927063,
		1.6276969909667969,
		-0.06101996451616287,
		0.0836426168680191
	],
	"right_ankle": [
		0.3778982162475586,
		2.073270797729492,
		0.1325611174106598,
		0.010248884558677673
	],
	"left_shoulder": [
		0.4846746325492859,
		0.529045581817627,
		0.19895771145820618,
		0.9998205304145813
	],
	"left_elbow": [
		0.6533061265945435,
		0.5103477239608765,
		0.2774735689163208,
		0.9910367131233215
	],
	"left_wrist": [
		0.7981845140457153,
		0.4521082639694214,
		0.19084833562374115,
		0.9958085417747498
	],
	"right_shoulder": [
		0.33134210109710693,
		0.49387043714523315,
		-0.36014947295188904,
		0.9995248317718506
	],
	"right_elbow": [
		0.25058531761169434,
		0.41209354996681213,
		-0.7861582636833191,
		0.995792806148529
	],
	"right_wrist": [
		0.4149927496910095,
		0.4532265365123749,
		-0.9181448221206665,
		0.9934859871864319
	],
	"nose": [
		0.4740044176578522,
		0.2995913028717041,
		-0.2386205941438675,
		0.999981164932251
	],
	"left_eye": [
		0.45652779936790466,
		0.25739896297454834,
		-0.18891438841819763,
		0.9999774694442749
	],
	"right_eye": [
		0.4444000720977783,
		0.2639436721801758,
		-0.243653804063797,
		0.9999794960021973
	],
	"left_ear": [
		0.4259110987186432,
		0.28300419449806213,
		0.03649332374334335,
		0.9999866485595703
	],
	"right_ear": [
		0.40649867057800293,
		0.29749006032943726,
		-0.20559804141521454,
		0.999985933303833
	]
}