{
	"left_hip": [
		0.4833994507789612,
		1.1415437459945679,
		0.14065533876419067,
		0.7626944780349731
	],
	"left_knee": [
		0.5182104706764221,
		1.5638446807861328,
		0.16781549155712128,
		0.019297616556286812
	],
	"left_ankle": [
		0.5357064008712769,
		2.0017735958099365,
		0.41886037588119507,
		0.0034665765706449747
	],
	"right_hip": [
		0.38269832730293274,
		1.1715275049209595,
		-0.1400366574525833,
		0.7781724333763123
	],
	"right_knee": [
		0.37764090299606323,
		1.609050989151001,
		-0.13133440911769867,
		0.16525553166866302
	],
	"right_ankle": [
		0.3838551640510559,
		2.0582993030548096,
		0.0369749441742897,
		0.04700741171836853
	],
	"left_shoulder": [
		0.49263858795166016,
		0.5273306369781494,
		0.2676964998245239,
		0.9998711943626404
	],
	"left_elbow": [
		0.6532072424888611,
		0.5268653035163879,
		0.3260055184364319,
		0.993684709072113
	],
	"left_wrist": [
		0.8012898564338684,
		0.4903738796710968,
		0.23241248726844788,
		0.9962188005447388
	],
	"right_shoulder": [
		0.33426719903945923,
		0.4994095265865326,
		-0.2965046465396881,
		0.9998616576194763
	],
	"right_elbow": [
		0.2313825786113739,
		0.37411823868751526,
		-0.743212103843689,
		0.9981117248535156
	],
	"right_wrist": [
		0.41911330819129944,
		0.40843525528907776,
		-0.9281362295150757,
		0.9951663017272949
	],
	"nose": [
		0.47855138778686523,
		0.3054813742637634,
		-0.17258645594120026,
		0.9999951720237732
	],
	"left_eye": [
		0.4610496461391449,
		0.2556658089160919,
		-0.12782546877861023,
		0.9999934434890747
	],
	"right_eye": [
		0.447418749332428,
		0.2641066312789917,
		-0.17903068661689758,
		0.9999953508377075
	],
	"left_ear": [
		0.42767661809921265,
		0.28123000264167786,
		0.08701600134372711,
		0.9999964833259583
	],
	"right_ear": [
		0.4068497121334076,
		0.2948439121246338,
		-0.14529982209205627,
		0.9999971985816956
	]
}