{
	"left_hip": [
		0.48594099283218384,
		1.1531168222427368,
		0.1298929899930954,
		0.7669594883918762
	],
	"left_knee": [
		0.5175644159317017,
		1.6248724460601807,
		0.14658436179161072,
		0.01938769407570362
	],
	"left_ankle": [
		0.5165272951126099,
		2.066257953643799,
		0.41511934995651245,
		0.0032950362656265497
	],
	"right_hip": [
		0.379777193069458,
		1.1759552955627441,
		-0.12927089631557465,
		0.7807778716087341
	],
	"right_knee": [
		0.3774469494819641,
		1.6452980041503906,
		-0.11579648405313492,
		0.15869294106960297
	],
	"right_ankle": [
		0.3815997838973999,
		2.109334945678711,
		0.05215119197964668,
		0.04467605799436569
	],
	"left_shoulder": [
		0.49258652329444885,
		0.5269219279289246,
		0.26341623067855835,
		0.9998696446418762
	],
	"left_elbow": [
		0.6532687544822693,
		0.5258035659790039,
		0.3214710056781769,
		0.9939916729927063
	],
	"left_wrist": [
		0.8016875982284546,
		0.48750874400138855,
		0.23531381785869598,
		0.996476411819458
	],
	"right_shoulder": [
		0.33377963304519653,
		0.49938955903053284,
		-0.2980707883834839,
		0.9998673796653748
	],
	"right_elbow": [
		0.23152875900268555,
		0.3741905093193054,
		-0.7509699463844299,
		0.9981859922409058
	],
	"right_wrist": [
		0.41873136162757874,
		0.40850400924682617,
		-0.9238177537918091,
		0.9953709840774536
	],
	"nose": [
		0.47854822874069214,
		0.3060561716556549,
		-0.1742204874753952,
		0.999995231628418
	],
	"left_eye": [
		0.4610103964805603,
		0.2564769685268402,
		-0.1299000084400177,
		0.9999935030937195
	],
	"right_eye": [
		0.44731444120407104,
		0.26495301723480225,
		-0.18133245408535004,
		0.9999955296516418
	],
	"left_ear": [
		0.42743510007858276,
		0.281429648399353,
		0.08596856147050858,
		0.9999966025352478
	],
	"right_ear": [
		0.4066874086856842,
		0.29496583342552185,
		-0.14570197463035583,
		0.9999973773956299
	]
}