{
	"left_hip": [
		0.4908582270145416,
		1.1674766540527344,
		0.1259058117866516,
		0.7140162587165833
	],
	"left_knee": [
		0.5091348886489868,
		1.6206227540969849,
		0.127623051404953,
		0.016794733703136444
	],
	"left_ankle": [
		0.5267430543899536,
		2.045742988586426,
		0.3870365023612976,
		0.0020623058080673218
	],
	"right_hip": [
		0.3761937618255615,
		1.187261939048767,
		-0.1250094622373581,
		0.7392709255218506
	],
	"right_knee": [
		0.3769221603870392,
		1.6359461545944214,
		-0.10611726343631744,
		0.11598055064678192
	],
	"right_ankle": [
		0.37965282797813416,
		2.114374876022339,
		0.039787519723176956,
		0.03148262947797775
	],
	"left_shoulder": [
		0.4880998730659485,
		0.5272015929222107,
		0.2637858986854553,
		0.9998263120651245
	],
	"left_elbow": [
		0.6463468670845032,
		0.52646803855896,
		0.32804369926452637,
		0.9949156045913696
	],
	"left_wrist": [
		0.8000280261039734,
		0.48299235105514526,
		0.2633388042449951,
		0.9978411197662354
	],
	"right_shoulder": [
		0.33318662643432617,
		0.49865496158599854,
		-0.29994869232177734,
		0.9998943209648132
	],
	"right_elbow": [
		0.2279253751039505,
		0.37461909651756287,
		-0.7634426355361938,
		0.9984177350997925
	],
	"right_wrist": [
		0.4102517068386078,
		0.41227987408638,
		-0.943982720375061,
		0.9962947368621826
	],
	"nose": [
		0.47824424505233765,
		0.3104976415634155,
		-0.18395283818244934,
		0.9999958276748657
	],
	"left_eye": [
		0.46086883544921875,
		0.26229268312454224,
		-0.13859102129936218,
		0.9999938011169434
	],
	"right_eye": [
		0.4471006989479065,
		0.269579142332077,
		-0.1899375468492508,
		0.9999966025352478
	],
	"left_ear": [
		0.42674773931503296,
		0.28395435214042664,
		0.0848119854927063,
		0.9999969005584717
	],
	"right_ear": [
		0.40654104948043823,
		0.29622799158096313,
		-0.14493419229984283,
		0.9999983310699463
	]
}