{
	"left_hip": [
		0.49100160598754883,
		1.1678640842437744,
		0.12506267428398132,
		0.7077171206474304
	],
	"left_knee": [
		0.5101796388626099,
		1.6244513988494873,
		0.12133754789829254,
		0.016940806061029434
	],
	"left_ankle": [
		0.5264652967453003,
		2.053961753845215,
		0.37870049476623535,
		0.002000106032937765
	],
	"right_hip": [
		0.375948429107666,
		1.187354326248169,
		-0.1241769790649414,
		0.7337494492530823
	],
	"right_knee": [
		0.37704232335090637,
		1.6382877826690674,
		-0.10815013945102692,
		0.11452046781778336
	],
	"right_ankle": [
		0.38003021478652954,
		2.115872383117676,
		0.03500670939683914,
		0.03071778081357479
	],
	"left_shoulder": [
		0.4871404767036438,
		0.5273160338401794,
		0.26378652453422546,
		0.999813437461853
	],
	"left_elbow": [
		0.6454974412918091,
		0.5278393030166626,
		0.32914549112319946,
		0.9948844313621521
	],
	"left_wrist": [
		0.7993265390396118,
		0.4833354353904724,
		0.27059149742126465,
		0.9978688955307007
	],
	"right_shoulder": [
		0.3331921100616455,
		0.49860697984695435,
		-0.3000531494617462,
		0.9998918771743774
	],
	"right_elbow": [
		0.2272692620754242,
		0.37472468614578247,
		-0.766532838344574,
		0.9984309673309326
	],
	"right_wrist": [
		0.40973034501075745,
		0.41258931159973145,
		-0.9463861584663391,
		0.9963236451148987
	],
	"nose": [
		0.4781584143638611,
		0.3109930753707886,
		-0.18403030931949615,
		0.9999955296516418
	],
	"left_eye": [
		0.4608677327632904,
		0.26281413435935974,
		-0.13864776492118835,
		0.9999933242797852
	],
	"right_eye": [
		0.4470728933811188,
		0.26996228098869324,
		-0.1899985820055008,
		0.9999964237213135
	],
	"left_ear": [
		0.4267447888851166,
		0.2841831147670746,
		0.08477083593606949,
		0.9999967217445374
	],
	"right_ear": [
		0.4065248370170593,
		0.2963658273220062,
		-0.1450539529323578,
		0.9999982714653015
	]
}