{
	"left_hip": [
		0.4951338768005371,
		1.1697853803634644,
		0.098147913813591,
		0.8443422913551331
	],
	"left_knee": [
		0.5110501646995544,
		1.6392183303833008,
		0.07187192142009735,
		0.02811795473098755
	],
	"left_ankle": [
		0.5066558122634888,
		2.083191156387329,
		0.31906557083129883,
		0.002028237795457244
	],
	"right_hip": [
		0.37190985679626465,
		1.183701992034912,
		-0.09738660603761673,
		0.853410542011261
	],
	"right_knee": [
		0.37255531549453735,
		1.6492201089859009,
		-0.11624063551425934,
		0.09122203290462494
	],
	"right_ankle": [
		0.3729373812675476,
		2.1191036701202393,
		0.020064134150743484,
		0.022310173138976097
	],
	"left_shoulder": [
		0.4871106743812561,
		0.526589572429657,
		0.2366214245557785,
		0.9998399615287781
	],
	"left_elbow": [
		0.6514570713043213,
		0.5268489122390747,
		0.3336465656757355,
		0.997141420841217
	],
	"left_wrist": [
		0.7983618974685669,
		0.4817280173301697,
		0.3099721372127533,
		0.9983798861503601
	],
	"right_shoulder": [
		0.33183854818344116,
		0.4957849383354187,
		-0.29930922389030457,
		0.9999143481254578
	],
	"right_elbow": [
		0.22152157127857208,
		0.38452205061912537,
		-0.789534866809845,
		0.9990228414535522
	],
	"right_wrist": [
		0.40939322113990784,
		0.41271403431892395,
		-1.0171923637390137,
		0.9967997074127197
	],
	"nose": [
		0.47914552688598633,
		0.31370022892951965,
		-0.18264445662498474,
		0.9999935030937195
	],
	"left_eye": [
		0.463040292263031,
		0.2653769552707672,
		-0.1370801329612732,
		0.9999901056289673
	],
	"right_eye": [
		0.4492432475090027,
		0.2721065282821655,
		-0.18933787941932678,
		0.9999953508377075
	],
	"left_ear": [
		0.4287331998348236,
		0.28516092896461487,
		0.0825883150100708,
		0.9999957084655762
	],
	"right_ear": [
		0.4073209762573242,
		0.29738304018974304,
		-0.14910784363746643,
		0.9999979138374329
	]
}