{
	"left_hip": [
		0.4950883388519287,
		1.1695988178253174,
		0.09817240387201309,
		0.861210286617279
	],
	"left_knee": [
		0.5095933079719543,
		1.6386719942092896,
		0.08564142137765884,
		0.028131579980254173
	],
	"left_ankle": [
		0.5049543976783752,
		2.0823841094970703,
		0.3376223146915436,
		0.0020252231042832136
	],
	"right_hip": [
		0.37177935242652893,
		1.183588981628418,
		-0.09740059822797775,
		0.8669083714485168
	],
	"right_knee": [
		0.3719059228897095,
		1.6497352123260498,
		-0.11248471587896347,
		0.0881422907114029
	],
	"right_ankle": [
		0.3716164827346802,
		2.11973237991333,
		0.027033332735300064,
		0.02124897949397564
	],
	"left_shoulder": [
		0.4873114228248596,
		0.5275876522064209,
		0.2324201762676239,
		0.9998577237129211
	],
	"left_elbow": [
		0.652722954750061,
		0.5271538496017456,
		0.31707763671875,
		0.9974530339241028
	],
	"left_wrist": [
		0.798540472984314,
		0.4805109202861786,
		0.2616618275642395,
		0.9985194206237793
	],
	"right_shoulder": [
		0.33157989382743835,
		0.49558600783348083,
		-0.3018723130226135,
		0.9999212026596069
	],
	"right_elbow": [
		0.22205409407615662,
		0.3847125172615051,
		-0.7841135859489441,
		0.9990972876548767
	],
	"right_wrist": [
		0.4105839729309082,
		0.41122981905937195,
		-1.0000554323196411,
		0.9969517588615417
	],
	"nose": [
		0.47983354330062866,
		0.3141321837902069,
		-0.18404985964298248,
		0.999994158744812
	],
	"left_eye": [
		0.46368423104286194,
		0.2658679485321045,
		-0.13840967416763306,
		0.9999911189079285
	],
	"right_eye": [
		0.4503542482852936,
		0.27255138754844666,
		-0.1911044716835022,
		0.9999958872795105
	],
	"left_ear": [
		0.42914384603500366,
		0.2856225073337555,
		0.08104646950960159,
		0.9999961853027344
	],
	"right_ear": [
		0.40832358598709106,
		0.2976817190647125,
		-0.1545056253671646,
		0.999998152256012
	]
}