{
	"left_hip": [
		0.49493709206581116,
		1.1696416139602661,
		0.09855611622333527,
		0.8675562143325806
	],
	"left_knee": [
		0.5088855624198914,
		1.6386710405349731,
		0.0887751504778862,
		0.028009451925754547
	],
	"left_ankle": [
		0.5047708749771118,
		2.0822365283966064,
		0.3392243981361389,
		0.0020672723185271025
	],
	"right_hip": [
		0.3718554973602295,
		1.1841212511062622,
		-0.09780589491128922,
		0.8709654808044434
	],
	"right_knee": [
		0.3717169463634491,
		1.6506437063217163,
		-0.11109104007482529,
		0.08778363466262817
	],
	"right_ankle": [
		0.37124690413475037,
		2.121127128601074,
		0.027439337223768234,
		0.02135458029806614
	],
	"left_shoulder": [
		0.48796114325523376,
		0.5284566283226013,
		0.23191288113594055,
		0.9998681545257568
	],
	"left_elbow": [
		0.6543023586273193,
		0.5270410776138306,
		0.3004610240459442,
		0.9976342916488647
	],
	"left_wrist": [
		0.7996031045913696,
		0.47931036353111267,
		0.22241449356079102,
		0.998628556728363
	],
	"right_shoulder": [
		0.33164769411087036,
		0.4957728087902069,
		-0.29958802461624146,
		0.9999239444732666
	],
	"right_elbow": [
		0.2243620902299881,
		0.38456881046295166,
		-0.7790405750274658,
		0.9991317391395569
	],
	"right_wrist": [
		0.41221022605895996,
		0.4102537930011749,
		-0.9978699684143066,
		0.9970518946647644
	],
	"nose": [
		0.4801972806453705,
		0.3141650855541229,
		-0.1842249035835266,
		0.999994695186615
	],
	"left_eye": [
		0.4641653895378113,
		0.2661140561103821,
		-0.1380496770143509,
		0.9999918937683105
	],
	"right_eye": [
		0.4510257840156555,
		0.27275753021240234,
		-0.1906554251909256,
		0.9999962449073792
	],
	"left_ear": [
		0.42955976724624634,
		0.28596335649490356,
		0.08182638883590698,
		0.9999964833259583
	],
	"right_ear": [
		0.40892213582992554,
		0.29788708686828613,
		-0.15304364264011383,
		0.9999982714653015
	]
}