{
	"left_hip": [
		0.49370861053466797,
		1.1712173223495483,
		0.12645050883293152,
		0.835708498954773
	],
	"left_knee": [
		0.5088638663291931,
		1.6452428102493286,
		0.11358413845300674,
		0.028111690655350685
	],
	"left_ankle": [
		0.5096992254257202,
		2.0871622562408447,
		0.3678078055381775,
		0.0021552450489252806
	],
	"right_hip": [
		0.37279075384140015,
		1.1864818334579468,
		-0.12557044625282288,
		0.830617368221283
	],
	"right_knee": [
		0.37596261501312256,
		1.661230206489563,
		-0.12500149011611938,
		0.09579797089099884
	],
	"right_ankle": [
		0.37198078632354736,
		2.1453187465667725,
		0.00462099676951766,
		0.02284802496433258
	],
	"left_shoulder": [
		0.48592647910118103,
		0.5276339650154114,
		0.2617955803871155,
		0.9998775720596313
	],
	"left_elbow": [
		0.6557924151420593,
		0.5127801299095154,
		0.3312337398529053,
		0.9975231289863586
	],
	"left_wrist": [
		0.8008898496627808,
		0.47916266322135925,
		0.20555225014686584,
		0.9988390803337097
	],
	"right_shoulder": [
		0.331503301858902,
		0.4974844753742218,
		-0.33249300718307495,
		0.9999077916145325
	],
	"right_elbow": [
		0.22887375950813293,
		0.3844887316226959,
		-0.8033738136291504,
		0.9989432096481323
	],
	"right_wrist": [
		0.41384029388427734,
		0.40993422269821167,
		-1.0157748460769653,
		0.9969679117202759
	],
	"nose": [
		0.4816175401210785,
		0.3140702545642853,
		-0.15704968571662903,
		0.9999958276748657
	],
	"left_eye": [
		0.4652408957481384,
		0.26674267649650574,
		-0.10860896110534668,
		0.9999935030937195
	],
	"right_eye": [
		0.4520508646965027,
		0.2731674015522003,
		-0.17338170111179352,
		0.9999969005584717
	],
	"left_ear": [
		0.4303247928619385,
		0.286653071641922,
		0.10911013185977936,
		0.9999971985816956
	],
	"right_ear": [
		0.4111693799495697,
		0.29841920733451843,
		-0.16572290658950806,
		0.9999984502792358
	]
}