{
	"left_hip": [
		0.49600276350975037,
		1.1713762283325195,
		0.1237436905503273,
		0.8221331834793091
	],
	"left_knee": [
		0.5122902989387512,
		1.6460003852844238,
		0.12237846851348877,
		0.026874355971813202
	],
	"left_ankle": [
		0.5129146575927734,
		2.0869126319885254,
		0.41150403022766113,
		0.002068050904199481
	],
	"right_hip": [
		0.37315064668655396,
		1.1904082298278809,
		-0.12292878329753876,
		0.8154365420341492
	],
	"right_knee": [
		0.37720125913619995,
		1.6666878461837769,
		-0.10077456384897232,
		0.09241121262311935
	],
	"right_ankle": [
		0.3746499717235565,
		2.1486270427703857,
		0.06187374144792557,
		0.022176111117005348
	],
	"left_shoulder": [
		0.4885129928588867,
		0.5223378539085388,
		0.23966097831726074,
		0.9998812675476074
	],
	"left_elbow": [
		0.6597188711166382,
		0.509319543838501,
		0.3288883566856384,
		0.9975245594978333
	],
	"left_wrist": [
		0.8032692670822144,
		0.47962015867233276,
		0.24962696433067322,
		0.9988874793052673
	],
	"right_shoulder": [
		0.3276454508304596,
		0.5028342008590698,
		-0.3502510190010071,
		0.9999061822891235
	],
	"right_elbow": [
		0.20532062649726868,
		0.4094422459602356,
		-0.8346344828605652,
		0.9988415241241455
	],
	"right_wrist": [
		0.3975103795528412,
		0.40992823243141174,
		-1.0652707815170288,
		0.9968280792236328
	],
	"nose": [
		0.4820326268672943,
		0.3114355206489563,
		-0.17836815118789673,
		0.9999959468841553
	],
	"left_eye": [
		0.46533021330833435,
		0.2645775079727173,
		-0.12976764142513275,
		0.999993622303009
	],
	"right_eye": [
		0.45224928855895996,
		0.271368145942688,
		-0.19487065076828003,
		0.9999969005584717
	],
	"left_ear": [
		0.4306527078151703,
		0.28585734963417053,
		0.08656732738018036,
		0.9999972581863403
	],
	"right_ear": [
		0.411137193441391,
		0.29851779341697693,
		-0.19078592956066132,
		0.9999984502792358
	]
}