{
	"left_hip": [
		0.4906167984008789,
		1.2264878749847412,
		0.10431362688541412,
		0.6091791987419128
	],
	"left_knee": [
		0.5274978280067444,
		1.7394359111785889,
		0.0998585894703865,
		0.021497296169400215
	],
	"left_ankle": [
		0.5357129573822021,
		2.194446086883545,
		0.42073702812194824,
		0.001324770855717361
	],
	"right_hip": [
		0.354715496301651,
		1.2625725269317627,
		-0.10309088230133057,
		0.5823726058006287
	],
	"right_knee": [
		0.3846552073955536,
		1.7805167436599731,
		-0.11407493054866791,
		0.06104849651455879
	],
	"right_ankle": [
		0.38769668340682983,
		2.2757821083068848,
		0.056835733354091644,
		0.013191166333854198
	],
	"left_shoulder": [
		0.49803581833839417,
		0.5089660286903381,
		0.16965295374393463,
		0.9998826384544373
	],
	"left_elbow": [
		0.6778554320335388,
		0.49858927726745605,
		0.3259926438331604,
		0.9978642463684082
	],
	"left_wrist": [
		0.8135815858840942,
		0.5291593074798584,
		0.25404539704322815,
		0.9990903735160828
	],
	"right_shoulder": [
		0.2884475886821747,
		0.5619660019874573,
		-0.36242401599884033,
		0.999840259552002
	],
	"right_elbow": [
		0.10319659858942032,
		0.6370070576667786,
		-0.76605224609375,
		0.9979909062385559
	],
	"right_wrist": [
		0.26901867985725403,
		0.4387170076370239,
		-1.0634528398513794,
		0.9961095452308655
	],
	"nose": [
		0.4896766245365143,
		0.3056153357028961,
		-0.2401154339313507,
		0.9999924898147583
	],
	"left_eye": [
		0.4730587899684906,
		0.2599088251590729,
		-0.1873893290758133,
		0.9999838471412659
	],
	"right_eye": [
		0.46368375420570374,
		0.2658674120903015,
		-0.2576380670070648,
		0.9999927878379822
	],
	"left_ear": [
		0.4367569386959076,
		0.28794777393341064,
		0.018823597580194473,
		0.9999909996986389
	],
	"right_ear": [
		0.41498273611068726,
		0.3002766966819763,
		-0.2595139741897583,
		0.9999956488609314
	]
}