{
	"left_hip": [
		0.4916313588619232,
		1.2292710542678833,
		0.10540914535522461,
		0.5851892232894897
	],
	"left_knee": [
		0.5279355049133301,
		1.7390415668487549,
		0.1367357075214386,
		0.020642492920160294
	],
	"left_ankle": [
		0.5361626148223877,
		2.194046974182129,
		0.47909942269325256,
		0.0012379667023196816
	],
	"right_hip": [
		0.35513150691986084,
		1.2665977478027344,
		-0.10418049246072769,
		0.5586468577384949
	],
	"right_knee": [
		0.38681527972221375,
		1.7822917699813843,
		-0.0977049395442009,
		0.058165352791547775
	],
	"right_ankle": [
		0.3903462290763855,
		2.281338930130005,
		0.09208448231220245,
		0.012246203608810902
	],
	"left_shoulder": [
		0.4979693293571472,
		0.5090460181236267,
		0.17279164493083954,
		0.9998828172683716
	],
	"left_elbow": [
		0.6773067116737366,
		0.4987618923187256,
		0.3299616575241089,
		0.9978740215301514
	],
	"left_wrist": [
		0.8106395602226257,
		0.5304941534996033,
		0.2572649121284485,
		0.9991214871406555
	],
	"right_shoulder": [
		0.2870941162109375,
		0.560029149055481,
		-0.37224897742271423,
		0.9998473525047302
	],
	"right_elbow": [
		0.10229559242725372,
		0.6321039199829102,
		-0.7774330973625183,
		0.9980618357658386
	],
	"right_wrist": [
		0.26133930683135986,
		0.43234163522720337,
		-1.0998307466506958,
		0.9963350892066956
	],
	"nose": [
		0.48964548110961914,
		0.306430846452713,
		-0.2536674439907074,
		0.9999927878379822
	],
	"left_eye": [
		0.4730547368526459,
		0.2608244717121124,
		-0.2014232873916626,
		0.9999840259552002
	],
	"right_eye": [
		0.46352624893188477,
		0.26657426357269287,
		-0.2696472406387329,
		0.9999930262565613
	],
	"left_ear": [
		0.43691301345825195,
		0.2886154353618622,
		0.013627392239868641,
		0.9999909996986389
	],
	"right_ear": [
		0.414745569229126,
		0.30144500732421875,
		-0.27770155668258667,
		0.999995768070221
	]
}