{
	"left_hip": [
		0.4917355179786682,
		1.2211030721664429,
		0.10108822584152222,
		0.5627992749214172
	],
	"left_knee": [
		0.5211331844329834,
		1.725470781326294,
		0.14692078530788422,
		0.017430149018764496
	],
	"left_ankle": [
		0.5235472321510315,
		2.1851444244384766,
		0.48318934440612793,
		0.0009937782306224108
	],
	"right_hip": [
		0.351674884557724,
		1.257453203201294,
		-0.0999908521771431,
		0.5363492965698242
	],
	"right_knee": [
		0.3771527111530304,
		1.7653253078460693,
		-0.08379988372325897,
		0.04823799803853035
	],
	"right_ankle": [
		0.3803415894508362,
		2.262030839920044,
		0.11130162328481674,
		0.009552129544317722
	],
	"left_shoulder": [
		0.49826139211654663,
		0.5086193084716797,
		0.14364326000213623,
		0.9998961687088013
	],
	"left_elbow": [
		0.6746472716331482,
		0.49960964918136597,
		0.2593887746334076,
		0.998120129108429
	],
	"left_wrist": [
		0.8050004839897156,
		0.525722861289978,
		0.10846058279275894,
		0.9992231130599976
	],
	"right_shoulder": [
		0.2828913629055023,
		0.5564787983894348,
		-0.36299777030944824,
		0.9998769164085388
	],
	"right_elbow": [
		0.09533919394016266,
		0.6274393200874329,
		-0.7729886174201965,
		0.9983086585998535
	],
	"right_wrist": [
		0.24367599189281464,
		0.4282565116882324,
		-1.1224033832550049,
		0.9969490170478821
	],
	"nose": [
		0.4891187250614166,
		0.3077583909034729,
		-0.28690436482429504,
		0.9999935626983643
	],
	"left_eye": [
		0.4728115499019623,
		0.26253071427345276,
		-0.2359318733215332,
		0.9999848008155823
	],
	"right_eye": [
		0.4633471965789795,
		0.2672445476055145,
		-0.2979501485824585,
		0.9999937415122986
	],
	"left_ear": [
		0.4363953471183777,
		0.289877325296402,
		-0.01383199729025364,
		0.999991238117218
	],
	"right_ear": [
		0.4138723313808441,
		0.3019291162490845,
		-0.29071900248527527,
		0.9999962449073792
	]
}