{
	"left_hip": [
		0.48602789640426636,
		1.192379355430603,
		0.09985561668872833,
		0.42242249846458435
	],
	"left_knee": [
		0.5143980979919434,
		1.7016515731811523,
		0.08634598553180695,
		0.010700528509914875
	],
	"left_ankle": [
		0.5169152021408081,
		2.1631534099578857,
		0.3706950843334198,
		0.0005441378452815115
	],
	"right_hip": [
		0.3520808815956116,
		1.2354272603988647,
		-0.09870100021362305,
		0.36620715260505676
	],
	"right_knee": [
		0.36596280336380005,
		1.7248624563217163,
		-0.13032621145248413,
		0.027135973796248436
	],
	"right_ankle": [
		0.3712182641029358,
		2.2135391235351562,
		0.046683020889759064,
		0.004961535334587097
	],
	"left_shoulder": [
		0.4859129786491394,
		0.5194188356399536,
		0.12336976826190948,
		0.9998598098754883
	],
	"left_elbow": [
		0.6747636198997498,
		0.502526044845581,
		0.18424490094184875,
		0.9971620440483093
	],
	"left_wrist": [
		0.7874110341072083,
		0.534671425819397,
		0.05447445064783096,
		0.9987080097198486
	],
	"right_shoulder": [
		0.29751157760620117,
		0.553473174571991,
		-0.36356937885284424,
		0.9995439648628235
	],
	"right_elbow": [
		0.10595358908176422,
		0.6174542307853699,
		-0.8093393445014954,
		0.9935503005981445
	],
	"right_wrist": [
		0.23223766684532166,
		0.43051785230636597,
		-1.184765100479126,
		0.9910889267921448
	],
	"nose": [
		0.48798853158950806,
		0.3078776001930237,
		-0.27976444363594055,
		0.9999786019325256
	],
	"left_eye": [
		0.46983250975608826,
		0.2623458504676819,
		-0.22732993960380554,
		0.9999595284461975
	],
	"right_eye": [
		0.46464258432388306,
		0.2664138078689575,
		-0.29235488176345825,
		0.9999765157699585
	],
	"left_ear": [
		0.431598961353302,
		0.287929892539978,
		-0.0022803267929702997,
		0.9999769330024719
	],
	"right_ear": [
		0.4189346730709076,
		0.2978089451789856,
		-0.2930925786495209,
		0.9999825358390808
	]
}