{
	"left_hip": [
		0.48957163095474243,
		1.1926203966140747,
		0.09030017256736755,
		0.417346328496933
	],
	"left_knee": [
		0.5114527344703674,
		1.705891489982605,
		0.09431485086679459,
		0.007425637915730476
	],
	"left_ankle": [
		0.5135652422904968,
		2.1725594997406006,
		0.3656052052974701,
		0.00032833340810611844
	],
	"right_hip": [
		0.3531738817691803,
		1.234087586402893,
		-0.08894336968660355,
		0.33695554733276367
	],
	"right_knee": [
		0.36533066630363464,
		1.7306472063064575,
		-0.1173175796866417,
		0.01676948182284832
	],
	"right_ankle": [
		0.36820265650749207,
		2.221055746078491,
		0.030483325943350792,
		0.002655512187629938
	],
	"left_shoulder": [
		0.4759562611579895,
		0.5200247764587402,
		0.09587076306343079,
		0.9998677372932434
	],
	"left_elbow": [
		0.6778754591941833,
		0.5019310712814331,
		0.16592636704444885,
		0.9972667694091797
	],
	"left_wrist": [
		0.8078708648681641,
		0.5130225419998169,
		0.03970213606953621,
		0.9984291195869446
	],
	"right_shoulder": [
		0.29395410418510437,
		0.550983190536499,
		-0.34422728419303894,
		0.9996073842048645
	],
	"right_elbow": [
		0.10358728468418121,
		0.6029013991355896,
		-0.7226094603538513,
		0.9931671619415283
	],
	"right_wrist": [
		0.2263389378786087,
		0.44078218936920166,
		-0.9864355325698853,
		0.9882901906967163
	],
	"nose": [
		0.4878581166267395,
		0.31143611669540405,
		-0.26959913969039917,
		0.9999743700027466
	],
	"left_eye": [
		0.46968740224838257,
		0.2657122313976288,
		-0.22481365501880646,
		0.9999539852142334
	],
	"right_eye": [
		0.465104341506958,
		0.26968738436698914,
		-0.2844565212726593,
		0.9999750256538391
	],
	"left_ear": [
		0.42978376150131226,
		0.29040852189064026,
		-0.020220549777150154,
		0.9999752044677734
	],
	"right_ear": [
		0.4203403890132904,
		0.2973342537879944,
		-0.28897422552108765,
		0.9999830722808838
	]
}