{
	"left_hip": [
		0.4895792007446289,
		1.1928654909133911,
		0.09719011932611465,
		0.3642336428165436
	],
	"left_knee": [
		0.5115811228752136,
		1.709852695465088,
		0.09961436688899994,
		0.006418326869606972
	],
	"left_ankle": [
		0.5179296731948853,
		2.177539110183716,
		0.3638709783554077,
		0.0002786431577987969
	],
	"right_hip": [
		0.3577795922756195,
		1.2338603734970093,
		-0.09553882479667664,
		0.2917369604110718
	],
	"right_knee": [
		0.37257587909698486,
		1.7339351177215576,
		-0.11716540157794952,
		0.014508325606584549
	],
	"right_ankle": [
		0.3731411397457123,
		2.2282938957214355,
		0.03272295743227005,
		0.002212647581472993
	],
	"left_shoulder": [
		0.46824678778648376,
		0.5228156447410583,
		0.10023535788059235,
		0.9998065829277039
	],
	"left_elbow": [
		0.6724423170089722,
		0.5139797329902649,
		0.1365252137184143,
		0.9954472184181213
	],
	"left_wrist": [
		0.7681282758712769,
		0.486541748046875,
		-0.019600605592131615,
		0.9971439242362976
	],
	"right_shoulder": [
		0.29723459482192993,
		0.5514137744903564,
		-0.32393312454223633,
		0.9995040893554688
	],
	"right_elbow": [
		0.10499727725982666,
		0.5964124202728271,
		-0.6703877449035645,
		0.9898510575294495
	],
	"right_wrist": [
		0.23102502524852753,
		0.44533976912498474,
		-0.88319331407547,
		0.979910135269165
	],
	"nose": [
		0.4879359304904938,
		0.3122125566005707,
		-0.24669471383094788,
		0.9999708533287048
	],
	"left_eye": [
		0.46966657042503357,
		0.26635152101516724,
		-0.20483772456645966,
		0.9999498128890991
	],
	"right_eye": [
		0.46553748846054077,
		0.27052611112594604,
		-0.266385942697525,
		0.999971866607666
	],
	"left_ear": [
		0.4287484586238861,
		0.29094743728637695,
		-0.014954445883631706,
		0.9999728798866272
	],
	"right_ear": [
		0.421550989151001,
		0.297504186630249,
		-0.28185194730758667,
		0.9999809861183167
	]
}