{
	"left_hip": [
		0.4910110533237457,
		1.1801857948303223,
		0.0761786475777626,
		0.24597477912902832
	],
	"left_knee": [
		0.5215275883674622,
		1.6939548254013062,
		0.06340772658586502,
		0.004889488220214844
	],
	"left_ankle": [
		0.536794900894165,
		2.157681465148926,
		0.3302181363105774,
		0.0001958366046892479
	],
	"right_hip": [
		0.3569667339324951,
		1.21843683719635,
		-0.07473509013652802,
		0.1920885294675827
	],
	"right_knee": [
		0.3845120966434479,
		1.7176532745361328,
		-0.1198500245809555,
		0.010578542947769165
	],
	"right_ankle": [
		0.3930467963218689,
		2.2115960121154785,
		0.0365857295691967,
		0.0014028247678652406
	],
	"left_shoulder": [
		0.4689016342163086,
		0.5209425091743469,
		0.09062962234020233,
		0.9996998906135559
	],
	"left_elbow": [
		0.652461588382721,
		0.5332859754562378,
		0.1504628211259842,
		0.9912400841712952
	],
	"left_wrist": [
		0.7765066027641296,
		0.5337770581245422,
		0.040841393172740936,
		0.9938820600509644
	],
	"right_shoulder": [
		0.29960888624191284,
		0.5464315414428711,
		-0.3143772482872009,
		0.9992416501045227
	],
	"right_elbow": [
		0.11178591102361679,
		0.5726785659790039,
		-0.6768201589584351,
		0.9813862442970276
	],
	"right_wrist": [
		0.25969380140304565,
		0.45557156205177307,
		-0.9205977320671082,
		0.9625505805015564
	],
	"nose": [
		0.48712578415870667,
		0.3133907914161682,
		-0.26103103160858154,
		0.9999641180038452
	],
	"left_eye": [
		0.4692773222923279,
		0.267987996339798,
		-0.2147260159254074,
		0.9999402165412903
	],
	"right_eye": [
		0.4653558135032654,
		0.27163150906562805,
		-0.2702382206916809,
		0.9999646544456482
	],
	"left_ear": [
		0.42793840169906616,
		0.2913680672645569,
		-0.011314757168293,
		0.9999667406082153
	],
	"right_ear": [
		0.42242544889450073,
		0.2975315749645233,
		-0.2656477093696594,
		0.9999753832817078
	]
}