{
	"left_hip": [
		0.4882507920265198,
		1.2151308059692383,
		0.09586669504642487,
		0.3626996874809265
	],
	"left_knee": [
		0.5298445820808411,
		1.7421162128448486,
		0.09135012328624725,
		0.0069513279013335705
	],
	"left_ankle": [
		0.5434365272521973,
		2.23297119140625,
		0.4172489047050476,
		0.00025231653125956655
	],
	"right_hip": [
		0.3458309471607208,
		1.2561851739883423,
		-0.09443317353725433,
		0.2782479226589203
	],
	"right_knee": [
		0.39113134145736694,
		1.7845335006713867,
		-0.12890514731407166,
		0.013940117321908474
	],
	"right_ankle": [
		0.3917766809463501,
		2.3103151321411133,
		0.03929802402853966,
		0.0015230353455990553
	],
	"left_shoulder": [
		0.48398342728614807,
		0.5336843132972717,
		0.11310674995183945,
		0.9999108910560608
	],
	"left_elbow": [
		0.654687762260437,
		0.6215665340423584,
		0.24638275802135468,
		0.9971413612365723
	],
	"left_wrist": [
		0.785344660282135,
		0.7208075523376465,
		0.08834565430879593,
		0.9980703592300415
	],
	"right_shoulder": [
		0.2806834876537323,
		0.5360478758811951,
		-0.4051893353462219,
		0.9997725486755371
	],
	"right_elbow": [
		0.10156196355819702,
		0.54063481092453,
		-0.8988563418388367,
		0.9941481351852417
	],
	"right_wrist": [
		0.2711947560310364,
		0.40022197365760803,
		-1.2974942922592163,
		0.9898344278335571
	],
	"nose": [
		0.4847472608089447,
		0.31328335404396057,
		-0.30275604128837585,
		0.99998539686203
	],
	"left_eye": [
		0.46797603368759155,
		0.26607564091682434,
		-0.2538696229457855,
		0.9999707937240601
	],
	"right_eye": [
		0.4603238105773926,
		0.26987606287002563,
		-0.32156243920326233,
		0.9999830722808838
	],
	"left_ear": [
		0.4303510785102844,
		0.29069605469703674,
		-0.024018272757530212,
		0.9999849200248718
	],
	"right_ear": [
		0.412922203540802,
		0.2988416850566864,
		-0.32863038778305054,
		0.9999870657920837
	]
}