{
	"left_hip": [
		0.4979080259799957,
		1.2151737213134766,
		0.09064783155918121,
		0.3508742153644562
	],
	"left_knee": [
		0.5198656320571899,
		1.7377452850341797,
		0.1578752100467682,
		0.00712973577901721
	],
	"left_ankle": [
		0.5287229418754578,
		2.206051826477051,
		0.5002301335334778,
		0.0003208221751265228
	],
	"right_hip": [
		0.3560146689414978,
		1.2527559995651245,
		-0.08934907615184784,
		0.2751617729663849
	],
	"right_knee": [
		0.390828937292099,
		1.7832310199737549,
		-0.038384150713682175,
		0.014805286191403866
	],
	"right_ankle": [
		0.3880452811717987,
		2.283919334411621,
		0.15159355103969574,
		0.001573107554577291
	],
	"left_shoulder": [
		0.4865748882293701,
		0.5409297943115234,
		0.1352444589138031,
		0.9999345541000366
	],
	"left_elbow": [
		0.6089180707931519,
		0.718646764755249,
		0.3781888782978058,
		0.996764063835144
	],
	"left_wrist": [
		0.7475603818893433,
		0.878424882888794,
		0.3785686194896698,
		0.9978282451629639
	],
	"right_shoulder": [
		0.28293606638908386,
		0.5368188619613647,
		-0.29917994141578674,
		0.9998342990875244
	],
	"right_elbow": [
		0.11701802909374237,
		0.5297002196311951,
		-0.6815710067749023,
		0.9958325028419495
	],
	"right_wrist": [
		0.28638866543769836,
		0.3916821777820587,
		-0.9621633291244507,
		0.9926724433898926
	],
	"nose": [
		0.48491182923316956,
		0.30955660343170166,
		-0.2850165069103241,
		0.9999883770942688
	],
	"left_eye": [
		0.4685588479042053,
		0.2633800506591797,
		-0.23936763405799866,
		0.9999759793281555
	],
	"right_eye": [
		0.45990046858787537,
		0.26750463247299194,
		-0.2947789132595062,
		0.9999858736991882
	],
	"left_ear": [
		0.43426623940467834,
		0.28850457072257996,
		-0.0103126410394907,
		0.9999876618385315
	],
	"right_ear": [
		0.41176408529281616,
		0.29867035150527954,
		-0.27115902304649353,
		0.9999891519546509
	]
}