{
	"left_hip": [
		0.4976297914981842,
		1.2151145935058594,
		0.08732271939516068,
		0.35614392161369324
	],
	"left_knee": [
		0.5194941163063049,
		1.7364884614944458,
		0.15734966099262238,
		0.007253522053360939
	],
	"left_ankle": [
		0.5284851789474487,
		2.204277753829956,
		0.498405784368515,
		0.0003511351242195815
	],
	"right_hip": [
		0.3566991984844208,
		1.2501280307769775,
		-0.08611918985843658,
		0.2841360569000244
	],
	"right_knee": [
		0.3902808725833893,
		1.7809398174285889,
		-0.051223479211330414,
		0.015309413895010948
	],
	"right_ankle": [
		0.38806259632110596,
		2.281649112701416,
		0.1308915764093399,
		0.0016490448033437133
	],
	"left_shoulder": [
		0.48464059829711914,
		0.5415032505989075,
		0.13807335495948792,
		0.9999371767044067
	],
	"left_elbow": [
		0.5941821336746216,
		0.744127094745636,
		0.3845908045768738,
		0.9960044026374817
	],
	"left_wrist": [
		0.7381430268287659,
		0.8976688385009766,
		0.41540199518203735,
		0.9969066977500916
	],
	"right_shoulder": [
		0.28453096747398376,
		0.5354759693145752,
		-0.29674744606018066,
		0.9998473525047302
	],
	"right_elbow": [
		0.12208624184131622,
		0.5274410247802734,
		-0.7087119221687317,
		0.9961641430854797
	],
	"right_wrist": [
		0.2881922721862793,
		0.3892131447792053,
		-1.0136395692825317,
		0.9932268857955933
	],
	"nose": [
		0.485043466091156,
		0.31045806407928467,
		-0.2849934697151184,
		0.9999890923500061
	],
	"left_eye": [
		0.4695660471916199,
		0.2644820809364319,
		-0.2393355667591095,
		0.9999773502349854
	],
	"right_eye": [
		0.4599071145057678,
		0.2682931125164032,
		-0.2947141230106354,
		0.9999866485595703
	],
	"left_ear": [
		0.4359232485294342,
		0.2887095510959625,
		-0.0102346520870924,
		0.9999882578849792
	],
	"right_ear": [
		0.41107088327407837,
		0.2990308105945587,
		-0.2658015489578247,
		0.9999897480010986
	]
}