{
	"left_hip": [
		0.5162877440452576,
		1.2269957065582275,
		0.06746439635753632,
		0.2932710647583008
	],
	"left_knee": [
		0.5414309501647949,
		1.7341911792755127,
		0.028528263792395592,
		0.009778033010661602
	],
	"left_ankle": [
		0.5600224137306213,
		2.2269797325134277,
		0.2582987844944,
		0.0007139201043173671
	],
	"right_hip": [
		0.3813362419605255,
		1.2581032514572144,
		-0.06620487570762634,
		0.30116334557533264
	],
	"right_knee": [
		0.41330045461654663,
		1.7875443696975708,
		-0.10613138973712921,
		0.020965639501810074
	],
	"right_ankle": [
		0.42604631185531616,
		2.2815065383911133,
		-0.0023714140988886356,
		0.0017750641563907266
	],
	"left_shoulder": [
		0.46749573945999146,
		0.5490281581878662,
		0.2109765261411667,
		0.9990360736846924
	],
	"left_elbow": [
		0.5079895257949829,
		0.7911369800567627,
		0.5173953771591187,
		0.8427520990371704
	],
	"left_wrist": [
		0.5190128087997437,
		0.7213033437728882,
		0.7653616070747375,
		0.6677452325820923
	],
	"right_shoulder": [
		0.3132312595844269,
		0.5357056856155396,
		-0.19560718536376953,
		0.9998564720153809
	],
	"right_elbow": [
		0.13842710852622986,
		0.504207193851471,
		-0.5789912939071655,
		0.9978650212287903
	],
	"right_wrist": [
		0.31512385606765747,
		0.3551340103149414,
		-0.6920837163925171,
		0.9906969666481018
	],
	"nose": [
		0.47823911905288696,
		0.3131742775440216,
		-0.21267136931419373,
		0.9999337196350098
	],
	"left_eye": [
		0.4703940451145172,
		0.2707272469997406,
		-0.1696900725364685,
		0.9998871088027954
	],
	"right_eye": [
		0.44610291719436646,
		0.2730078399181366,
		-0.21925389766693115,
		0.9999439716339111
	],
	"left_ear": [
		0.4474143385887146,
		0.2913416028022766,
		0.05785291641950607,
		0.9999324083328247
	],
	"right_ear": [
		0.39959317445755005,
		0.302034854888916,
		-0.16898837685585022,
		0.9999762773513794
	]
}