{
	"left_hip": [
		0.51082444190979,
		1.2242614030838013,
		0.06126471608877182,
		0.271405428647995
	],
	"left_knee": [
		0.5362335443496704,
		1.7251152992248535,
		0.008857970125973225,
		0.01549463253468275
	],
	"left_ankle": [
		0.5561023950576782,
		2.209463119506836,
		0.23153221607208252,
		0.0011448950972408056
	],
	"right_hip": [
		0.3801955580711365,
		1.258058786392212,
		-0.06010836362838745,
		0.2934103012084961
	],
	"right_knee": [
		0.4110252261161804,
		1.786422848701477,
		-0.09201271086931229,
		0.03422535955905914
	],
	"right_ankle": [
		0.4242405295372009,
		2.2719533443450928,
		-0.033440910279750824,
		0.0030262060463428497
	],
	"left_shoulder": [
		0.4664034843444824,
		0.5409786105155945,
		0.2136950045824051,
		0.9970325827598572
	],
	"left_elbow": [
		0.5059894323348999,
		0.7146154046058655,
		0.5161911249160767,
		0.7738432288169861
	],
	"left_wrist": [
		0.5086735486984253,
		0.6792815327644348,
		0.7672467231750488,
		0.5851897597312927
	],
	"right_shoulder": [
		0.3157278895378113,
		0.5366157293319702,
		-0.16270044445991516,
		0.9997250437736511
	],
	"right_elbow": [
		0.14714236557483673,
		0.49832916259765625,
		-0.46472662687301636,
		0.9981203079223633
	],
	"right_wrist": [
		0.32057416439056396,
		0.3541337847709656,
		-0.42719173431396484,
		0.9821816086769104
	],
	"nose": [
		0.4727449417114258,
		0.31710392236709595,
		-0.22077050805091858,
		0.9998970627784729
	],
	"left_eye": [
		0.4685214161872864,
		0.27463603019714355,
		-0.17610174417495728,
		0.9998157620429993
	],
	"right_eye": [
		0.44103488326072693,
		0.27577030658721924,
		-0.22210446000099182,
		0.9999160766601562
	],
	"left_ear": [
		0.4498869776725769,
		0.293280690908432,
		0.060844384133815765,
		0.9998918771743774
	],
	"right_ear": [
		0.3956291377544403,
		0.3028568625450134,
		-0.14950387179851532,
		0.9999708533287048
	]
}