{
	"left_hip": [
		0.5097430944442749,
		1.2232789993286133,
		0.1448899507522583,
		0.20729826390743256
	],
	"left_knee": [
		0.5383708477020264,
		1.7159185409545898,
		0.15557262301445007,
		0.016652408987283707
	],
	"left_ankle": [
		0.5552535057067871,
		2.186155319213867,
		0.37481677532196045,
		0.0012338435044512153
	],
	"right_hip": [
		0.4054843485355377,
		1.2433974742889404,
		-0.14316114783287048,
		0.24076354503631592
	],
	"right_knee": [
		0.43664631247520447,
		1.7587989568710327,
		-0.12395751476287842,
		0.036545660346746445
	],
	"right_ankle": [
		0.43954998254776,
		2.2455921173095703,
		0.008617384359240532,
		0.003057233989238739
	],
	"left_shoulder": [
		0.473889023065567,
		0.5706252455711365,
		0.24889585375785828,
		0.9967983365058899
	],
	"left_elbow": [
		0.5157008171081543,
		0.8956563472747803,
		0.2930344343185425,
		0.5824463367462158
	],
	"left_wrist": [
		0.5978707671165466,
		1.1008076667785645,
		0.11669641733169556,
		0.44609934091567993
	],
	"right_shoulder": [
		0.3788614273071289,
		0.5472140312194824,
		-0.3931058943271637,
		0.9996973872184753
	],
	"right_elbow": [
		0.4070160388946533,
		0.8939056396484375,
		-0.4636836647987366,
		0.9606236219406128
	],
	"right_wrist": [
		0.5264542102813721,
		1.1556830406188965,
		-0.4778664708137512,
		0.907579779624939
	],
	"nose": [
		0.5497308969497681,
		0.3325456976890564,
		-0.11835019290447235,
		0.9998676776885986
	],
	"left_eye": [
		0.5297827124595642,
		0.28718897700309753,
		-0.08928734064102173,
		0.9997817277908325
	],
	"right_eye": [
		0.5202351212501526,
		0.28830575942993164,
		-0.15999020636081696,
		0.999890148639679
	],
	"left_ear": [
		0.49024829268455505,
		0.3008468449115753,
		0.07107304781675339,
		0.9998465180397034
	],
	"right_ear": [
		0.4729556143283844,
		0.30573928356170654,
		-0.2560707926750183,
		0.9999491572380066
	]
}