{
	"left_hip": [
		0.5080996155738831,
		1.2279859781265259,
		0.15330223739147186,
		0.14569802582263947
	],
	"left_knee": [
		0.5410188436508179,
		1.6789793968200684,
		0.1393236219882965,
		0.012349903583526611
	],
	"left_ankle": [
		0.5631415843963623,
		2.1379806995391846,
		0.3659713566303253,
		0.0009788288734853268
	],
	"right_hip": [
		0.40967345237731934,
		1.2428163290023804,
		-0.15160620212554932,
		0.16570715606212616
	],
	"right_knee": [
		0.4387631416320801,
		1.7086161375045776,
		-0.1419384777545929,
		0.030701113864779472
	],
	"right_ankle": [
		0.4453938603401184,
		2.1872763633728027,
		-0.019915975630283356,
		0.0026859776116907597
	],
	"left_shoulder": [
		0.47917938232421875,
		0.580589234828949,
		0.273216187953949,
		0.9957075715065002
	],
	"left_elbow": [
		0.5137631893157959,
		0.8872959017753601,
		0.31299883127212524,
		0.4073377251625061
	],
	"left_wrist": [
		0.6035622358322144,
		1.087709665298462,
		0.13971556723117828,
		0.4014456570148468
	],
	"right_shoulder": [
		0.38272911310195923,
		0.5416656136512756,
		-0.39946287870407104,
		0.9995307326316833
	],
	"right_elbow": [
		0.4020673632621765,
		0.8612658977508545,
		-0.4900001585483551,
		0.9067062735557556
	],
	"right_wrist": [
		0.521304190158844,
		1.1376168727874756,
		-0.5079875588417053,
		0.8218737840652466
	],
	"nose": [
		0.5511810779571533,
		0.3409021198749542,
		-0.10807366669178009,
		0.999781608581543
	],
	"left_eye": [
		0.5362581014633179,
		0.2916741669178009,
		-0.07905936986207962,
		0.9996756911277771
	],
	"right_eye": [
		0.5250062942504883,
		0.2934310734272003,
		-0.15368273854255676,
		0.9997928142547607
	],
	"left_ear": [
		0.49769115447998047,
		0.30599865317344666,
		0.07231535017490387,
		0.9996804594993591
	],
	"right_ear": [
		0.4785929322242737,
		0.3089442849159241,
		-0.26024049520492554,
		0.9998621344566345
	]
}