{
	"left_hip": [
		0.5078787207603455,
		1.227924108505249,
		0.15502703189849854,
		0.13759861886501312
	],
	"left_knee": [
		0.5402221083641052,
		1.6826832294464111,
		0.14498135447502136,
		0.012267003767192364
	],
	"left_ankle": [
		0.5627967715263367,
		2.143825054168701,
		0.3588637709617615,
		0.0009840738493949175
	],
	"right_hip": [
		0.40912795066833496,
		1.2421597242355347,
		-0.1532408446073532,
		0.15555550158023834
	],
	"right_knee": [
		0.43859967589378357,
		1.7138186693191528,
		-0.13775065541267395,
		0.03158896416425705
	],
	"right_ankle": [
		0.4480675756931305,
		2.1929287910461426,
		-0.00842298660427332,
		0.002769266255199909
	],
	"left_shoulder": [
		0.48238405585289,
		0.5846986174583435,
		0.27047815918922424,
		0.9956507086753845
	],
	"left_elbow": [
		0.5183582901954651,
		0.8916862607002258,
		0.31075555086135864,
		0.38921430706977844
	],
	"left_wrist": [
		0.6080111861228943,
		1.0960700511932373,
		0.1369357407093048,
		0.4035257399082184
	],
	"right_shoulder": [
		0.38212859630584717,
		0.5416019558906555,
		-0.40151745080947876,
		0.999517023563385
	],
	"right_elbow": [
		0.40446820855140686,
		0.871823787689209,
		-0.4891737997531891,
		0.903328001499176
	],
	"right_wrist": [
		0.5172204375267029,
		1.1588740348815918,
		-0.5018610954284668,
		0.8148506283760071
	],
	"nose": [
		0.5520648956298828,
		0.34166085720062256,
		-0.11402367055416107,
		0.9997849464416504
	],
	"left_eye": [
		0.5370050668716431,
		0.2923058867454529,
		-0.08408962190151215,
		0.9996802806854248
	],
	"right_eye": [
		0.5260648727416992,
		0.2940156161785126,
		-0.15781448781490326,
		0.999793291091919
	],
	"left_ear": [
		0.498394638299942,
		0.3067687451839447,
		0.07074731588363647,
		0.9996792078018188
	],
	"right_ear": [
		0.47960132360458374,
		0.309581458568573,
		-0.2611231207847595,
		0.9998595714569092
	]
}