{
	"left_hip": [
		0.5135559439659119,
		1.234663486480713,
		0.15607477724552155,
		0.10610178858041763
	],
	"left_knee": [
		0.5407202839851379,
		1.6862417459487915,
		0.1636238396167755,
		0.010171305388212204
	],
	"left_ankle": [
		0.5640559196472168,
		2.1443862915039062,
		0.3998880386352539,
		0.0008811490843072534
	],
	"right_hip": [
		0.4109300971031189,
		1.2522478103637695,
		-0.15434415638446808,
		0.11695981025695801
	],
	"right_knee": [
		0.4409957826137543,
		1.7136409282684326,
		-0.12373538315296173,
		0.027481194585561752
	],
	"right_ankle": [
		0.4521309733390808,
		2.1940970420837402,
		0.03360005095601082,
		0.0025350586511194706
	],
	"left_shoulder": [
		0.48661431670188904,
		0.589566171169281,
		0.25444120168685913,
		0.9943394064903259
	],
	"left_elbow": [
		0.5303611755371094,
		0.8946902751922607,
		0.29035159945487976,
		0.2976166605949402
	],
	"left_wrist": [
		0.6098262071609497,
		1.1116819381713867,
		0.11872675269842148,
		0.3841574788093567
	],
	"right_shoulder": [
		0.3833978772163391,
		0.5423485636711121,
		-0.4330598711967468,
		0.9992620944976807
	],
	"right_elbow": [
		0.397981196641922,
		0.9319866895675659,
		-0.4916101396083832,
		0.8605072498321533
	],
	"right_wrist": [
		0.5012537240982056,
		1.166313648223877,
		-0.5056200623512268,
		0.7579001188278198
	],
	"nose": [
		0.5551505088806152,
		0.3417778015136719,
		-0.12384148687124252,
		0.9996920824050903
	],
	"left_eye": [
		0.5387228727340698,
		0.2925281822681427,
		-0.09565390646457672,
		0.999549925327301
	],
	"right_eye": [
		0.5292863845825195,
		0.29447880387306213,
		-0.17209148406982422,
		0.9996877908706665
	],
	"left_ear": [
		0.5003927946090698,
		0.30757278203964233,
		0.051945604383945465,
		0.9995021224021912
	],
	"right_ear": [
		0.4834353029727936,
		0.31027597188949585,
		-0.29598096013069153,
		0.9997658133506775
	]
}