{
	"left_hip": [
		0.503113865852356,
		1.2215468883514404,
		0.15575583279132843,
		0.0829087421298027
	],
	"left_knee": [
		0.5279212594032288,
		1.6550416946411133,
		0.16986183822155,
		0.008243372663855553
	],
	"left_ankle": [
		0.5548499822616577,
		2.0994346141815186,
		0.3786027431488037,
		0.0007620755350217223
	],
	"right_hip": [
		0.40877145528793335,
		1.238111972808838,
		-0.15392018854618073,
		0.08855528384447098
	],
	"right_knee": [
		0.43579745292663574,
		1.678417444229126,
		-0.117648646235466,
		0.023492662236094475
	],
	"right_ankle": [
		0.45087990164756775,
		2.1378490924835205,
		0.013927517458796501,
		0.002271751407533884
	],
	"left_shoulder": [
		0.4813562035560608,
		0.5864351987838745,
		0.25596824288368225,
		0.994561493396759
	],
	"left_elbow": [
		0.5240272283554077,
		0.888393759727478,
		0.2891113758087158,
		0.23473429679870605
	],
	"left_wrist": [
		0.6046358942985535,
		1.0969371795654297,
		0.11792822182178497,
		0.37334248423576355
	],
	"right_shoulder": [
		0.3831557631492615,
		0.5409824252128601,
		-0.4073048532009125,
		0.9992396831512451
	],
	"right_elbow": [
		0.4075641632080078,
		0.8970099687576294,
		-0.4816390872001648,
		0.8315622806549072
	],
	"right_wrist": [
		0.5086685419082642,
		1.1537402868270874,
		-0.49706166982650757,
		0.7212870717048645
	],
	"nose": [
		0.5537503957748413,
		0.3395228981971741,
		-0.1199108213186264,
		0.9997381567955017
	],
	"left_eye": [
		0.5373660326004028,
		0.2910688519477844,
		-0.09085516631603241,
		0.9996169805526733
	],
	"right_eye": [
		0.5278199911117554,
		0.2933611571788788,
		-0.16434870660305023,
		0.9997265934944153
	],
	"left_ear": [
		0.4976351857185364,
		0.3073541522026062,
		0.05671102926135063,
		0.9995688199996948
	],
	"right_ear": [
		0.4833952486515045,
		0.31005939841270447,
		-0.27377811074256897,
		0.9997906684875488
	]
}