{
	"left_hip": [
		0.49041080474853516,
		1.1545668840408325,
		0.14945167303085327,
		0.08290593326091766
	],
	"left_knee": [
		0.5224896669387817,
		1.510037899017334,
		0.09209344536066055,
		0.007563213352113962
	],
	"left_ankle": [
		0.5490880012512207,
		1.96085524559021,
		0.2445909082889557,
		0.0008321773493662477
	],
	"right_hip": [
		0.4042823910713196,
		1.1637346744537354,
		-0.14788857102394104,
		0.0836886316537857
	],
	"right_knee": [
		0.43191027641296387,
		1.5312870740890503,
		-0.15791678428649902,
		0.0292313564568758
	],
	"right_ankle": [
		0.44799837470054626,
		2.0066559314727783,
		-0.08855239301919937,
		0.0033313725143671036
	],
	"left_shoulder": [
		0.47200632095336914,
		0.5688709020614624,
		0.320056676864624,
		0.9936009049415588
	],
	"left_elbow": [
		0.5214737057685852,
		0.8417410850524902,
		0.3704513609409332,
		0.20279990136623383
	],
	"left_wrist": [
		0.6090593934059143,
		0.9870212078094482,
		0.16039864718914032,
		0.4081617593765259
	],
	"right_shoulder": [
		0.3736441731452942,
		0.5190116167068481,
		-0.33663076162338257,
		0.9990791082382202
	],
	"right_elbow": [
		0.4304148256778717,
		0.8371571898460388,
		-0.4217177927494049,
		0.8715417981147766
	],
	"right_wrist": [
		0.5741155743598938,
		1.0461652278900146,
		-0.4249918460845947,
		0.8039974570274353
	],
	"nose": [
		0.5328658223152161,
		0.3301689922809601,
		-0.031008820980787277,
		0.9994953274726868
	],
	"left_eye": [
		0.5189710855484009,
		0.2833960950374603,
		-0.0029591030906885862,
		0.9993003010749817
	],
	"right_eye": [
		0.5108072757720947,
		0.2860408425331116,
		-0.07630515843629837,
		0.9995083212852478
	],
	"left_ear": [
		0.4799416661262512,
		0.2987905442714691,
		0.13443326950073242,
		0.9991185665130615
	],
	"right_ear": [
		0.4638557434082031,
		0.30234697461128235,
		-0.19106590747833252,
		0.9995485544204712
	]
}