{
	"left_hip": [
		0.48565608263015747,
		1.1326045989990234,
		0.14965052902698517,
		0.08611859381198883
	],
	"left_knee": [
		0.5221639275550842,
		1.4846779108047485,
		0.07612564414739609,
		0.008564801886677742
	],
	"left_ankle": [
		0.5459668636322021,
		1.938800573348999,
		0.22048833966255188,
		0.0009432709775865078
	],
	"right_hip": [
		0.3992082178592682,
		1.136887788772583,
		-0.1480923593044281,
		0.0855947956442833
	],
	"right_knee": [
		0.42928189039230347,
		1.4979979991912842,
		-0.16313622891902924,
		0.032465290278196335
	],
	"right_ankle": [
		0.4431796669960022,
		1.9834656715393066,
		-0.10530414432287216,
		0.0036951517686247826
	],
	"left_shoulder": [
		0.47181302309036255,
		0.5640226602554321,
		0.34106379747390747,
		0.993801474571228
	],
	"left_elbow": [
		0.5216843485832214,
		0.8095864057540894,
		0.38953202962875366,
		0.20656068623065948
	],
	"left_wrist": [
		0.6062045097351074,
		0.9596739411354065,
		0.16653774678707123,
		0.4146631360054016
	],
	"right_shoulder": [
		0.37364667654037476,
		0.5118592381477356,
		-0.311994343996048,
		0.9990590214729309
	],
	"right_elbow": [
		0.4279046654701233,
		0.8101586103439331,
		-0.39878761768341064,
		0.8756136298179626
	],
	"right_wrist": [
		0.5711063146591187,
		1.00515878200531,
		-0.40314286947250366,
		0.8132610321044922
	],
	"nose": [
		0.5317522287368774,
		0.3306939899921417,
		-0.00907811988145113,
		0.9994902014732361
	],
	"left_eye": [
		0.5182784199714661,
		0.2839926481246948,
		0.019732646644115448,
		0.9992985129356384
	],
	"right_eye": [
		0.510185956954956,
		0.28635916113853455,
		-0.05366460606455803,
		0.9994974136352539
	],
	"left_ear": [
		0.47900766134262085,
		0.2987770438194275,
		0.15947505831718445,
		0.9991058707237244
	],
	"right_ear": [
		0.46350622177124023,
		0.302190363407135,
		-0.16664409637451172,
		0.9995205998420715
	]
}