{
	"left_hip": [
		0.4541657567024231,
		1.0308653116226196,
		0.17961068451404572,
		0.4430917799472809
	],
	"left_knee": [
		0.567121684551239,
		0.6776589155197144,
		0.16147543489933014,
		0.10504546016454697
	],
	"left_ankle": [
		0.7566693425178528,
		0.8491147756576538,
		0.23105990886688232,
		0.040138985961675644
	],
	"right_hip": [
		0.3799874484539032,
		1.0653364658355713,
		-0.17903922498226166,
		0.41570934653282166
	],
	"right_knee": [
		0.4665103554725647,
		0.8241076469421387,
		-0.29024478793144226,
		0.5199906229972839
	],
	"right_ankle": [
		0.6696499586105347,
		0.9192043542861938,
		-0.1479528695344925,
		0.11721453070640564
	],
	"left_shoulder": [
		0.4528406262397766,
		0.536647379398346,
		0.30950769782066345,
		0.9968951344490051
	],
	"left_elbow": [
		0.6082872152328491,
		0.668615460395813,
		0.2771731913089752,
		0.2654251158237457
	],
	"left_wrist": [
		0.7178491950035095,
		0.7581713199615479,
		-0.014718770980834961,
		0.29723605513572693
	],
	"right_shoulder": [
		0.3701458275318146,
		0.46712562441825867,
		-0.29641085863113403,
		0.999229907989502
	],
	"right_elbow": [
		0.45582613348960876,
		0.5501416325569153,
		-0.6075040102005005,
		0.9683132767677307
	],
	"right_wrist": [
		0.5987650752067566,
		0.61253821849823,
		-0.6457449793815613,
		0.8941277861595154
	],
	"nose": [
		0.5107253789901733,
		0.33819064497947693,
		-0.0831708163022995,
		0.9994465112686157
	],
	"left_eye": [
		0.49847450852394104,
		0.2905377447605133,
		-0.044744573533535004,
		0.9993544220924377
	],
	"right_eye": [
		0.49025601148605347,
		0.29170989990234375,
		-0.1016615778207779,
		0.9993485808372498
	],
	"left_ear": [
		0.4600173532962799,
		0.30301225185394287,
		0.15194466710090637,
		0.9994310140609741
	],
	"right_ear": [
		0.44575220346450806,
		0.30483755469322205,
		-0.10990667343139648,
		0.9995558261871338
	]
}