{
	"left_hip": [
		0.45769715309143066,
		1.0555596351623535,
		0.1079067587852478,
		0.5336225032806396
	],
	"left_knee": [
		0.46170860528945923,
		1.4674968719482422,
		0.13501615822315216,
		0.10518375784158707
	],
	"left_ankle": [
		0.4663082957267761,
		1.8393409252166748,
		0.34430140256881714,
		0.0463981106877327
	],
	"right_hip": [
		0.3728702664375305,
		1.0775336027145386,
		-0.1069466844201088,
		0.480758935213089
	],
	"right_knee": [
		0.3688756823539734,
		1.4901776313781738,
		-0.07826699316501617,
		0.45358070731163025
	],
	"right_ankle": [
		0.3644380569458008,
		1.882074236869812,
		0.02780626341700554,
		0.12629877030849457
	],
	"left_shoulder": [
		0.4476901888847351,
		0.4960518777370453,
		0.0725836530327797,
		0.9985796213150024
	],
	"left_elbow": [
		0.6203809976577759,
		0.4085058569908142,
		0.038797177374362946,
		0.7634177803993225
	],
	"left_wrist": [
		0.7968953847885132,
		0.3387194275856018,
		-0.1454310268163681,
		0.784193754196167
	],
	"right_shoulder": [
		0.34313756227493286,
		0.48703670501708984,
		-0.37053602933883667,
		0.9954599142074585
	],
	"right_elbow": [
		0.4111076295375824,
		0.4043424427509308,
		-0.6529081463813782,
		0.9764804840087891
	],
	"right_wrist": [
		0.5496808290481567,
		0.2725217938423157,
		-0.6955081224441528,
		0.9166076183319092
	],
	"nose": [
		0.48193374276161194,
		0.32033658027648926,
		-0.2566602826118469,
		0.9997451305389404
	],
	"left_eye": [
		0.4754737913608551,
		0.2772328555583954,
		-0.21543645858764648,
		0.9996849298477173
	],
	"right_eye": [
		0.4674542546272278,
		0.28346458077430725,
		-0.2663559019565582,
		0.9996585249900818
	],
	"left_ear": [
		0.4446891248226166,
		0.28772762417793274,
		-0.026888176798820496,
		0.9997693300247192
	],
	"right_ear": [
		0.4319564402103424,
		0.30057239532470703,
		-0.2675531804561615,
		0.9997681975364685
	]
}