{
	"left_hip": [
		0.46186208724975586,
		1.0648151636123657,
		0.10745251178741455,
		0.5624052286148071
	],
	"left_knee": [
		0.47303906083106995,
		1.4790736436843872,
		0.13433773815631866,
		0.09627344459295273
	],
	"left_ankle": [
		0.482313334941864,
		1.8505396842956543,
		0.33607715368270874,
		0.03596195578575134
	],
	"right_hip": [
		0.3680844306945801,
		1.0871970653533936,
		-0.10649309307336807,
		0.48082423210144043
	],
	"right_knee": [
		0.36426660418510437,
		1.4963984489440918,
		-0.09753506630659103,
		0.3869304358959198
	],
	"right_ankle": [
		0.36766359210014343,
		1.8872987031936646,
		0.011753013357520103,
		0.10037900507450104
	],
	"left_shoulder": [
		0.46434730291366577,
		0.4996679425239563,
		0.10437780618667603,
		0.9988278150558472
	],
	"left_elbow": [
		0.6310824751853943,
		0.4205467104911804,
		0.05268499255180359,
		0.8241852521896362
	],
	"left_wrist": [
		0.7999466061592102,
		0.3338432312011719,
		-0.11507795006036758,
		0.8422180414199829
	],
	"right_shoulder": [
		0.33356016874313354,
		0.48630720376968384,
		-0.3470592498779297,
		0.9955495595932007
	],
	"right_elbow": [
		0.3997829556465149,
		0.33069226145744324,
		-0.7031735181808472,
		0.9807136654853821
	],
	"right_wrist": [
		0.5444494485855103,
		0.24565555155277252,
		-0.7853409647941589,
		0.9346945285797119
	],
	"nose": [
		0.46885377168655396,
		0.3303130567073822,
		-0.2418302297592163,
		0.9997878670692444
	],
	"left_eye": [
		0.4645964503288269,
		0.2869208753108978,
		-0.20316366851329803,
		0.9997422695159912
	],
	"right_eye": [
		0.4545329511165619,
		0.28936922550201416,
		-0.254519522190094,
		0.9997248649597168
	],
	"left_ear": [
		0.4388166069984436,
		0.2942807078361511,
		-0.007516277488321066,
		0.9998177886009216
	],
	"right_ear": [
		0.4190654754638672,
		0.30383890867233276,
		-0.21032147109508514,
		0.9998103380203247
	]
}