{
	"left_hip": [
		0.47295594215393066,
		1.0875799655914307,
		0.0992603749036789,
		0.6414597034454346
	],
	"left_knee": [
		0.4772469997406006,
		1.5057220458984375,
		0.14933393895626068,
		0.07737231254577637
	],
	"left_ankle": [
		0.4875163435935974,
		1.8877180814743042,
		0.4230875074863434,
		0.026748768985271454
	],
	"right_hip": [
		0.3608607053756714,
		1.1125279664993286,
		-0.09807370603084564,
		0.5604426860809326
	],
	"right_knee": [
		0.3619878888130188,
		1.531421422958374,
		-0.06636112183332443,
		0.3130742907524109
	],
	"right_ankle": [
		0.3677370846271515,
		1.9222877025604248,
		0.09522633999586105,
		0.07552476227283478
	],
	"left_shoulder": [
		0.47842901945114136,
		0.5087166428565979,
		0.09991990774869919,
		0.9990752935409546
	],
	"left_elbow": [
		0.6478326916694641,
		0.4257424473762512,
		0.06838573515415192,
		0.8701688051223755
	],
	"left_wrist": [
		0.8000094294548035,
		0.3378424048423767,
		-0.09388642013072968,
		0.884759783744812
	],
	"right_shoulder": [
		0.32385221123695374,
		0.48939061164855957,
		-0.3549690842628479,
		0.9964227080345154
	],
	"right_elbow": [
		0.40263038873672485,
		0.3018687963485718,
		-0.7780360579490662,
		0.9854512810707092
	],
	"right_wrist": [
		0.5466752648353577,
		0.24820445477962494,
		-0.8918290138244629,
		0.9509715437889099
	],
	"nose": [
		0.47024670243263245,
		0.3391868770122528,
		-0.26653772592544556,
		0.9998341202735901
	],
	"left_eye": [
		0.4659055173397064,
		0.2946799695491791,
		-0.2208595722913742,
		0.9997997283935547
	],
	"right_eye": [
		0.4546951651573181,
		0.29651862382888794,
		-0.26467567682266235,
		0.9997882843017578
	],
	"left_ear": [
		0.4378947615623474,
		0.3064253032207489,
		-0.0063376659527421,
		0.9998615980148315
	],
	"right_ear": [
		0.41442376375198364,
		0.3128509223461151,
		-0.2006378471851349,
		0.9998548626899719
	]
}