{
	"left_hip": [
		0.4721844792366028,
		1.0941898822784424,
		0.0947008803486824,
		0.6756263971328735
	],
	"left_knee": [
		0.47874578833580017,
		1.515190839767456,
		0.1251513808965683,
		0.06920463591814041
	],
	"left_ankle": [
		0.4855852723121643,
		1.8954225778579712,
		0.3827582001686096,
		0.0221750196069479
	],
	"right_hip": [
		0.3552349805831909,
		1.115132212638855,
		-0.09362803399562836,
		0.5952842831611633
	],
	"right_knee": [
		0.35767605900764465,
		1.5319589376449585,
		-0.07940156757831573,
		0.2754632234573364
	],
	"right_ankle": [
		0.3635859787464142,
		1.9264777898788452,
		0.06630205363035202,
		0.06341013312339783
	],
	"left_shoulder": [
		0.47700682282447815,
		0.5130533576011658,
		0.12528277933597565,
		0.999148964881897
	],
	"left_elbow": [
		0.6469264030456543,
		0.43080660700798035,
		0.05327839404344559,
		0.8930837512016296
	],
	"left_wrist": [
		0.7979493141174316,
		0.3407333791255951,
		-0.13221271336078644,
		0.9063608050346375
	],
	"right_shoulder": [
		0.3194049000740051,
		0.4902971386909485,
		-0.3316025137901306,
		0.9967316389083862
	],
	"right_elbow": [
		0.39365312457084656,
		0.2787446081638336,
		-0.7585641145706177,
		0.9877853989601135
	],
	"right_wrist": [
		0.5342777371406555,
		0.2510574758052826,
		-0.8774086236953735,
		0.9588921070098877
	],
	"nose": [
		0.4711524546146393,
		0.3406306803226471,
		-0.2593981921672821,
		0.999846875667572
	],
	"left_eye": [
		0.46640926599502563,
		0.296441912651062,
		-0.21457740664482117,
		0.9998168349266052
	],
	"right_eye": [
		0.45536017417907715,
		0.2989085614681244,
		-0.2599804699420929,
		0.9998096823692322
	],
	"left_ear": [
		0.4370199143886566,
		0.3091026544570923,
		0.0017149712657555938,
		0.9998775124549866
	],
	"right_ear": [
		0.4144779145717621,
		0.31625857949256897,
		-0.17286646366119385,
		0.9998713135719299
	]
}