{
	"left_hip": [
		0.4674758017063141,
		1.0802717208862305,
		0.09983489662408829,
		0.7393605709075928
	],
	"left_knee": [
		0.48075437545776367,
		1.5294321775436401,
		0.09171822667121887,
		0.04611940309405327
	],
	"left_ankle": [
		0.48696255683898926,
		1.9344160556793213,
		0.314483642578125,
		0.008220463059842587
	],
	"right_hip": [
		0.34529197216033936,
		1.0951939821243286,
		-0.09886474907398224,
		0.6634634733200073
	],
	"right_knee": [
		0.34834104776382446,
		1.5356379747390747,
		-0.11860477924346924,
		0.1575607806444168
	],
	"right_ankle": [
		0.3562578856945038,
		1.9746184349060059,
		-0.0008569482015445828,
		0.027562301605939865
	],
	"left_shoulder": [
		0.4744300842285156,
		0.5119372606277466,
		0.17569486796855927,
		0.9995032548904419
	],
	"left_elbow": [
		0.6358162760734558,
		0.4743768572807312,
		0.0939713791012764,
		0.9659547805786133
	],
	"left_wrist": [
		0.8019518852233887,
		0.42924705147743225,
		-0.12310729920864105,
		0.9727614521980286
	],
	"right_shoulder": [
		0.30408936738967896,
		0.4784548580646515,
		-0.2831858694553375,
		0.9981195330619812
	],
	"right_elbow": [
		0.3417024612426758,
		0.32812708616256714,
		-0.7415328621864319,
		0.9937790036201477
	],
	"right_wrist": [
		0.4838627874851227,
		0.35622385144233704,
		-0.9650047421455383,
		0.9835821390151978
	],
	"nose": [
		0.44343429803848267,
		0.26731055974960327,
		-0.2231486737728119,
		0.9999181032180786
	],
	"left_eye": [
		0.43852943181991577,
		0.2321254462003708,
		-0.17075353860855103,
		0.9999008178710938
	],
	"right_eye": [
		0.4187501072883606,
		0.2329781949520111,
		-0.21220867335796356,
		0.9999036192893982
	],
	"left_ear": [
		0.4200427532196045,
		0.2607732117176056,
		0.06147121638059616,
		0.9999407529830933
	],
	"right_ear": [
		0.381102055311203,
		0.2596530318260193,
		-0.12140168249607086,
		0.9999350309371948
	]
}