{
	"left_hip": [
		0.4569684565067291,
		1.0489921569824219,
		0.1500154286623001,
		0.719955325126648
	],
	"left_knee": [
		0.4763595461845398,
		1.3864740133285522,
		0.14316768944263458,
		0.045234788209199905
	],
	"left_ankle": [
		0.5515810251235962,
		1.6928364038467407,
		0.3226563036441803,
		0.007295378018170595
	],
	"right_hip": [
		0.3562319874763489,
		1.0714397430419922,
		-0.14894460141658783,
		0.6643450856208801
	],
	"right_knee": [
		0.3582434058189392,
		1.378383994102478,
		-0.18868020176887512,
		0.16795231401920319
	],
	"right_ankle": [
		0.3735494017601013,
		1.8441526889801025,
		-0.07468460500240326,
		0.029371315613389015
	],
	"left_shoulder": [
		0.46183863282203674,
		0.5109636187553406,
		0.23139889538288116,
		0.9995009303092957
	],
	"left_elbow": [
		0.6118373870849609,
		0.490787148475647,
		0.1634029597043991,
		0.9693139791488647
	],
	"left_wrist": [
		0.7890521287918091,
		0.45074671506881714,
		-0.08795609325170517,
		0.9780605435371399
	],
	"right_shoulder": [
		0.3128206133842468,
		0.4601629376411438,
		-0.3316691517829895,
		0.9983718395233154
	],
	"right_elbow": [
		0.34594273567199707,
		0.3565294146537781,
		-0.8025751113891602,
		0.9925147294998169
	],
	"right_wrist": [
		0.4848248362541199,
		0.399783730506897,
		-1.026125192642212,
		0.9844167828559875
	],
	"nose": [
		0.4483877718448639,
		0.2765290439128876,
		-0.2078341692686081,
		0.9999332427978516
	],
	"left_eye": [
		0.43981918692588806,
		0.23822152614593506,
		-0.1565525233745575,
		0.9999204277992249
	],
	"right_eye": [
		0.422684907913208,
		0.23696018755435944,
		-0.20830707252025604,
		0.9999244809150696
	],
	"left_ear": [
		0.4180935323238373,
		0.2629200518131256,
		0.07661054283380508,
		0.9999523162841797
	],
	"right_ear": [
		0.389717698097229,
		0.26204973459243774,
		-0.1549926996231079,
		0.9999489784240723
	]
}