{
	"left_hip": [
		0.4668094515800476,
		1.0810761451721191,
		0.11892391741275787,
		0.7011958360671997
	],
	"left_knee": [
		0.4937247633934021,
		1.5276305675506592,
		0.09022261947393417,
		0.04386841133236885
	],
	"left_ankle": [
		0.4929763674736023,
		1.9511741399765015,
		0.3206143081188202,
		0.015838896855711937
	],
	"right_hip": [
		0.36554569005966187,
		1.0807359218597412,
		-0.11781926453113556,
		0.6924827694892883
	],
	"right_knee": [
		0.3676324188709259,
		1.5422781705856323,
		-0.12747351825237274,
		0.19402675330638885
	],
	"right_ankle": [
		0.37249428033828735,
		1.9846385717391968,
		-0.00906740315258503,
		0.03197129815816879
	],
	"left_shoulder": [
		0.45839887857437134,
		0.5264943838119507,
		0.24704015254974365,
		0.9996127486228943
	],
	"left_elbow": [
		0.6291288137435913,
		0.5327613353729248,
		0.23308420181274414,
		0.9294851422309875
	],
	"left_wrist": [
		0.7942761182785034,
		0.4950700104236603,
		0.05638187378644943,
		0.9468523263931274
	],
	"right_shoulder": [
		0.3143424391746521,
		0.4440227746963501,
		-0.2819511592388153,
		0.9990757703781128
	],
	"right_elbow": [
		0.30345794558525085,
		0.4364944100379944,
		-0.7132245302200317,
		0.988878607749939
	],
	"right_wrist": [
		0.4597010612487793,
		0.461798757314682,
		-0.9514681100845337,
		0.9814870953559875
	],
	"nose": [
		0.4600599706172943,
		0.29102665185928345,
		-0.15445300936698914,
		0.999963104724884
	],
	"left_eye": [
		0.44468626379966736,
		0.25311774015426636,
		-0.10591135919094086,
		0.9999566078186035
	],
	"right_eye": [
		0.43497902154922485,
		0.25726932287216187,
		-0.1581321805715561,
		0.9999593496322632
	],
	"left_ear": [
		0.4150068759918213,
		0.2662959694862366,
		0.11293691396713257,
		0.9999739527702332
	],
	"right_ear": [
		0.3988194167613983,
		0.27580025792121887,
		-0.12256152927875519,
		0.9999729990959167
	]
}