{
	"left_hip": [
		0.4691828191280365,
		1.0837697982788086,
		0.11096042394638062,
		0.7180182337760925
	],
	"left_knee": [
		0.49326714873313904,
		1.5258296728134155,
		0.09468300640583038,
		0.04119498282670975
	],
	"left_ankle": [
		0.49150529503822327,
		1.946617603302002,
		0.3345542550086975,
		0.014310354366898537
	],
	"right_hip": [
		0.36104926466941833,
		1.087462306022644,
		-0.10982922464609146,
		0.7045202851295471
	],
	"right_knee": [
		0.36219578981399536,
		1.5461413860321045,
		-0.11237752437591553,
		0.1801144778728485
	],
	"right_ankle": [
		0.36811360716819763,
		1.9802448749542236,
		0.022481363266706467,
		0.02909139357507229
	],
	"left_shoulder": [
		0.4599662721157074,
		0.5241345763206482,
		0.22797226905822754,
		0.9996451735496521
	],
	"left_elbow": [
		0.6343694925308228,
		0.5302680134773254,
		0.23788407444953918,
		0.9361624717712402
	],
	"left_wrist": [
		0.7970676422119141,
		0.48793870210647583,
		0.09904681146144867,
		0.9520873427391052
	],
	"right_shoulder": [
		0.31310024857521057,
		0.4450646638870239,
		-0.28468847274780273,
		0.9991500377655029
	],
	"right_elbow": [
		0.29418328404426575,
		0.4448263645172119,
		-0.6931919455528259,
		0.9896056056022644
	],
	"right_wrist": [
		0.45726895332336426,
		0.46313613653182983,
		-0.866519570350647,
		0.9826479554176331
	],
	"nose": [
		0.46094512939453125,
		0.29117485880851746,
		-0.1672484278678894,
		0.9999663233757019
	],
	"left_eye": [
		0.4453597962856293,
		0.2532133162021637,
		-0.11839140951633453,
		0.9999604821205139
	],
	"right_eye": [
		0.4351740777492523,
		0.25752484798431396,
		-0.17099370062351227,
		0.9999630451202393
	],
	"left_ear": [
		0.41549038887023926,
		0.2668983042240143,
		0.10211815685033798,
		0.9999763369560242
	],
	"right_ear": [
		0.3987601399421692,
		0.27855709195137024,
		-0.1339561939239502,
		0.9999755024909973
	]
}