{
	"left_hip": [
		0.47512349486351013,
		1.1124615669250488,
		0.11028262227773666,
		0.805875301361084
	],
	"left_knee": [
		0.4920150339603424,
		1.5560475587844849,
		0.1553359180688858,
		0.031657036393880844
	],
	"left_ankle": [
		0.4916502833366394,
		1.977449893951416,
		0.43135175108909607,
		0.008755827322602272
	],
	"right_hip": [
		0.3562987744808197,
		1.1267023086547852,
		-0.10905835777521133,
		0.7872012853622437
	],
	"right_knee": [
		0.35383182764053345,
		1.580115795135498,
		-0.09196420758962631,
		0.13698160648345947
	],
	"right_ankle": [
		0.3640441298484802,
		2.0208194255828857,
		0.07717001438140869,
		0.019616935402154922
	],
	"left_shoulder": [
		0.4751731753349304,
		0.5222644805908203,
		0.1895289421081543,
		0.9997764825820923
	],
	"left_elbow": [
		0.6428208947181702,
		0.5216265320777893,
		0.2513091564178467,
		0.9616648554801941
	],
	"left_wrist": [
		0.8012022972106934,
		0.4533415734767914,
		0.13227903842926025,
		0.9715348482131958
	],
	"right_shoulder": [
		0.3191997706890106,
		0.47940585017204285,
		-0.3618299663066864,
		0.9994730353355408
	],
	"right_elbow": [
		0.24901287257671356,
		0.44141387939453125,
		-0.7972486615180969,
		0.9931379556655884
	],
	"right_wrist": [
		0.4189630150794983,
		0.46027547121047974,
		-1.0206291675567627,
		0.9879971146583557
	],
	"nose": [
		0.4639350473880768,
		0.29312747716903687,
		-0.22282123565673828,
		0.9999793767929077
	],
	"left_eye": [
		0.4469498097896576,
		0.2546652555465698,
		-0.17329557240009308,
		0.9999758005142212
	],
	"right_eye": [
		0.4360331594944,
		0.2603442668914795,
		-0.22365541756153107,
		0.999977707862854
	],
	"left_ear": [
		0.41738906502723694,
		0.27735012769699097,
		0.049998946487903595,
		0.9999856948852539
	],
	"right_ear": [
		0.3987836539745331,
		0.29424312710762024,
		-0.20061545073986053,
		0.9999853372573853
	]
}