{
	"left_hip": [
		0.4778786599636078,
		1.1279661655426025,
		0.11084643751382828,
		0.8329414129257202
	],
	"left_knee": [
		0.49249163269996643,
		1.580329179763794,
		0.13035692274570465,
		0.027232052758336067
	],
	"left_ankle": [
		0.4918266236782074,
		2.0037484169006348,
		0.3865325152873993,
		0.006579555105417967
	],
	"right_hip": [
		0.3596249222755432,
		1.1485728025436401,
		-0.10967351496219635,
		0.8085271120071411
	],
	"right_knee": [
		0.35543733835220337,
		1.6018611192703247,
		-0.10258018970489502,
		0.12317637354135513
	],
	"right_ankle": [
		0.36517325043678284,
		2.042712450027466,
		0.034074027091264725,
		0.016266804188489914
	],
	"left_shoulder": [
		0.4747123122215271,
		0.5224606394767761,
		0.19310644268989563,
		0.9998248815536499
	],
	"left_elbow": [
		0.64320307970047,
		0.514667272567749,
		0.23812484741210938,
		0.9716090559959412
	],
	"left_wrist": [
		0.7986891269683838,
		0.45302915573120117,
		0.10045687109231949,
		0.9791525602340698
	],
	"right_shoulder": [
		0.3196088969707489,
		0.4883521497249603,
		-0.34914666414260864,
		0.9995877146720886
	],
	"right_elbow": [
		0.2492855042219162,
		0.42868560552597046,
		-0.7786074876785278,
		0.9945199489593506
	],
	"right_wrist": [
		0.41577139496803284,
		0.45566698908805847,
		-0.979169487953186,
		0.9903550148010254
	],
	"nose": [
		0.4644708037376404,
		0.2982769310474396,
		-0.20656386017799377,
		0.9999843835830688
	],
	"left_eye": [
		0.4471209645271301,
		0.256984144449234,
		-0.1573552042245865,
		0.999981701374054
	],
	"right_eye": [
		0.43586260080337524,
		0.26345691084861755,
		-0.2108282744884491,
		0.9999833106994629
	],
	"left_ear": [
		0.41694873571395874,
		0.28142666816711426,
		0.059656329452991486,
		0.9999893307685852
	],
	"right_ear": [
		0.39827531576156616,
		0.2968124449253082,
		-0.18684320151805878,
		0.9999891519546509
	]
}