{
	"left_hip": [
		0.48786410689353943,
		1.1546703577041626,
		0.10944906622171402,
		0.8642264008522034
	],
	"left_knee": [
		0.4975486695766449,
		1.6137582063674927,
		0.12765046954154968,
		0.029792627319693565
	],
	"left_ankle": [
		0.496793657541275,
		2.0433802604675293,
		0.38407033681869507,
		0.0036555235274136066
	],
	"right_hip": [
		0.36817651987075806,
		1.172625184059143,
		-0.10851921886205673,
		0.8415512442588806
	],
	"right_knee": [
		0.3621894121170044,
		1.633043646812439,
		-0.09521301835775375,
		0.13241571187973022
	],
	"right_ankle": [
		0.37121790647506714,
		2.080291509628296,
		0.04926583915948868,
		0.015906088054180145
	],
	"left_shoulder": [
		0.48086461424827576,
		0.5330925583839417,
		0.21504268050193787,
		0.9998799562454224
	],
	"left_elbow": [
		0.6497212648391724,
		0.5120735168457031,
		0.27395370602607727,
		0.9875363111495972
	],
	"left_wrist": [
		0.7914006114006042,
		0.4537934362888336,
		0.17127616703510284,
		0.991348147392273
	],
	"right_shoulder": [
		0.3243977129459381,
		0.5012844204902649,
		-0.310337632894516,
		0.9997873306274414
	],
	"right_elbow": [
		0.23099911212921143,
		0.38957780599594116,
		-0.7532852292060852,
		0.9972175359725952
	],
	"right_wrist": [
		0.40529531240463257,
		0.41844117641448975,
		-0.9319792985916138,
		0.9935126900672913
	],
	"nose": [
		0.46543222665786743,
		0.3052474558353424,
		-0.21532540023326874,
		0.9999924898147583
	],
	"left_eye": [
		0.4500039517879486,
		0.2599683701992035,
		-0.16536441445350647,
		0.9999907612800598
	],
	"right_eye": [
		0.43725723028182983,
		0.26628002524375916,
		-0.21563705801963806,
		0.9999924898147583
	],
	"left_ear": [
		0.4186277389526367,
		0.2852476239204407,
		0.061483025550842285,
		0.9999949336051941
	],
	"right_ear": [
		0.3984249234199524,
		0.2982039749622345,
		-0.16218301653862,
		0.9999954104423523
	]
}