{
	"left_hip": [
		0.48482340574264526,
		1.1663669347763062,
		0.11384054273366928,
		0.7577420473098755
	],
	"left_knee": [
		0.4963124394416809,
		1.6343435049057007,
		0.12034539133310318,
		0.023563925176858902
	],
	"left_ankle": [
		0.49925437569618225,
		2.070786237716675,
		0.3887801766395569,
		0.001945649040862918
	],
	"right_hip": [
		0.36299172043800354,
		1.1893904209136963,
		-0.1129954606294632,
		0.7515898942947388
	],
	"right_knee": [
		0.36226749420166016,
		1.6551189422607422,
		-0.09832396358251572,
		0.1145763173699379
	],
	"right_ankle": [
		0.3633512258529663,
		2.1289987564086914,
		0.05503173545002937,
		0.018337972462177277
	],
	"left_shoulder": [
		0.4897747039794922,
		0.5274294018745422,
		0.23572058975696564,
		0.9998303055763245
	],
	"left_elbow": [
		0.6554585695266724,
		0.5157959461212158,
		0.24273483455181122,
		0.9954357743263245
	],
	"left_wrist": [
		0.8005264401435852,
		0.4816080629825592,
		0.09386032074689865,
		0.9979963898658752
	],
	"right_shoulder": [
		0.3223249316215515,
		0.5028563737869263,
		-0.2781100869178772,
		0.9998899698257446
	],
	"right_elbow": [
		0.2224804162979126,
		0.37773334980010986,
		-0.7454776763916016,
		0.99885094165802
	],
	"right_wrist": [
		0.41212671995162964,
		0.4090351164340973,
		-0.9656855463981628,
		0.9960528612136841
	],
	"nose": [
		0.47237691283226013,
		0.3153038024902344,
		-0.21848063170909882,
		0.9999952912330627
	],
	"left_eye": [
		0.4578096866607666,
		0.266933411359787,
		-0.16950684785842896,
		0.9999925494194031
	],
	"right_eye": [
		0.4440954327583313,
		0.27425727248191833,
		-0.21547996997833252,
		0.9999963045120239
	],
	"left_ear": [
		0.4230477213859558,
		0.2861049473285675,
		0.06631116569042206,
		0.9999964237213135
	],
	"right_ear": [
		0.40156856179237366,
		0.2982025146484375,
		-0.1365133821964264,
		0.9999984502792358
	]
}