{
	"left_hip": [
		0.4846705496311188,
		1.166422724723816,
		0.11312711238861084,
		0.7594712376594543
	],
	"left_knee": [
		0.49654704332351685,
		1.6352448463439941,
		0.11988194286823273,
		0.02272987924516201
	],
	"left_ankle": [
		0.49934735894203186,
		2.0712859630584717,
		0.38932764530181885,
		0.001863346085883677
	],
	"right_hip": [
		0.36241111159324646,
		1.1894418001174927,
		-0.11228936910629272,
		0.7532225847244263
	],
	"right_knee": [
		0.36241915822029114,
		1.6556715965270996,
		-0.09705618023872375,
		0.11070502549409866
	],
	"right_ankle": [
		0.3636740744113922,
		2.128925323486328,
		0.05984219163656235,
		0.01771186850965023
	],
	"left_shoulder": [
		0.4897588789463043,
		0.5274133682250977,
		0.23373329639434814,
		0.9998309016227722
	],
	"left_elbow": [
		0.6561053991317749,
		0.5152579545974731,
		0.23960018157958984,
		0.9955575466156006
	],
	"left_wrist": [
		0.8008400201797485,
		0.4815962314605713,
		0.09350337088108063,
		0.9980785250663757
	],
	"right_shoulder": [
		0.32158491015434265,
		0.5028695464134216,
		-0.27945658564567566,
		0.9998899102210999
	],
	"right_elbow": [
		0.22215643525123596,
		0.3779292702674866,
		-0.7497446537017822,
		0.9988653063774109
	],
	"right_wrist": [
		0.41143137216567993,
		0.4097684919834137,
		-0.9740191698074341,
		0.9961398839950562
	],
	"nose": [
		0.4724947512149811,
		0.3161943852901459,
		-0.2190573662519455,
		0.9999951124191284
	],
	"left_eye": [
		0.45789647102355957,
		0.26778408885002136,
		-0.1700834035873413,
		0.9999922513961792
	],
	"right_eye": [
		0.4442180097103119,
		0.2751171290874481,
		-0.2163349688053131,
		0.9999961853027344
	],
	"left_ear": [
		0.42305612564086914,
		0.2867666184902191,
		0.06549893319606781,
		0.9999963045120239
	],
	"right_ear": [
		0.4015940725803375,
		0.2988210618495941,
		-0.1380685418844223,
		0.9999983906745911
	]
}