{
	"left_hip": [
		0.48387640714645386,
		1.1676092147827148,
		0.11205551773309708,
		0.7734475135803223
	],
	"left_knee": [
		0.4970455765724182,
		1.6373988389968872,
		0.11812404543161392,
		0.020634014159440994
	],
	"left_ankle": [
		0.49988430738449097,
		2.0720064640045166,
		0.3977709114551544,
		0.001657926943153143
	],
	"right_hip": [
		0.3611765205860138,
		1.189632773399353,
		-0.11124716699123383,
		0.7668370008468628
	],
	"right_knee": [
		0.3633900284767151,
		1.6563971042633057,
		-0.09341684728860855,
		0.10038791596889496
	],
	"right_ankle": [
		0.36570024490356445,
		2.1277878284454346,
		0.0716206282377243,
		0.016507644206285477
	],
	"left_shoulder": [
		0.4896194040775299,
		0.5274345874786377,
		0.23222073912620544,
		0.9998365044593811
	],
	"left_elbow": [
		0.6563352346420288,
		0.5127682089805603,
		0.26160943508148193,
		0.996002197265625
	],
	"left_wrist": [
		0.8010247945785522,
		0.4811986982822418,
		0.1265852153301239,
		0.9983770847320557
	],
	"right_shoulder": [
		0.3202788233757019,
		0.5030376315116882,
		-0.29411351680755615,
		0.9998932480812073
	],
	"right_elbow": [
		0.22171370685100555,
		0.37877586483955383,
		-0.7881613969802856,
		0.9989299774169922
	],
	"right_wrist": [
		0.4081800580024719,
		0.4104596674442291,
		-1.032190203666687,
		0.9965824484825134
	],
	"nose": [
		0.4735020101070404,
		0.3179186284542084,
		-0.21590323746204376,
		0.9999947547912598
	],
	"left_eye": [
		0.45882606506347656,
		0.269283264875412,
		-0.16659504175186157,
		0.9999915361404419
	],
	"right_eye": [
		0.4457150399684906,
		0.27646809816360474,
		-0.21493777632713318,
		0.9999958276748657
	],
	"left_ear": [
		0.42334896326065063,
		0.2888047695159912,
		0.06796084344387054,
		0.9999960064888
	],
	"right_ear": [
		0.40245160460472107,
		0.3004695177078247,
		-0.14339879155158997,
		0.9999982714653015
	]
}