{
	"left_hip": [
		0.48383697867393494,
		1.1676374673843384,
		0.11186869442462921,
		0.7778034210205078
	],
	"left_knee": [
		0.49724894762039185,
		1.6368905305862427,
		0.11683164536952972,
		0.020246101543307304
	],
	"left_ankle": [
		0.5001662969589233,
		2.0712344646453857,
		0.3974801003932953,
		0.001621692324988544
	],
	"right_hip": [
		0.3610885739326477,
		1.1893815994262695,
		-0.11106300354003906,
		0.7715569734573364
	],
	"right_knee": [
		0.3637564480304718,
		1.6554762125015259,
		-0.09344029426574707,
		0.09845557808876038
	],
	"right_ankle": [
		0.3664866089820862,
		2.126420497894287,
		0.07045766711235046,
		0.01636326313018799
	],
	"left_shoulder": [
		0.48954886198043823,
		0.5274102091789246,
		0.23253950476646423,
		0.9998376965522766
	],
	"left_elbow": [
		0.6557741761207581,
		0.512100100517273,
		0.2697095572948456,
		0.9960920214653015
	],
	"left_wrist": [
		0.8010071516036987,
		0.4809137284755707,
		0.1440243273973465,
		0.9984411597251892
	],
	"right_shoulder": [
		0.31933557987213135,
		0.5030279755592346,
		-0.2978622317314148,
		0.9998948574066162
	],
	"right_elbow": [
		0.2217075079679489,
		0.37879955768585205,
		-0.794502317905426,
		0.9989525079727173
	],
	"right_wrist": [
		0.40775132179260254,
		0.41011643409729004,
		-1.0414053201675415,
		0.9967149496078491
	],
	"nose": [
		0.4736483693122864,
		0.3181334435939789,
		-0.21570947766304016,
		0.999994695186615
	],
	"left_eye": [
		0.45897969603538513,
		0.2694892883300781,
		-0.1664140820503235,
		0.9999913573265076
	],
	"right_eye": [
		0.4459265172481537,
		0.27664047479629517,
		-0.21503719687461853,
		0.999995768070221
	],
	"left_ear": [
		0.4234045147895813,
		0.28901252150535583,
		0.06835968792438507,
		0.9999959468841553
	],
	"right_ear": [
		0.4025764465332031,
		0.300696462392807,
		-0.14457452297210693,
		0.9999982714653015
	]
}