{
	"left_hip": [
		0.48378700017929077,
		1.1683273315429688,
		0.11257579177618027,
		0.7954480051994324
	],
	"left_knee": [
		0.49879899621009827,
		1.6350774765014648,
		0.11728974431753159,
		0.01827511377632618
	],
	"left_ankle": [
		0.5027843713760376,
		2.068251609802246,
		0.4028458595275879,
		0.001465901848860085
	],
	"right_hip": [
		0.36134371161460876,
		1.189697027206421,
		-0.11179287731647491,
		0.7907974123954773
	],
	"right_knee": [
		0.36652153730392456,
		1.6526319980621338,
		-0.09508287161588669,
		0.08972696214914322
	],
	"right_ankle": [
		0.37059351801872253,
		2.121901035308838,
		0.07130803912878036,
		0.016126258298754692
	],
	"left_shoulder": [
		0.48928016424179077,
		0.5278727412223816,
		0.23718345165252686,
		0.9998390078544617
	],
	"left_elbow": [
		0.6538019776344299,
		0.5113654136657715,
		0.2786861062049866,
		0.9964732527732849
	],
	"left_wrist": [
		0.800523579120636,
		0.4784576892852783,
		0.15307500958442688,
		0.9987114667892456
	],
	"right_shoulder": [
		0.3179383873939514,
		0.5049691200256348,
		-0.307544469833374,
		0.9998987913131714
	],
	"right_elbow": [
		0.22192175686359406,
		0.3789059519767761,
		-0.8033667802810669,
		0.9990469813346863
	],
	"right_wrist": [
		0.4072454869747162,
		0.4083569645881653,
		-1.0434743165969849,
		0.9973005652427673
	],
	"nose": [
		0.47408097982406616,
		0.3190494477748871,
		-0.21461626887321472,
		0.9999943375587463
	],
	"left_eye": [
		0.4594491422176361,
		0.27056118845939636,
		-0.1641489863395691,
		0.9999905228614807
	],
	"right_eye": [
		0.4463863968849182,
		0.2774061858654022,
		-0.2150355577468872,
		0.9999955892562866
	],
	"left_ear": [
		0.4237125515937805,
		0.2899186611175537,
		0.0728796124458313,
		0.9999956488609314
	],
	"right_ear": [
		0.40299779176712036,
		0.3014015257358551,
		-0.1500319093465805,
		0.9999980926513672
	]
}