{
	"left_hip": [
		0.4834136962890625,
		1.1702824831008911,
		0.11441200971603394,
		0.7478331327438354
	],
	"left_knee": [
		0.4981308579444885,
		1.6417651176452637,
		0.10715457051992416,
		0.018473897129297256
	],
	"left_ankle": [
		0.5023536682128906,
		2.0745651721954346,
		0.3677271008491516,
		0.0014921255642548203
	],
	"right_hip": [
		0.36147981882095337,
		1.1920698881149292,
		-0.11354690790176392,
		0.7422603368759155
	],
	"right_knee": [
		0.3643828332424164,
		1.6557539701461792,
		-0.11721901595592499,
		0.08942988514900208
	],
	"right_ankle": [
		0.36626753211021423,
		2.126598358154297,
		0.029258687049150467,
		0.016789747402071953
	],
	"left_shoulder": [
		0.4886905550956726,
		0.5307087898254395,
		0.23915144801139832,
		0.9998156428337097
	],
	"left_elbow": [
		0.6514838337898254,
		0.5171478390693665,
		0.21896326541900635,
		0.9963734745979309
	],
	"left_wrist": [
		0.8002265095710754,
		0.4740935266017914,
		0.034116797149181366,
		0.998775064945221
	],
	"right_shoulder": [
		0.3176291584968567,
		0.5076174139976501,
		-0.2957281470298767,
		0.999870777130127
	],
	"right_elbow": [
		0.22210268676280975,
		0.3814093768596649,
		-0.7805303335189819,
		0.9989116787910461
	],
	"right_wrist": [
		0.4064197540283203,
		0.4067012369632721,
		-1.0111891031265259,
		0.9972015023231506
	],
	"nose": [
		0.47332271933555603,
		0.3195318877696991,
		-0.2187931090593338,
		0.9999935030937195
	],
	"left_eye": [
		0.45812511444091797,
		0.27108457684516907,
		-0.1681884527206421,
		0.99998939037323
	],
	"right_eye": [
		0.44537368416786194,
		0.2778122127056122,
		-0.21573659777641296,
		0.9999949336051941
	],
	"left_ear": [
		0.4231153130531311,
		0.2905091345310211,
		0.07298430800437927,
		0.9999950528144836
	],
	"right_ear": [
		0.40282946825027466,
		0.30168765783309937,
		-0.1406354010105133,
		0.999997615814209
	]
}