{
	"left_hip": [
		0.48377951979637146,
		1.1703007221221924,
		0.11077193915843964,
		0.7397112846374512
	],
	"left_knee": [
		0.4981212019920349,
		1.642198085784912,
		0.1002269834280014,
		0.01778325065970421
	],
	"left_ankle": [
		0.5022704601287842,
		2.075343370437622,
		0.3615916073322296,
		0.0014404176035895944
	],
	"right_hip": [
		0.36154597997665405,
		1.1929353475570679,
		-0.10990010201931,
		0.7337766885757446
	],
	"right_knee": [
		0.3638947308063507,
		1.6564154624938965,
		-0.11572812497615814,
		0.0838732123374939
	],
	"right_ankle": [
		0.3658547103404999,
		2.126368761062622,
		0.03265715390443802,
		0.015733379870653152
	],
	"left_shoulder": [
		0.48881474137306213,
		0.5299692153930664,
		0.23244062066078186,
		0.9998069405555725
	],
	"left_elbow": [
		0.656061053276062,
		0.5173935294151306,
		0.20904913544654846,
		0.9964240789413452
	],
	"left_wrist": [
		0.8005800247192383,
		0.4675697982311249,
		0.02522093430161476,
		0.9987519979476929
	],
	"right_shoulder": [
		0.3173435628414154,
		0.5078467130661011,
		-0.283903568983078,
		0.9998581409454346
	],
	"right_elbow": [
		0.22199532389640808,
		0.3845215141773224,
		-0.7653997540473938,
		0.9989303350448608
	],
	"right_wrist": [
		0.4035181999206543,
		0.4051886200904846,
		-0.9984787106513977,
		0.9971526265144348
	],
	"nose": [
		0.4719206392765045,
		0.31943804025650024,
		-0.22966599464416504,
		0.9999924302101135
	],
	"left_eye": [
		0.4563881754875183,
		0.2711222171783447,
		-0.1791011393070221,
		0.9999878406524658
	],
	"right_eye": [
		0.44309401512145996,
		0.27789896726608276,
		-0.22484290599822998,
		0.9999939799308777
	],
	"left_ear": [
		0.422496497631073,
		0.290598601102829,
		0.06535979360342026,
		0.9999940991401672
	],
	"right_ear": [
		0.40193963050842285,
		0.30179616808891296,
		-0.1405007690191269,
		0.9999973177909851
	]
}