{
	"left_hip": [
		0.4860619008541107,
		1.1746019124984741,
		0.13352744281291962,
		0.6251001954078674
	],
	"left_knee": [
		0.4987771511077881,
		1.6261773109436035,
		0.1373404860496521,
		0.015490902587771416
	],
	"left_ankle": [
		0.5078043937683105,
		2.0597293376922607,
		0.40414804220199585,
		0.0013673304347321391
	],
	"right_hip": [
		0.3724179267883301,
		1.1943525075912476,
		-0.1325681060552597,
		0.6366621255874634
	],
	"right_knee": [
		0.3698870837688446,
		1.6402299404144287,
		-0.11503831297159195,
		0.09373750537633896
	],
	"right_ankle": [
		0.36882179975509644,
		2.124770164489746,
		0.024803712964057922,
		0.018673861399292946
	],
	"left_shoulder": [
		0.4804997444152832,
		0.5280224084854126,
		0.27228090167045593,
		0.9997815489768982
	],
	"left_elbow": [
		0.6411232948303223,
		0.5267623662948608,
		0.2974129021167755,
		0.9950702786445618
	],
	"left_wrist": [
		0.7929285764694214,
		0.49909093976020813,
		0.1604427993297577,
		0.9986190795898438
	],
	"right_shoulder": [
		0.3262356221675873,
		0.5025164484977722,
		-0.2973107397556305,
		0.9998484253883362
	],
	"right_elbow": [
		0.21410050988197327,
		0.38767606019973755,
		-0.7622160911560059,
		0.9988110661506653
	],
	"right_wrist": [
		0.3952518105506897,
		0.4074670672416687,
		-0.9609984159469604,
		0.9972543120384216
	],
	"nose": [
		0.4691751003265381,
		0.31432482600212097,
		-0.1930408626794815,
		0.9999943971633911
	],
	"left_eye": [
		0.451871395111084,
		0.26762035489082336,
		-0.14457151293754578,
		0.9999909996986389
	],
	"right_eye": [
		0.43782472610473633,
		0.2744121253490448,
		-0.19764834642410278,
		0.9999954700469971
	],
	"left_ear": [
		0.41985613107681274,
		0.28846433758735657,
		0.09054940193891525,
		0.9999954104423523
	],
	"right_ear": [
		0.39891788363456726,
		0.3001515567302704,
		-0.14688709378242493,
		0.9999977350234985
	]
}