{
	"left_hip": [
		0.4798835813999176,
		1.197935700416565,
		0.09600138664245605,
		0.5459789037704468
	],
	"left_knee": [
		0.5079401135444641,
		1.7148183584213257,
		0.06733369827270508,
		0.014056778512895107
	],
	"left_ankle": [
		0.509446382522583,
		2.1774630546569824,
		0.3390650749206543,
		0.0008050937321968377
	],
	"right_hip": [
		0.3438817262649536,
		1.2390943765640259,
		-0.0950227603316307,
		0.5159940719604492
	],
	"right_knee": [
		0.3676546812057495,
		1.7456058263778687,
		-0.14318442344665527,
		0.04993773251771927
	],
	"right_ankle": [
		0.36937013268470764,
		2.2478199005126953,
		-0.008558420464396477,
		0.008658505976200104
	],
	"left_shoulder": [
		0.48903989791870117,
		0.5110601186752319,
		0.12881627678871155,
		0.9998865723609924
	],
	"left_elbow": [
		0.6692510843276978,
		0.5096376538276672,
		0.2074052095413208,
		0.9977024793624878
	],
	"left_wrist": [
		0.7991336584091187,
		0.535750150680542,
		0.04131193086504936,
		0.9991970062255859
	],
	"right_shoulder": [
		0.27658891677856445,
		0.5509426593780518,
		-0.3773931860923767,
		0.9998273253440857
	],
	"right_elbow": [
		0.09865707904100418,
		0.6068752408027649,
		-0.838356614112854,
		0.9974125027656555
	],
	"right_wrist": [
		0.23487374186515808,
		0.4179078936576843,
		-1.2311208248138428,
		0.9961293339729309
	],
	"nose": [
		0.47922539710998535,
		0.309319406747818,
		-0.3041418194770813,
		0.9999914169311523
	],
	"left_eye": [
		0.4628586769104004,
		0.2645953297615051,
		-0.2519720792770386,
		0.9999812245368958
	],
	"right_eye": [
		0.4533577561378479,
		0.26771169900894165,
		-0.31731468439102173,
		0.9999919533729553
	],
	"left_ear": [
		0.4258124828338623,
		0.2910042107105255,
		-0.019471898674964905,
		0.9999892711639404
	],
	"right_ear": [
		0.40366291999816895,
		0.3020038902759552,
		-0.31054383516311646,
		0.9999950528144836
	]
}