{
	"left_hip": [
		0.475832462310791,
		1.168533205986023,
		0.10281773656606674,
		0.5289106369018555
	],
	"left_knee": [
		0.519508421421051,
		1.6638720035552979,
		0.05416599661111832,
		0.018983609974384308
	],
	"left_ankle": [
		0.5339665412902832,
		2.130006790161133,
		0.30135378241539,
		0.0009072193061001599
	],
	"right_hip": [
		0.33992356061935425,
		1.214173436164856,
		-0.10180824995040894,
		0.48881128430366516
	],
	"right_knee": [
		0.37331992387771606,
		1.715805172920227,
		-0.15772704780101776,
		0.0471084788441658
	],
	"right_ankle": [
		0.3824201822280884,
		2.2204084396362305,
		-0.05504438281059265,
		0.008038823492825031
	],
	"left_shoulder": [
		0.4904863238334656,
		0.5096211433410645,
		0.1240355521440506,
		0.9998986124992371
	],
	"left_elbow": [
		0.6730725169181824,
		0.5054897665977478,
		0.19531847536563873,
		0.9980500340461731
	],
	"left_wrist": [
		0.7995725870132446,
		0.5322071313858032,
		0.03443475067615509,
		0.9991630911827087
	],
	"right_shoulder": [
		0.27748748660087585,
		0.5484448671340942,
		-0.36939767003059387,
		0.9998345375061035
	],
	"right_elbow": [
		0.09673264622688293,
		0.6042611002922058,
		-0.8001198768615723,
		0.9975394010543823
	],
	"right_wrist": [
		0.22841186821460724,
		0.41810813546180725,
		-1.1531063318252563,
		0.9961283802986145
	],
	"nose": [
		0.47951698303222656,
		0.3087003529071808,
		-0.29302483797073364,
		0.9999902248382568
	],
	"left_eye": [
		0.4639952778816223,
		0.26439741253852844,
		-0.24049708247184753,
		0.9999781250953674
	],
	"right_eye": [
		0.4551207423210144,
		0.26757046580314636,
		-0.30169326066970825,
		0.9999906420707703
	],
	"left_ear": [
		0.4266968369483948,
		0.29083251953125,
		-0.008358940482139587,
		0.9999876022338867
	],
	"right_ear": [
		0.40584269165992737,
		0.3016040623188019,
		-0.28747135400772095,
		0.9999939799308777
	]
}