{
	"left_hip": [
		0.47515836358070374,
		1.1715136766433716,
		0.10085519403219223,
		0.5471371412277222
	],
	"left_knee": [
		0.5094066262245178,
		1.6709160804748535,
		0.09792617708444595,
		0.019055157899856567
	],
	"left_ankle": [
		0.5267146229743958,
		2.132577657699585,
		0.40916362404823303,
		0.0009168479591608047
	],
	"right_hip": [
		0.33948656916618347,
		1.2154771089553833,
		-0.09995494782924652,
		0.49620288610458374
	],
	"right_knee": [
		0.36639851331710815,
		1.7163214683532715,
		-0.11959266662597656,
		0.04453793913125992
	],
	"right_ankle": [
		0.3771511912345886,
		2.2161643505096436,
		0.0630594864487648,
		0.007831879891455173
	],
	"left_shoulder": [
		0.49508923292160034,
		0.511319637298584,
		0.09893849492073059,
		0.9999097585678101
	],
	"left_elbow": [
		0.6766742467880249,
		0.5046812891960144,
		0.1798872947692871,
		0.9983386993408203
	],
	"left_wrist": [
		0.7989792227745056,
		0.5323690176010132,
		0.01702430658042431,
		0.9992495775222778
	],
	"right_shoulder": [
		0.2778497636318207,
		0.5472095608711243,
		-0.39788752794265747,
		0.999840497970581
	],
	"right_elbow": [
		0.09702294319868088,
		0.6012818217277527,
		-0.8654181361198425,
		0.9977430701255798
	],
	"right_wrist": [
		0.23143711686134338,
		0.4182802736759186,
		-1.263681173324585,
		0.9963181018829346
	],
	"nose": [
		0.4790061414241791,
		0.30788737535476685,
		-0.33718523383140564,
		0.9999896287918091
	],
	"left_eye": [
		0.46370744705200195,
		0.2639232873916626,
		-0.2807884216308594,
		0.9999764561653137
	],
	"right_eye": [
		0.45470350980758667,
		0.26719921827316284,
		-0.3448755443096161,
		0.9999899864196777
	],
	"left_ear": [
		0.4271576404571533,
		0.2902801036834717,
		-0.037442658096551895,
		0.9999868273735046
	],
	"right_ear": [
		0.406090646982193,
		0.3012513518333435,
		-0.3225918114185333,
		0.9999933838844299
	]
}