{
	"left_hip": [
		0.4769814610481262,
		1.1746103763580322,
		0.09907744079828262,
		0.595937967300415
	],
	"left_knee": [
		0.5080342888832092,
		1.6766043901443481,
		0.11372749507427216,
		0.01842782460153103
	],
	"left_ankle": [
		0.5231413841247559,
		2.132065773010254,
		0.42585644125938416,
		0.0008819516515359282
	],
	"right_hip": [
		0.3410913646221161,
		1.2194329500198364,
		-0.09827696532011032,
		0.5383360385894775
	],
	"right_knee": [
		0.3656255006790161,
		1.7146692276000977,
		-0.10243228822946548,
		0.04189520329236984
	],
	"right_ankle": [
		0.3758716881275177,
		2.2067956924438477,
		0.0816124826669693,
		0.007471049670130014
	],
	"left_shoulder": [
		0.49512749910354614,
		0.5111850500106812,
		0.10982658714056015,
		0.9999237060546875
	],
	"left_elbow": [
		0.6761153340339661,
		0.5069546103477478,
		0.19978013634681702,
		0.9986701011657715
	],
	"left_wrist": [
		0.7986854910850525,
		0.5574703812599182,
		0.048505209386348724,
		0.999381959438324
	],
	"right_shoulder": [
		0.27847540378570557,
		0.5440511107444763,
		-0.38776713609695435,
		0.9998563528060913
	],
	"right_elbow": [
		0.0978008508682251,
		0.5816841125488281,
		-0.8467999696731567,
		0.9981112480163574
	],
	"right_wrist": [
		0.23720049858093262,
		0.41336390376091003,
		-1.2292754650115967,
		0.9969354867935181
	],
	"nose": [
		0.4789145886898041,
		0.3078914284706116,
		-0.3168988525867462,
		0.9999892711639404
	],
	"left_eye": [
		0.4636155664920807,
		0.26350265741348267,
		-0.26279011368751526,
		0.9999752640724182
	],
	"right_eye": [
		0.4545935094356537,
		0.2670769989490509,
		-0.3263424336910248,
		0.9999895691871643
	],
	"left_ear": [
		0.42782455682754517,
		0.2887392044067383,
		-0.02760903909802437,
		0.9999861121177673
	],
	"right_ear": [
		0.4060435891151428,
		0.3004606366157532,
		-0.3110044598579407,
		0.9999929666519165
	]
}