{
	"left_hip": [
		0.4844985008239746,
		1.1903220415115356,
		0.0891571119427681,
		0.5604164004325867
	],
	"left_knee": [
		0.5112940669059753,
		1.707740306854248,
		0.04859150946140289,
		0.01295639667659998
	],
	"left_ankle": [
		0.5177481770515442,
		2.180072784423828,
		0.31567639112472534,
		0.0005688522942364216
	],
	"right_hip": [
		0.34557443857192993,
		1.2278590202331543,
		-0.08781865984201431,
		0.5021580457687378
	],
	"right_knee": [
		0.37011387944221497,
		1.7326093912124634,
		-0.1331256777048111,
		0.025965124368667603
	],
	"right_ankle": [
		0.37651756405830383,
		2.2318828105926514,
		-0.010599278844892979,
		0.004276670515537262
	],
	"left_shoulder": [
		0.49013757705688477,
		0.5123294591903687,
		0.10236696898937225,
		0.9999340772628784
	],
	"left_elbow": [
		0.6710274815559387,
		0.5226539373397827,
		0.19779036939144135,
		0.9988747835159302
	],
	"left_wrist": [
		0.78394615650177,
		0.5153141021728516,
		0.10328070819377899,
		0.9992009997367859
	],
	"right_shoulder": [
		0.2823450565338135,
		0.5465157628059387,
		-0.3795628249645233,
		0.9998918175697327
	],
	"right_elbow": [
		0.09881820529699326,
		0.5634778738021851,
		-0.8339574933052063,
		0.9985219836235046
	],
	"right_wrist": [
		0.24439004063606262,
		0.39713990688323975,
		-1.1713292598724365,
		0.9967136979103088
	],
	"nose": [
		0.4796811044216156,
		0.31134214997291565,
		-0.32284581661224365,
		0.9999865293502808
	],
	"left_eye": [
		0.4647347033023834,
		0.26536598801612854,
		-0.2700600326061249,
		0.9999692440032959
	],
	"right_eye": [
		0.45710477232933044,
		0.2689269483089447,
		-0.333079993724823,
		0.9999872446060181
	],
	"left_ear": [
		0.42905062437057495,
		0.28924110531806946,
		-0.03562255576252937,
		0.9999842047691345
	],
	"right_ear": [
		0.4117434620857239,
		0.30033183097839355,
		-0.31646305322647095,
		0.9999924898147583
	]
}