{
	"left_hip": [
		0.48637276887893677,
		1.1746766567230225,
		0.08004117757081985,
		0.4073942005634308
	],
	"left_knee": [
		0.5291142463684082,
		1.6911314725875854,
		0.015973476693034172,
		0.010834142565727234
	],
	"left_ankle": [
		0.5418171882629395,
		2.1744511127471924,
		0.2630312740802765,
		0.0004304398025851697
	],
	"right_hip": [
		0.3448355793952942,
		1.2139135599136353,
		-0.07848048955202103,
		0.3591969907283783
	],
	"right_knee": [
		0.38775622844696045,
		1.7296274900436401,
		-0.15253227949142456,
		0.019535278901457787
	],
	"right_ankle": [
		0.39903005957603455,
		2.2380709648132324,
		-0.048041932284832,
		0.002973518567159772
	],
	"left_shoulder": [
		0.4848441481590271,
		0.5120078325271606,
		0.0820978656411171,
		0.9999284744262695
	],
	"left_elbow": [
		0.667608380317688,
		0.5294283628463745,
		0.15442270040512085,
		0.9981726408004761
	],
	"left_wrist": [
		0.779962956905365,
		0.5223729014396667,
		0.040238577872514725,
		0.9984993934631348
	],
	"right_shoulder": [
		0.2856929898262024,
		0.5465065240859985,
		-0.3307378888130188,
		0.9998689293861389
	],
	"right_elbow": [
		0.09908542037010193,
		0.5588753819465637,
		-0.7601224184036255,
		0.9973064064979553
	],
	"right_wrist": [
		0.24366219341754913,
		0.39676010608673096,
		-1.086531162261963,
		0.993408739566803
	],
	"nose": [
		0.4801139235496521,
		0.30942413210868835,
		-0.3085067570209503,
		0.9999870657920837
	],
	"left_eye": [
		0.4649569094181061,
		0.2636488080024719,
		-0.2587701976299286,
		0.9999712705612183
	],
	"right_eye": [
		0.4576682448387146,
		0.26709476113319397,
		-0.31269726157188416,
		0.9999867081642151
	],
	"left_ear": [
		0.4289833903312683,
		0.28853335976600647,
		-0.0348132885992527,
		0.9999857544898987
	],
	"right_ear": [
		0.41251444816589355,
		0.2990347146987915,
		-0.28433313965797424,
		0.9999920725822449
	]
}