{
	"left_hip": [
		0.48402076959609985,
		1.1816213130950928,
		0.08371990919113159,
		0.45764902234077454
	],
	"left_knee": [
		0.5035628080368042,
		1.6936986446380615,
		0.13306915760040283,
		0.010349179618060589
	],
	"left_ankle": [
		0.5045534372329712,
		2.1683712005615234,
		0.47220468521118164,
		0.0004008130927104503
	],
	"right_hip": [
		0.34289678931236267,
		1.219138264656067,
		-0.08235785365104675,
		0.4096464216709137
	],
	"right_knee": [
		0.3635947108268738,
		1.7262682914733887,
		-0.08146587759256363,
		0.01795630343258381
	],
	"right_ankle": [
		0.3670496344566345,
		2.221947193145752,
		0.13080528378486633,
		0.002523834817111492
	],
	"left_shoulder": [
		0.491340696811676,
		0.5089367032051086,
		0.08418727666139603,
		0.9999349117279053
	],
	"left_elbow": [
		0.6640998721122742,
		0.5252053141593933,
		0.1964036524295807,
		0.9984357953071594
	],
	"left_wrist": [
		0.7802374958992004,
		0.5134909749031067,
		0.09602847695350647,
		0.9986344575881958
	],
	"right_shoulder": [
		0.28071972727775574,
		0.5411226749420166,
		-0.40039604902267456,
		0.9998964667320251
	],
	"right_elbow": [
		0.0985928401350975,
		0.5581919550895691,
		-0.8313199281692505,
		0.9978788495063782
	],
	"right_wrist": [
		0.24384722113609314,
		0.3983844816684723,
		-1.1392567157745361,
		0.9945112466812134
	],
	"nose": [
		0.4803481996059418,
		0.3094075322151184,
		-0.34782329201698303,
		0.9999878406524658
	],
	"left_eye": [
		0.46527010202407837,
		0.2637397348880768,
		-0.29662081599235535,
		0.9999730587005615
	],
	"right_eye": [
		0.4577825665473938,
		0.2670948803424835,
		-0.3572368323802948,
		0.9999879598617554
	],
	"left_ear": [
		0.4293655753135681,
		0.28848856687545776,
		-0.0634383112192154,
		0.9999868869781494
	],
	"right_ear": [
		0.4112839102745056,
		0.2989124059677124,
		-0.33463287353515625,
		0.9999932050704956
	]
}