{
	"left_hip": [
		0.4871535897254944,
		1.198630452156067,
		0.09280610829591751,
		0.4604358971118927
	],
	"left_knee": [
		0.5205157399177551,
		1.7070605754852295,
		0.11829833686351776,
		0.008859523572027683
	],
	"left_ankle": [
		0.5320600271224976,
		2.163158893585205,
		0.4395006597042084,
		0.0003283144033048302
	],
	"right_hip": [
		0.3489336371421814,
		1.2438489198684692,
		-0.09169107675552368,
		0.39327189326286316
	],
	"right_knee": [
		0.3777984082698822,
		1.7399518489837646,
		-0.09913036972284317,
		0.015472492203116417
	],
	"right_ankle": [
		0.3891141414642334,
		2.220592975616455,
		0.09120547026395798,
		0.00218337238766253
	],
	"left_shoulder": [
		0.49011367559432983,
		0.5219431519508362,
		0.11042158305644989,
		0.9999299645423889
	],
	"left_elbow": [
		0.671237587928772,
		0.5332760214805603,
		0.18614238500595093,
		0.9983401894569397
	],
	"left_wrist": [
		0.8047337532043457,
		0.5732482075691223,
		0.02100696787238121,
		0.9986996054649353
	],
	"right_shoulder": [
		0.28583237528800964,
		0.5472063422203064,
		-0.3992215394973755,
		0.9998602271080017
	],
	"right_elbow": [
		0.09902040660381317,
		0.5466402173042297,
		-0.8723061680793762,
		0.9976580739021301
	],
	"right_wrist": [
		0.2611435353755951,
		0.40564608573913574,
		-1.2576382160186768,
		0.994613528251648
	],
	"nose": [
		0.48255497217178345,
		0.3163717985153198,
		-0.29709669947624207,
		0.9999853372573853
	],
	"left_eye": [
		0.4670163691043854,
		0.2676185369491577,
		-0.2403370589017868,
		0.9999687075614929
	],
	"right_eye": [
		0.4600486755371094,
		0.2718094289302826,
		-0.3126486539840698,
		0.9999846816062927
	],
	"left_ear": [
		0.4310867190361023,
		0.29162830114364624,
		-0.016422633081674576,
		0.9999844431877136
	],
	"right_ear": [
		0.4126684069633484,
		0.3016563653945923,
		-0.32051652669906616,
		0.9999901652336121
	]
}