{
	"left_hip": [
		0.48665040731430054,
		1.2021145820617676,
		0.08243592083454132,
		0.4596153795719147
	],
	"left_knee": [
		0.5209649801254272,
		1.7116119861602783,
		0.11654253304004669,
		0.00901473592966795
	],
	"left_ankle": [
		0.5339432954788208,
		2.163888692855835,
		0.4373212456703186,
		0.00032945763086900115
	],
	"right_hip": [
		0.3479522168636322,
		1.2467914819717407,
		-0.08142917603254318,
		0.38560888171195984
	],
	"right_knee": [
		0.37765803933143616,
		1.7409263849258423,
		-0.08977554738521576,
		0.015119326300919056
	],
	"right_ankle": [
		0.39127177000045776,
		2.220689535140991,
		0.11364690214395523,
		0.0022087288089096546
	],
	"left_shoulder": [
		0.49457043409347534,
		0.5274668335914612,
		0.057804644107818604,
		0.9999338388442993
	],
	"left_elbow": [
		0.6722424626350403,
		0.5495429635047913,
		0.12414824962615967,
		0.9984675049781799
	],
	"left_wrist": [
		0.8172046542167664,
		0.5901753902435303,
		-0.037919823080301285,
		0.9988030195236206
	],
	"right_shoulder": [
		0.28538867831230164,
		0.547075629234314,
		-0.40881747007369995,
		0.9998337626457214
	],
	"right_elbow": [
		0.09952228516340256,
		0.5410028100013733,
		-0.8955639600753784,
		0.9975517392158508
	],
	"right_wrist": [
		0.2608696222305298,
		0.405599445104599,
		-1.2874361276626587,
		0.9943798184394836
	],
	"nose": [
		0.4825666546821594,
		0.31653958559036255,
		-0.3410143256187439,
		0.9999827146530151
	],
	"left_eye": [
		0.4670341908931732,
		0.2678903639316559,
		-0.28503915667533875,
		0.9999628663063049
	],
	"right_eye": [
		0.46003761887550354,
		0.272258996963501,
		-0.35155558586120605,
		0.9999801516532898
	],
	"left_ear": [
		0.43170419335365295,
		0.29232653975486755,
		-0.04856549948453903,
		0.9999820590019226
	],
	"right_ear": [
		0.4126693308353424,
		0.30267441272735596,
		-0.34282386302948,
		0.9999864101409912
	]
}