{
	"left_hip": [
		0.491529643535614,
		1.212882161140442,
		0.07487477362155914,
		0.4757217466831207
	],
	"left_knee": [
		0.5140224695205688,
		1.7245159149169922,
		0.12130304425954819,
		0.020734179764986038
	],
	"left_ankle": [
		0.5253971815109253,
		2.194469690322876,
		0.41935473680496216,
		0.0011044761631637812
	],
	"right_hip": [
		0.34956908226013184,
		1.2509655952453613,
		-0.07402534782886505,
		0.40298083424568176
	],
	"right_knee": [
		0.38140225410461426,
		1.7623577117919922,
		-0.045229002833366394,
		0.03705013170838356
	],
	"right_ankle": [
		0.3893624246120453,
		2.2556440830230713,
		0.09701698273420334,
		0.0051416270434856415
	],
	"left_shoulder": [
		0.49116382002830505,
		0.5437235832214355,
		0.10230030864477158,
		0.9999573826789856
	],
	"left_elbow": [
		0.6292014718055725,
		0.727972149848938,
		0.3200395405292511,
		0.998313307762146
	],
	"left_wrist": [
		0.7633262872695923,
		0.8760519027709961,
		0.32284995913505554,
		0.9977309107780457
	],
	"right_shoulder": [
		0.2818951904773712,
		0.5352760553359985,
		-0.2960283160209656,
		0.9998704791069031
	],
	"right_elbow": [
		0.12214044481515884,
		0.5234624743461609,
		-0.7198740243911743,
		0.9979936480522156
	],
	"right_wrist": [
		0.2924589216709137,
		0.3672559857368469,
		-0.9928038716316223,
		0.9958895444869995
	],
	"nose": [
		0.48619166016578674,
		0.32273975014686584,
		-0.33745595812797546,
		0.999977171421051
	],
	"left_eye": [
		0.4732636511325836,
		0.27347514033317566,
		-0.2958426773548126,
		0.9999465942382812
	],
	"right_eye": [
		0.4614929258823395,
		0.2769787609577179,
		-0.3445371389389038,
		0.9999696612358093
	],
	"left_ear": [
		0.4420955181121826,
		0.2952519953250885,
		-0.05540595203638077,
		0.9999743103981018
	],
	"right_ear": [
		0.41162651777267456,
		0.3058023452758789,
		-0.28255555033683777,
		0.9999790191650391
	]
}