{
	"left_hip": [
		0.5165749788284302,
		1.1914854049682617,
		0.05515480041503906,
		0.33150795102119446
	],
	"left_knee": [
		0.5443295240402222,
		1.6789530515670776,
		-0.001447069807909429,
		0.023193543776869774
	],
	"left_ankle": [
		0.5638535618782043,
		2.154198169708252,
		0.18986275792121887,
		0.0018743214895948768
	],
	"right_hip": [
		0.38036197423934937,
		1.2288267612457275,
		-0.05403207987546921,
		0.35058584809303284
	],
	"right_knee": [
		0.4130006730556488,
		1.7349637746810913,
		-0.09635600447654724,
		0.04304281249642372
	],
	"right_ankle": [
		0.43001025915145874,
		2.2081475257873535,
		-0.04012550786137581,
		0.005381148308515549
	],
	"left_shoulder": [
		0.47279423475265503,
		0.545903205871582,
		0.21100850403308868,
		0.997565507888794
	],
	"left_elbow": [
		0.4992848038673401,
		0.6221340298652649,
		0.5118114948272705,
		0.7947489619255066
	],
	"left_wrist": [
		0.4790109097957611,
		0.5148610472679138,
		0.7851992845535278,
		0.5997509360313416
	],
	"right_shoulder": [
		0.3143356144428253,
		0.5296584367752075,
		-0.14259079098701477,
		0.9997968077659607
	],
	"right_elbow": [
		0.15434108674526215,
		0.48249709606170654,
		-0.2780350148677826,
		0.9989648461341858
	],
	"right_wrist": [
		0.32124289870262146,
		0.3412534296512604,
		0.014772501774132252,
		0.9768169522285461
	],
	"nose": [
		0.4756994843482971,
		0.3260999619960785,
		-0.22916939854621887,
		0.9998918771743774
	],
	"left_eye": [
		0.47411078214645386,
		0.28256648778915405,
		-0.18180464208126068,
		0.9997727870941162
	],
	"right_eye": [
		0.44643181562423706,
		0.284095823764801,
		-0.2241608202457428,
		0.9998987317085266
	],
	"left_ear": [
		0.4573860764503479,
		0.3001572787761688,
		0.05939982458949089,
		0.9998568296432495
	],
	"right_ear": [
		0.403613418340683,
		0.3094511330127716,
		-0.13173851370811462,
		0.9999669194221497
	]
}