{
	"left_hip": [
		0.5081190466880798,
		1.1776264905929565,
		0.048145148903131485,
		0.33383435010910034
	],
	"left_knee": [
		0.5233423709869385,
		1.6625596284866333,
		-0.03567028045654297,
		0.03216550871729851
	],
	"left_ankle": [
		0.5353968143463135,
		2.1362969875335693,
		0.14430685341358185,
		0.002493612701073289
	],
	"right_hip": [
		0.37610548734664917,
		1.205512523651123,
		-0.046921320259571075,
		0.3699265718460083
	],
	"right_knee": [
		0.39250171184539795,
		1.709670901298523,
		-0.06758596748113632,
		0.05359001085162163
	],
	"right_ankle": [
		0.4074752926826477,
		2.1772613525390625,
		0.015135449357330799,
		0.006590078119188547
	],
	"left_shoulder": [
		0.47133463621139526,
		0.5446239709854126,
		0.2193351536989212,
		0.9969631433486938
	],
	"left_elbow": [
		0.49576839804649353,
		0.6539134383201599,
		0.5116854906082153,
		0.7832648754119873
	],
	"left_wrist": [
		0.48463016748428345,
		0.5369316935539246,
		0.7590798139572144,
		0.5585248470306396
	],
	"right_shoulder": [
		0.3150108754634857,
		0.5278170108795166,
		-0.12268092483282089,
		0.9997888207435608
	],
	"right_elbow": [
		0.16021962463855743,
		0.48316287994384766,
		-0.27133867144584656,
		0.9991166591644287
	],
	"right_wrist": [
		0.3249560296535492,
		0.3419785499572754,
		0.01928437128663063,
		0.9753525853157043
	],
	"nose": [
		0.47422128915786743,
		0.33480679988861084,
		-0.22101421654224396,
		0.9998881816864014
	],
	"left_eye": [
		0.473996639251709,
		0.29247090220451355,
		-0.1697826385498047,
		0.9997609853744507
	],
	"right_eye": [
		0.4460376799106598,
		0.2942731976509094,
		-0.21178904175758362,
		0.999897837638855
	],
	"left_ear": [
		0.4607125222682953,
		0.30617669224739075,
		0.07916242629289627,
		0.99985271692276
	],
	"right_ear": [
		0.403170645236969,
		0.31589198112487793,
		-0.11210385710000992,
		0.9999693632125854
	]
}