{
	"left_hip": [
		0.5079991221427917,
		1.173631191253662,
		0.0483977384865284,
		0.3357284367084503
	],
	"left_knee": [
		0.523400604724884,
		1.653662919998169,
		-0.0205423254519701,
		0.03469414636492729
	],
	"left_ankle": [
		0.535979151725769,
		2.1205193996429443,
		0.16837412118911743,
		0.002705500228330493
	],
	"right_hip": [
		0.37583988904953003,
		1.2028770446777344,
		-0.04716818779706955,
		0.37888890504837036
	],
	"right_knee": [
		0.39265453815460205,
		1.7045692205429077,
		-0.07251569628715515,
		0.05757078900933266
	],
	"right_ankle": [
		0.40724992752075195,
		2.1688296794891357,
		-0.00665554404258728,
		0.007047609426081181
	],
	"left_shoulder": [
		0.4707420766353607,
		0.5417189598083496,
		0.22681906819343567,
		0.9964433908462524
	],
	"left_elbow": [
		0.49372029304504395,
		0.6216715574264526,
		0.5210525393486023,
		0.775145947933197
	],
	"left_wrist": [
		0.47310948371887207,
		0.5059124231338501,
		0.8112856149673462,
		0.5362544059753418
	],
	"right_shoulder": [
		0.31578677892684937,
		0.5279994010925293,
		-0.14145857095718384,
		0.9997556209564209
	],
	"right_elbow": [
		0.1614915281534195,
		0.48783183097839355,
		-0.3475176692008972,
		0.9991681575775146
	],
	"right_wrist": [
		0.3248564600944519,
		0.3553195595741272,
		-0.17866376042366028,
		0.9739566445350647
	],
	"nose": [
		0.47490668296813965,
		0.33771175146102905,
		-0.19325891137123108,
		0.9998723268508911
	],
	"left_eye": [
		0.47456416487693787,
		0.2968115508556366,
		-0.1436532884836197,
		0.9997351765632629
	],
	"right_eye": [
		0.4470175802707672,
		0.2986726760864258,
		-0.1922907531261444,
		0.9998882412910461
	],
	"left_ear": [
		0.46060314774513245,
		0.3082408010959625,
		0.09214727580547333,
		0.9998370409011841
	],
	"right_ear": [
		0.4034288823604584,
		0.3184436559677124,
		-0.12536349892616272,
		0.9999674558639526
	]
}