{
	"left_hip": [
		0.5030511617660522,
		1.163569688796997,
		0.07083354890346527,
		0.3675381541252136
	],
	"left_knee": [
		0.5174211859703064,
		1.6400575637817383,
		-0.01119471900165081,
		0.03646478429436684
	],
	"left_ankle": [
		0.5258722901344299,
		2.102090835571289,
		0.20635919272899628,
		0.0025842476170510054
	],
	"right_hip": [
		0.37159380316734314,
		1.188807487487793,
		-0.06978855282068253,
		0.43830928206443787
	],
	"right_knee": [
		0.38456884026527405,
		1.6837220191955566,
		-0.07629627734422684,
		0.05800050124526024
	],
	"right_ankle": [
		0.39930927753448486,
		2.144136667251587,
		0.050117023289203644,
		0.006279901135712862
	],
	"left_shoulder": [
		0.46351534128189087,
		0.5279700756072998,
		0.24821719527244568,
		0.9955850839614868
	],
	"left_elbow": [
		0.5026470422744751,
		0.7347798943519592,
		0.5202233791351318,
		0.7366276979446411
	],
	"left_wrist": [
		0.4995059072971344,
		0.6366128325462341,
		0.7689472436904907,
		0.5377309322357178
	],
	"right_shoulder": [
		0.31885284185409546,
		0.5080153942108154,
		-0.1939336657524109,
		0.9997329115867615
	],
	"right_elbow": [
		0.18300095200538635,
		0.5987821817398071,
		-0.6606366634368896,
		0.9992231726646423
	],
	"right_wrist": [
		0.3310230076313019,
		0.42828792333602905,
		-0.8964821100234985,
		0.9807115197181702
	],
	"nose": [
		0.47507327795028687,
		0.3589586615562439,
		-0.21801039576530457,
		0.9998288750648499
	],
	"left_eye": [
		0.47621798515319824,
		0.3180775046348572,
		-0.1717085987329483,
		0.9996877908706665
	],
	"right_eye": [
		0.44788092374801636,
		0.3175831437110901,
		-0.21755512058734894,
		0.9998834133148193
	],
	"left_ear": [
		0.46349161863327026,
		0.322992742061615,
		0.07671469449996948,
		0.9997990727424622
	],
	"right_ear": [
		0.40604519844055176,
		0.3261778950691223,
		-0.13721796870231628,
		0.9999627470970154
	]
}