{
	"left_hip": [
		0.4876026511192322,
		1.1657929420471191,
		0.047905877232551575,
		0.43986648321151733
	],
	"left_knee": [
		0.4988112449645996,
		1.6285501718521118,
		0.020563868805766106,
		0.026184676215052605
	],
	"left_ankle": [
		0.5047962069511414,
		2.0788497924804688,
		0.2850707769393921,
		0.001573372632265091
	],
	"right_hip": [
		0.3410533368587494,
		1.176585078239441,
		-0.04592087119817734,
		0.5385174751281738
	],
	"right_knee": [
		0.3495039939880371,
		1.6508867740631104,
		0.0029485910199582577,
		0.038046009838581085
	],
	"right_ankle": [
		0.36747628450393677,
		2.085191249847412,
		0.21371547877788544,
		0.003257573349401355
	],
	"left_shoulder": [
		0.4814559519290924,
		0.555433452129364,
		0.1327543556690216,
		0.9967982172966003
	],
	"left_elbow": [
		0.4926026463508606,
		0.8451088070869446,
		0.25006407499313354,
		0.7258275747299194
	],
	"left_wrist": [
		0.5475630760192871,
		0.9591724276542664,
		0.12642784416675568,
		0.5260424613952637
	],
	"right_shoulder": [
		0.31544432044029236,
		0.5254680514335632,
		-0.2173258364200592,
		0.999852180480957
	],
	"right_elbow": [
		0.167811781167984,
		0.7436394691467285,
		-0.6304150223731995,
		0.9992960095405579
	],
	"right_wrist": [
		0.3473363220691681,
		0.7350491285324097,
		-0.9695391654968262,
		0.9906958341598511
	],
	"nose": [
		0.47223734855651855,
		0.3837910294532776,
		-0.31083962321281433,
		0.9997250437736511
	],
	"left_eye": [
		0.4775328040122986,
		0.34690091013908386,
		-0.26799145340919495,
		0.9995299577713013
	],
	"right_eye": [
		0.448657363653183,
		0.33740803599357605,
		-0.30419686436653137,
		0.9998481273651123
	],
	"left_ear": [
		0.468404620885849,
		0.35084810853004456,
		-0.020458530634641647,
		0.9995314478874207
	],
	"right_ear": [
		0.40914225578308105,
		0.3392984867095947,
		-0.18418848514556885,
		0.9999472498893738
	]
}