{
	"left_hip": [
		0.5176783800125122,
		1.2257633209228516,
		0.12991836667060852,
		0.08958269655704498
	],
	"left_knee": [
		0.5390334725379944,
		1.7112196683883667,
		0.13174434006214142,
		0.005209006834775209
	],
	"left_ankle": [
		0.5472108125686646,
		2.1727445125579834,
		0.38240379095077515,
		0.0003951318794861436
	],
	"right_hip": [
		0.39902353286743164,
		1.249433159828186,
		-0.1281036138534546,
		0.09988868236541748
	],
	"right_knee": [
		0.42292189598083496,
		1.7441707849502563,
		-0.10820762068033218,
		0.008912277407944202
	],
	"right_ankle": [
		0.4139365255832672,
		2.2148983478546143,
		0.05512820556759834,
		0.0007181646069511771
	],
	"left_shoulder": [
		0.4910878539085388,
		0.5954931974411011,
		0.21147188544273376,
		0.9964615702629089
	],
	"left_elbow": [
		0.5363140106201172,
		0.9084058403968811,
		0.274946928024292,
		0.2722517251968384
	],
	"left_wrist": [
		0.6076444983482361,
		1.1384773254394531,
		0.12648239731788635,
		0.3782173991203308
	],
	"right_shoulder": [
		0.3697552978992462,
		0.5519087910652161,
		-0.41384029388427734,
		0.9994331002235413
	],
	"right_elbow": [
		0.38306698203086853,
		0.8866051435470581,
		-0.4745468497276306,
		0.7993276715278625
	],
	"right_wrist": [
		0.47505220770835876,
		1.202650547027588,
		-0.49444684386253357,
		0.5932314395904541
	],
	"nose": [
		0.5461870431900024,
		0.3382592797279358,
		-0.15158477425575256,
		0.9997697472572327
	],
	"left_eye": [
		0.5313189029693604,
		0.29076167941093445,
		-0.12263007462024689,
		0.9996742010116577
	],
	"right_eye": [
		0.5214497447013855,
		0.293474018573761,
		-0.1970423012971878,
		0.9997944235801697
	],
	"left_ear": [
		0.49648332595825195,
		0.30671826004981995,
		0.03248203545808792,
		0.9996373057365417
	],
	"right_ear": [
		0.47531890869140625,
		0.310835599899292,
		-0.29705822467803955,
		0.9998695254325867
	]
}