{
	"left_hip": [
		0.5180460214614868,
		1.2255957126617432,
		0.12945556640625,
		0.08238498866558075
	],
	"left_knee": [
		0.5389866232872009,
		1.711057186126709,
		0.13219253718852997,
		0.00481378985568881
	],
	"left_ankle": [
		0.5470701456069946,
		2.1725645065307617,
		0.38835281133651733,
		0.0003689802251756191
	],
	"right_hip": [
		0.3989431858062744,
		1.2493042945861816,
		-0.12763848900794983,
		0.0911639928817749
	],
	"right_knee": [
		0.4224129319190979,
		1.7440333366394043,
		-0.10780423879623413,
		0.008307677693665028
	],
	"right_ankle": [
		0.4129634499549866,
		2.2146968841552734,
		0.06436598300933838,
		0.0006685752305202186
	],
	"left_shoulder": [
		0.4913405776023865,
		0.5953998565673828,
		0.2082470953464508,
		0.9962716698646545
	],
	"left_elbow": [
		0.5361617803573608,
		0.9060361981391907,
		0.2730984389781952,
		0.25811293721199036
	],
	"left_wrist": [
		0.609826922416687,
		1.1361606121063232,
		0.13043680787086487,
		0.3705134987831116
	],
	"right_shoulder": [
		0.3698388934135437,
		0.5519927144050598,
		-0.4220810532569885,
		0.9993837475776672
	],
	"right_elbow": [
		0.38624653220176697,
		0.8882103562355042,
		-0.4817630648612976,
		0.785219132900238
	],
	"right_wrist": [
		0.47599443793296814,
		1.2041932344436646,
		-0.4995388984680176,
		0.5768070816993713
	],
	"nose": [
		0.5481641292572021,
		0.33760175108909607,
		-0.15797755122184753,
		0.9997665882110596
	],
	"left_eye": [
		0.5323747396469116,
		0.28965502977371216,
		-0.12868225574493408,
		0.9996705651283264
	],
	"right_eye": [
		0.5230259299278259,
		0.29220718145370483,
		-0.2036236971616745,
		0.999788761138916
	],
	"left_ear": [
		0.4970170557498932,
		0.30648791790008545,
		0.026638666167855263,
		0.9996325969696045
	],
	"right_ear": [
		0.4768545627593994,
		0.3103126287460327,
		-0.3050784468650818,
		0.9998649954795837
	]
}