{
	"left_hip": [
		0.5158182382583618,
		1.2222212553024292,
		0.13542822003364563,
		0.06510534137487411
	],
	"left_knee": [
		0.5324153304100037,
		1.7033607959747314,
		0.16530989110469818,
		0.003887368366122246
	],
	"left_ankle": [
		0.5400289297103882,
		2.1618940830230713,
		0.4433353543281555,
		0.0003353501087985933
	],
	"right_hip": [
		0.3979156017303467,
		1.243874192237854,
		-0.13376948237419128,
		0.06793110072612762
	],
	"right_knee": [
		0.4130740165710449,
		1.7353585958480835,
		-0.09277380257844925,
		0.007302109617739916
	],
	"right_ankle": [
		0.40456682443618774,
		2.202636957168579,
		0.10794099420309067,
		0.0006145360530354083
	],
	"left_shoulder": [
		0.4931325316429138,
		0.5939200520515442,
		0.20128841698169708,
		0.9956731796264648
	],
	"left_elbow": [
		0.5378921627998352,
		0.9022907614707947,
		0.2711564898490906,
		0.2217249870300293
	],
	"left_wrist": [
		0.6175560355186462,
		1.1339802742004395,
		0.12816675007343292,
		0.360787034034729
	],
	"right_shoulder": [
		0.37102729082107544,
		0.5520694851875305,
		-0.4476085603237152,
		0.9992647171020508
	],
	"right_elbow": [
		0.39025869965553284,
		0.8899532556533813,
		-0.5161591172218323,
		0.7599029541015625
	],
	"right_wrist": [
		0.4787472188472748,
		1.2089264392852783,
		-0.5355572700500488,
		0.5478233695030212
	],
	"nose": [
		0.5497452020645142,
		0.33473482728004456,
		-0.1774938404560089,
		0.9997493624687195
	],
	"left_eye": [
		0.5333172082901001,
		0.28436383605003357,
		-0.14665988087654114,
		0.9996505975723267
	],
	"right_eye": [
		0.5242358446121216,
		0.2874027192592621,
		-0.22268244624137878,
		0.9997662901878357
	],
	"left_ear": [
		0.4968721270561218,
		0.3033899664878845,
		0.012811693362891674,
		0.9996080994606018
	],
	"right_ear": [
		0.4777345061302185,
		0.30809301137924194,
		-0.32400068640708923,
		0.999846339225769
	]
}