{
	"left_hip": [
		0.4999086856842041,
		1.2177690267562866,
		0.14382052421569824,
		0.048578690737485886
	],
	"left_knee": [
		0.5196560621261597,
		1.6589066982269287,
		0.1805179864168167,
		0.0033131747040897608
	],
	"left_ankle": [
		0.535671591758728,
		2.1023077964782715,
		0.4333115220069885,
		0.0003837552503682673
	],
	"right_hip": [
		0.3958340883255005,
		1.23934805393219,
		-0.14218321442604065,
		0.04321194812655449
	],
	"right_knee": [
		0.4090278744697571,
		1.6935926675796509,
		-0.08973915874958038,
		0.009952543303370476
	],
	"right_ankle": [
		0.40679532289505005,
		2.145751714706421,
		0.09194090962409973,
		0.001024362863972783
	],
	"left_shoulder": [
		0.4845031201839447,
		0.5892654657363892,
		0.21870625019073486,
		0.992966890335083
	],
	"left_elbow": [
		0.5257147550582886,
		0.8923962116241455,
		0.2770368754863739,
		0.13792210817337036
	],
	"left_wrist": [
		0.6161728501319885,
		1.0877103805541992,
		0.13315042853355408,
		0.36075857281684875
	],
	"right_shoulder": [
		0.3682737946510315,
		0.5471838116645813,
		-0.43786948919296265,
		0.9987626075744629
	],
	"right_elbow": [
		0.3846209645271301,
		0.8923879861831665,
		-0.5180923938751221,
		0.7142215371131897
	],
	"right_wrist": [
		0.48848968744277954,
		1.1893278360366821,
		-0.5344341993331909,
		0.5359598398208618
	],
	"nose": [
		0.5437940359115601,
		0.3206770718097687,
		-0.16817466914653778,
		0.9996481537818909
	],
	"left_eye": [
		0.5249984860420227,
		0.2757165729999542,
		-0.13787564635276794,
		0.9995164275169373
	],
	"right_eye": [
		0.5159698128700256,
		0.2801654636859894,
		-0.21214446425437927,
		0.9996529817581177
	],
	"left_ear": [
		0.48444804549217224,
		0.2977161705493927,
		0.017327575013041496,
		0.9994438886642456
	],
	"right_ear": [
		0.46626225113868713,
		0.30614352226257324,
		-0.3131517767906189,
		0.9997557997703552
	]
}