{
	"left_hip": [
		0.46534672379493713,
		1.1166210174560547,
		0.1877175271511078,
		0.08672836422920227
	],
	"left_knee": [
		0.5402931571006775,
		1.3479212522506714,
		0.12275558710098267,
		0.019433798268437386
	],
	"left_ankle": [
		0.5609402656555176,
		1.7556469440460205,
		0.268947035074234,
		0.002981503028422594
	],
	"right_hip": [
		0.3952346444129944,
		1.1243339776992798,
		-0.18600094318389893,
		0.09445861726999283
	],
	"right_knee": [
		0.4644797742366791,
		1.354364275932312,
		-0.24282526969909668,
		0.06497253477573395
	],
	"right_ankle": [
		0.44486069679260254,
		1.8484805822372437,
		-0.1421561986207962,
		0.007490534335374832
	],
	"left_shoulder": [
		0.453596830368042,
		0.5527130961418152,
		0.36410361528396606,
		0.9913362860679626
	],
	"left_elbow": [
		0.5090515613555908,
		0.8085116147994995,
		0.40374666452407837,
		0.13358616828918457
	],
	"left_wrist": [
		0.5771215558052063,
		0.9216094017028809,
		0.1558677703142166,
		0.27003762125968933
	],
	"right_shoulder": [
		0.38025397062301636,
		0.5069392919540405,
		-0.3842851519584656,
		0.998651385307312
	],
	"right_elbow": [
		0.45442119240760803,
		0.7624868154525757,
		-0.437964528799057,
		0.8565664887428284
	],
	"right_wrist": [
		0.5966472029685974,
		0.9268460869789124,
		-0.3519158661365509,
		0.7620430588722229
	],
	"nose": [
		0.5213168859481812,
		0.325333833694458,
		-0.0144018130376935,
		0.9993631839752197
	],
	"left_eye": [
		0.5048774480819702,
		0.27743086218833923,
		0.015490522608160973,
		0.9991143941879272
	],
	"right_eye": [
		0.4983828067779541,
		0.2813919186592102,
		-0.062340497970581055,
		0.9993396997451782
	],
	"left_ear": [
		0.4648759365081787,
		0.29748085141181946,
		0.1556132584810257,
		0.9989007115364075
	],
	"right_ear": [
		0.45557165145874023,
		0.30303746461868286,
		-0.18923377990722656,
		0.999394953250885
	]
}