{
	"left_hip": [
		0.4494989812374115,
		1.0451542139053345,
		0.2052890956401825,
		0.3201175928115845
	],
	"left_knee": [
		0.5781314969062805,
		0.7985102534294128,
		0.15862897038459778,
		0.06721477955579758
	],
	"left_ankle": [
		0.583264172077179,
		1.0507798194885254,
		0.3042086362838745,
		0.02737363800406456
	],
	"right_hip": [
		0.4104683995246887,
		1.0679377317428589,
		-0.2046113759279251,
		0.34380483627319336
	],
	"right_knee": [
		0.5464562177658081,
		0.8625658750534058,
		-0.31538039445877075,
		0.383313924074173
	],
	"right_ankle": [
		0.5678521990776062,
		1.0554267168045044,
		-0.06746625155210495,
		0.07737371325492859
	],
	"left_shoulder": [
		0.4347434639930725,
		0.5339204668998718,
		0.4129047393798828,
		0.9943260550498962
	],
	"left_elbow": [
		0.48033037781715393,
		0.7764605283737183,
		0.476567804813385,
		0.09206560254096985
	],
	"left_wrist": [
		0.5646988153457642,
		0.8874828815460205,
		0.2972775101661682,
		0.14229120314121246
	],
	"right_shoulder": [
		0.39650553464889526,
		0.5005263090133667,
		-0.31928256154060364,
		0.9992069005966187
	],
	"right_elbow": [
		0.49861717224121094,
		0.7419805526733398,
		-0.37941354513168335,
		0.9339578747749329
	],
	"right_wrist": [
		0.6139206290245056,
		0.9001030921936035,
		-0.23206408321857452,
		0.8458142280578613
	],
	"nose": [
		0.5223438143730164,
		0.32848653197288513,
		0.04858078807592392,
		0.9993728995323181
	],
	"left_eye": [
		0.505622148513794,
		0.2800251245498657,
		0.0808740183711052,
		0.999224841594696
	],
	"right_eye": [
		0.4991986155509949,
		0.2839687764644623,
		0.004921590443700552,
		0.9993311166763306
	],
	"left_ear": [
		0.46496614813804626,
		0.29869362711906433,
		0.2199769765138626,
		0.9991738796234131
	],
	"right_ear": [
		0.457339346408844,
		0.30408790707588196,
		-0.11720428615808487,
		0.999530553817749
	]
}