{
	"left_hip": [
		0.44831547141075134,
		1.0393307209014893,
		0.20308652520179749,
		0.3676227331161499
	],
	"left_knee": [
		0.5601083040237427,
		0.8272086977958679,
		0.13859125971794128,
		0.07532526552677155
	],
	"left_ankle": [
		0.5483131408691406,
		1.0869462490081787,
		0.28213781118392944,
		0.031086275354027748
	],
	"right_hip": [
		0.40854135155677795,
		1.0477699041366577,
		-0.20241770148277283,
		0.3708610236644745
	],
	"right_knee": [
		0.5254052877426147,
		0.9192350506782532,
		-0.2723672389984131,
		0.41665512323379517
	],
	"right_ankle": [
		0.5115675330162048,
		1.1205270290374756,
		-0.09715083241462708,
		0.0890645980834961
	],
	"left_shoulder": [
		0.4315769672393799,
		0.5251700282096863,
		0.442678302526474,
		0.9951463341712952
	],
	"left_elbow": [
		0.5101941823959351,
		0.7648626565933228,
		0.5170602798461914,
		0.09943505376577377
	],
	"left_wrist": [
		0.5827101469039917,
		0.8636603951454163,
		0.3312222361564636,
		0.13143084943294525
	],
	"right_shoulder": [
		0.39347711205482483,
		0.4897441267967224,
		-0.2933262586593628,
		0.9993161559104919
	],
	"right_elbow": [
		0.48214292526245117,
		0.7103622555732727,
		-0.37240099906921387,
		0.9514787793159485
	],
	"right_wrist": [
		0.5989212393760681,
		0.8565861582756042,
		-0.26280757784843445,
		0.8715078234672546
	],
	"nose": [
		0.5233674645423889,
		0.3314599096775055,
		0.07454399764537811,
		0.9993273615837097
	],
	"left_eye": [
		0.5063579678535461,
		0.28133755922317505,
		0.10813164710998535,
		0.9991732835769653
	],
	"right_eye": [
		0.49968981742858887,
		0.2850264310836792,
		0.033126842230558395,
		0.9992663860321045
	],
	"left_ear": [
		0.46595826745033264,
		0.2994803190231323,
		0.24972303211688995,
		0.9991663098335266
	],
	"right_ear": [
		0.45771995186805725,
		0.30418866872787476,
		-0.08230572938919067,
		0.9995027184486389
	]
}