{
	"left_hip": [
		0.4703122079372406,
		0.9541515111923218,
		0.1513901650905609,
		0.5847247242927551
	],
	"left_knee": [
		0.5703640580177307,
		0.6665331125259399,
		0.07237665355205536,
		0.11935059726238251
	],
	"left_ankle": [
		0.8126341104507446,
		0.5061026811599731,
		0.12770318984985352,
		0.08037954568862915
	],
	"right_hip": [
		0.4042993187904358,
		1.0121654272079468,
		-0.15088613331317902,
		0.6247941255569458
	],
	"right_knee": [
		0.490786612033844,
		0.8248421549797058,
		-0.2514617145061493,
		0.6539153456687927
	],
	"right_ankle": [
		0.6843734979629517,
		0.6550873517990112,
		-0.1197165846824646,
		0.23071739077568054
	],
	"left_shoulder": [
		0.45528727769851685,
		0.4897057116031647,
		0.10921776294708252,
		0.9979528784751892
	],
	"left_elbow": [
		0.6193732023239136,
		0.44790610671043396,
		0.044095009565353394,
		0.4903016686439514
	],
	"left_wrist": [
		0.792991578578949,
		0.4757078289985657,
		-0.21830928325653076,
		0.5175303220748901
	],
	"right_shoulder": [
		0.36347657442092896,
		0.4457439184188843,
		-0.39579713344573975,
		0.998422384262085
	],
	"right_elbow": [
		0.4447089731693268,
		0.3799523711204529,
		-0.7653955817222595,
		0.9515203833580017
	],
	"right_wrist": [
		0.5944423079490662,
		0.35136517882347107,
		-0.8650468587875366,
		0.8364202976226807
	],
	"nose": [
		0.5044196844100952,
		0.2981458604335785,
		-0.2541589140892029,
		0.9996219873428345
	],
	"left_eye": [
		0.49222469329833984,
		0.26355284452438354,
		-0.21521654725074768,
		0.9995691776275635
	],
	"right_eye": [
		0.4873012602329254,
		0.26853200793266296,
		-0.26883018016815186,
		0.999478816986084
	],
	"left_ear": [
		0.45608314871788025,
		0.28365230560302734,
		-0.018960706889629364,
		0.9995837211608887
	],
	"right_ear": [
		0.4483320713043213,
		0.2894391417503357,
		-0.2654895484447479,
		0.9996501207351685
	]
}