{
	"left_hip": [
		0.4436831474304199,
		1.031079649925232,
		0.1297372728586197,
		0.5642598271369934
	],
	"left_knee": [
		0.45531973242759705,
		1.4079309701919556,
		0.19701553881168365,
		0.1437178999185562
	],
	"left_ankle": [
		0.45999446511268616,
		1.763174295425415,
		0.4402430057525635,
		0.06380612403154373
	],
	"right_hip": [
		0.3767312467098236,
		1.0479528903961182,
		-0.12907952070236206,
		0.5195264220237732
	],
	"right_knee": [
		0.3646079897880554,
		1.4296236038208008,
		-0.07793985307216644,
		0.4740385413169861
	],
	"right_ankle": [
		0.35717904567718506,
		1.8072036504745483,
		0.06912486255168915,
		0.14945590496063232
	],
	"left_shoulder": [
		0.44238996505737305,
		0.502264678478241,
		0.06687425076961517,
		0.9982929825782776
	],
	"left_elbow": [
		0.6147618293762207,
		0.4130813181400299,
		0.06786918640136719,
		0.7637958526611328
	],
	"left_wrist": [
		0.7932713031768799,
		0.347680926322937,
		-0.10225391387939453,
		0.790757417678833
	],
	"right_shoulder": [
		0.34467393159866333,
		0.4806753098964691,
		-0.422793447971344,
		0.9922929406166077
	],
	"right_elbow": [
		0.41346248984336853,
		0.31885257363319397,
		-0.7292768359184265,
		0.9620426297187805
	],
	"right_wrist": [
		0.5510261654853821,
		0.25335216522216797,
		-0.7892036437988281,
		0.895115852355957
	],
	"nose": [
		0.4799865186214447,
		0.3147450387477875,
		-0.30357253551483154,
		0.999566912651062
	],
	"left_eye": [
		0.47422319650650024,
		0.27352064847946167,
		-0.2676953375339508,
		0.9994954466819763
	],
	"right_eye": [
		0.46661028265953064,
		0.2777464687824249,
		-0.32028746604919434,
		0.9994791150093079
	],
	"left_ear": [
		0.4448368549346924,
		0.288900226354599,
		-0.09812141954898834,
		0.9996547698974609
	],
	"right_ear": [
		0.4325265884399414,
		0.2996346652507782,
		-0.32148829102516174,
		0.9996081590652466
	]
}