{
	"left_hip": [
		0.4489273130893707,
		1.0492539405822754,
		0.1178724616765976,
		0.5875641703605652
	],
	"left_knee": [
		0.45965775847435,
		1.4492992162704468,
		0.20394134521484375,
		0.1305973380804062
	],
	"left_ankle": [
		0.4578748345375061,
		1.8122429847717285,
		0.44022220373153687,
		0.0537589006125927
	],
	"right_hip": [
		0.3659243881702423,
		1.0657099485397339,
		-0.11688466370105743,
		0.5182421803474426
	],
	"right_knee": [
		0.34789735078811646,
		1.4644782543182373,
		-0.0645999163389206,
		0.43304142355918884
	],
	"right_ankle": [
		0.34774747490882874,
		1.836227297782898,
		0.08339261263608932,
		0.12882886826992035
	],
	"left_shoulder": [
		0.46343761682510376,
		0.5065192580223083,
		0.0426219217479229,
		0.9985288977622986
	],
	"left_elbow": [
		0.6304790377616882,
		0.42023518681526184,
		0.0238303542137146,
		0.8062225580215454
	],
	"left_wrist": [
		0.7958710193634033,
		0.3424270749092102,
		-0.14385300874710083,
		0.8301550149917603
	],
	"right_shoulder": [
		0.33530712127685547,
		0.48288872838020325,
		-0.43748170137405396,
		0.9931100606918335
	],
	"right_elbow": [
		0.4110897481441498,
		0.30577269196510315,
		-0.7988024353981018,
		0.9680368304252625
	],
	"right_wrist": [
		0.544756293296814,
		0.24535100162029266,
		-0.8819802403450012,
		0.9115294814109802
	],
	"nose": [
		0.4794258177280426,
		0.33088988065719604,
		-0.3412483334541321,
		0.999630331993103
	],
	"left_eye": [
		0.4740310609340668,
		0.28973299264907837,
		-0.3009546101093292,
		0.9995715618133545
	],
	"right_eye": [
		0.46505337953567505,
		0.29311466217041016,
		-0.3518473207950592,
		0.9995601177215576
	],
	"left_ear": [
		0.44431203603744507,
		0.302731454372406,
		-0.09432084858417511,
		0.9997103810310364
	],
	"right_ear": [
		0.42913922667503357,
		0.31096091866493225,
		-0.32573777437210083,
		0.9996688365936279
	]
}