{
	"left_hip": [
		0.4647332727909088,
		1.0816850662231445,
		0.09989600628614426,
		0.7930868864059448
	],
	"left_knee": [
		0.47460871934890747,
		1.4941685199737549,
		0.09410558640956879,
		0.09443465620279312
	],
	"left_ankle": [
		0.48293739557266235,
		1.8769711256027222,
		0.36265772581100464,
		0.016176490113139153
	],
	"right_hip": [
		0.34967920184135437,
		1.0928256511688232,
		-0.09891501069068909,
		0.7229548096656799
	],
	"right_knee": [
		0.3464178442955017,
		1.4967213869094849,
		-0.11820100247859955,
		0.2569609582424164
	],
	"right_ankle": [
		0.35087987780570984,
		1.894943118095398,
		0.045464348047971725,
		0.05400117114186287
	],
	"left_shoulder": [
		0.47328004240989685,
		0.5188131332397461,
		0.11715233325958252,
		0.9993480443954468
	],
	"left_elbow": [
		0.6433230638504028,
		0.46472492814064026,
		0.03144184872508049,
		0.9594359993934631
	],
	"left_wrist": [
		0.7941542267799377,
		0.42272108793258667,
		-0.16041694581508636,
		0.9675169587135315
	],
	"right_shoulder": [
		0.30958813428878784,
		0.4854500889778137,
		-0.356899231672287,
		0.9973544478416443
	],
	"right_elbow": [
		0.3593095541000366,
		0.307660847902298,
		-0.8727893829345703,
		0.9917081594467163
	],
	"right_wrist": [
		0.49816831946372986,
		0.33232608437538147,
		-1.1377055644989014,
		0.9796790480613708
	],
	"nose": [
		0.44578734040260315,
		0.3434704840183258,
		-0.30499863624572754,
		0.9998320937156677
	],
	"left_eye": [
		0.44324788451194763,
		0.288519948720932,
		-0.25613975524902344,
		0.9998114705085754
	],
	"right_eye": [
		0.42628613114356995,
		0.28580227494239807,
		-0.29705315828323364,
		0.9998278617858887
	],
	"left_ear": [
		0.4260573387145996,
		0.30502307415008545,
		-0.013966044411063194,
		0.9998893737792969
	],
	"right_ear": [
		0.3878737986087799,
		0.2971063554286957,
		-0.19731946289539337,
		0.9998798370361328
	]
}