{
	"left_hip": [
		0.45091772079467773,
		1.0150151252746582,
		0.09644559025764465,
		0.8203683495521545
	],
	"left_knee": [
		0.4747547507286072,
		1.4879887104034424,
		0.07781873643398285,
		0.08866269141435623
	],
	"left_ankle": [
		0.4816907048225403,
		1.8725987672805786,
		0.30530649423599243,
		0.013855567201972008
	],
	"right_hip": [
		0.3491364121437073,
		1.0798029899597168,
		-0.09560451656579971,
		0.7563012838363647
	],
	"right_knee": [
		0.34671351313591003,
		1.4871361255645752,
		-0.10709236562252045,
		0.23154407739639282
	],
	"right_ankle": [
		0.3540061414241791,
		1.8884083032608032,
		0.044700201600790024,
		0.04802952706813812
	],
	"left_shoulder": [
		0.4749494194984436,
		0.5177316069602966,
		0.14068034291267395,
		0.9994311332702637
	],
	"left_elbow": [
		0.640306830406189,
		0.4777217507362366,
		0.057441312819719315,
		0.9667540192604065
	],
	"left_wrist": [
		0.7943493127822876,
		0.4354337155818939,
		-0.13074156641960144,
		0.9735708236694336
	],
	"right_shoulder": [
		0.30761414766311646,
		0.4873366057872772,
		-0.33341142535209656,
		0.9976469874382019
	],
	"right_elbow": [
		0.34643852710723877,
		0.3323725461959839,
		-0.8279911279678345,
		0.9927297234535217
	],
	"right_wrist": [
		0.47869163751602173,
		0.3526366651058197,
		-1.0948383808135986,
		0.9828177094459534
	],
	"nose": [
		0.44758740067481995,
		0.31821927428245544,
		-0.24191944301128387,
		0.9998454451560974
	],
	"left_eye": [
		0.4440201222896576,
		0.2715541422367096,
		-0.19202138483524323,
		0.9998270869255066
	],
	"right_eye": [
		0.42864638566970825,
		0.2732158303260803,
		-0.23796769976615906,
		0.9998440146446228
	],
	"left_ear": [
		0.42157095670700073,
		0.29064029455184937,
		0.03231853246688843,
		0.9999008774757385
	],
	"right_ear": [
		0.3894079327583313,
		0.28990378975868225,
		-0.171942800283432,
		0.9998920559883118
	]
}