{
	"left_hip": [
		0.47056666016578674,
		1.1069560050964355,
		0.11663417518138885,
		0.6504438519477844
	],
	"left_knee": [
		0.4824603497982025,
		1.5478168725967407,
		0.12158093601465225,
		0.039672013372182846
	],
	"left_ankle": [
		0.4882226586341858,
		1.9547572135925293,
		0.3565566837787628,
		0.004467656370252371
	],
	"right_hip": [
		0.3600505292415619,
		1.121791124343872,
		-0.11553414165973663,
		0.5604709982872009
	],
	"right_knee": [
		0.3567188084125519,
		1.5674394369125366,
		-0.10082802921533585,
		0.12131524831056595
	],
	"right_ankle": [
		0.3622228801250458,
		1.9952181577682495,
		0.030860941857099533,
		0.020235762000083923
	],
	"left_shoulder": [
		0.4707234501838684,
		0.5316721200942993,
		0.21937617659568787,
		0.999594509601593
	],
	"left_elbow": [
		0.6425249576568604,
		0.5212233662605286,
		0.22323183715343475,
		0.980948805809021
	],
	"left_wrist": [
		0.8078557848930359,
		0.4874546229839325,
		0.07961951196193695,
		0.9915328621864319
	],
	"right_shoulder": [
		0.32445254921913147,
		0.4760376513004303,
		-0.30269932746887207,
		0.9984487891197205
	],
	"right_elbow": [
		0.2678101658821106,
		0.4447243809700012,
		-0.6949859261512756,
		0.9879270195960999
	],
	"right_wrist": [
		0.4391481876373291,
		0.4625929892063141,
		-0.8596735000610352,
		0.9858018755912781
	],
	"nose": [
		0.4748379588127136,
		0.29887890815734863,
		-0.163650244474411,
		0.9999412894248962
	],
	"left_eye": [
		0.4589551091194153,
		0.2597752809524536,
		-0.11156585067510605,
		0.999934732913971
	],
	"right_eye": [
		0.44988077878952026,
		0.2647589147090912,
		-0.16200214624404907,
		0.999944269657135
	],
	"left_ear": [
		0.4247035086154938,
		0.28150463104248047,
		0.09715457260608673,
		0.9999645948410034
	],
	"right_ear": [
		0.41138172149658203,
		0.28885141015052795,
		-0.16106435656547546,
		0.999961793422699
	]
}