{
	"left_hip": [
		0.48051899671554565,
		1.1421120166778564,
		0.11780460923910141,
		0.6384835243225098
	],
	"left_knee": [
		0.4863317906856537,
		1.581291913986206,
		0.17846950888633728,
		0.030330369248986244
	],
	"left_ankle": [
		0.4924502968788147,
		1.9853428602218628,
		0.4692084789276123,
		0.003252898808568716
	],
	"right_hip": [
		0.3659328818321228,
		1.1613894701004028,
		-0.11668455600738525,
		0.5628934502601624
	],
	"right_knee": [
		0.3599322438240051,
		1.5983209609985352,
		-0.07868503034114838,
		0.12139422446489334
	],
	"right_ankle": [
		0.3639126718044281,
		2.03131365776062,
		0.09967394173145294,
		0.019654668867588043
	],
	"left_shoulder": [
		0.4855037331581116,
		0.5341603755950928,
		0.19425538182258606,
		0.9996844530105591
	],
	"left_elbow": [
		0.6520071029663086,
		0.5209971070289612,
		0.20257870852947235,
		0.986059308052063
	],
	"left_wrist": [
		0.8026182055473328,
		0.47115767002105713,
		0.043802808970212936,
		0.9944583773612976
	],
	"right_shoulder": [
		0.32748714089393616,
		0.5043330192565918,
		-0.3329187333583832,
		0.9989383220672607
	],
	"right_elbow": [
		0.2541598081588745,
		0.42382344603538513,
		-0.7522445917129517,
		0.9914660453796387
	],
	"right_wrist": [
		0.42825356125831604,
		0.45732858777046204,
		-0.9176414608955383,
		0.9883831143379211
	],
	"nose": [
		0.4763193130493164,
		0.30855807662010193,
		-0.26465705037117004,
		0.9999640583992004
	],
	"left_eye": [
		0.46016865968704224,
		0.26619449257850647,
		-0.21200235188007355,
		0.9999598264694214
	],
	"right_eye": [
		0.44865378737449646,
		0.27303507924079895,
		-0.25893276929855347,
		0.9999660849571228
	],
	"left_ear": [
		0.4269534647464752,
		0.29112011194229126,
		0.029966259375214577,
		0.9999783635139465
	],
	"right_ear": [
		0.41001200675964355,
		0.3052695095539093,
		-0.1800873726606369,
		0.9999768137931824
	]
}