{
	"left_hip": [
		0.4837666451931,
		1.161939263343811,
		0.14552564918994904,
		0.6869412660598755
	],
	"left_knee": [
		0.4939826428890228,
		1.5726354122161865,
		0.19241681694984436,
		0.02634941227734089
	],
	"left_ankle": [
		0.5136730670928955,
		1.9740866422653198,
		0.4541237950325012,
		0.0031284578144550323
	],
	"right_hip": [
		0.38162440061569214,
		1.1851611137390137,
		-0.14451169967651367,
		0.683395266532898
	],
	"right_knee": [
		0.38184452056884766,
		1.5864464044570923,
		-0.0760413333773613,
		0.19688870012760162
	],
	"right_ankle": [
		0.38400670886039734,
		2.030459403991699,
		0.07138015329837799,
		0.043812964111566544
	],
	"left_shoulder": [
		0.4889947474002838,
		0.5334374308586121,
		0.22814175486564636,
		0.9997146129608154
	],
	"left_elbow": [
		0.6539980173110962,
		0.5063477158546448,
		0.239633709192276,
		0.9905555844306946
	],
	"left_wrist": [
		0.7978414297103882,
		0.4661633372306824,
		0.03102819249033928,
		0.9959506988525391
	],
	"right_shoulder": [
		0.3300296664237976,
		0.5145777463912964,
		-0.2982026934623718,
		0.9995809197425842
	],
	"right_elbow": [
		0.2372264862060547,
		0.3847522437572479,
		-0.7229174971580505,
		0.9969586133956909
	],
	"right_wrist": [
		0.4132691025733948,
		0.41221410036087036,
		-0.9232367277145386,
		0.9886928796768188
	],
	"nose": [
		0.47509652376174927,
		0.30236467719078064,
		-0.2050718367099762,
		0.9999892711639404
	],
	"left_eye": [
		0.4592076241970062,
		0.25653156638145447,
		-0.15637759864330292,
		0.9999850392341614
	],
	"right_eye": [
		0.44494733214378357,
		0.26518285274505615,
		-0.20934972167015076,
		0.9999901652336121
	],
	"left_ear": [
		0.42777109146118164,
		0.28620582818984985,
		0.06387355178594589,
		0.999992311000824
	],
	"right_ear": [
		0.4029006063938141,
		0.30155491828918457,
		-0.17018607258796692,
		0.9999940395355225
	]
}