{
	"left_hip": [
		0.48389488458633423,
		1.1606318950653076,
		0.13547086715698242,
		0.6528401970863342
	],
	"left_knee": [
		0.4966060519218445,
		1.6033726930618286,
		0.13716575503349304,
		0.02494409866631031
	],
	"left_ankle": [
		0.5154713988304138,
		2.0116288661956787,
		0.39130571484565735,
		0.0022486222442239523
	],
	"right_hip": [
		0.37221601605415344,
		1.179155945777893,
		-0.13463851809501648,
		0.6442299485206604
	],
	"right_knee": [
		0.3741707503795624,
		1.6043134927749634,
		-0.12255456298589706,
		0.16265951097011566
	],
	"right_ankle": [
		0.37461915612220764,
		2.0783309936523438,
		0.013413848355412483,
		0.036360856145620346
	],
	"left_shoulder": [
		0.49325352907180786,
		0.5314821600914001,
		0.24386589229106903,
		0.9998084306716919
	],
	"left_elbow": [
		0.6593661308288574,
		0.5185862183570862,
		0.23048214614391327,
		0.9958975315093994
	],
	"left_wrist": [
		0.8038442730903625,
		0.46648022532463074,
		0.015329363755881786,
		0.9985414147377014
	],
	"right_shoulder": [
		0.32745179533958435,
		0.4956796169281006,
		-0.3153302073478699,
		0.9997389316558838
	],
	"right_elbow": [
		0.2305005043745041,
		0.3835802376270294,
		-0.7846168279647827,
		0.998211681842804
	],
	"right_wrist": [
		0.40795770287513733,
		0.41003063321113586,
		-1.0137290954589844,
		0.9940257668495178
	],
	"nose": [
		0.477762371301651,
		0.3083232641220093,
		-0.20308656990528107,
		0.9999920725822449
	],
	"left_eye": [
		0.4621414244174957,
		0.25906503200531006,
		-0.15157471597194672,
		0.9999869465827942
	],
	"right_eye": [
		0.4494158625602722,
		0.26656249165534973,
		-0.20718371868133545,
		0.9999925494194031
	],
	"left_ear": [
		0.42895665764808655,
		0.2854676842689514,
		0.08239202946424484,
		0.9999934434890747
	],
	"right_ear": [
		0.4082023501396179,
		0.3005400002002716,
		-0.16633591055870056,
		0.9999955892562866
	]
}