{
	"left_hip": [
		0.4825529456138611,
		1.1565996408462524,
		0.14076822996139526,
		0.6098188161849976
	],
	"left_knee": [
		0.4910624027252197,
		1.5301100015640259,
		0.17557363212108612,
		0.02557176724076271
	],
	"left_ankle": [
		0.5232560038566589,
		1.913383960723877,
		0.43281126022338867,
		0.00277072680182755
	],
	"right_hip": [
		0.37769073247909546,
		1.1726233959197998,
		-0.13983409106731415,
		0.6265336871147156
	],
	"right_knee": [
		0.3808116018772125,
		1.5199720859527588,
		-0.10870276391506195,
		0.17918892204761505
	],
	"right_ankle": [
		0.38396403193473816,
		1.977178692817688,
		0.038999781012535095,
		0.04605596885085106
	],
	"left_shoulder": [
		0.4919371008872986,
		0.5317835211753845,
		0.23699124157428741,
		0.9997787475585938
	],
	"left_elbow": [
		0.6589356064796448,
		0.5177587270736694,
		0.21740274131298065,
		0.9950441718101501
	],
	"left_wrist": [
		0.802787184715271,
		0.46485796570777893,
		-0.00402125995606184,
		0.9978969097137451
	],
	"right_shoulder": [
		0.3308022618293762,
		0.49564674496650696,
		-0.31773990392684937,
		0.9997339844703674
	],
	"right_elbow": [
		0.22943103313446045,
		0.38665494322776794,
		-0.7574596405029297,
		0.9980035424232483
	],
	"right_wrist": [
		0.40613770484924316,
		0.40907779335975647,
		-0.9652937054634094,
		0.9923036098480225
	],
	"nose": [
		0.47822698950767517,
		0.30614763498306274,
		-0.20168504118919373,
		0.9999920129776001
	],
	"left_eye": [
		0.46253180503845215,
		0.25784361362457275,
		-0.1508304476737976,
		0.9999861121177673
	],
	"right_eye": [
		0.45013123750686646,
		0.2648422122001648,
		-0.2060638666152954,
		0.9999924302101135
	],
	"left_ear": [
		0.4297531545162201,
		0.28411024808883667,
		0.07986374944448471,
		0.9999926686286926
	],
	"right_ear": [
		0.40967655181884766,
		0.2981756329536438,
		-0.17141029238700867,
		0.9999952912330627
	]
}