{
	"left_hip": [
		0.483086496591568,
		1.157591462135315,
		0.13897225260734558,
		0.6193974018096924
	],
	"left_knee": [
		0.49526944756507874,
		1.5868349075317383,
		0.16690300405025482,
		0.024455154314637184
	],
	"left_ankle": [
		0.5214470028877258,
		2.002232313156128,
		0.4304327964782715,
		0.0025335056707262993
	],
	"right_hip": [
		0.37687090039253235,
		1.1765073537826538,
		-0.13809579610824585,
		0.6308725476264954
	],
	"right_knee": [
		0.3791036903858185,
		1.5965099334716797,
		-0.10274722427129745,
		0.17552898824214935
	],
	"right_ankle": [
		0.38326555490493774,
		2.06817626953125,
		0.03980670124292374,
		0.042912524193525314
	],
	"left_shoulder": [
		0.4911412298679352,
		0.5319639444351196,
		0.2383483648300171,
		0.9997912049293518
	],
	"left_elbow": [
		0.6590920686721802,
		0.51749587059021,
		0.22790077328681946,
		0.995445966720581
	],
	"left_wrist": [
		0.8027793169021606,
		0.46333691477775574,
		0.024680811911821365,
		0.998106837272644
	],
	"right_shoulder": [
		0.330715537071228,
		0.49572888016700745,
		-0.3130262494087219,
		0.999749481678009
	],
	"right_elbow": [
		0.2293485403060913,
		0.3873662054538727,
		-0.7581847310066223,
		0.9981359839439392
	],
	"right_wrist": [
		0.40609222650527954,
		0.4089665412902832,
		-0.9697351455688477,
		0.9929171204566956
	],
	"nose": [
		0.47821587324142456,
		0.3060321509838104,
		-0.2024960070848465,
		0.9999926686286926
	],
	"left_eye": [
		0.46254563331604004,
		0.257752001285553,
		-0.15159931778907776,
		0.9999873638153076
	],
	"right_eye": [
		0.45016923546791077,
		0.26458898186683655,
		-0.20624423027038574,
		0.999993085861206
	],
	"left_ear": [
		0.4301098883152008,
		0.28379470109939575,
		0.07856716215610504,
		0.9999934434890747
	],
	"right_ear": [
		0.40996426343917847,
		0.29754170775413513,
		-0.16921263933181763,
		0.999995768070221
	]
}