{
	"left_hip": [
		0.48382368683815,
		1.158494472503662,
		0.1392686516046524,
		0.6196292638778687
	],
	"left_knee": [
		0.49676719307899475,
		1.5981558561325073,
		0.16349941492080688,
		0.02473711594939232
	],
	"left_ankle": [
		0.5191051363945007,
		2.0171608924865723,
		0.4212645888328552,
		0.0024612268898636103
	],
	"right_hip": [
		0.3768347203731537,
		1.1780500411987305,
		-0.13840198516845703,
		0.6261650323867798
	],
	"right_knee": [
		0.3782733678817749,
		1.6085655689239502,
		-0.10856328904628754,
		0.176460862159729
	],
	"right_ankle": [
		0.3823438584804535,
		2.0800364017486572,
		0.024406330659985542,
		0.04165668785572052
	],
	"left_shoulder": [
		0.4911500811576843,
		0.5319734215736389,
		0.2433333396911621,
		0.9997971653938293
	],
	"left_elbow": [
		0.6593992710113525,
		0.5174441933631897,
		0.2376728057861328,
		0.9956390261650085
	],
	"left_wrist": [
		0.8027755618095398,
		0.46299809217453003,
		0.0338689461350441,
		0.9982035756111145
	],
	"right_shoulder": [
		0.33130890130996704,
		0.49594593048095703,
		-0.3064482808113098,
		0.9997533559799194
	],
	"right_elbow": [
		0.22920837998390198,
		0.3877565264701843,
		-0.7442432641983032,
		0.9981826543807983
	],
	"right_wrist": [
		0.4058116376399994,
		0.40878474712371826,
		-0.9454026222229004,
		0.9931256771087646
	],
	"nose": [
		0.47823819518089294,
		0.30593791604042053,
		-0.20132224261760712,
		0.9999932050704956
	],
	"left_eye": [
		0.46255508065223694,
		0.2576555609703064,
		-0.15019851922988892,
		0.9999882578849792
	],
	"right_eye": [
		0.4501991271972656,
		0.264438271522522,
		-0.20465174317359924,
		0.9999935626983643
	],
	"left_ear": [
		0.43029123544692993,
		0.28374019265174866,
		0.08005184680223465,
		0.9999939203262329
	],
	"right_ear": [
		0.41008320450782776,
		0.29746976494789124,
		-0.16451236605644226,
		0.9999961256980896
	]
}