{
	"left_hip": [
		0.49007925391197205,
		1.1878197193145752,
		0.07790648937225342,
		0.44376182556152344
	],
	"left_knee": [
		0.5197184681892395,
		1.6900418996810913,
		0.07358680665493011,
		0.016650689765810966
	],
	"left_ankle": [
		0.5219858884811401,
		2.146775960922241,
		0.35607749223709106,
		0.0027544908225536346
	],
	"right_hip": [
		0.34683626890182495,
		1.2298883199691772,
		-0.07670046389102936,
		0.42136257886886597
	],
	"right_knee": [
		0.3731418251991272,
		1.7210164070129395,
		-0.11866956949234009,
		0.06894102692604065
	],
	"right_ankle": [
		0.37441110610961914,
		2.2050323486328125,
		0.033175867050886154,
		0.018040316179394722
	],
	"left_shoulder": [
		0.4959429204463959,
		0.5103757381439209,
		0.08730904757976532,
		0.9998677372932434
	],
	"left_elbow": [
		0.6708750128746033,
		0.4983273148536682,
		0.1661849021911621,
		0.9968201518058777
	],
	"left_wrist": [
		0.7988863587379456,
		0.5350677967071533,
		0.005222959443926811,
		0.9976131319999695
	],
	"right_shoulder": [
		0.281170129776001,
		0.5540390610694885,
		-0.3430931568145752,
		0.9998030066490173
	],
	"right_elbow": [
		0.09405197948217392,
		0.625177264213562,
		-0.7562257647514343,
		0.9970484972000122
	],
	"right_wrist": [
		0.24697306752204895,
		0.4392896890640259,
		-1.0915497541427612,
		0.9918103218078613
	],
	"nose": [
		0.48437148332595825,
		0.30410510301589966,
		-0.3197309672832489,
		0.9999873638153076
	],
	"left_eye": [
		0.46899843215942383,
		0.2624668478965759,
		-0.26932424306869507,
		0.9999653100967407
	],
	"right_eye": [
		0.45879441499710083,
		0.2652226388454437,
		-0.32836607098579407,
		0.9999865889549255
	],
	"left_ear": [
		0.43358397483825684,
		0.28854718804359436,
		-0.04710833728313446,
		0.9999783039093018
	],
	"right_ear": [
		0.4110657572746277,
		0.3001226782798767,
		-0.3129006326198578,
		0.9999918937683105
	]
}