{
	"left_hip": [
		0.4885987341403961,
		1.1738826036453247,
		0.0862908586859703,
		0.39796292781829834
	],
	"left_knee": [
		0.5369502902030945,
		1.6675711870193481,
		0.060431916266679764,
		0.01692868024110794
	],
	"left_ankle": [
		0.5511021614074707,
		2.1263930797576904,
		0.3708328604698181,
		0.0021550385281443596
	],
	"right_hip": [
		0.347482293844223,
		1.2233061790466309,
		-0.08518463373184204,
		0.3706960082054138
	],
	"right_knee": [
		0.38723936676979065,
		1.7133170366287231,
		-0.11812759935855865,
		0.05465606600046158
	],
	"right_ankle": [
		0.40258607268333435,
		2.199354410171509,
		0.060324568301439285,
		0.013835424557328224
	],
	"left_shoulder": [
		0.4951179623603821,
		0.5107282996177673,
		0.09443150460720062,
		0.9998774528503418
	],
	"left_elbow": [
		0.6700085401535034,
		0.5062314867973328,
		0.16317370533943176,
		0.9972759485244751
	],
	"left_wrist": [
		0.7952744364738464,
		0.5447279810905457,
		-0.004689137917011976,
		0.997862696647644
	],
	"right_shoulder": [
		0.28207141160964966,
		0.5539824962615967,
		-0.34479355812072754,
		0.9997941851615906
	],
	"right_elbow": [
		0.09264732897281647,
		0.6216417551040649,
		-0.7760699391365051,
		0.9970352053642273
	],
	"right_wrist": [
		0.23939549922943115,
		0.4348846673965454,
		-1.1391026973724365,
		0.9924963116645813
	],
	"nose": [
		0.48210668563842773,
		0.30158039927482605,
		-0.31385403871536255,
		0.9999850392341614
	],
	"left_eye": [
		0.4657418727874756,
		0.2603834867477417,
		-0.26102808117866516,
		0.9999598860740662
	],
	"right_eye": [
		0.4578867554664612,
		0.26366057991981506,
		-0.320439875125885,
		0.9999836087226868
	],
	"left_ear": [
		0.4314689040184021,
		0.287784606218338,
		-0.03299681842327118,
		0.9999752640724182
	],
	"right_ear": [
		0.41095566749572754,
		0.29990771412849426,
		-0.2899453639984131,
		0.9999896287918091
	]
}