{
	"left_hip": [
		0.4886382520198822,
		1.1741132736206055,
		0.08543530106544495,
		0.4078451693058014
	],
	"left_knee": [
		0.5351687669754028,
		1.6714707612991333,
		0.07006916403770447,
		0.016328195109963417
	],
	"left_ankle": [
		0.5503157377243042,
		2.1243443489074707,
		0.3725281357765198,
		0.0019843413028866053
	],
	"right_hip": [
		0.34762293100357056,
		1.223819375038147,
		-0.08438928425312042,
		0.37657999992370605
	],
	"right_knee": [
		0.38528263568878174,
		1.7128642797470093,
		-0.11267205327749252,
		0.050781670957803726
	],
	"right_ankle": [
		0.4003570079803467,
		2.1967978477478027,
		0.06567837297916412,
		0.01277354545891285
	],
	"left_shoulder": [
		0.4951472878456116,
		0.5114107728004456,
		0.09602133929729462,
		0.9998843669891357
	],
	"left_elbow": [
		0.6701437830924988,
		0.5062144994735718,
		0.17509853839874268,
		0.9974902868270874
	],
	"left_wrist": [
		0.795457661151886,
		0.548326849937439,
		0.04413494095206261,
		0.9980324506759644
	],
	"right_shoulder": [
		0.28193312883377075,
		0.5538147687911987,
		-0.3521137237548828,
		0.9997993111610413
	],
	"right_elbow": [
		0.09261534363031387,
		0.6212171316146851,
		-0.7845566868782043,
		0.9971875548362732
	],
	"right_wrist": [
		0.23919764161109924,
		0.4331541657447815,
		-1.1430774927139282,
		0.9929919838905334
	],
	"nose": [
		0.481825590133667,
		0.3015267252922058,
		-0.31102752685546875,
		0.9999842643737793
	],
	"left_eye": [
		0.4651835560798645,
		0.2603376507759094,
		-0.2584247887134552,
		0.9999581575393677
	],
	"right_eye": [
		0.45780277252197266,
		0.26357653737068176,
		-0.31732794642448425,
		0.9999827742576599
	],
	"left_ear": [
		0.43085265159606934,
		0.28775960206985474,
		-0.0315498486161232,
		0.9999743700027466
	],
	"right_ear": [
		0.41092339158058167,
		0.2998464107513428,
		-0.2908717095851898,
		0.9999889135360718
	]
}