{
	"left_hip": [
		0.4878789782524109,
		1.1720353364944458,
		0.08412064611911774,
		0.4224967956542969
	],
	"left_knee": [
		0.5268518328666687,
		1.6693366765975952,
		0.07549376040697098,
		0.015560895204544067
	],
	"left_ankle": [
		0.5401713848114014,
		2.1202056407928467,
		0.37462103366851807,
		0.0018285842379555106
	],
	"right_hip": [
		0.34754595160484314,
		1.22202467918396,
		-0.0831303820014,
		0.38723504543304443
	],
	"right_knee": [
		0.3799389898777008,
		1.7072292566299438,
		-0.10392160713672638,
		0.04699849337339401
	],
	"right_ankle": [
		0.3938540816307068,
		2.181900978088379,
		0.07401858270168304,
		0.011777856387197971
	],
	"left_shoulder": [
		0.49516186118125916,
		0.5114320516586304,
		0.09729921072721481,
		0.9998900294303894
	],
	"left_elbow": [
		0.6652956604957581,
		0.5093457698822021,
		0.1923189014196396,
		0.9976480007171631
	],
	"left_wrist": [
		0.7905671000480652,
		0.5498149991035461,
		0.07324893027544022,
		0.9981608390808105
	],
	"right_shoulder": [
		0.28210169076919556,
		0.551197350025177,
		-0.35110750794410706,
		0.9998065233230591
	],
	"right_elbow": [
		0.09361889213323593,
		0.6198289394378662,
		-0.7806777358055115,
		0.9973403215408325
	],
	"right_wrist": [
		0.2405259907245636,
		0.43384161591529846,
		-1.1318135261535645,
		0.9934608936309814
	],
	"nose": [
		0.48170608282089233,
		0.30140450596809387,
		-0.3063197433948517,
		0.9999837279319763
	],
	"left_eye": [
		0.46489015221595764,
		0.2600351572036743,
		-0.2547341287136078,
		0.9999575018882751
	],
	"right_eye": [
		0.4577605128288269,
		0.2633592486381531,
		-0.31549569964408875,
		0.9999824166297913
	],
	"left_ear": [
		0.4305945932865143,
		0.2873757481575012,
		-0.028124015778303146,
		0.9999741315841675
	],
	"right_ear": [
		0.41081658005714417,
		0.2996557354927063,
		-0.2889781594276428,
		0.9999887347221375
	]
}