{
	"left_hip": [
		0.4878045916557312,
		1.1710412502288818,
		0.08211170136928558,
		0.4236524701118469
	],
	"left_knee": [
		0.5211504101753235,
		1.668912410736084,
		0.0927518829703331,
		0.013887397944927216
	],
	"left_ankle": [
		0.5314182043075562,
		2.118852138519287,
		0.41315561532974243,
		0.0015355917857959867
	],
	"right_hip": [
		0.34765809774398804,
		1.2205930948257446,
		-0.08112867176532745,
		0.3810180127620697
	],
	"right_knee": [
		0.3762546181678772,
		1.7035883665084839,
		-0.09690888226032257,
		0.04004931077361107
	],
	"right_ankle": [
		0.38733863830566406,
		2.1754965782165527,
		0.10015504062175751,
		0.009865961037576199
	],
	"left_shoulder": [
		0.49505966901779175,
		0.5115921497344971,
		0.08901669085025787,
		0.9999010562896729
	],
	"left_elbow": [
		0.66570645570755,
		0.5164201855659485,
		0.17248210310935974,
		0.9979374408721924
	],
	"left_wrist": [
		0.7857035994529724,
		0.5741755366325378,
		0.013060664758086205,
		0.998397171497345
	],
	"right_shoulder": [
		0.28277257084846497,
		0.5510373115539551,
		-0.35719138383865356,
		0.9998133778572083
	],
	"right_elbow": [
		0.09389311075210571,
		0.6180310845375061,
		-0.795028567314148,
		0.9975782036781311
	],
	"right_wrist": [
		0.23998673260211945,
		0.43265658617019653,
		-1.168353796005249,
		0.9942583441734314
	],
	"nose": [
		0.48147767782211304,
		0.3014039695262909,
		-0.3195738196372986,
		0.9999814033508301
	],
	"left_eye": [
		0.4641953408718109,
		0.25992968678474426,
		-0.26822277903556824,
		0.9999521374702454
	],
	"right_eye": [
		0.4576190412044525,
		0.26327669620513916,
		-0.32847416400909424,
		0.999979555606842
	],
	"left_ear": [
		0.4295174181461334,
		0.2871595323085785,
		-0.03884546458721161,
		0.9999709129333496
	],
	"right_ear": [
		0.41082221269607544,
		0.29930004477500916,
		-0.30453211069107056,
		0.9999865889549255
	]
}