{
	"left_hip": [
		0.4883515238761902,
		1.1847432851791382,
		0.0716250017285347,
		0.4651567339897156
	],
	"left_knee": [
		0.5099576115608215,
		1.6887226104736328,
		0.06593532115221024,
		0.009992003440856934
	],
	"left_ankle": [
		0.5160943269729614,
		2.162945508956909,
		0.3341158628463745,
		0.0008469389867968857
	],
	"right_hip": [
		0.3439701795578003,
		1.2271281480789185,
		-0.07033958286046982,
		0.4294152855873108
	],
	"right_knee": [
		0.3657219111919403,
		1.7271318435668945,
		-0.1292201578617096,
		0.02365632727742195
	],
	"right_ankle": [
		0.37492960691452026,
		2.2124528884887695,
		0.007430507335811853,
		0.005122739356011152
	],
	"left_shoulder": [
		0.49540504813194275,
		0.5114359855651855,
		0.07006552815437317,
		0.9998999834060669
	],
	"left_elbow": [
		0.6700523495674133,
		0.5329118967056274,
		0.20387046039104462,
		0.9983018040657043
	],
	"left_wrist": [
		0.767876386642456,
		0.5754227638244629,
		0.12411358207464218,
		0.9982625246047974
	],
	"right_shoulder": [
		0.281399667263031,
		0.5479694604873657,
		-0.3691558241844177,
		0.9998682737350464
	],
	"right_elbow": [
		0.10416585206985474,
		0.6073275804519653,
		-0.7733879685401917,
		0.9986135363578796
	],
	"right_wrist": [
		0.2411697655916214,
		0.421336829662323,
		-1.0777430534362793,
		0.9960789680480957
	],
	"nose": [
		0.4793151319026947,
		0.30031925439834595,
		-0.32752686738967896,
		0.9999699592590332
	],
	"left_eye": [
		0.4635965824127197,
		0.2584518790245056,
		-0.28091222047805786,
		0.9999235272407532
	],
	"right_eye": [
		0.4546701908111572,
		0.2620869278907776,
		-0.3365767300128937,
		0.9999723434448242
	],
	"left_ear": [
		0.4297162592411041,
		0.2863476276397705,
		-0.06192678213119507,
		0.9999539256095886
	],
	"right_ear": [
		0.40808963775634766,
		0.2989147901535034,
		-0.3170492947101593,
		0.999984622001648
	]
}