{
	"left_hip": [
		0.4777601659297943,
		1.162752628326416,
		0.10577871650457382,
		0.3619883358478546
	],
	"left_knee": [
		0.5044557452201843,
		1.6648344993591309,
		0.11281643062829971,
		0.005271055269986391
	],
	"left_ankle": [
		0.5124808549880981,
		2.115648031234741,
		0.4028868079185486,
		0.00030184112256392837
	],
	"right_hip": [
		0.35501739382743835,
		1.2017455101013184,
		-0.10467978566884995,
		0.2998412251472473
	],
	"right_knee": [
		0.3655068576335907,
		1.6978121995925903,
		-0.1079111248254776,
		0.011747173964977264
	],
	"right_ankle": [
		0.3735431730747223,
		2.1682724952697754,
		0.07238038629293442,
		0.0017227063653990626
	],
	"left_shoulder": [
		0.4610227644443512,
		0.5145440101623535,
		0.12395070493221283,
		0.9998576641082764
	],
	"left_elbow": [
		0.6474834680557251,
		0.5355178117752075,
		0.1947275698184967,
		0.9962416887283325
	],
	"left_wrist": [
		0.7851327061653137,
		0.5305677056312561,
		0.058543793857097626,
		0.9975906014442444
	],
	"right_shoulder": [
		0.29082977771759033,
		0.5451454520225525,
		-0.3582734167575836,
		0.9996391534805298
	],
	"right_elbow": [
		0.09939883649349213,
		0.6090958118438721,
		-0.7372166514396667,
		0.9920415282249451
	],
	"right_wrist": [
		0.22759580612182617,
		0.44334790110588074,
		-0.9915686845779419,
		0.9878207445144653
	],
	"nose": [
		0.48005709052085876,
		0.3041342794895172,
		-0.26250410079956055,
		0.9999589920043945
	],
	"left_eye": [
		0.4620516300201416,
		0.2598031163215637,
		-0.21554572880268097,
		0.9999193549156189
	],
	"right_eye": [
		0.457836776971817,
		0.2641119062900543,
		-0.27990642189979553,
		0.9999569058418274
	],
	"left_ear": [
		0.42255958914756775,
		0.2860182523727417,
		-0.0023717640433460474,
		0.9999545812606812
	],
	"right_ear": [
		0.4169591963291168,
		0.2956940829753876,
		-0.29333898425102234,
		0.9999727010726929
	]
}