{
	"left_hip": [
		0.47419053316116333,
		1.169965386390686,
		0.08969871699810028,
		0.4363710284233093
	],
	"left_knee": [
		0.5081009268760681,
		1.6677014827728271,
		0.09452152252197266,
		0.00871694553643465
	],
	"left_ankle": [
		0.5199632048606873,
		2.1103503704071045,
		0.37176042795181274,
		0.0003519527381286025
	],
	"right_hip": [
		0.33681586384773254,
		1.2127314805984497,
		-0.08884822577238083,
		0.3586856424808502
	],
	"right_knee": [
		0.36379295587539673,
		1.7067044973373413,
		-0.11886906623840332,
		0.014101477339863777
	],
	"right_ankle": [
		0.3722631633281708,
		2.187598705291748,
		0.029103029519319534,
		0.0020742209162563086
	],
	"left_shoulder": [
		0.48427337408065796,
		0.5201764702796936,
		0.13326039910316467,
		0.9999150633811951
	],
	"left_elbow": [
		0.6528615951538086,
		0.5597832202911377,
		0.253773033618927,
		0.9979135990142822
	],
	"left_wrist": [
		0.8139761686325073,
		0.5921301245689392,
		0.12231381982564926,
		0.9986305236816406
	],
	"right_shoulder": [
		0.2693702280521393,
		0.543499231338501,
		-0.36457356810569763,
		0.9997355341911316
	],
	"right_elbow": [
		0.08775990456342697,
		0.5992705821990967,
		-0.7878130674362183,
		0.9934691786766052
	],
	"right_wrist": [
		0.22559328377246857,
		0.43428468704223633,
		-1.1642991304397583,
		0.991100549697876
	],
	"nose": [
		0.4699629843235016,
		0.30553868412971497,
		-0.24279145896434784,
		0.9999732971191406
	],
	"left_eye": [
		0.45479291677474976,
		0.2609750032424927,
		-0.1919119656085968,
		0.9999479055404663
	],
	"right_eye": [
		0.4467104971408844,
		0.26495030522346497,
		-0.25751930475234985,
		0.9999721646308899
	],
	"left_ear": [
		0.41845113039016724,
		0.28686708211898804,
		0.01513334084302187,
		0.9999712705612183
	],
	"right_ear": [
		0.3984026610851288,
		0.2969629168510437,
		-0.27815374732017517,
		0.9999816417694092
	]
}