{
	"left_hip": [
		0.4768543839454651,
		1.19533109664917,
		0.10311765968799591,
		0.47481825947761536
	],
	"left_knee": [
		0.5178209543228149,
		1.698182225227356,
		0.07769489288330078,
		0.011741995811462402
	],
	"left_ankle": [
		0.5259443521499634,
		2.1654958724975586,
		0.33553463220596313,
		0.0004221210547257215
	],
	"right_hip": [
		0.339766263961792,
		1.2222535610198975,
		-0.10207972675561905,
		0.40830183029174805
	],
	"right_knee": [
		0.37595134973526,
		1.7305043935775757,
		-0.14966070652008057,
		0.020181408151984215
	],
	"right_ankle": [
		0.3859942555427551,
		2.2297701835632324,
		-0.030691221356391907,
		0.002615454839542508
	],
	"left_shoulder": [
		0.4785570502281189,
		0.527704119682312,
		0.16291944682598114,
		0.9999291300773621
	],
	"left_elbow": [
		0.6367899775505066,
		0.5921103954315186,
		0.31801488995552063,
		0.9982384443283081
	],
	"left_wrist": [
		0.8086566925048828,
		0.5992215275764465,
		0.22413364052772522,
		0.9989091157913208
	],
	"right_shoulder": [
		0.26882287859916687,
		0.5411874651908875,
		-0.3758571445941925,
		0.9997929930686951
	],
	"right_elbow": [
		0.08835916966199875,
		0.5842793583869934,
		-0.8216954469680786,
		0.9947155117988586
	],
	"right_wrist": [
		0.24113114178180695,
		0.4011254608631134,
		-1.1861896514892578,
		0.9930413961410522
	],
	"nose": [
		0.46991467475891113,
		0.30790096521377563,
		-0.23492994904518127,
		0.9999783635139465
	],
	"left_eye": [
		0.4548473358154297,
		0.2620339095592499,
		-0.1856638342142105,
		0.999957263469696
	],
	"right_eye": [
		0.44620051980018616,
		0.2657078206539154,
		-0.2530665099620819,
		0.9999774098396301
	],
	"left_ear": [
		0.4187672734260559,
		0.28848329186439514,
		0.025044430047273636,
		0.9999763369560242
	],
	"right_ear": [
		0.3978590667247772,
		0.29767322540283203,
		-0.27591440081596375,
		0.9999850392341614
	]
}