{
	"left_hip": [
		0.4783673882484436,
		1.1930361986160278,
		0.07791539281606674,
		0.5748700499534607
	],
	"left_knee": [
		0.49985113739967346,
		1.6832458972930908,
		0.0672486275434494,
		0.011471799574792385
	],
	"left_ankle": [
		0.5007631182670593,
		2.144117832183838,
		0.3403478264808655,
		0.00041201457497663796
	],
	"right_hip": [
		0.3406279385089874,
		1.2156912088394165,
		-0.0765208750963211,
		0.5257374048233032
	],
	"right_knee": [
		0.36474716663360596,
		1.7146403789520264,
		-0.1011761873960495,
		0.019362673163414
	],
	"right_ankle": [
		0.36808428168296814,
		2.189645290374756,
		0.03680184856057167,
		0.0022337953560054302
	],
	"left_shoulder": [
		0.4769614338874817,
		0.5642784833908081,
		0.16792182624340057,
		0.9999496936798096
	],
	"left_elbow": [
		0.5965911149978638,
		0.7395583391189575,
		0.40370529890060425,
		0.9983657598495483
	],
	"left_wrist": [
		0.7540059089660645,
		0.6943560242652893,
		0.41690921783447266,
		0.9990934133529663
	],
	"right_shoulder": [
		0.2774147391319275,
		0.5333946347236633,
		-0.2992728054523468,
		0.999866247177124
	],
	"right_elbow": [
		0.11166827380657196,
		0.5235946774482727,
		-0.6856059432029724,
		0.9965189099311829
	],
	"right_wrist": [
		0.2840009331703186,
		0.3749084770679474,
		-0.9030437469482422,
		0.995167076587677
	],
	"nose": [
		0.4713030457496643,
		0.3182693421840668,
		-0.19960615038871765,
		0.9999857544898987
	],
	"left_eye": [
		0.46202173829078674,
		0.2734485864639282,
		-0.15511080622673035,
		0.9999718070030212
	],
	"right_eye": [
		0.44572895765304565,
		0.27346858382225037,
		-0.2126857340335846,
		0.9999847412109375
	],
	"left_ear": [
		0.4350222647190094,
		0.2945789396762848,
		0.043605219572782516,
		0.9999843239784241
	],
	"right_ear": [
		0.3969402611255646,
		0.30112752318382263,
		-0.21871717274188995,
		0.9999898672103882
	]
}